query_uid,component_id
fever:137334,fever_dep_00000
fever:111897,fever_dep_00001
fever:89891,fever_dep_00002
fever:181634,fever_dep_00003
fever:219028,fever_dep_00004
fever:108281,fever_dep_00005
fever:204361,fever_dep_00006
fever:54168,fever_dep_00007
fever:105095,fever_dep_00008
fever:18708,fever_dep_00009
fever:90809,fever_dep_00010
fever:204443,fever_dep_00011
fever:192714,fever_dep_00012
fever:159706,fever_dep_00256
fever:107786,fever_dep_00013
fever:166846,fever_dep_00014
fever:140764,fever_dep_00015
fever:197381,fever_dep_00016
fever:187000,fever_dep_00017
fever:142454,fever_dep_00018
fever:147411,fever_dep_00019
fever:227362,fever_dep_00217
fever:145512,fever_dep_00020
fever:64721,fever_dep_00021
fever:124667,fever_dep_00022
fever:52175,fever_dep_00023
fever:104386,fever_dep_00125
fever:55658,fever_dep_00024
fever:201090,fever_dep_00025
fever:129441,fever_dep_00026
fever:207543,fever_dep_00027
fever:132134,fever_dep_00028
fever:128123,fever_dep_00029
fever:86175,fever_dep_00030
fever:31963,fever_dep_00031
fever:41665,fever_dep_00032
fever:71959,fever_dep_00033
fever:21775,fever_dep_00034
fever:173496,fever_dep_00035
fever:43608,fever_dep_00023
fever:66638,fever_dep_00036
fever:26839,fever_dep_00037
fever:40351,fever_dep_00038
fever:15307,fever_dep_00039
fever:146231,fever_dep_00040
fever:184083,fever_dep_00041
fever:226877,fever_dep_00042
fever:227130,fever_dep_00043
fever:134710,fever_dep_00044
fever:105310,fever_dep_00045
fever:114567,fever_dep_00046
fever:71986,fever_dep_00047
fever:221085,fever_dep_00048
fever:71853,fever_dep_00049
fever:163980,fever_dep_00050
fever:185193,fever_dep_00051
fever:39437,fever_dep_00052
fever:34412,fever_dep_00053
fever:150217,fever_dep_00054
fever:202783,fever_dep_00055
fever:159944,fever_dep_00056
fever:80205,fever_dep_00057
fever:43776,fever_dep_00058
fever:79538,fever_dep_00059
fever:172478,fever_dep_00060
fever:60977,fever_dep_00061
fever:100584,fever_dep_00062
fever:32820,fever_dep_00063
fever:215500,fever_dep_00064
fever:26300,fever_dep_00065
fever:186996,fever_dep_00017
fever:145446,fever_dep_00066
fever:68084,fever_dep_00067
fever:4713,fever_dep_00068
fever:105419,fever_dep_00069
fever:10328,fever_dep_00070
fever:194904,fever_dep_00071
fever:223343,fever_dep_00072
fever:186590,fever_dep_00073
fever:60685,fever_dep_00074
fever:38125,fever_dep_00113
fever:201095,fever_dep_00025
fever:11432,fever_dep_00075
fever:172771,fever_dep_00076
fever:125513,fever_dep_00077
fever:130920,fever_dep_00078
fever:128229,fever_dep_00018
fever:108950,fever_dep_00079
fever:121189,fever_dep_00080
fever:166848,fever_dep_00014
fever:121119,fever_dep_00081
fever:141072,fever_dep_00001
fever:212194,fever_dep_00082
fever:63038,fever_dep_00083
fever:185206,fever_dep_00051
fever:166647,fever_dep_00084
fever:51098,fever_dep_00642
fever:217212,fever_dep_00085
fever:47911,fever_dep_00086
fever:130717,fever_dep_00087
fever:24684,fever_dep_00125
fever:170949,fever_dep_00088
fever:44327,fever_dep_00089
fever:179042,fever_dep_00090
fever:31418,fever_dep_00091
fever:123452,fever_dep_00092
fever:204033,fever_dep_00093
fever:93412,fever_dep_00199
fever:7208,fever_dep_00094
fever:168529,fever_dep_00095
fever:199410,fever_dep_00096
fever:10278,fever_dep_00097
fever:227080,fever_dep_00098
fever:182276,fever_dep_00099
fever:67212,fever_dep_00054
fever:129752,fever_dep_00100
fever:123051,fever_dep_00101
fever:113560,fever_dep_00102
fever:167987,fever_dep_00103
fever:113333,fever_dep_00104
fever:165898,fever_dep_00105
fever:153303,fever_dep_00577
fever:7876,fever_dep_00106
fever:125398,fever_dep_00020
fever:183611,fever_dep_00107
fever:127539,fever_dep_00108
fever:144723,fever_dep_00061
fever:25089,fever_dep_00109
fever:157685,fever_dep_00110
fever:73978,fever_dep_00111
fever:173121,fever_dep_00112
fever:126878,fever_dep_00113
fever:128741,fever_dep_00114
fever:46513,fever_dep_00115
fever:140758,fever_dep_00116
fever:84187,fever_dep_00010
fever:5488,fever_dep_00117
fever:58341,fever_dep_00118
fever:83371,fever_dep_00119
fever:204020,fever_dep_00093
fever:194923,fever_dep_00071
fever:115131,fever_dep_00120
fever:124723,fever_dep_00121
fever:110205,fever_dep_00122
fever:166916,fever_dep_00123
fever:23845,fever_dep_00124
fever:9849,fever_dep_00125
fever:71511,fever_dep_00101
fever:54142,fever_dep_00126
fever:120480,fever_dep_00127
fever:208414,fever_dep_00128
fever:46475,fever_dep_00074
fever:155321,fever_dep_00129
fever:69716,fever_dep_00130
fever:135740,fever_dep_00131
fever:125695,fever_dep_00132
fever:12684,fever_dep_00133
fever:29857,fever_dep_00134
fever:203701,fever_dep_00135
fever:46065,fever_dep_00136
fever:70208,fever_dep_00137
fever:204647,fever_dep_00138
fever:124540,fever_dep_00139
fever:27497,fever_dep_00140
fever:94746,fever_dep_00141
fever:122673,fever_dep_00142
fever:161547,fever_dep_00127
fever:170398,fever_dep_00143
fever:12264,fever_dep_00144
fever:205739,fever_dep_00145
fever:93064,fever_dep_00146
fever:168543,fever_dep_00095
fever:53330,fever_dep_00074
fever:55330,fever_dep_00147
fever:152316,fever_dep_00148
fever:183627,fever_dep_00107
fever:218475,fever_dep_00149
fever:224968,fever_dep_00084
fever:82509,fever_dep_00150
fever:160551,fever_dep_00151
fever:128538,fever_dep_00044
fever:78997,fever_dep_00152
fever:94522,fever_dep_00153
fever:208413,fever_dep_00128
fever:34180,fever_dep_00154
fever:42188,fever_dep_00155
fever:181978,fever_dep_00156
fever:211286,fever_dep_00101
fever:36242,fever_dep_00157
fever:3583,fever_dep_00158
fever:64196,fever_dep_00036
fever:50537,fever_dep_00159
fever:118044,fever_dep_00160
fever:202940,fever_dep_00161
fever:185733,fever_dep_00162
fever:91884,fever_dep_00163
fever:208150,fever_dep_00164
fever:166633,fever_dep_00084
fever:45109,fever_dep_00165
fever:41850,fever_dep_00166
fever:44512,fever_dep_00163
fever:216389,fever_dep_00167
fever:93448,fever_dep_00168
fever:52186,fever_dep_00169
fever:204432,fever_dep_00011
fever:155955,fever_dep_00170
fever:111764,fever_dep_00171
fever:73092,fever_dep_00172
fever:27040,fever_dep_00173
fever:179007,fever_dep_00174
fever:63836,fever_dep_00011
fever:183139,fever_dep_00175
fever:140691,fever_dep_00176
fever:157622,fever_dep_00177
fever:35695,fever_dep_00178
fever:225236,fever_dep_00179
fever:151747,fever_dep_00180
fever:24480,fever_dep_00181
fever:28499,fever_dep_00182
fever:174580,fever_dep_00183
fever:209084,fever_dep_00184
fever:21558,fever_dep_00104
fever:34766,fever_dep_00185
fever:219126,fever_dep_00186
fever:165882,fever_dep_00187
fever:145570,fever_dep_00188
fever:105634,fever_dep_00111
fever:6113,fever_dep_00189
fever:121157,fever_dep_00190
fever:46970,fever_dep_00191
fever:217680,fever_dep_00192
fever:205648,fever_dep_00193
fever:75599,fever_dep_00194
fever:151650,fever_dep_00053
fever:170396,fever_dep_00143
fever:227369,fever_dep_00217
fever:69285,fever_dep_00195
fever:129650,fever_dep_00196
fever:12,fever_dep_00197
fever:41703,fever_dep_00198
fever:71376,fever_dep_00199
fever:181187,fever_dep_00200
fever:195058,fever_dep_00201
fever:4863,fever_dep_00170
fever:171611,fever_dep_00202
fever:36092,fever_dep_00203
fever:204431,fever_dep_00011
fever:11441,fever_dep_00204
fever:118091,fever_dep_00205
fever:91313,fever_dep_00206
fever:51097,fever_dep_00642
fever:38549,fever_dep_00207
fever:10327,fever_dep_00070
fever:3019,fever_dep_00155
fever:227132,fever_dep_00043
fever:18823,fever_dep_00208
fever:142130,fever_dep_00205
fever:49706,fever_dep_00209
fever:146679,fever_dep_00160
fever:114463,fever_dep_00210
fever:194922,fever_dep_00071
fever:119089,fever_dep_00211
fever:20605,fever_dep_00212
fever:138501,fever_dep_00213
fever:169049,fever_dep_00214
fever:159574,fever_dep_00215
fever:110772,fever_dep_00070
fever:157576,fever_dep_00124
fever:106296,fever_dep_00216
fever:94358,fever_dep_00131
fever:70599,fever_dep_00217
fever:108202,fever_dep_00218
fever:18565,fever_dep_00219
fever:224959,fever_dep_00084
fever:163993,fever_dep_00050
fever:149502,fever_dep_00220
fever:81829,fever_dep_00221
fever:202454,fever_dep_00222
fever:194469,fever_dep_00223
fever:131931,fever_dep_00224
fever:203384,fever_dep_00225
fever:26690,fever_dep_00260
fever:97871,fever_dep_00140
fever:111769,fever_dep_00224
fever:16007,fever_dep_00226
fever:156943,fever_dep_00114
fever:115185,fever_dep_00227
fever:184073,fever_dep_00228
fever:168976,fever_dep_00229
fever:55953,fever_dep_00026
fever:151529,fever_dep_00230
fever:55294,fever_dep_00231
fever:145672,fever_dep_00232
fever:177185,fever_dep_00233
fever:161206,fever_dep_00234
fever:84272,fever_dep_00157
fever:117065,fever_dep_00235
fever:196960,fever_dep_00236
fever:166634,fever_dep_00084
fever:131009,fever_dep_00203
fever:93250,fever_dep_00237
fever:168975,fever_dep_00229
fever:141344,fever_dep_00216
fever:192706,fever_dep_00012
fever:139037,fever_dep_00153
fever:59617,fever_dep_00196
fever:46464,fever_dep_00197
fever:189448,fever_dep_00238
fever:50810,fever_dep_00239
fever:120210,fever_dep_00240
fever:23198,fever_dep_00241
fever:3682,fever_dep_00242
fever:36424,fever_dep_00028
fever:79771,fever_dep_00243
fever:66201,fever_dep_00197
fever:195060,fever_dep_00201
fever:215135,fever_dep_00244
fever:132352,fever_dep_00245
fever:70695,fever_dep_00246
fever:222026,fever_dep_00076
fever:195823,fever_dep_00064
fever:212193,fever_dep_00082
fever:223342,fever_dep_00072
fever:116711,fever_dep_00247
fever:195031,fever_dep_00239
fever:127576,fever_dep_00246
fever:122650,fever_dep_00248
fever:99144,fever_dep_00125
fever:202441,fever_dep_00222
fever:215200,fever_dep_00249
fever:43042,fever_dep_00232
fever:166506,fever_dep_00250
fever:136862,fever_dep_00097
fever:203369,fever_dep_00225
fever:195818,fever_dep_00064
fever:159716,fever_dep_00256
fever:131422,fever_dep_00251
fever:99236,fever_dep_00252
fever:29864,fever_dep_00253
fever:63374,fever_dep_00473
fever:227140,fever_dep_00043
fever:218371,fever_dep_00254
fever:20120,fever_dep_00180
fever:118048,fever_dep_00163
fever:48697,fever_dep_00218
fever:72331,fever_dep_00255
fever:134566,fever_dep_00216
fever:126455,fever_dep_00205
fever:225239,fever_dep_00179
fever:113357,fever_dep_00154
fever:43621,fever_dep_00046
fever:21899,fever_dep_00108
fever:105077,fever_dep_00256
fever:83269,fever_dep_00230
fever:171627,fever_dep_00257
fever:186597,fever_dep_00073
fever:159575,fever_dep_00215
fever:159085,fever_dep_00258
fever:181824,fever_dep_00259
fever:33112,fever_dep_00260
fever:175468,fever_dep_00261
fever:97333,fever_dep_00262
fever:184050,fever_dep_00228
fever:36496,fever_dep_00176
fever:39405,fever_dep_00263
fever:50119,fever_dep_00053
fever:102875,fever_dep_00264
fever:150672,fever_dep_00265
fever:143041,fever_dep_00032
fever:79322,fever_dep_00266
fever:57256,fever_dep_00267
fever:137531,fever_dep_00015
fever:75021,fever_dep_00268
fever:8492,fever_dep_00125
fever:4273,fever_dep_00269
fever:143593,fever_dep_00270
fever:94058,fever_dep_00271
fever:104499,fever_dep_00150
fever:192965,fever_dep_00272
fever:63686,fever_dep_00134
fever:38540,fever_dep_00273
fever:155284,fever_dep_00274
fever:127872,fever_dep_00275
fever:97739,fever_dep_00068
fever:32687,fever_dep_00276
fever:161560,fever_dep_00127
fever:106826,fever_dep_00191
fever:6285,fever_dep_00020
fever:119298,fever_dep_00277
fever:13757,fever_dep_00007
fever:118833,fever_dep_00122
fever:37050,fever_dep_00267
fever:67426,fever_dep_00278
fever:55999,fever_dep_00158
fever:181211,fever_dep_00200
fever:189447,fever_dep_00238
fever:12844,fever_dep_00126
fever:203160,fever_dep_00279
fever:65462,fever_dep_00081
fever:60819,fever_dep_00005
fever:115760,fever_dep_00274
fever:193886,fever_dep_00280
fever:102793,fever_dep_00278
fever:149587,fever_dep_00097
fever:14019,fever_dep_00116
fever:181624,fever_dep_00003
fever:138758,fever_dep_00219
fever:11312,fever_dep_00125
fever:40397,fever_dep_00049
fever:223349,fever_dep_00072
fever:100836,fever_dep_00091
fever:158306,fever_dep_00110
fever:125557,fever_dep_00281
fever:47942,fever_dep_00070
fever:104729,fever_dep_00282
fever:122465,fever_dep_00283
fever:132647,fever_dep_00070
fever:10460,fever_dep_00284
fever:208440,fever_dep_00128
fever:116870,fever_dep_00285
fever:212321,fever_dep_00286
fever:227347,fever_dep_00217
fever:203376,fever_dep_00225
fever:195038,fever_dep_00239
fever:70,fever_dep_00022
fever:171075,fever_dep_00287
fever:63218,fever_dep_00191
fever:33955,fever_dep_00288
fever:59319,fever_dep_00289
fever:137956,fever_dep_00290
fever:217221,fever_dep_00085
fever:134097,fever_dep_00291
fever:69641,fever_dep_00069
fever:101716,fever_dep_00232
fever:65268,fever_dep_00292
fever:84506,fever_dep_00240
fever:47542,fever_dep_00195
fever:55444,fever_dep_00066
fever:108889,fever_dep_00293
fever:122457,fever_dep_00294
fever:155413,fever_dep_00260
fever:165890,fever_dep_00105
fever:18316,fever_dep_00155
fever:87337,fever_dep_00040
fever:152616,fever_dep_00104
fever:140968,fever_dep_00295
fever:21146,fever_dep_00284
fever:68443,fever_dep_00239
fever:56481,fever_dep_00068
fever:219149,fever_dep_00186
fever:12089,fever_dep_00142
fever:173138,fever_dep_00112
fever:154542,fever_dep_00102
fever:174038,fever_dep_00296
fever:59718,fever_dep_00148
fever:172521,fever_dep_00297
fever:47005,fever_dep_00101
fever:135160,fever_dep_00298
fever:48499,fever_dep_00077
fever:194799,fever_dep_00299
fever:100366,fever_dep_00002
fever:171635,fever_dep_00257
fever:100919,fever_dep_00070
fever:76575,fever_dep_00300
fever:142638,fever_dep_00301
fever:193877,fever_dep_00280
fever:73080,fever_dep_00292
fever:205655,fever_dep_00193
fever:108003,fever_dep_00188
fever:146109,fever_dep_00302
fever:63958,fever_dep_00303
fever:190170,fever_dep_00304
fever:5075,fever_dep_00305
fever:79639,fever_dep_00180
fever:109128,fever_dep_00115
fever:57452,fever_dep_00058
fever:200291,fever_dep_00306
fever:26675,fever_dep_00307
fever:143075,fever_dep_00227
fever:166485,fever_dep_00250
fever:97538,fever_dep_00441
fever:165248,fever_dep_00308
fever:102352,fever_dep_00482
fever:216387,fever_dep_00167
fever:75957,fever_dep_00309
fever:147056,fever_dep_00176
fever:89814,fever_dep_00241
fever:179741,fever_dep_00310
fever:45565,fever_dep_00046
fever:42412,fever_dep_00311
fever:171603,fever_dep_00202
fever:14408,fever_dep_00312
fever:74231,fever_dep_00313
fever:159594,fever_dep_00215
fever:170419,fever_dep_00143
fever:10496,fever_dep_00191
fever:161862,fever_dep_00314
fever:48390,fever_dep_00189
fever:155920,fever_dep_00315
fever:41265,fever_dep_00197
fever:63527,fever_dep_00316
fever:10312,fever_dep_00081
fever:174032,fever_dep_00296
fever:40205,fever_dep_00166
fever:10635,fever_dep_00317
fever:223350,fever_dep_00072
fever:144602,fever_dep_00039
fever:154494,fever_dep_00318
fever:93624,fever_dep_00291
fever:179310,fever_dep_00319
fever:493,fever_dep_00118
fever:226885,fever_dep_00042
fever:88907,fever_dep_00142
fever:40833,fever_dep_00320
fever:24264,fever_dep_00063
fever:131295,fever_dep_00116
fever:5421,fever_dep_00642
fever:202760,fever_dep_00055
fever:173135,fever_dep_00112
fever:83758,fever_dep_00000
fever:39605,fever_dep_00303
fever:93273,fever_dep_00321
fever:149173,fever_dep_00322
fever:181118,fever_dep_00323
fever:200262,fever_dep_00306
fever:140589,fever_dep_00133
fever:26444,fever_dep_00220
fever:159080,fever_dep_00258
fever:108567,fever_dep_00198
fever:33949,fever_dep_00094
fever:192837,fever_dep_00324
fever:177143,fever_dep_00325
fever:60080,fever_dep_00642
fever:216599,fever_dep_00326
fever:185727,fever_dep_00162
fever:207388,fever_dep_00022
fever:187104,fever_dep_00327
fever:180733,fever_dep_00328
fever:196992,fever_dep_00236
fever:196740,fever_dep_00329
fever:13076,fever_dep_00330
fever:175480,fever_dep_00261
fever:202928,fever_dep_00161
fever:193422,fever_dep_00331
fever:119047,fever_dep_00332
fever:139317,fever_dep_00333
fever:74276,fever_dep_00061
fever:49268,fever_dep_00037
fever:18523,fever_dep_00074
fever:37546,fever_dep_00334
fever:88875,fever_dep_00335
fever:73444,fever_dep_00065
fever:70386,fever_dep_00336
fever:32940,fever_dep_00181
fever:98875,fever_dep_00147
fever:130146,fever_dep_00337
fever:96289,fever_dep_00338
fever:192839,fever_dep_00324
fever:134498,fever_dep_00339
fever:44334,fever_dep_00340
fever:226146,fever_dep_00341
fever:5579,fever_dep_00127
fever:165137,fever_dep_00342
fever:151253,fever_dep_00343
fever:175736,fever_dep_00344
fever:39606,fever_dep_00303
fever:47061,fever_dep_00091
fever:157002,fever_dep_00154
fever:172491,fever_dep_00297
fever:215206,fever_dep_00249
fever:137438,fever_dep_00345
fever:202754,fever_dep_00055
fever:209879,fever_dep_00346
fever:142043,fever_dep_00151
fever:229317,fever_dep_00347
fever:20112,fever_dep_00348
fever:63252,fever_dep_00010
fever:107968,fever_dep_00220
fever:148661,fever_dep_00063
fever:185422,fever_dep_00349
fever:29993,fever_dep_00350
fever:215479,fever_dep_00064
fever:202792,fever_dep_00055
fever:214258,fever_dep_00351
fever:125437,fever_dep_00352
fever:201833,fever_dep_00352
fever:106114,fever_dep_00234
fever:223339,fever_dep_00072
fever:179314,fever_dep_00319
fever:78859,fever_dep_00141
fever:11451,fever_dep_00264
fever:74540,fever_dep_00188
fever:195006,fever_dep_00239
fever:22042,fever_dep_00353
fever:64561,fever_dep_00124
fever:215477,fever_dep_00064
fever:61795,fever_dep_00139
fever:47322,fever_dep_00354
fever:78998,fever_dep_00101
fever:202780,fever_dep_00055
fever:18665,fever_dep_00125
fever:11497,fever_dep_00217
fever:87691,fever_dep_00322
fever:207528,fever_dep_00027
fever:29146,fever_dep_00120
fever:208431,fever_dep_00128
fever:81060,fever_dep_00260
fever:23741,fever_dep_00219
fever:201748,fever_dep_00176
fever:124400,fever_dep_00199
fever:96616,fever_dep_00091
fever:69739,fever_dep_00185
fever:172519,fever_dep_00297
fever:94030,fever_dep_00333
fever:40124,fever_dep_00104
fever:21875,fever_dep_00125
fever:12747,fever_dep_00242
fever:19719,fever_dep_00355
fever:139484,fever_dep_00278
fever:130703,fever_dep_00286
fever:85452,fever_dep_00142
fever:56742,fever_dep_00335
fever:120442,fever_dep_00356
fever:77869,fever_dep_00285
fever:20926,fever_dep_00245
fever:137741,fever_dep_00009
fever:85172,fever_dep_00286
fever:121283,fever_dep_00357
fever:53421,fever_dep_00282
fever:32815,fever_dep_00404
fever:132865,fever_dep_00058
fever:52753,fever_dep_00358
fever:63938,fever_dep_00359
fever:163987,fever_dep_00050
fever:68022,fever_dep_00009
fever:221071,fever_dep_00048
fever:181132,fever_dep_00323
fever:89719,fever_dep_00037
fever:101322,fever_dep_00121
fever:118810,fever_dep_00146
fever:133840,fever_dep_00217
fever:136719,fever_dep_00240
fever:119940,fever_dep_00122
fever:109368,fever_dep_00360
fever:70373,fever_dep_00361
fever:54679,fever_dep_00274
fever:172279,fever_dep_00362
fever:132990,fever_dep_00255
fever:97,fever_dep_00248
fever:128204,fever_dep_00363
fever:154719,fever_dep_00022
fever:68613,fever_dep_00002
fever:143028,fever_dep_00009
fever:139259,fever_dep_00364
fever:102346,fever_dep_00365
fever:126009,fever_dep_00288
fever:86133,fever_dep_00366
fever:204440,fever_dep_00011
fever:170420,fever_dep_00143
fever:218233,fever_dep_00367
fever:92557,fever_dep_00271
fever:75152,fever_dep_00068
fever:59504,fever_dep_00482
fever:175464,fever_dep_00261
fever:94759,fever_dep_00263
fever:117409,fever_dep_00044
fever:47725,fever_dep_00199
fever:138047,fever_dep_00191
fever:175645,fever_dep_00368
fever:200285,fever_dep_00306
fever:123416,fever_dep_00317
fever:34677,fever_dep_00047
fever:105724,fever_dep_00294
fever:4958,fever_dep_00054
fever:221090,fever_dep_00048
fever:38944,fever_dep_00044
fever:49171,fever_dep_00255
fever:153900,fever_dep_00227
fever:35708,fever_dep_00046
fever:205636,fever_dep_00193
fever:218361,fever_dep_00254
fever:132133,fever_dep_00220
fever:92430,fever_dep_00191
fever:89777,fever_dep_00169
fever:174594,fever_dep_00183
fever:168999,fever_dep_00214
fever:185228,fever_dep_00051
fever:109162,fever_dep_00121
fever:201738,fever_dep_00176
fever:38574,fever_dep_00369
fever:130561,fever_dep_00255
fever:165110,fever_dep_00342
fever:101771,fever_dep_00370
fever:168961,fever_dep_00229
fever:41419,fever_dep_00227
fever:156698,fever_dep_00337
fever:101708,fever_dep_00245
fever:68573,fever_dep_00062
fever:199416,fever_dep_00096
fever:196762,fever_dep_00329
fever:13758,fever_dep_00007
fever:59963,fever_dep_00252
fever:21314,fever_dep_00290
fever:193849,fever_dep_00371
fever:224379,fever_dep_00372
fever:14977,fever_dep_00247
fever:185303,fever_dep_00373
fever:153341,fever_dep_00374
fever:23063,fever_dep_00159
fever:101839,fever_dep_00122
fever:200290,fever_dep_00306
fever:191258,fever_dep_00375
fever:117043,fever_dep_00113
fever:220201,fever_dep_00376
fever:154339,fever_dep_00197
fever:202793,fever_dep_00055
fever:106010,fever_dep_00203
fever:173730,fever_dep_00377
fever:97150,fever_dep_00047
fever:84223,fever_dep_00378
fever:73114,fever_dep_00209
fever:85350,fever_dep_00005
fever:203995,fever_dep_00379
fever:132093,fever_dep_00125
fever:180734,fever_dep_00328
fever:177175,fever_dep_00325
fever:223664,fever_dep_00380
fever:166490,fever_dep_00250
fever:3059,fever_dep_00079
fever:108917,fever_dep_00381
fever:138206,fever_dep_00038
fever:60351,fever_dep_00382
fever:42974,fever_dep_00270
fever:123285,fever_dep_00028
fever:97091,fever_dep_00094
fever:172090,fever_dep_00383
fever:183629,fever_dep_00107
fever:196735,fever_dep_00329
fever:32958,fever_dep_00384
fever:103863,fever_dep_00028
fever:141012,fever_dep_00053
fever:369,fever_dep_00305
fever:157015,fever_dep_00117
fever:103745,fever_dep_00385
fever:226100,fever_dep_00386
fever:74795,fever_dep_00044
fever:70602,fever_dep_00307
fever:70221,fever_dep_00082
fever:185287,fever_dep_00373
fever:107667,fever_dep_00232
fever:93756,fever_dep_00256
fever:111121,fever_dep_00053
fever:6680,fever_dep_00387
fever:145624,fever_dep_00388
fever:37112,fever_dep_00389
fever:185217,fever_dep_00051
fever:76552,fever_dep_00301
fever:14449,fever_dep_00317
fever:63885,fever_dep_00336
fever:186600,fever_dep_00073
fever:82838,fever_dep_00322
fever:51126,fever_dep_00125
fever:78514,fever_dep_00390
fever:94068,fever_dep_00092
fever:29145,fever_dep_00120
fever:151393,fever_dep_00363
fever:80338,fever_dep_00022
fever:148735,fever_dep_00293
fever:32679,fever_dep_00275
fever:227121,fever_dep_00043
fever:207390,fever_dep_00022
fever:120315,fever_dep_00166
fever:115388,fever_dep_00185
fever:12967,fever_dep_00221
fever:21853,fever_dep_00020
fever:159580,fever_dep_00215
fever:204026,fever_dep_00093
fever:203621,fever_dep_00391
fever:177158,fever_dep_00325
fever:45439,fever_dep_00366
fever:198227,fever_dep_00392
fever:192910,fever_dep_00393
fever:161571,fever_dep_00127
fever:48276,fever_dep_00302
fever:172472,fever_dep_00060
fever:197386,fever_dep_00016
fever:173719,fever_dep_00377
fever:154086,fever_dep_00394
fever:102393,fever_dep_00102
fever:115234,fever_dep_00144
fever:185384,fever_dep_00349
fever:36828,fever_dep_00273
fever:26224,fever_dep_00022
fever:216390,fever_dep_00167
fever:181994,fever_dep_00156
fever:184060,fever_dep_00228
fever:180577,fever_dep_00395
fever:86116,fever_dep_00091
fever:112990,fever_dep_00070
fever:131244,fever_dep_00390
fever:187213,fever_dep_00396
fever:226095,fever_dep_00386
fever:1180,fever_dep_00235
fever:57965,fever_dep_00020
fever:97774,fever_dep_00430
fever:98475,fever_dep_00208
fever:97087,fever_dep_00053
fever:139030,fever_dep_00140
fever:161842,fever_dep_00314
fever:123833,fever_dep_00207
fever:156412,fever_dep_00309
fever:32740,fever_dep_00034
fever:131006,fever_dep_00348
fever:172767,fever_dep_00076
fever:131756,fever_dep_00397
fever:49097,fever_dep_00117
fever:202050,fever_dep_00398
fever:209869,fever_dep_00346
fever:208159,fever_dep_00164
fever:142951,fever_dep_00227
fever:139848,fever_dep_00182
fever:219130,fever_dep_00186
fever:190168,fever_dep_00304
fever:200289,fever_dep_00306
fever:74764,fever_dep_00399
fever:226107,fever_dep_00386
fever:53021,fever_dep_00400
fever:141801,fever_dep_00389
fever:95105,fever_dep_00189
fever:153851,fever_dep_00401
fever:202765,fever_dep_00055
fever:92090,fever_dep_00002
fever:68032,fever_dep_00019
fever:222046,fever_dep_00076
fever:202054,fever_dep_00398
fever:47551,fever_dep_00078
fever:66005,fever_dep_00402
fever:208416,fever_dep_00128
fever:106996,fever_dep_00227
fever:105933,fever_dep_00292
fever:55199,fever_dep_00038
fever:196755,fever_dep_00329
fever:110770,fever_dep_00117
fever:86242,fever_dep_00260
fever:66075,fever_dep_00091
fever:174026,fever_dep_00296
fever:135468,fever_dep_00053
fever:157492,fever_dep_00125
fever:39114,fever_dep_00286
fever:202950,fever_dep_00161
fever:175485,fever_dep_00261
fever:88847,fever_dep_00403
fever:67011,fever_dep_00401
fever:191425,fever_dep_00404
fever:192971,fever_dep_00272
fever:10947,fever_dep_00190
fever:135572,fever_dep_00333
fever:49310,fever_dep_00121
fever:63084,fever_dep_00278
fever:77222,fever_dep_00399
fever:194798,fever_dep_00299
fever:66425,fever_dep_00188
fever:67799,fever_dep_00063
fever:186596,fever_dep_00073
fever:107163,fever_dep_00282
fever:205643,fever_dep_00193
fever:106044,fever_dep_00163
fever:219151,fever_dep_00186
fever:6807,fever_dep_00165
fever:68746,fever_dep_00405
fever:173126,fever_dep_00112
fever:177138,fever_dep_00325
fever:191255,fever_dep_00375
fever:156917,fever_dep_00198
fever:96135,fever_dep_00198
fever:200395,fever_dep_00406
fever:108481,fever_dep_00407
fever:72975,fever_dep_00153
fever:3305,fever_dep_00345
fever:6810,fever_dep_00217
fever:53135,fever_dep_00125
fever:2416,fever_dep_00067
fever:94357,fever_dep_00131
fever:2371,fever_dep_00074
fever:200278,fever_dep_00306
fever:124088,fever_dep_00356
fever:78880,fever_dep_00110
fever:126814,fever_dep_00217
fever:166915,fever_dep_00123
fever:9718,fever_dep_00252
fever:14922,fever_dep_00408
fever:180732,fever_dep_00328
fever:36281,fever_dep_00241
fever:164986,fever_dep_00409
fever:87305,fever_dep_00399
fever:216366,fever_dep_00410
fever:95239,fever_dep_00198
fever:185726,fever_dep_00162
fever:45585,fever_dep_00401
fever:58765,fever_dep_00054
fever:165641,fever_dep_00411
fever:175638,fever_dep_00368
fever:168064,fever_dep_00256
fever:56361,fever_dep_00288
fever:212195,fever_dep_00082
fever:156903,fever_dep_00092
fever:144589,fever_dep_00256
fever:226860,fever_dep_00042
fever:185301,fever_dep_00373
fever:156525,fever_dep_00212
fever:185736,fever_dep_00162
fever:174018,fever_dep_00296
fever:206157,fever_dep_00217
fever:33374,fever_dep_00359
fever:148534,fever_dep_00086
fever:72905,fever_dep_00097
fever:204025,fever_dep_00093
fever:159702,fever_dep_00256
fever:140660,fever_dep_00023
fever:186326,fever_dep_00412
fever:10838,fever_dep_00026
fever:116113,fever_dep_00263
fever:166483,fever_dep_00250
fever:66599,fever_dep_00413
fever:5765,fever_dep_00019
fever:166635,fever_dep_00084
fever:165666,fever_dep_00411
fever:101604,fever_dep_00125
fever:140517,fever_dep_00385
fever:125010,fever_dep_00260
fever:40742,fever_dep_00239
fever:109877,fever_dep_00414
fever:23296,fever_dep_00022
fever:181629,fever_dep_00003
fever:134387,fever_dep_00211
fever:110681,fever_dep_00097
fever:72446,fever_dep_00399
fever:145572,fever_dep_00288
fever:787,fever_dep_00313
fever:23605,fever_dep_00415
fever:24258,fever_dep_00416
fever:140083,fever_dep_00253
fever:60720,fever_dep_00269
fever:183127,fever_dep_00175
fever:121517,fever_dep_00276
fever:37557,fever_dep_00139
fever:89875,fever_dep_00417
fever:92641,fever_dep_00022
fever:12683,fever_dep_00133
fever:117447,fever_dep_00418
fever:124736,fever_dep_00063
fever:204651,fever_dep_00138
fever:186998,fever_dep_00017
fever:73436,fever_dep_00181
fever:80054,fever_dep_00026
fever:208149,fever_dep_00164
fever:157546,fever_dep_00354
fever:54959,fever_dep_00264
fever:93018,fever_dep_00253
fever:23967,fever_dep_00127
fever:17847,fever_dep_00419
fever:161575,fever_dep_00127
fever:75309,fever_dep_00204
fever:101012,fever_dep_00227
fever:14223,fever_dep_00374
fever:96954,fever_dep_00207
fever:109288,fever_dep_00081
fever:100938,fever_dep_00104
fever:194019,fever_dep_00420
fever:7682,fever_dep_00421
fever:154364,fever_dep_00203
fever:202773,fever_dep_00055
fever:91479,fever_dep_00422
fever:11928,fever_dep_00074
fever:227081,fever_dep_00098
fever:132151,fever_dep_00213
fever:177165,fever_dep_00325
fever:46271,fever_dep_00125
fever:20279,fever_dep_00281
fever:182271,fever_dep_00099
fever:15425,fever_dep_00354
fever:3106,fever_dep_00113
fever:165128,fever_dep_00342
fever:111408,fever_dep_00423
fever:108956,fever_dep_00034
fever:153803,fever_dep_00418
fever:40396,fever_dep_00049
fever:194350,fever_dep_00424
fever:193421,fever_dep_00331
fever:199753,fever_dep_00125
fever:25080,fever_dep_00361
fever:121562,fever_dep_00348
fever:43458,fever_dep_00015
fever:179029,fever_dep_00174
fever:133797,fever_dep_00271
fever:92524,fever_dep_00053
fever:192961,fever_dep_00272
fever:36428,fever_dep_00322
fever:167984,fever_dep_00103
fever:189774,fever_dep_00425
fever:174606,fever_dep_00183
fever:124268,fever_dep_00245
fever:226147,fever_dep_00341
fever:83533,fever_dep_00426
fever:186871,fever_dep_00427
fever:202762,fever_dep_00055
fever:47726,fever_dep_00199
fever:7336,fever_dep_00428
fever:165664,fever_dep_00411
fever:48275,fever_dep_00302
fever:194917,fever_dep_00071
fever:36882,fever_dep_00381
fever:201066,fever_dep_00429
fever:128415,fever_dep_00430
fever:227083,fever_dep_00098
fever:9292,fever_dep_00350
fever:202979,fever_dep_00318
fever:119048,fever_dep_00431
fever:133461,fever_dep_00335
fever:204646,fever_dep_00138
fever:28862,fever_dep_00125
fever:17947,fever_dep_00358
fever:199428,fever_dep_00096
fever:172765,fever_dep_00076
fever:20590,fever_dep_00133
fever:181882,fever_dep_00432
fever:98305,fever_dep_00393
fever:27897,fever_dep_00433
fever:187323,fever_dep_00434
fever:207259,fever_dep_00435
fever:135341,fever_dep_00243
fever:110717,fever_dep_00018
fever:228432,fever_dep_00399
fever:195921,fever_dep_00436
fever:147493,fever_dep_00101
fever:83021,fever_dep_00049
fever:13934,fever_dep_00255
fever:74416,fever_dep_00001
fever:7836,fever_dep_00260
fever:49707,fever_dep_00209
fever:7059,fever_dep_00419
fever:129932,fever_dep_00389
fever:94603,fever_dep_00131
fever:93981,fever_dep_00437
fever:123479,fever_dep_00217
fever:195370,fever_dep_00438
fever:79601,fever_dep_00142
fever:159563,fever_dep_00215
fever:202930,fever_dep_00161
fever:194472,fever_dep_00223
fever:187788,fever_dep_00439
fever:130181,fever_dep_00158
fever:199759,fever_dep_00125
fever:149577,fever_dep_00044
fever:144018,fever_dep_00365
fever:118127,fever_dep_00301
fever:125197,fever_dep_00045
fever:156664,fever_dep_00197
fever:16425,fever_dep_00034
fever:99877,fever_dep_00125
fever:90158,fever_dep_00311
fever:132716,fever_dep_00369
fever:150083,fever_dep_00385
fever:152021,fever_dep_00126
fever:206718,fever_dep_00440
fever:203154,fever_dep_00279
fever:77690,fever_dep_00163
fever:23628,fever_dep_00413
fever:15851,fever_dep_00196
fever:172482,fever_dep_00060
fever:171087,fever_dep_00287
fever:130317,fever_dep_00086
fever:216585,fever_dep_00326
fever:212187,fever_dep_00082
fever:227356,fever_dep_00217
fever:20461,fever_dep_00356
fever:221081,fever_dep_00048
fever:119630,fever_dep_00336
fever:181206,fever_dep_00200
fever:33075,fever_dep_00000
fever:198216,fever_dep_00392
fever:53895,fever_dep_00148
fever:198231,fever_dep_00392
fever:141932,fever_dep_00102
fever:2699,fever_dep_00285
fever:2466,fever_dep_00168
fever:25705,fever_dep_00337
fever:119219,fever_dep_00267
fever:79911,fever_dep_00218
fever:9504,fever_dep_00196
fever:174025,fever_dep_00296
fever:201813,fever_dep_00352
fever:104495,fever_dep_00153
fever:225301,fever_dep_00441
fever:138593,fever_dep_00322
fever:217210,fever_dep_00085
fever:139522,fever_dep_00198
fever:104847,fever_dep_00384
fever:79857,fever_dep_00039
fever:127363,fever_dep_00058
fever:105432,fever_dep_00285
fever:74205,fever_dep_00442
fever:189773,fever_dep_00425
fever:125673,fever_dep_00360
fever:100083,fever_dep_00151
fever:134349,fever_dep_00360
fever:104988,fever_dep_00221
fever:67679,fever_dep_00361
fever:38288,fever_dep_00348
fever:178341,fever_dep_00443
fever:223667,fever_dep_00380
fever:28552,fever_dep_00253
fever:171614,fever_dep_00202
fever:91459,fever_dep_00275
fever:208429,fever_dep_00128
fever:149622,fever_dep_00018
fever:22862,fever_dep_00358
fever:201086,fever_dep_00429
fever:102714,fever_dep_00305
fever:165127,fever_dep_00342
fever:179320,fever_dep_00444
fever:215497,fever_dep_00064
fever:194365,fever_dep_00424
fever:5737,fever_dep_00445
fever:223334,fever_dep_00072
fever:201793,fever_dep_00427
fever:137733,fever_dep_00220
fever:138301,fever_dep_00394
fever:138161,fever_dep_00295
fever:212183,fever_dep_00082
fever:104650,fever_dep_00269
fever:15913,fever_dep_00059
fever:26454,fever_dep_00260
fever:63066,fever_dep_00125
fever:194780,fever_dep_00299
fever:28716,fever_dep_00074
fever:65132,fever_dep_00185
fever:31916,fever_dep_00242
fever:132705,fever_dep_00245
fever:112315,fever_dep_00122
fever:57524,fever_dep_00114
fever:193904,fever_dep_00280
fever:42390,fever_dep_00045
fever:204643,fever_dep_00138
fever:194905,fever_dep_00071
fever:181871,fever_dep_00432
fever:175471,fever_dep_00261
fever:156493,fever_dep_00356
fever:115257,fever_dep_00898
fever:98693,fever_dep_00151
fever:192715,fever_dep_00012
fever:145926,fever_dep_00298
fever:94231,fever_dep_00400
fever:194025,fever_dep_00420
fever:87603,fever_dep_00218
fever:64628,fever_dep_00196
fever:197349,fever_dep_00101
fever:201377,fever_dep_00446
fever:14078,fever_dep_00294
fever:35282,fever_dep_00401
fever:29353,fever_dep_00019
fever:172089,fever_dep_00383
fever:99053,fever_dep_00018
fever:194342,fever_dep_00424
fever:13630,fever_dep_00445
fever:40755,fever_dep_00358
fever:63698,fever_dep_00251
fever:124984,fever_dep_00266
fever:193449,fever_dep_00447
fever:217197,fever_dep_00085
fever:150571,fever_dep_00002
fever:180589,fever_dep_00395
fever:137360,fever_dep_00448
fever:41452,fever_dep_00113
fever:41711,fever_dep_00166
fever:3119,fever_dep_00416
fever:32970,fever_dep_00397
fever:61989,fever_dep_00130
fever:30479,fever_dep_00415
fever:171084,fever_dep_00287
fever:87755,fever_dep_00147
fever:92816,fever_dep_00009
fever:205656,fever_dep_00193
fever:38708,fever_dep_00188
fever:178348,fever_dep_00443
fever:66917,fever_dep_00449
fever:208148,fever_dep_00164
fever:179302,fever_dep_00319
fever:43906,fever_dep_00363
fever:29688,fever_dep_00101
fever:165881,fever_dep_00187
fever:172484,fever_dep_00060
fever:88473,fever_dep_00137
fever:114249,fever_dep_00196
fever:203157,fever_dep_00279
fever:208144,fever_dep_00164
fever:132516,fever_dep_00155
fever:37265,fever_dep_00034
fever:91321,fever_dep_00053
fever:90208,fever_dep_00285
fever:224378,fever_dep_00372
fever:191442,fever_dep_00404
fever:51708,fever_dep_00230
fever:211278,fever_dep_00101
fever:24659,fever_dep_00271
fever:187119,fever_dep_00327
fever:93287,fever_dep_00332
fever:24744,fever_dep_00232
fever:211291,fever_dep_00101
fever:168548,fever_dep_00095
fever:173501,fever_dep_00035
fever:22929,fever_dep_00450
fever:12537,fever_dep_00198
fever:65269,fever_dep_00125
fever:172483,fever_dep_00060
fever:108727,fever_dep_00473
fever:50357,fever_dep_00451
fever:175652,fever_dep_00368
fever:192825,fever_dep_00324
fever:5076,fever_dep_00305
fever:122828,fever_dep_00000
fever:168047,fever_dep_00256
fever:89458,fever_dep_00111
fever:189453,fever_dep_00238
fever:165658,fever_dep_00411
fever:175932,fever_dep_00452
fever:78578,fever_dep_00335
fever:53263,fever_dep_00426
fever:89063,fever_dep_00116
fever:194795,fever_dep_00299
fever:201116,fever_dep_00025
fever:107285,fever_dep_00453
fever:69994,fever_dep_00454
fever:50245,fever_dep_00008
fever:73413,fever_dep_00246
fever:26359,fever_dep_00205
fever:21033,fever_dep_00455
fever:174024,fever_dep_00296
fever:77700,fever_dep_00005
fever:138632,fever_dep_00131
fever:41123,fever_dep_00122
fever:172523,fever_dep_00297
fever:175931,fever_dep_00452
fever:116668,fever_dep_00361
fever:183633,fever_dep_00107
fever:218373,fever_dep_00254
fever:178150,fever_dep_00456
fever:4179,fever_dep_00081
fever:140522,fever_dep_00113
fever:84409,fever_dep_00030
fever:97927,fever_dep_00251
fever:186938,fever_dep_00457
fever:59067,fever_dep_00116
fever:201079,fever_dep_00429
fever:159711,fever_dep_00256
fever:4819,fever_dep_00242
fever:32255,fever_dep_00115
fever:95621,fever_dep_00101
fever:207252,fever_dep_00435
fever:131060,fever_dep_00163
fever:124045,fever_dep_00206
fever:142286,fever_dep_00458
fever:136205,fever_dep_00020
fever:82780,fever_dep_00142
fever:83040,fever_dep_00148
fever:154009,fever_dep_00417
fever:157485,fever_dep_00209
fever:193910,fever_dep_00280
fever:54742,fever_dep_00415
fever:165867,fever_dep_00187
fever:189772,fever_dep_00425
fever:93823,fever_dep_00172
fever:40883,fever_dep_00577
fever:47992,fever_dep_00210
fever:14915,fever_dep_00036
fever:208424,fever_dep_00128
fever:196967,fever_dep_00236
fever:44946,fever_dep_00459
fever:153018,fever_dep_00094
fever:19382,fever_dep_00313
fever:53793,fever_dep_00209
fever:159715,fever_dep_00256
fever:160715,fever_dep_00234
fever:73570,fever_dep_00231
fever:123193,fever_dep_00401
fever:65368,fever_dep_00577
fever:205660,fever_dep_00193
fever:174027,fever_dep_00296
fever:190171,fever_dep_00304
fever:55460,fever_dep_00458
fever:52316,fever_dep_00455
fever:115283,fever_dep_00253
fever:8847,fever_dep_00380
fever:128454,fever_dep_00460
fever:119428,fever_dep_00387
fever:193444,fever_dep_00447
fever:22186,fever_dep_00273
fever:216597,fever_dep_00326
fever:72453,fever_dep_00022
fever:147207,fever_dep_00399
fever:172522,fever_dep_00297
fever:127359,fever_dep_00390
fever:422,fever_dep_00290
fever:218367,fever_dep_00254
fever:135485,fever_dep_00196
fever:173130,fever_dep_00112
fever:130923,fever_dep_00300
fever:211776,fever_dep_00461
fever:12772,fever_dep_00206
fever:140233,fever_dep_00262
fever:226136,fever_dep_00341
fever:201389,fever_dep_00446
fever:224381,fever_dep_00372
fever:226864,fever_dep_00042
fever:29193,fever_dep_00273
fever:174028,fever_dep_00296
fever:161864,fever_dep_00314
fever:156693,fever_dep_00029
fever:155839,fever_dep_00284
fever:73443,fever_dep_00065
fever:227120,fever_dep_00043
fever:55976,fever_dep_00312
fever:97008,fever_dep_00241
fever:44552,fever_dep_00007
fever:26078,fever_dep_00343
fever:202051,fever_dep_00398
fever:162881,fever_dep_00162
fever:36633,fever_dep_00482
fever:121238,fever_dep_00063
fever:195922,fever_dep_00436
fever:58735,fever_dep_00158
fever:174022,fever_dep_00296
fever:132700,fever_dep_00315
fever:133251,fever_dep_00078
fever:1077,fever_dep_00221
fever:91197,fever_dep_00053
fever:204027,fever_dep_00093
fever:6275,fever_dep_00393
fever:95262,fever_dep_00462
fever:31693,fever_dep_00340
fever:61315,fever_dep_00052
fever:89809,fever_dep_00285
fever:110242,fever_dep_00061
fever:125146,fever_dep_00081
fever:182456,fever_dep_00463
fever:38052,fever_dep_00170
fever:201065,fever_dep_00429
fever:65457,fever_dep_00062
fever:102355,fever_dep_00160
fever:73533,fever_dep_00040
fever:103511,fever_dep_00092
fever:218469,fever_dep_00149
fever:144769,fever_dep_00464
fever:43964,fever_dep_00340
fever:215503,fever_dep_00064
fever:191441,fever_dep_00404
fever:202461,fever_dep_00222
fever:164982,fever_dep_00409
fever:80001,fever_dep_00401
fever:20291,fever_dep_00260
fever:216352,fever_dep_00410
fever:181216,fever_dep_00200
fever:69699,fever_dep_00334
fever:87607,fever_dep_00433
fever:108034,fever_dep_00152
fever:147577,fever_dep_00115
fever:226862,fever_dep_00042
fever:157183,fever_dep_00040
fever:110635,fever_dep_00385
fever:164639,fever_dep_00465
fever:53792,fever_dep_00209
fever:110602,fever_dep_00252
fever:73471,fever_dep_00295
fever:175636,fever_dep_00368
fever:173508,fever_dep_00035
fever:99800,fever_dep_00305
fever:89096,fever_dep_00335
fever:58823,fever_dep_00277
fever:147486,fever_dep_00363
fever:43813,fever_dep_00282
fever:189437,fever_dep_00238
fever:224376,fever_dep_00372
fever:98682,fever_dep_00106
fever:13663,fever_dep_00365
fever:62877,fever_dep_00213
fever:142717,fever_dep_00295
fever:107783,fever_dep_00177
fever:23885,fever_dep_00226
fever:201083,fever_dep_00429
fever:184059,fever_dep_00228
fever:70670,fever_dep_00154
fever:115062,fever_dep_00268
fever:182268,fever_dep_00099
fever:107438,fever_dep_00005
fever:84516,fever_dep_00431
fever:55079,fever_dep_00466
fever:60057,fever_dep_00176
fever:2948,fever_dep_00086
fever:141894,fever_dep_00419
fever:148295,fever_dep_00144
fever:170413,fever_dep_00143
fever:103118,fever_dep_00309
fever:155467,fever_dep_00445
fever:102175,fever_dep_00106
fever:165251,fever_dep_00308
fever:111462,fever_dep_00301
fever:35843,fever_dep_00322
fever:68758,fever_dep_00197
fever:149649,fever_dep_00269
fever:172108,fever_dep_00383
fever:5454,fever_dep_00045
fever:59605,fever_dep_00054
fever:119215,fever_dep_00437
fever:156981,fever_dep_00320
fever:208153,fever_dep_00164
fever:76047,fever_dep_00160
fever:185408,fever_dep_00349
fever:8429,fever_dep_00188
fever:172512,fever_dep_00297
fever:119405,fever_dep_00031
fever:90549,fever_dep_00125
fever:109933,fever_dep_00339
fever:15834,fever_dep_00031
fever:123576,fever_dep_00292
fever:75794,fever_dep_00091
fever:105813,fever_dep_00079
fever:180572,fever_dep_00395
fever:215211,fever_dep_00249
fever:91674,fever_dep_00260
fever:208418,fever_dep_00128
fever:60066,fever_dep_00181
fever:119549,fever_dep_00458
fever:201388,fever_dep_00446
fever:159567,fever_dep_00215
fever:116812,fever_dep_00211
fever:112668,fever_dep_00267
fever:26914,fever_dep_00339
fever:104553,fever_dep_00054
fever:22002,fever_dep_00467
fever:77731,fever_dep_00343
fever:63201,fever_dep_00134
fever:25781,fever_dep_00245
fever:36453,fever_dep_00374
fever:73715,fever_dep_00359
fever:218249,fever_dep_00367
fever:85745,fever_dep_00036
fever:172753,fever_dep_00076
fever:23906,fever_dep_00251
fever:42966,fever_dep_00333
fever:59048,fever_dep_00360
fever:200296,fever_dep_00306
fever:72626,fever_dep_00382
fever:181205,fever_dep_00200
fever:140254,fever_dep_00441
fever:121634,fever_dep_00419
fever:191248,fever_dep_00375
fever:2406,fever_dep_00312
fever:146011,fever_dep_00015
fever:38587,fever_dep_00160
fever:171604,fever_dep_00202
fever:121313,fever_dep_00083
fever:61823,fever_dep_00467
fever:48819,fever_dep_00163
fever:139714,fever_dep_00153
fever:18574,fever_dep_00203
fever:12943,fever_dep_00241
fever:226158,fever_dep_00341
fever:181628,fever_dep_00003
fever:214268,fever_dep_00351
fever:78426,fever_dep_00230
fever:63444,fever_dep_00357
fever:97113,fever_dep_00131
fever:124938,fever_dep_00079
fever:77304,fever_dep_00180
fever:36833,fever_dep_00255
fever:173724,fever_dep_00377
fever:8221,fever_dep_00195
fever:37386,fever_dep_00235
fever:226113,fever_dep_00386
fever:117416,fever_dep_00242
fever:137907,fever_dep_00428
fever:107042,fever_dep_00170
fever:109898,fever_dep_00335
fever:123756,fever_dep_00282
fever:138849,fever_dep_00401
fever:59056,fever_dep_00146
fever:49249,fever_dep_00125
fever:189438,fever_dep_00238
fever:29590,fever_dep_00260
fever:11346,fever_dep_00119
fever:185406,fever_dep_00349
fever:159951,fever_dep_00056
fever:71653,fever_dep_00005
fever:154253,fever_dep_00357
fever:142984,fever_dep_00321
fever:42933,fever_dep_00125
fever:2421,fever_dep_00274
fever:57359,fever_dep_00168
fever:113488,fever_dep_00430
fever:212779,fever_dep_00468
fever:170400,fever_dep_00143
fever:192835,fever_dep_00324
fever:47273,fever_dep_00104
fever:23634,fever_dep_00024
fever:168015,fever_dep_00103
fever:171638,fever_dep_00257
fever:114475,fever_dep_00251
fever:201375,fever_dep_00446
fever:153923,fever_dep_00469
fever:68202,fever_dep_00057
fever:125031,fever_dep_00430
fever:212192,fever_dep_00082
fever:42720,fever_dep_00057
fever:168535,fever_dep_00095
fever:92347,fever_dep_00024
fever:194761,fever_dep_00470
fever:79706,fever_dep_00343
fever:175472,fever_dep_00261
fever:227373,fever_dep_00217
fever:154659,fever_dep_00365
fever:89171,fever_dep_00418
fever:152634,fever_dep_00234
fever:204449,fever_dep_00011
fever:29296,fever_dep_00300
fever:92900,fever_dep_00471
fever:70882,fever_dep_00340
fever:174599,fever_dep_00183
fever:6414,fever_dep_00472
fever:193893,fever_dep_00280
fever:217684,fever_dep_00192
fever:89727,fever_dep_00399
fever:125388,fever_dep_00473
fever:62298,fever_dep_00393
fever:203156,fever_dep_00279
fever:208154,fever_dep_00164
fever:208157,fever_dep_00164
fever:93033,fever_dep_00205
fever:181980,fever_dep_00156
fever:98062,fever_dep_00008
fever:208422,fever_dep_00128
fever:134848,fever_dep_00361
fever:212314,fever_dep_00286
fever:175643,fever_dep_00368
fever:107307,fever_dep_00169
fever:186879,fever_dep_00427
fever:193458,fever_dep_00447
fever:34034,fever_dep_00266
fever:2414,fever_dep_00077
fever:125037,fever_dep_00212
fever:5136,fever_dep_00414
fever:86143,fever_dep_00309
fever:23633,fever_dep_00024
fever:129698,fever_dep_00473
fever:219289,fever_dep_00474
fever:21345,fever_dep_00475
fever:164983,fever_dep_00409
fever:133686,fever_dep_00292
fever:204343,fever_dep_00006
fever:179340,fever_dep_00444
fever:1831,fever_dep_00262
fever:144570,fever_dep_00129
fever:55279,fever_dep_00061
fever:225291,fever_dep_00441
fever:183631,fever_dep_00107
fever:150763,fever_dep_00417
fever:179268,fever_dep_00476
fever:125185,fever_dep_00255
fever:47230,fever_dep_00230
fever:22220,fever_dep_00241
fever:187223,fever_dep_00396
fever:156609,fever_dep_00455
fever:95652,fever_dep_00286
fever:155868,fever_dep_00235
fever:109785,fever_dep_00155
fever:9693,fever_dep_00358
fever:77465,fever_dep_00171
fever:205745,fever_dep_00145
fever:226105,fever_dep_00386
fever:72627,fever_dep_00300
fever:20711,fever_dep_00292
fever:121645,fever_dep_00286
fever:155807,fever_dep_00281
fever:66918,fever_dep_00449
fever:152176,fever_dep_00415
fever:99495,fever_dep_00364
fever:213943,fever_dep_00477
fever:23147,fever_dep_00388
fever:115957,fever_dep_00007
fever:218481,fever_dep_00149
fever:179313,fever_dep_00319
fever:46383,fever_dep_00330
fever:171639,fever_dep_00257
fever:20032,fever_dep_00108
fever:5719,fever_dep_00227
fever:109834,fever_dep_00245
fever:128642,fever_dep_00218
fever:75871,fever_dep_00335
fever:159704,fever_dep_00256
fever:63435,fever_dep_00094
fever:41221,fever_dep_00260
fever:38529,fever_dep_00292
fever:149156,fever_dep_00135
fever:223351,fever_dep_00072
fever:185402,fever_dep_00349
fever:52157,fever_dep_00125
fever:219298,fever_dep_00474
fever:36170,fever_dep_00102
fever:173137,fever_dep_00112
fever:22633,fever_dep_00119
fever:15186,fever_dep_00213
fever:40858,fever_dep_00034
fever:78282,fever_dep_00387
fever:72694,fever_dep_00478
fever:22871,fever_dep_00301
fever:147936,fever_dep_00292
fever:173511,fever_dep_00035
fever:118840,fever_dep_00479
fever:19111,fever_dep_00417
fever:173492,fever_dep_00035
fever:98146,fever_dep_00365
fever:42344,fever_dep_00126
fever:215129,fever_dep_00244
fever:106176,fever_dep_00232
fever:219153,fever_dep_00186
fever:128071,fever_dep_00155
fever:92103,fever_dep_00226
fever:52356,fever_dep_00157
fever:140536,fever_dep_00478
fever:215227,fever_dep_00249
fever:137429,fever_dep_00007
fever:115789,fever_dep_00182
fever:51328,fever_dep_00286
fever:227072,fever_dep_00098
fever:119875,fever_dep_00227
fever:187216,fever_dep_00396
fever:143712,fever_dep_00303
fever:161222,fever_dep_00131
fever:114538,fever_dep_00402
fever:134401,fever_dep_00217
fever:126933,fever_dep_00125
fever:99850,fever_dep_00407
fever:174013,fever_dep_00296
fever:225252,fever_dep_00179
fever:48877,fever_dep_00473
fever:159693,fever_dep_00256
fever:157927,fever_dep_00116
fever:82413,fever_dep_00221
fever:54604,fever_dep_00423
fever:23884,fever_dep_00283
fever:132762,fever_dep_00046
fever:37281,fever_dep_00283
fever:31905,fever_dep_00357
fever:154239,fever_dep_00190
fever:120173,fever_dep_00364
fever:36371,fever_dep_00295
fever:160823,fever_dep_00151
fever:181199,fever_dep_00200
fever:57603,fever_dep_00428
fever:9503,fever_dep_00196
fever:41634,fever_dep_00005
fever:21145,fever_dep_00284
fever:46366,fever_dep_00230
fever:96657,fever_dep_00013
fever:32076,fever_dep_00430
fever:32827,fever_dep_00288
fever:38481,fever_dep_00361
fever:32402,fever_dep_00307
fever:218471,fever_dep_00149
fever:19671,fever_dep_00224
fever:46059,fever_dep_00177
fever:106481,fever_dep_00480
fever:159707,fever_dep_00256
fever:45396,fever_dep_00034
fever:88429,fever_dep_00397
fever:193911,fever_dep_00280
fever:177163,fever_dep_00325
fever:212329,fever_dep_00286
fever:105176,fever_dep_00481
fever:227357,fever_dep_00217
fever:93621,fever_dep_00113
fever:4728,fever_dep_00024
fever:28968,fever_dep_00026
fever:201745,fever_dep_00176
fever:37715,fever_dep_00133
fever:179009,fever_dep_00174
fever:145120,fever_dep_00220
fever:213952,fever_dep_00477
fever:8982,fever_dep_00361
fever:127403,fever_dep_00044
fever:166658,fever_dep_00084
fever:128768,fever_dep_00065
fever:85649,fever_dep_00479
fever:90367,fever_dep_00030
fever:142585,fever_dep_00091
fever:205631,fever_dep_00193
fever:79017,fever_dep_00029
fever:13942,fever_dep_00288
fever:111594,fever_dep_00044
fever:172481,fever_dep_00060
fever:124872,fever_dep_00052
fever:10357,fever_dep_00433
fever:6893,fever_dep_00321
fever:51003,fever_dep_00358
fever:58764,fever_dep_00054
fever:199742,fever_dep_00125
fever:186976,fever_dep_00017
fever:99060,fever_dep_00348
fever:128278,fever_dep_00173
fever:132317,fever_dep_00039
fever:226122,fever_dep_00341
fever:29443,fever_dep_00219
fever:113780,fever_dep_00117
fever:156076,fever_dep_00390
fever:147730,fever_dep_00482
fever:113302,fever_dep_00037
fever:24247,fever_dep_00029
fever:8248,fever_dep_00221
fever:13001,fever_dep_00013
fever:59777,fever_dep_00224
fever:1035,fever_dep_00483
fever:195904,fever_dep_00436
fever:37282,fever_dep_00283
fever:3829,fever_dep_00300
fever:161574,fever_dep_00127
fever:22851,fever_dep_00047
fever:88251,fever_dep_00423
fever:43444,fever_dep_00354
fever:195077,fever_dep_00201
fever:205726,fever_dep_00145
fever:200300,fever_dep_00306
fever:92949,fever_dep_00078
fever:194359,fever_dep_00424
fever:91047,fever_dep_00020
fever:155872,fever_dep_00460
fever:190164,fever_dep_00304
fever:32890,fever_dep_00018
fever:82196,fever_dep_00124
fever:8585,fever_dep_00484
fever:10810,fever_dep_00276
fever:26081,fever_dep_00157
fever:183586,fever_dep_00107
fever:25870,fever_dep_00365
fever:202932,fever_dep_00161
fever:1272,fever_dep_00235
fever:97251,fever_dep_00180
fever:77548,fever_dep_00485
fever:138114,fever_dep_00345
fever:205738,fever_dep_00145
fever:129575,fever_dep_00454
fever:118104,fever_dep_00260
fever:203622,fever_dep_00391
fever:180582,fever_dep_00395
fever:175639,fever_dep_00368
fever:156440,fever_dep_00059
fever:143556,fever_dep_00340
fever:81542,fever_dep_00273
fever:1112,fever_dep_00336
fever:198221,fever_dep_00392
fever:194476,fever_dep_00223
fever:79208,fever_dep_00125
fever:71695,fever_dep_00197
fever:35174,fever_dep_00110
fever:62355,fever_dep_00199
fever:124479,fever_dep_00333
fever:27863,fever_dep_00177
fever:195073,fever_dep_00201
fever:218246,fever_dep_00367
fever:59707,fever_dep_00118
fever:83138,fever_dep_00118
fever:51596,fever_dep_00350
fever:160843,fever_dep_00151
fever:116159,fever_dep_00473
fever:165118,fever_dep_00342
fever:167471,fever_dep_00486
fever:194343,fever_dep_00424
fever:143054,fever_dep_00026
fever:174020,fever_dep_00296
fever:50463,fever_dep_00147
fever:149752,fever_dep_00281
fever:116391,fever_dep_00224
fever:9268,fever_dep_00313
fever:53567,fever_dep_00361
fever:43110,fever_dep_00471
fever:172286,fever_dep_00362
fever:37086,fever_dep_00117
fever:155046,fever_dep_00078
fever:101773,fever_dep_00038
fever:198041,fever_dep_00487
fever:3734,fever_dep_00464
fever:43168,fever_dep_00320
fever:64498,fever_dep_00034
fever:56776,fever_dep_00132
fever:202445,fever_dep_00222
fever:155704,fever_dep_00418
fever:23536,fever_dep_00227
fever:63287,fever_dep_00445
fever:194800,fever_dep_00299
fever:138356,fever_dep_00007
fever:117842,fever_dep_00030
fever:194789,fever_dep_00299
fever:60769,fever_dep_00154
fever:54620,fever_dep_00387
fever:98848,fever_dep_00260
fever:166912,fever_dep_00123
fever:10152,fever_dep_00321
fever:57773,fever_dep_00140
fever:95839,fever_dep_00378
fever:63590,fever_dep_00015
fever:167977,fever_dep_00103
fever:37250,fever_dep_00127
fever:77378,fever_dep_00317
fever:28324,fever_dep_00298
fever:6876,fever_dep_00399
fever:216363,fever_dep_00410
fever:227067,fever_dep_00098
fever:207382,fever_dep_00022
fever:107308,fever_dep_00227
fever:172100,fever_dep_00383
fever:127540,fever_dep_00074
fever:114093,fever_dep_00204
fever:58191,fever_dep_00393
fever:19190,fever_dep_00239
fever:22043,fever_dep_00353
fever:161843,fever_dep_00314
fever:42213,fever_dep_00334
fever:216368,fever_dep_00410
fever:33840,fever_dep_00266
fever:177171,fever_dep_00325
fever:85004,fever_dep_00224
fever:85036,fever_dep_00256
fever:173718,fever_dep_00377
fever:178153,fever_dep_00456
fever:228323,fever_dep_00488
fever:194774,fever_dep_00470
fever:174604,fever_dep_00183
fever:8830,fever_dep_00061
fever:148981,fever_dep_00290
fever:148595,fever_dep_00078
fever:206161,fever_dep_00217
fever:170424,fever_dep_00143
fever:211277,fever_dep_00101
fever:9713,fever_dep_00393
fever:79437,fever_dep_00263
fever:4818,fever_dep_00242
fever:202472,fever_dep_00222
fever:122744,fever_dep_00489
fever:166845,fever_dep_00014
fever:113381,fever_dep_00065
fever:102605,fever_dep_00356
fever:85196,fever_dep_00295
fever:202037,fever_dep_00398
fever:124934,fever_dep_00422
fever:5766,fever_dep_00019
fever:19915,fever_dep_00467
fever:48880,fever_dep_00302
fever:146669,fever_dep_00102
fever:79072,fever_dep_00024
fever:190173,fever_dep_00304
fever:70612,fever_dep_00129
fever:7013,fever_dep_00478
fever:103158,fever_dep_00209
fever:141370,fever_dep_00393
fever:136918,fever_dep_00364
fever:88495,fever_dep_00132
fever:38255,fever_dep_00008
fever:47239,fever_dep_00152
fever:195815,fever_dep_00064
fever:138204,fever_dep_00405
fever:185417,fever_dep_00349
fever:37202,fever_dep_00273
fever:150885,fever_dep_00490
fever:66633,fever_dep_00032
fever:179270,fever_dep_00476
fever:181183,fever_dep_00200
fever:106458,fever_dep_00204
fever:76165,fever_dep_00165
fever:131487,fever_dep_00491
fever:80693,fever_dep_00283
fever:191430,fever_dep_00404
fever:11002,fever_dep_00082
fever:120190,fever_dep_00113
fever:48725,fever_dep_00460
fever:144978,fever_dep_00212
fever:217196,fever_dep_00085
fever:204652,fever_dep_00138
fever:75538,fever_dep_00037
fever:79777,fever_dep_00241
fever:25339,fever_dep_00378
fever:106288,fever_dep_00058
fever:95082,fever_dep_00038
fever:171069,fever_dep_00287
fever:105236,fever_dep_00350
fever:203614,fever_dep_00391
fever:85642,fever_dep_00303
fever:150820,fever_dep_00307
fever:69759,fever_dep_00322
fever:49650,fever_dep_00305
fever:51526,fever_dep_00097
fever:55706,fever_dep_00322
fever:12649,fever_dep_00137
fever:170414,fever_dep_00143
fever:58607,fever_dep_00030
fever:104308,fever_dep_00403
fever:144380,fever_dep_00455
fever:96901,fever_dep_00289
fever:31885,fever_dep_00388
fever:227348,fever_dep_00217
fever:3113,fever_dep_00356
fever:177150,fever_dep_00325
fever:75877,fever_dep_00408
fever:48638,fever_dep_00305
fever:132600,fever_dep_00385
fever:192713,fever_dep_00012
fever:25811,fever_dep_00049
fever:148650,fever_dep_00024
fever:81518,fever_dep_00364
fever:30486,fever_dep_00245
fever:209852,fever_dep_00492
fever:3015,fever_dep_00382
fever:227135,fever_dep_00043
fever:102209,fever_dep_00219
fever:58753,fever_dep_00291
fever:165870,fever_dep_00187
fever:96079,fever_dep_00450
fever:118414,fever_dep_00407
fever:186977,fever_dep_00017
fever:229305,fever_dep_00347
fever:52218,fever_dep_00418
fever:85873,fever_dep_00132
fever:84844,fever_dep_00034
fever:148377,fever_dep_00023
fever:42165,fever_dep_00482
fever:68386,fever_dep_00442
fever:195845,fever_dep_00064
fever:185413,fever_dep_00349
fever:42470,fever_dep_00493
fever:167455,fever_dep_00486
fever:21204,fever_dep_00335
fever:179732,fever_dep_00310
fever:186323,fever_dep_00412
fever:23807,fever_dep_00489
fever:227087,fever_dep_00098
fever:145558,fever_dep_00151
fever:200396,fever_dep_00406
fever:209857,fever_dep_00492
fever:26705,fever_dep_00180
fever:143895,fever_dep_00120
fever:173727,fever_dep_00377
fever:89167,fever_dep_00401
fever:179332,fever_dep_00444
fever:200279,fever_dep_00306
fever:76551,fever_dep_00437
fever:147831,fever_dep_00345
fever:23962,fever_dep_00132
fever:78849,fever_dep_00394
fever:42943,fever_dep_00101
fever:185213,fever_dep_00051
fever:66535,fever_dep_00490
fever:54164,fever_dep_00015
fever:185212,fever_dep_00051
fever:104617,fever_dep_00045
fever:199750,fever_dep_00125
fever:56986,fever_dep_00168
fever:181186,fever_dep_00200
fever:147477,fever_dep_00125
fever:86110,fever_dep_00082
fever:204349,fever_dep_00006
fever:111321,fever_dep_00266
fever:95673,fever_dep_00220
fever:66842,fever_dep_00237
fever:162895,fever_dep_00162
fever:165645,fever_dep_00411
fever:219025,fever_dep_00004
fever:36332,fever_dep_00000
fever:199757,fever_dep_00125
fever:49544,fever_dep_00190
fever:24481,fever_dep_00181
fever:152811,fever_dep_00642
fever:16694,fever_dep_00106
fever:204457,fever_dep_00011
fever:149787,fever_dep_00385
fever:126079,fever_dep_00220
fever:104438,fever_dep_00300
fever:10379,fever_dep_00155
fever:166501,fever_dep_00250
fever:10164,fever_dep_00212
fever:81007,fever_dep_00358
fever:75554,fever_dep_00898
fever:19494,fever_dep_00489
fever:56396,fever_dep_00171
fever:122887,fever_dep_00125
fever:47384,fever_dep_00281
fever:3517,fever_dep_00063
fever:1313,fever_dep_00242
fever:6106,fever_dep_00159
fever:68934,fever_dep_00101
fever:204641,fever_dep_00138
fever:178328,fever_dep_00443
fever:165860,fever_dep_00187
fever:54910,fever_dep_00472
fever:136093,fever_dep_00227
fever:202026,fever_dep_00398
fever:13907,fever_dep_00247
fever:136153,fever_dep_00075
fever:156208,fever_dep_00251
fever:53062,fever_dep_00216
fever:224371,fever_dep_00372
fever:211784,fever_dep_00461
fever:16811,fever_dep_00022
fever:98893,fever_dep_00449
fever:64830,fever_dep_00007
fever:58496,fever_dep_00276
fever:89409,fever_dep_00133
fever:104983,fever_dep_00422
fever:181827,fever_dep_00259
fever:203389,fever_dep_00225
fever:227355,fever_dep_00217
fever:52572,fever_dep_00212
fever:93991,fever_dep_00402
fever:127651,fever_dep_00289
fever:126206,fever_dep_00239
fever:100234,fever_dep_00416
fever:155431,fever_dep_00251
fever:34230,fever_dep_00434
fever:94377,fever_dep_00008
fever:107510,fever_dep_00334
fever:117900,fever_dep_00148
fever:131782,fever_dep_00024
fever:149492,fever_dep_00114
fever:56364,fever_dep_00036
fever:147609,fever_dep_00221
fever:109140,fever_dep_00415
fever:78809,fever_dep_00125
fever:133169,fever_dep_00121
fever:189449,fever_dep_00238
fever:181125,fever_dep_00323
fever:168011,fever_dep_00103
fever:151294,fever_dep_00131
fever:175933,fever_dep_00452
fever:115173,fever_dep_00469
fever:177188,fever_dep_00233
fever:191440,fever_dep_00404
fever:202936,fever_dep_00161
fever:218248,fever_dep_00367
fever:2947,fever_dep_00086
fever:213941,fever_dep_00477
fever:150925,fever_dep_00077
fever:16693,fever_dep_00106
fever:122922,fever_dep_00115
fever:204356,fever_dep_00006
fever:48023,fever_dep_00256
fever:186988,fever_dep_00017
fever:23563,fever_dep_00361
fever:203395,fever_dep_00225
fever:47004,fever_dep_00101
fever:101683,fever_dep_00494
fever:43644,fever_dep_00495
fever:74327,fever_dep_00467
fever:131530,fever_dep_00276
fever:12748,fever_dep_00106
fever:76870,fever_dep_00177
fever:55055,fever_dep_00154
fever:92344,fever_dep_00317
fever:59768,fever_dep_00335
fever:56729,fever_dep_00402
fever:14227,fever_dep_00046
fever:133529,fever_dep_00110
fever:53254,fever_dep_00467
fever:11637,fever_dep_00077
fever:34774,fever_dep_00460
fever:144527,fever_dep_00198
fever:181620,fever_dep_00496
fever:78816,fever_dep_00075
fever:116918,fever_dep_00378
fever:26212,fever_dep_00301
fever:100169,fever_dep_00394
fever:36207,fever_dep_00278
fever:208438,fever_dep_00128
fever:126963,fever_dep_00209
fever:144049,fever_dep_00061
fever:194775,fever_dep_00470
fever:49839,fever_dep_00352
fever:34205,fever_dep_00295
fever:93343,fever_dep_00181
fever:68378,fever_dep_00232
fever:82973,fever_dep_00074
fever:145710,fever_dep_00247
fever:71082,fever_dep_00067
fever:60495,fever_dep_00378
fever:110749,fever_dep_00497
fever:171615,fever_dep_00257
fever:96711,fever_dep_00189
fever:122767,fever_dep_00101
fever:11404,fever_dep_00721
fever:68853,fever_dep_00642
fever:62004,fever_dep_00358
fever:6576,fever_dep_00170
fever:104129,fever_dep_00110
fever:190750,fever_dep_00213
fever:13396,fever_dep_00483
fever:191443,fever_dep_00404
fever:161185,fever_dep_00131
fever:95061,fever_dep_00408
fever:181638,fever_dep_00003
fever:194466,fever_dep_00223
fever:82626,fever_dep_00389
fever:216595,fever_dep_00326
fever:204437,fever_dep_00011
fever:207521,fever_dep_00027
fever:198208,fever_dep_00392
fever:107926,fever_dep_00122
fever:14448,fever_dep_00317
fever:172295,fever_dep_00362
fever:202756,fever_dep_00055
fever:8584,fever_dep_00484
fever:219146,fever_dep_00186
fever:197388,fever_dep_00016
fever:21008,fever_dep_00240
fever:175478,fever_dep_00261
fever:203004,fever_dep_00318
fever:31770,fever_dep_00147
fever:166482,fever_dep_00250
fever:19310,fever_dep_00479
fever:220284,fever_dep_00498
fever:33547,fever_dep_00430
fever:20708,fever_dep_00247
fever:161556,fever_dep_00127
fever:95585,fever_dep_00151
fever:126551,fever_dep_00190
fever:60444,fever_dep_00381
fever:88045,fever_dep_00182
fever:95935,fever_dep_00449
fever:71802,fever_dep_00288
fever:8504,fever_dep_00042
fever:68137,fever_dep_00007
fever:143488,fever_dep_00361
fever:221072,fever_dep_00048
fever:110761,fever_dep_00458
fever:72436,fever_dep_00267
fever:71836,fever_dep_00288
fever:194455,fever_dep_00223
fever:3857,fever_dep_00199
fever:189768,fever_dep_00425
fever:116619,fever_dep_00302
fever:73482,fever_dep_00074
fever:26301,fever_dep_00065
fever:182279,fever_dep_00099
fever:50128,fever_dep_00020
fever:158201,fever_dep_00235
fever:44383,fever_dep_00191
fever:187792,fever_dep_00439
fever:126958,fever_dep_00345
fever:161361,fever_dep_00260
fever:209874,fever_dep_00346
fever:166632,fever_dep_00084
fever:209859,fever_dep_00492
fever:181630,fever_dep_00003
fever:184420,fever_dep_00499
fever:128686,fever_dep_00426
fever:55571,fever_dep_00332
fever:137498,fever_dep_00482
fever:15005,fever_dep_00172
fever:86530,fever_dep_00500
fever:104472,fever_dep_00275
fever:46187,fever_dep_00423
fever:68057,fever_dep_00442
fever:159573,fever_dep_00215
fever:138375,fever_dep_00134
fever:156559,fever_dep_00284
fever:28863,fever_dep_00182
fever:185396,fever_dep_00349
fever:105123,fever_dep_00309
fever:187776,fever_dep_00439
fever:59087,fever_dep_00247
fever:128575,fever_dep_00445
fever:101715,fever_dep_00197
fever:204331,fever_dep_00006
fever:163963,fever_dep_00050
fever:194760,fever_dep_00470
fever:16807,fever_dep_00106
fever:202956,fever_dep_00161
fever:216347,fever_dep_00410
fever:14112,fever_dep_00401
fever:27041,fever_dep_00493
fever:177186,fever_dep_00233
fever:75378,fever_dep_00339
fever:2615,fever_dep_00462
fever:10204,fever_dep_00482
fever:32923,fever_dep_00074
fever:172102,fever_dep_00383
fever:34906,fever_dep_00034
fever:77162,fever_dep_00086
fever:186979,fever_dep_00017
fever:131529,fever_dep_00028
fever:18589,fever_dep_00029
fever:186987,fever_dep_00017
fever:75770,fever_dep_00313
fever:166844,fever_dep_00014
fever:157790,fever_dep_00110
fever:80488,fever_dep_00132
fever:110040,fever_dep_00125
fever:119765,fever_dep_00353
fever:211792,fever_dep_00461
fever:199758,fever_dep_00125
fever:123226,fever_dep_00389
fever:43564,fever_dep_00387
fever:32321,fever_dep_00170
fever:151474,fever_dep_00288
fever:226127,fever_dep_00341
fever:110376,fever_dep_00501
fever:16084,fever_dep_00419
fever:21026,fever_dep_00008
fever:82292,fever_dep_00122
fever:159949,fever_dep_00056
fever:71618,fever_dep_00441
fever:148140,fever_dep_00275
fever:60612,fever_dep_00122
fever:6250,fever_dep_00252
fever:212780,fever_dep_00468
fever:51013,fever_dep_00146
fever:187324,fever_dep_00434
fever:144899,fever_dep_00102
fever:35619,fever_dep_00253
fever:212331,fever_dep_00286
fever:196744,fever_dep_00329
fever:168538,fever_dep_00095
fever:110012,fever_dep_00150
fever:16519,fever_dep_00283
fever:61807,fever_dep_00316
fever:53017,fever_dep_00270
fever:204654,fever_dep_00138
fever:25397,fever_dep_00198
fever:197363,fever_dep_00016
fever:84105,fever_dep_00479
fever:44720,fever_dep_00160
fever:9235,fever_dep_00495
fever:115752,fever_dep_00015
fever:152850,fever_dep_00053
fever:5014,fever_dep_00401
fever:68459,fever_dep_00147
fever:185201,fever_dep_00051
fever:172507,fever_dep_00297
fever:141134,fever_dep_00378
fever:147935,fever_dep_00094
fever:117862,fever_dep_00146
fever:57522,fever_dep_00094
fever:136331,fever_dep_00125
fever:202995,fever_dep_00318
fever:199420,fever_dep_00096
fever:157517,fever_dep_00332
fever:201740,fever_dep_00176
fever:186994,fever_dep_00017
fever:181992,fever_dep_00156
fever:45217,fever_dep_00032
fever:72255,fever_dep_00256
fever:14375,fever_dep_00069
fever:35627,fever_dep_00267
fever:20847,fever_dep_00339
fever:36885,fever_dep_00197
fever:17744,fever_dep_00065
fever:101434,fever_dep_00074
fever:74235,fever_dep_00106
fever:35237,fever_dep_00442
fever:38258,fever_dep_00340
fever:184095,fever_dep_00041
fever:35381,fever_dep_00013
fever:66371,fever_dep_00473
fever:38312,fever_dep_00491
fever:171616,fever_dep_00257
fever:2910,fever_dep_00363
fever:110351,fever_dep_00316
fever:63829,fever_dep_00273
fever:139059,fever_dep_00007
fever:10468,fever_dep_00387
fever:72358,fever_dep_00109
fever:182278,fever_dep_00099
fever:114897,fever_dep_00478
fever:130059,fever_dep_00316
fever:6079,fever_dep_00000
fever:71437,fever_dep_00389
fever:223337,fever_dep_00072
fever:90409,fever_dep_00497
fever:93610,fever_dep_00421
fever:198217,fever_dep_00392
fever:91100,fever_dep_00170
fever:45823,fever_dep_00036
fever:5513,fever_dep_00458
fever:181627,fever_dep_00003
fever:195382,fever_dep_00438
fever:187796,fever_dep_00439
fever:97886,fever_dep_00126
fever:37749,fever_dep_00122
fever:117056,fever_dep_00315
fever:170417,fever_dep_00143
fever:169003,fever_dep_00214
fever:103173,fever_dep_00028
fever:179025,fever_dep_00174
fever:8443,fever_dep_00361
fever:73961,fever_dep_00191
fever:21027,fever_dep_00199
fever:64572,fever_dep_00364
fever:166639,fever_dep_00084
fever:161099,fever_dep_00131
fever:141746,fever_dep_00458
fever:17634,fever_dep_00219
fever:143533,fever_dep_00365
fever:208156,fever_dep_00164
fever:174592,fever_dep_00183
fever:33644,fever_dep_00278
fever:175475,fever_dep_00261
fever:189894,fever_dep_00184
fever:157777,fever_dep_00423
fever:195008,fever_dep_00239
fever:34961,fever_dep_00270
fever:222031,fever_dep_00076
fever:181621,fever_dep_00496
fever:2834,fever_dep_00403
fever:4822,fever_dep_00036
fever:226102,fever_dep_00386
fever:172743,fever_dep_00076
fever:193450,fever_dep_00447
fever:215201,fever_dep_00249
fever:186928,fever_dep_00457
fever:53220,fever_dep_00248
fever:108937,fever_dep_00130
fever:130948,fever_dep_00166
fever:19655,fever_dep_00484
fever:108426,fever_dep_00353
fever:9945,fever_dep_00113
fever:106921,fever_dep_00160
fever:11554,fever_dep_00239
fever:212768,fever_dep_00468
fever:39342,fever_dep_00075
fever:99914,fever_dep_00271
fever:75291,fever_dep_00502
fever:196743,fever_dep_00329
fever:204415,fever_dep_00011
fever:171082,fever_dep_00287
fever:195825,fever_dep_00064
fever:14940,fever_dep_00365
fever:49470,fever_dep_00252
fever:212202,fever_dep_00082
fever:1774,fever_dep_00011
fever:112890,fever_dep_00224
fever:165887,fever_dep_00105
fever:24854,fever_dep_00205
fever:161848,fever_dep_00314
fever:61504,fever_dep_00423
fever:10205,fever_dep_00482
fever:222042,fever_dep_00076
fever:223352,fever_dep_00072
fever:183588,fever_dep_00107
fever:224369,fever_dep_00372
fever:150044,fever_dep_00102
fever:128676,fever_dep_00301
fever:1188,fever_dep_00289
fever:105806,fever_dep_00460
fever:184066,fever_dep_00228
fever:60933,fever_dep_00335
fever:64029,fever_dep_00023
fever:168536,fever_dep_00095
fever:192966,fever_dep_00272
fever:180579,fever_dep_00395
fever:66351,fever_dep_00388
fever:174607,fever_dep_00183
fever:128332,fever_dep_00114
fever:163970,fever_dep_00050
fever:42201,fever_dep_00231
fever:145849,fever_dep_00335
fever:181643,fever_dep_00003
fever:211772,fever_dep_00461
fever:120971,fever_dep_00125
fever:103402,fever_dep_00203
fever:185415,fever_dep_00349
fever:146438,fever_dep_00400
fever:91534,fever_dep_00356
fever:13312,fever_dep_00010
fever:184433,fever_dep_00499
fever:60147,fever_dep_00423
fever:42173,fever_dep_00370
fever:65082,fever_dep_00454
fever:72560,fever_dep_00033
fever:64685,fever_dep_00204
fever:78018,fever_dep_00139
fever:199421,fever_dep_00096
fever:134242,fever_dep_00005
fever:38313,fever_dep_00491
fever:28384,fever_dep_00132
fever:216365,fever_dep_00410
fever:63465,fever_dep_00289
fever:111850,fever_dep_00037
fever:124720,fever_dep_00121
fever:157400,fever_dep_00399
fever:15733,fever_dep_00271
fever:50693,fever_dep_00140
fever:166853,fever_dep_00014
fever:48590,fever_dep_00242
fever:201378,fever_dep_00446
fever:13728,fever_dep_00502
fever:115863,fever_dep_00074
fever:174029,fever_dep_00296
fever:24541,fever_dep_00401
fever:149663,fever_dep_00286
fever:91165,fever_dep_00417
fever:33918,fever_dep_00005
fever:168546,fever_dep_00095
fever:81703,fever_dep_00045
fever:3492,fever_dep_00173
fever:166484,fever_dep_00250
fever:21882,fever_dep_00122
fever:30805,fever_dep_00190
fever:194018,fever_dep_00420
fever:972,fever_dep_00283
fever:66801,fever_dep_00168
fever:185296,fever_dep_00373
fever:182282,fever_dep_00099
fever:151642,fever_dep_00144
fever:118333,fever_dep_00204
fever:50121,fever_dep_00141
fever:10798,fever_dep_00197
fever:197384,fever_dep_00016
fever:65917,fever_dep_00397
fever:172461,fever_dep_00060
fever:173493,fever_dep_00035
fever:75587,fever_dep_00037
fever:101183,fever_dep_00165
fever:201379,fever_dep_00446
fever:215502,fever_dep_00064
fever:95835,fever_dep_00485
fever:27082,fever_dep_00198
fever:96476,fever_dep_00036
fever:121994,fever_dep_00177
fever:56200,fever_dep_00217
fever:52801,fever_dep_00157
fever:60459,fever_dep_00021
fever:127048,fever_dep_00097
fever:22194,fever_dep_00120
fever:166899,fever_dep_00123
fever:165875,fever_dep_00187
fever:22491,fever_dep_00013
fever:202039,fever_dep_00398
fever:109461,fever_dep_00393
fever:29659,fever_dep_00458
fever:162885,fever_dep_00162
fever:120630,fever_dep_00142
fever:180581,fever_dep_00395
fever:85315,fever_dep_00190
fever:194459,fever_dep_00223
fever:112568,fever_dep_00137
fever:128909,fever_dep_00125
fever:142135,fever_dep_00485
fever:37887,fever_dep_00104
fever:189892,fever_dep_00184
fever:138357,fever_dep_00231
fever:152880,fever_dep_00220
fever:28908,fever_dep_00281
fever:90443,fever_dep_00197
fever:135338,fever_dep_00063
fever:216401,fever_dep_00167
fever:102627,fever_dep_00407
fever:62062,fever_dep_00206
fever:225297,fever_dep_00441
fever:216393,fever_dep_00167
fever:189458,fever_dep_00238
fever:66970,fever_dep_00069
fever:223767,fever_dep_00503
fever:17129,fever_dep_00378
fever:152898,fever_dep_00165
fever:156323,fever_dep_00065
fever:225237,fever_dep_00179
fever:119624,fever_dep_00415
fever:181184,fever_dep_00200
fever:113098,fever_dep_00160
fever:87008,fever_dep_00108
fever:7792,fever_dep_00204
fever:92719,fever_dep_00468
fever:142127,fever_dep_00482
fever:110506,fever_dep_00122
fever:143807,fever_dep_00220
fever:94056,fever_dep_00172
fever:166841,fever_dep_00014
fever:57611,fever_dep_00203
fever:108122,fever_dep_00317
fever:8472,fever_dep_00291
fever:100802,fever_dep_00282
fever:31845,fever_dep_00217
fever:71554,fever_dep_00311
fever:138118,fever_dep_00142
fever:185205,fever_dep_00051
fever:87678,fever_dep_00252
fever:125156,fever_dep_00274
fever:68913,fever_dep_00210
fever:148484,fever_dep_00061
fever:173500,fever_dep_00035
fever:156075,fever_dep_00363
fever:92787,fever_dep_00125
fever:193866,fever_dep_00371
fever:76173,fever_dep_00033
fever:19663,fever_dep_00074
fever:44710,fever_dep_00491
fever:10706,fever_dep_00169
fever:30259,fever_dep_00117
fever:61195,fever_dep_00418
fever:74009,fever_dep_00136
fever:168003,fever_dep_00103
fever:37537,fever_dep_00430
fever:167970,fever_dep_00103
fever:92126,fever_dep_00293
fever:115386,fever_dep_00063
fever:226119,fever_dep_00341
fever:204450,fever_dep_00011
fever:121338,fever_dep_00473
fever:217217,fever_dep_00085
fever:194371,fever_dep_00424
fever:184094,fever_dep_00041
fever:121662,fever_dep_00126
fever:73136,fever_dep_00271
fever:201798,fever_dep_00427
fever:222033,fever_dep_00076
fever:217198,fever_dep_00085
fever:9629,fever_dep_00316
fever:225295,fever_dep_00441
fever:202766,fever_dep_00055
fever:41661,fever_dep_00101
fever:38861,fever_dep_00111
fever:147045,fever_dep_00504
fever:181637,fever_dep_00003
fever:17124,fever_dep_00504
fever:211788,fever_dep_00461
fever:55398,fever_dep_00008
fever:150221,fever_dep_00430
fever:17866,fever_dep_00359
fever:93333,fever_dep_00332
fever:146189,fever_dep_00256
fever:186320,fever_dep_00412
fever:136665,fever_dep_00231
fever:82315,fever_dep_00313
fever:37881,fever_dep_00125
fever:127366,fever_dep_00024
fever:95864,fever_dep_00083
fever:139849,fever_dep_00011
fever:37331,fever_dep_00078
fever:118072,fever_dep_00117
fever:150920,fever_dep_00360
fever:149973,fever_dep_00267
fever:1076,fever_dep_00237
fever:56951,fever_dep_00241
fever:151427,fever_dep_00165
fever:179040,fever_dep_00090
fever:225250,fever_dep_00179
fever:83559,fever_dep_00387
fever:38324,fever_dep_00094
fever:57057,fever_dep_00053
fever:213935,fever_dep_00477
fever:183623,fever_dep_00107
fever:203165,fever_dep_00279
fever:82934,fever_dep_00226
fever:226101,fever_dep_00386
fever:144806,fever_dep_00243
fever:57138,fever_dep_00290
fever:70412,fever_dep_00209
fever:29580,fever_dep_00402
fever:27307,fever_dep_00442
fever:149179,fever_dep_00181
fever:194346,fever_dep_00424
fever:192898,fever_dep_00393
fever:160414,fever_dep_00234
fever:12120,fever_dep_00102
fever:36832,fever_dep_00255
fever:195381,fever_dep_00438
fever:21607,fever_dep_00246
fever:28188,fever_dep_00068
fever:132858,fever_dep_00026
fever:156025,fever_dep_00407
fever:196750,fever_dep_00329
fever:61874,fever_dep_00049
fever:24078,fever_dep_00430
fever:138514,fever_dep_00077
fever:106859,fever_dep_00044
fever:64105,fever_dep_00125
fever:227139,fever_dep_00043
fever:128295,fever_dep_00320
fever:106668,fever_dep_00010
fever:229312,fever_dep_00347
fever:76166,fever_dep_00165
fever:195812,fever_dep_00064
fever:196959,fever_dep_00236
fever:100429,fever_dep_00357
fever:124618,fever_dep_00212
fever:7184,fever_dep_00338
fever:160814,fever_dep_00040
fever:217215,fever_dep_00085
fever:79414,fever_dep_00053
fever:22480,fever_dep_00577
fever:61821,fever_dep_00307
fever:94137,fever_dep_00422
fever:140463,fever_dep_00481
fever:6017,fever_dep_00125
fever:180563,fever_dep_00395
fever:226143,fever_dep_00341
fever:171605,fever_dep_00202
fever:11730,fever_dep_00020
fever:212203,fever_dep_00082
fever:197357,fever_dep_00016
fever:165267,fever_dep_00308
fever:4246,fever_dep_00260
fever:219278,fever_dep_00474
fever:7358,fever_dep_00357
fever:28406,fever_dep_00218
fever:101661,fever_dep_00210
fever:214272,fever_dep_00351
fever:183594,fever_dep_00107
fever:19994,fever_dep_00148
fever:104632,fever_dep_00577
fever:19169,fever_dep_00135
fever:35043,fever_dep_00066
fever:157949,fever_dep_00069
fever:154989,fever_dep_00114
fever:143803,fever_dep_00434
fever:112934,fever_dep_00040
fever:204333,fever_dep_00006
fever:104982,fever_dep_00037
fever:175739,fever_dep_00344
fever:184418,fever_dep_00499
fever:195029,fever_dep_00239
fever:115861,fever_dep_00237
fever:78302,fever_dep_00195
fever:56523,fever_dep_00469
fever:209845,fever_dep_00492
fever:41947,fever_dep_00300
fever:150648,fever_dep_00024
fever:63081,fever_dep_00130
fever:207525,fever_dep_00027
fever:140316,fever_dep_00147
fever:98406,fever_dep_00388
fever:181213,fever_dep_00200
fever:204037,fever_dep_00093
fever:98066,fever_dep_00490
fever:84783,fever_dep_00490
fever:146015,fever_dep_00483
fever:149087,fever_dep_00140
fever:130593,fever_dep_00273
fever:43905,fever_dep_00363
fever:108547,fever_dep_00311
fever:30144,fever_dep_00053
fever:165245,fever_dep_00308
fever:179004,fever_dep_00174
fever:170953,fever_dep_00088
fever:64812,fever_dep_00008
fever:172747,fever_dep_00076
fever:88427,fever_dep_00269
fever:180566,fever_dep_00395
fever:85646,fever_dep_00079
fever:48016,fever_dep_00086
fever:208139,fever_dep_00164
fever:212198,fever_dep_00082
fever:137790,fever_dep_00068
fever:48980,fever_dep_00122
fever:8550,fever_dep_00350
fever:98436,fever_dep_00146
fever:172763,fever_dep_00076
fever:119878,fever_dep_00219
fever:32796,fever_dep_00426
fever:160391,fever_dep_00040
fever:1233,fever_dep_00169
fever:69562,fever_dep_00453
fever:68569,fever_dep_00339
fever:182272,fever_dep_00099
fever:79688,fever_dep_00036
fever:109073,fever_dep_00168
fever:78072,fever_dep_00481
fever:30023,fever_dep_00311
fever:183589,fever_dep_00107
fever:147199,fever_dep_00013
fever:183583,fever_dep_00107
fever:10146,fever_dep_00389
fever:161570,fever_dep_00127
fever:226153,fever_dep_00341
fever:186599,fever_dep_00073
fever:134135,fever_dep_00260
fever:129460,fever_dep_00460
fever:202460,fever_dep_00222
fever:170423,fever_dep_00143
fever:117369,fever_dep_00285
fever:99932,fever_dep_00245
fever:186884,fever_dep_00427
fever:128975,fever_dep_00330
fever:192856,fever_dep_00324
fever:129753,fever_dep_00065
fever:84702,fever_dep_00309
fever:165864,fever_dep_00187
fever:91414,fever_dep_00332
fever:126533,fever_dep_00473
fever:142161,fever_dep_00253
fever:187315,fever_dep_00434
fever:84860,fever_dep_00366
fever:44223,fever_dep_00067
fever:170406,fever_dep_00143
fever:130849,fever_dep_00074
fever:202941,fever_dep_00161
fever:141613,fever_dep_00481
fever:203386,fever_dep_00225
fever:90754,fever_dep_00002
fever:7262,fever_dep_00277
fever:200391,fever_dep_00406
fever:22310,fever_dep_00441
fever:101722,fever_dep_00483
fever:202942,fever_dep_00161
fever:108705,fever_dep_00337
fever:226121,fever_dep_00341
fever:62971,fever_dep_00159
fever:129063,fever_dep_00199
fever:56512,fever_dep_00504
fever:111993,fever_dep_00053
fever:73716,fever_dep_00322
fever:137391,fever_dep_00445
fever:88872,fever_dep_00475
fever:171613,fever_dep_00202
fever:137715,fever_dep_00171
fever:39897,fever_dep_00288
fever:156071,fever_dep_00338
fever:158428,fever_dep_00505
fever:179289,fever_dep_00476
fever:185214,fever_dep_00051
fever:111206,fever_dep_00493
fever:173140,fever_dep_00112
fever:30863,fever_dep_00203
fever:76097,fever_dep_00260
fever:58926,fever_dep_00366
fever:212188,fever_dep_00082
fever:185382,fever_dep_00349
fever:54015,fever_dep_00199
fever:90336,fever_dep_00501
fever:195071,fever_dep_00201
fever:43526,fever_dep_00170
fever:135552,fever_dep_00469
fever:64842,fever_dep_00363
fever:12121,fever_dep_00102
fever:15004,fever_dep_00172
fever:2447,fever_dep_00058
fever:191433,fever_dep_00404
fever:104913,fever_dep_00266
fever:25548,fever_dep_00210
fever:19140,fever_dep_00216
fever:21804,fever_dep_00415
fever:46687,fever_dep_00081
fever:118099,fever_dep_00190
fever:116321,fever_dep_00292
fever:106870,fever_dep_00302
fever:199734,fever_dep_00125
fever:21085,fever_dep_00243
fever:128760,fever_dep_00283
fever:90314,fever_dep_00286
fever:155551,fever_dep_00125
fever:28656,fever_dep_00189
fever:40057,fever_dep_00309
fever:193855,fever_dep_00371
fever:222049,fever_dep_00076
fever:124011,fever_dep_00390
fever:220219,fever_dep_00376
fever:164999,fever_dep_00409
fever:94624,fever_dep_00182
fever:215130,fever_dep_00244
fever:215128,fever_dep_00244
fever:152079,fever_dep_00642
fever:73979,fever_dep_00111
fever:174602,fever_dep_00183
fever:187783,fever_dep_00439
fever:38004,fever_dep_00428
fever:217683,fever_dep_00192
fever:109878,fever_dep_00414
fever:207531,fever_dep_00027
fever:215226,fever_dep_00249
fever:24080,fever_dep_00232
fever:165231,fever_dep_00308
fever:98810,fever_dep_00246
fever:63557,fever_dep_00165
fever:183597,fever_dep_00107
fever:223775,fever_dep_00503
fever:165866,fever_dep_00187
fever:673,fever_dep_00026
fever:186328,fever_dep_00412
fever:179735,fever_dep_00310
fever:68828,fever_dep_00074
fever:40125,fever_dep_00104
fever:93350,fever_dep_00468
fever:172768,fever_dep_00076
fever:66938,fever_dep_00133
fever:198025,fever_dep_00487
fever:154336,fever_dep_00274
fever:31358,fever_dep_00898
fever:111721,fever_dep_00125
fever:26598,fever_dep_00044
fever:94376,fever_dep_00067
fever:52946,fever_dep_00356
fever:35286,fever_dep_00260
fever:223670,fever_dep_00380
fever:115832,fever_dep_00433
fever:38175,fever_dep_00275
fever:83197,fever_dep_00124
fever:138271,fever_dep_00148
fever:46636,fever_dep_00495
fever:77048,fever_dep_00230
fever:1481,fever_dep_00577
fever:27301,fever_dep_00413
fever:19177,fever_dep_00455
fever:122000,fever_dep_00482
fever:119935,fever_dep_00333
fever:130052,fever_dep_00065
fever:106912,fever_dep_00245
fever:185426,fever_dep_00349
fever:127819,fever_dep_00445
fever:8464,fever_dep_00219
fever:10452,fever_dep_00189
fever:140391,fever_dep_00087
fever:161094,fever_dep_00234
fever:93887,fever_dep_00007
fever:32505,fever_dep_00321
fever:28679,fever_dep_00132
fever:171610,fever_dep_00202
fever:85061,fever_dep_00104
fever:128606,fever_dep_00061
fever:226137,fever_dep_00341
fever:28911,fever_dep_00284
fever:3337,fever_dep_00353
fever:7202,fever_dep_00275
fever:9735,fever_dep_00501
fever:184089,fever_dep_00041
fever:156398,fever_dep_00153
fever:179328,fever_dep_00444
fever:30800,fever_dep_00479
fever:158426,fever_dep_00505
fever:499,fever_dep_00199
fever:45818,fever_dep_00493
fever:165119,fever_dep_00342
fever:180716,fever_dep_00328
fever:196752,fever_dep_00329
fever:112773,fever_dep_00430
fever:67189,fever_dep_00209
fever:31168,fever_dep_00316
fever:30024,fever_dep_00311
fever:20925,fever_dep_00245
fever:49599,fever_dep_00278
fever:110334,fever_dep_00024
fever:157641,fever_dep_00015
fever:151774,fever_dep_00079
fever:139407,fever_dep_00469
fever:32891,fever_dep_00018
fever:100958,fever_dep_00479
fever:103663,fever_dep_00434
fever:51323,fever_dep_00489
fever:181114,fever_dep_00323
fever:7258,fever_dep_00036
fever:213936,fever_dep_00477
fever:29746,fever_dep_00190
fever:157826,fever_dep_00063
fever:3009,fever_dep_00155
fever:161527,fever_dep_00127
fever:125491,fever_dep_00019
fever:6683,fever_dep_00058
fever:44754,fever_dep_00166
fever:174595,fever_dep_00183
fever:56021,fever_dep_00001
fever:173509,fever_dep_00035
fever:71125,fever_dep_00054
fever:184052,fever_dep_00228
fever:88946,fever_dep_00433
fever:28380,fever_dep_00320
fever:179046,fever_dep_00090
fever:113990,fever_dep_00281
fever:199732,fever_dep_00125
fever:115940,fever_dep_00428
fever:86518,fever_dep_00101
fever:25379,fever_dep_00176
fever:115628,fever_dep_00417
fever:124717,fever_dep_00220
fever:24240,fever_dep_00208
fever:126235,fever_dep_00399
fever:180723,fever_dep_00328
fever:207533,fever_dep_00027
fever:135930,fever_dep_00209
fever:151957,fever_dep_00504
fever:111176,fever_dep_00115
fever:833,fever_dep_00389
fever:201751,fever_dep_00176
fever:227122,fever_dep_00043
fever:115020,fever_dep_00464
fever:61448,fever_dep_00418
fever:207263,fever_dep_00435
fever:126678,fever_dep_00082
fever:82576,fever_dep_00335
fever:204425,fever_dep_00011
fever:171064,fever_dep_00287
fever:130726,fever_dep_00190
fever:158425,fever_dep_00505
fever:114200,fever_dep_00100
fever:159940,fever_dep_00056
fever:178169,fever_dep_00456
fever:50116,fever_dep_00036
fever:99033,fever_dep_00108
fever:199418,fever_dep_00096
fever:94136,fever_dep_00422
fever:72890,fever_dep_00116
fever:25320,fever_dep_00208
fever:14328,fever_dep_00165
fever:199745,fever_dep_00125
fever:171621,fever_dep_00257
fever:65437,fever_dep_00442
fever:148437,fever_dep_00199
fever:111590,fever_dep_00490
fever:135966,fever_dep_00466
fever:224964,fever_dep_00084
fever:165889,fever_dep_00105
fever:96501,fever_dep_00208
fever:71161,fever_dep_00504
fever:124817,fever_dep_00190
fever:219132,fever_dep_00186
fever:49125,fever_dep_00263
fever:117023,fever_dep_00273
fever:203373,fever_dep_00225
fever:155722,fever_dep_00087
fever:185215,fever_dep_00051
fever:215224,fever_dep_00249
fever:38107,fever_dep_00266
fever:218245,fever_dep_00367
fever:194354,fever_dep_00424
fever:172471,fever_dep_00060
fever:146456,fever_dep_00196
fever:187222,fever_dep_00396
fever:168042,fever_dep_00256
fever:100782,fever_dep_00464
fever:181881,fever_dep_00432
fever:41923,fever_dep_00115
fever:193895,fever_dep_00280
fever:37097,fever_dep_00130
fever:201757,fever_dep_00176
fever:201110,fever_dep_00025
fever:185220,fever_dep_00051
fever:42709,fever_dep_00185
fever:120046,fever_dep_00449
fever:179763,fever_dep_00310
fever:15084,fever_dep_00370
fever:180722,fever_dep_00328
fever:163991,fever_dep_00050
fever:194470,fever_dep_00223
fever:89213,fever_dep_00125
fever:13951,fever_dep_00079
fever:192981,fever_dep_00272
fever:172466,fever_dep_00060
fever:113260,fever_dep_00295
fever:166646,fever_dep_00084
fever:6684,fever_dep_00058
fever:92444,fever_dep_00125
fever:159722,fever_dep_00256
fever:113889,fever_dep_00428
fever:143526,fever_dep_00208
fever:185390,fever_dep_00349
fever:18736,fever_dep_00357
fever:81778,fever_dep_00008
fever:218243,fever_dep_00367
fever:166638,fever_dep_00084
fever:207378,fever_dep_00022
fever:126973,fever_dep_00155
fever:94500,fever_dep_00321
fever:204444,fever_dep_00011
fever:202056,fever_dep_00398
fever:201115,fever_dep_00025
fever:138759,fever_dep_00407
fever:120759,fever_dep_00231
fever:110429,fever_dep_00278
fever:5705,fever_dep_00089
fever:165665,fever_dep_00411
fever:127957,fever_dep_00369
fever:106478,fever_dep_00102
fever:199746,fever_dep_00125
fever:21188,fever_dep_00482
fever:40325,fever_dep_00415
fever:160764,fever_dep_00260
fever:173725,fever_dep_00377
fever:44544,fever_dep_00178
fever:71241,fever_dep_00062
fever:187797,fever_dep_00439
fever:145941,fever_dep_00370
fever:191426,fever_dep_00404
fever:171632,fever_dep_00257
fever:87081,fever_dep_00348
fever:40144,fever_dep_00191
fever:80262,fever_dep_00393
fever:121880,fever_dep_00130
fever:35844,fever_dep_00322
fever:89920,fever_dep_00125
fever:156405,fever_dep_00178
fever:136594,fever_dep_00194
fever:196971,fever_dep_00236
fever:124443,fever_dep_00231
fever:200390,fever_dep_00406
fever:113068,fever_dep_00208
fever:193894,fever_dep_00280
fever:131396,fever_dep_00036
fever:172104,fever_dep_00383
fever:12738,fever_dep_00127
fever:112301,fever_dep_00449
fever:120704,fever_dep_00206
fever:17123,fever_dep_00504
fever:174597,fever_dep_00183
fever:160345,fever_dep_00040
fever:26592,fever_dep_00302
fever:100967,fever_dep_00234
fever:120735,fever_dep_00267
fever:129255,fever_dep_00271
fever:212339,fever_dep_00286
fever:752,fever_dep_00307
fever:135813,fever_dep_00038
fever:61106,fever_dep_00430
fever:213945,fever_dep_00477
fever:24839,fever_dep_00125
fever:68610,fever_dep_00240
fever:178158,fever_dep_00456
fever:177152,fever_dep_00325
fever:105361,fever_dep_00264
fever:123477,fever_dep_00125
fever:82541,fever_dep_00066
fever:64400,fever_dep_00295
fever:184054,fever_dep_00228
fever:168978,fever_dep_00229
fever:197345,fever_dep_00101
fever:4916,fever_dep_00199
fever:35382,fever_dep_00013
fever:222028,fever_dep_00076
fever:95728,fever_dep_00054
fever:93911,fever_dep_00133
fever:27033,fever_dep_00307
fever:159086,fever_dep_00258
fever:212335,fever_dep_00286
fever:53901,fever_dep_00008
fever:189450,fever_dep_00238
fever:159700,fever_dep_00256
fever:186876,fever_dep_00427
fever:39018,fever_dep_00275
fever:41810,fever_dep_00125
fever:149457,fever_dep_00251
fever:11310,fever_dep_00282
fever:168982,fever_dep_00229
fever:209849,fever_dep_00492
fever:99904,fever_dep_00195
fever:137508,fever_dep_00110
fever:179308,fever_dep_00319
fever:154423,fever_dep_00110
fever:48101,fever_dep_00066
fever:192903,fever_dep_00393
fever:1666,fever_dep_00311
fever:130406,fever_dep_00473
fever:172468,fever_dep_00060
fever:173495,fever_dep_00035
fever:126229,fever_dep_00494
fever:63056,fever_dep_00061
fever:124355,fever_dep_00079
fever:73295,fever_dep_00422
fever:4172,fever_dep_00491
fever:91635,fever_dep_00127
fever:145956,fever_dep_00113
fever:18752,fever_dep_00313
fever:9234,fever_dep_00495
fever:4529,fever_dep_00054
fever:183138,fever_dep_00175
fever:28802,fever_dep_00147
fever:11528,fever_dep_00251
fever:26008,fever_dep_00340
fever:56289,fever_dep_00437
fever:30746,fever_dep_00147
fever:105025,fever_dep_00092
fever:25573,fever_dep_00414
fever:92731,fever_dep_00459
fever:119201,fever_dep_00160
fever:12553,fever_dep_00052
fever:187208,fever_dep_00396
fever:226858,fever_dep_00042
fever:20280,fever_dep_00281
fever:89985,fever_dep_00356
fever:209088,fever_dep_00184
fever:111980,fever_dep_00134
fever:189459,fever_dep_00238
fever:20060,fever_dep_00413
fever:157277,fever_dep_00171
fever:55741,fever_dep_00356
fever:54833,fever_dep_00384
fever:11398,fever_dep_00278
fever:73113,fever_dep_00301
fever:171637,fever_dep_00257
fever:96603,fever_dep_00265
fever:138033,fever_dep_00170
fever:27777,fever_dep_00082
fever:130959,fever_dep_00011
fever:135962,fever_dep_00034
fever:65683,fever_dep_00252
fever:140359,fever_dep_00480
fever:77480,fever_dep_00303
fever:173498,fever_dep_00035
fever:119212,fever_dep_00363
fever:204030,fever_dep_00093
fever:202772,fever_dep_00055
fever:181190,fever_dep_00200
fever:94740,fever_dep_00294
fever:120997,fever_dep_00092
fever:1480,fever_dep_00577
fever:101618,fever_dep_00045
fever:30333,fever_dep_00482
fever:12369,fever_dep_00024
fever:112986,fever_dep_00148
fever:91234,fever_dep_00134
fever:17024,fever_dep_00240
fever:207379,fever_dep_00022
fever:167468,fever_dep_00486
fever:114896,fever_dep_00321
fever:110933,fever_dep_00448
fever:206159,fever_dep_00217
fever:76138,fever_dep_00199
fever:4171,fever_dep_00491
fever:124339,fever_dep_00102
fever:70276,fever_dep_00069
fever:131965,fever_dep_00005
fever:213948,fever_dep_00477
fever:190153,fever_dep_00304
fever:97921,fever_dep_00501
fever:86397,fever_dep_00419
fever:65516,fever_dep_00260
fever:67529,fever_dep_00100
fever:104555,fever_dep_00142
fever:75902,fever_dep_00426
fever:61641,fever_dep_00139
fever:112394,fever_dep_00266
fever:1111,fever_dep_00336
fever:11823,fever_dep_00026
fever:222030,fever_dep_00076
fever:173118,fever_dep_00112
fever:219033,fever_dep_00004
fever:186592,fever_dep_00073
fever:94414,fever_dep_00130
fever:44396,fever_dep_00007
fever:82761,fever_dep_00276
fever:75960,fever_dep_00460
fever:219128,fever_dep_00186
fever:66940,fever_dep_00020
fever:84839,fever_dep_00009
fever:138565,fever_dep_00385
fever:38299,fever_dep_00061
fever:145705,fever_dep_00218
fever:55335,fever_dep_00030
fever:97298,fever_dep_00165
fever:5688,fever_dep_00243
fever:159936,fever_dep_00056
fever:168040,fever_dep_00256
fever:88383,fever_dep_00197
fever:177160,fever_dep_00325
fever:146260,fever_dep_00434
fever:22017,fever_dep_00284
fever:39351,fever_dep_00022
fever:219030,fever_dep_00004
fever:96466,fever_dep_00111
fever:161572,fever_dep_00127
fever:164996,fever_dep_00409
fever:180736,fever_dep_00328
fever:214247,fever_dep_00351
fever:50012,fever_dep_00104
fever:107362,fever_dep_00360
fever:40922,fever_dep_00252
fever:53320,fever_dep_00010
fever:106369,fever_dep_00045
fever:43080,fever_dep_00408
fever:217666,fever_dep_00192
fever:166654,fever_dep_00084
fever:177142,fever_dep_00325
fever:194021,fever_dep_00420
fever:117114,fever_dep_00165
fever:43300,fever_dep_00286
fever:107185,fever_dep_00185
fever:169002,fever_dep_00214
fever:45756,fever_dep_00356
fever:159093,fever_dep_00258
fever:129011,fever_dep_00262
fever:14018,fever_dep_00116
fever:195030,fever_dep_00239
fever:147305,fever_dep_00353
fever:146671,fever_dep_00065
fever:168060,fever_dep_00256
fever:71687,fever_dep_00022
fever:205639,fever_dep_00193
fever:64226,fever_dep_00178
fever:100038,fever_dep_00109
fever:99939,fever_dep_00046
fever:132355,fever_dep_00022
fever:208410,fever_dep_00128
fever:15452,fever_dep_00159
fever:41975,fever_dep_00453
fever:13230,fever_dep_00430
fever:125780,fever_dep_00069
fever:91114,fever_dep_00404
fever:115004,fever_dep_00218
fever:138373,fever_dep_00241
fever:22092,fever_dep_00260
fever:101340,fever_dep_00221
fever:181604,fever_dep_00496
fever:144823,fever_dep_00283
fever:171061,fever_dep_00287
fever:201364,fever_dep_00446
fever:127118,fever_dep_00430
fever:106646,fever_dep_00061
fever:115705,fever_dep_00125
fever:174031,fever_dep_00296
fever:53613,fever_dep_00430
fever:123612,fever_dep_00218
fever:1596,fever_dep_00292
fever:166474,fever_dep_00250
fever:35552,fever_dep_00315
fever:218368,fever_dep_00254
fever:202475,fever_dep_00222
fever:80863,fever_dep_00241
fever:18464,fever_dep_00402
fever:121786,fever_dep_00302
fever:126915,fever_dep_00219
fever:165244,fever_dep_00308
fever:175476,fever_dep_00261
fever:174030,fever_dep_00296
fever:66969,fever_dep_00069
fever:27865,fever_dep_00080
fever:106236,fever_dep_00494
fever:165901,fever_dep_00105
fever:129420,fever_dep_00414
fever:159710,fever_dep_00256
fever:166659,fever_dep_00084
fever:229319,fever_dep_00347
fever:192959,fever_dep_00272
fever:19112,fever_dep_00417
fever:20694,fever_dep_00159
fever:151156,fever_dep_00194
fever:77157,fever_dep_00481
fever:202044,fever_dep_00398
fever:206174,fever_dep_00217
fever:202794,fever_dep_00055
fever:184100,fever_dep_00041
fever:52559,fever_dep_00094
fever:225308,fever_dep_00441
fever:25247,fever_dep_00480
fever:46004,fever_dep_00009
fever:88165,fever_dep_00430
fever:197364,fever_dep_00016
fever:45036,fever_dep_00057
fever:198037,fever_dep_00487
fever:24063,fever_dep_00485
fever:143060,fever_dep_00234
fever:85298,fever_dep_00220
fever:130501,fever_dep_00227
fever:92657,fever_dep_00130
fever:39608,fever_dep_00210
fever:227084,fever_dep_00098
fever:455,fever_dep_00059
fever:27753,fever_dep_00642
fever:159701,fever_dep_00256
fever:131477,fever_dep_00256
fever:10100,fever_dep_00267
fever:84701,fever_dep_00309
fever:192843,fever_dep_00324
fever:21236,fever_dep_00361
fever:172749,fever_dep_00076
fever:194454,fever_dep_00223
fever:181619,fever_dep_00496
fever:42770,fever_dep_00419
fever:213953,fever_dep_00477
fever:187791,fever_dep_00439
fever:202759,fever_dep_00055
fever:114188,fever_dep_00419
fever:96969,fever_dep_00217
fever:217660,fever_dep_00192
fever:68377,fever_dep_00232
fever:222043,fever_dep_00076
fever:94787,fever_dep_00445
fever:37945,fever_dep_00295
fever:24044,fever_dep_00430
fever:37229,fever_dep_00117
fever:209093,fever_dep_00184
fever:66493,fever_dep_00288
fever:20623,fever_dep_00445
fever:14406,fever_dep_00011
fever:194362,fever_dep_00424
fever:64149,fever_dep_00320
fever:40250,fever_dep_00282
fever:175740,fever_dep_00344
fever:31013,fever_dep_00430
fever:108880,fever_dep_00020
fever:105530,fever_dep_00169
fever:137888,fever_dep_00240
fever:129088,fever_dep_00300
fever:172479,fever_dep_00060
fever:117000,fever_dep_00125
fever:187108,fever_dep_00327
fever:203370,fever_dep_00225
fever:115153,fever_dep_00260
fever:53050,fever_dep_00049
fever:92769,fever_dep_00136
fever:76323,fever_dep_00121
fever:90611,fever_dep_00322
fever:36444,fever_dep_00278
fever:220216,fever_dep_00376
fever:56908,fever_dep_00255
fever:154809,fever_dep_00125
fever:57743,fever_dep_00022
fever:43523,fever_dep_00286
fever:227070,fever_dep_00098
fever:186609,fever_dep_00073
fever:112423,fever_dep_00125
fever:44156,fever_dep_00431
fever:126652,fever_dep_00217
fever:195085,fever_dep_00201
fever:34184,fever_dep_00405
fever:13217,fever_dep_00397
fever:152461,fever_dep_00462
fever:100684,fever_dep_00146
fever:45205,fever_dep_00246
fever:14799,fever_dep_00369
fever:165663,fever_dep_00411
fever:150524,fever_dep_00224
fever:145508,fever_dep_00422
fever:105842,fever_dep_00497
fever:194781,fever_dep_00299
fever:206712,fever_dep_00440
fever:54615,fever_dep_00210
fever:101812,fever_dep_00407
fever:168055,fever_dep_00256
fever:166650,fever_dep_00084
fever:144809,fever_dep_00102
fever:198210,fever_dep_00392
fever:26132,fever_dep_00363
fever:173122,fever_dep_00112
fever:29953,fever_dep_00361
fever:610,fever_dep_00000
fever:76327,fever_dep_00333
fever:78663,fever_dep_00434
fever:74701,fever_dep_00251
fever:139118,fever_dep_00204
fever:90151,fever_dep_00243
fever:141663,fever_dep_00046
fever:50127,fever_dep_00020
fever:12204,fever_dep_00087
fever:46133,fever_dep_00176
fever:96145,fever_dep_00216
fever:125009,fever_dep_00260
fever:67903,fever_dep_00007
fever:82886,fever_dep_00366
fever:34228,fever_dep_00404
fever:130611,fever_dep_00502
fever:124597,fever_dep_00243
fever:105702,fever_dep_00374
fever:195083,fever_dep_00201
fever:65691,fever_dep_00273
fever:81351,fever_dep_00358
fever:29804,fever_dep_00005
fever:137011,fever_dep_00059
fever:24271,fever_dep_00384
fever:159584,fever_dep_00215
fever:13079,fever_dep_00343
fever:58172,fever_dep_00460
fever:154884,fever_dep_00160
fever:57030,fever_dep_00430
fever:194027,fever_dep_00420
fever:46780,fever_dep_00217
fever:22096,fever_dep_00132
fever:70430,fever_dep_00307
fever:72079,fever_dep_00322
fever:69612,fever_dep_00155
fever:224373,fever_dep_00372
fever:182288,fever_dep_00099
fever:70145,fever_dep_00298
fever:55045,fever_dep_00240
fever:120836,fever_dep_00217
fever:217671,fever_dep_00192
fever:50354,fever_dep_00403
fever:63874,fever_dep_00015
fever:47317,fever_dep_00414
fever:54702,fever_dep_00077
fever:44732,fever_dep_00292
fever:211798,fever_dep_00461
fever:222036,fever_dep_00076
fever:85700,fever_dep_00078
fever:174036,fever_dep_00296
fever:172474,fever_dep_00060
fever:108859,fever_dep_00402
fever:142224,fever_dep_00061
fever:217658,fever_dep_00192
fever:196978,fever_dep_00236
fever:173713,fever_dep_00377
fever:2835,fever_dep_00403
fever:205662,fever_dep_00193
fever:217205,fever_dep_00085
fever:80576,fever_dep_00401
fever:158419,fever_dep_00505
fever:84397,fever_dep_00191
fever:9938,fever_dep_00266
fever:153247,fever_dep_00311
fever:58334,fever_dep_00394
fever:196961,fever_dep_00236
fever:145079,fever_dep_00142
fever:18064,fever_dep_00094
fever:165865,fever_dep_00187
fever:150374,fever_dep_00348
fever:136841,fever_dep_00390
fever:59393,fever_dep_00445
fever:218252,fever_dep_00367
fever:178172,fever_dep_00456
fever:220291,fever_dep_00498
fever:62919,fever_dep_00245
fever:107511,fever_dep_00334
fever:161580,fever_dep_00127
fever:47357,fever_dep_00104
fever:60458,fever_dep_00021
fever:5466,fever_dep_00333
fever:204352,fever_dep_00006
fever:87109,fever_dep_00199
fever:119288,fever_dep_00036
fever:186927,fever_dep_00457
fever:53796,fever_dep_00355
fever:1275,fever_dep_00898
fever:177161,fever_dep_00325
fever:152011,fever_dep_00243
fever:64622,fever_dep_00389
fever:24259,fever_dep_00416
fever:209087,fever_dep_00184
fever:177167,fever_dep_00325
fever:114659,fever_dep_00045
fever:63631,fever_dep_00260
fever:219285,fever_dep_00474
fever:206715,fever_dep_00440
fever:155995,fever_dep_00020
fever:158421,fever_dep_00505
fever:143494,fever_dep_00133
fever:117063,fever_dep_00312
fever:67950,fever_dep_00260
fever:10041,fever_dep_00074
fever:4746,fever_dep_00185
fever:99730,fever_dep_00057
fever:3176,fever_dep_00471
fever:23512,fever_dep_00442
fever:113212,fever_dep_00211
fever:3556,fever_dep_00285
fever:100683,fever_dep_00024
fever:123956,fever_dep_00898
fever:92154,fever_dep_00302
fever:4959,fever_dep_00054
fever:47660,fever_dep_00269
fever:186924,fever_dep_00457
fever:222041,fever_dep_00076
fever:61542,fever_dep_00445
fever:204017,fever_dep_00379
fever:95056,fever_dep_00462
fever:92509,fever_dep_00172
fever:168549,fever_dep_00095
fever:138213,fever_dep_00418
fever:16008,fever_dep_00226
fever:53760,fever_dep_00721
fever:76482,fever_dep_00009
fever:3111,fever_dep_00335
fever:90769,fever_dep_00469
fever:129835,fever_dep_00132
fever:18142,fever_dep_00416
fever:74211,fever_dep_00281
fever:112166,fever_dep_00473
fever:105060,fever_dep_00462
fever:174601,fever_dep_00183
fever:218240,fever_dep_00367
fever:121709,fever_dep_00482
fever:119870,fever_dep_00232
fever:132447,fever_dep_00298
fever:31456,fever_dep_00038
fever:47202,fever_dep_00126
fever:39609,fever_dep_00210
fever:62201,fever_dep_00198
fever:217672,fever_dep_00192
fever:203393,fever_dep_00225
fever:114974,fever_dep_00132
fever:70071,fever_dep_00721
fever:119253,fever_dep_00158
fever:172746,fever_dep_00076
fever:151207,fever_dep_00168
fever:31733,fever_dep_00245
fever:228341,fever_dep_00488
fever:208427,fever_dep_00128
fever:8208,fever_dep_00152
fever:218232,fever_dep_00367
fever:198234,fever_dep_00392
fever:89376,fever_dep_00506
fever:201743,fever_dep_00176
fever:32956,fever_dep_00094
fever:122530,fever_dep_00483
fever:110175,fever_dep_00418
fever:87760,fever_dep_00028
fever:204010,fever_dep_00379
fever:169011,fever_dep_00214
fever:71011,fever_dep_00102
fever:13894,fever_dep_00242
fever:58178,fever_dep_00205
fever:103914,fever_dep_00291
fever:147718,fever_dep_00320
fever:155145,fever_dep_00473
fever:195040,fever_dep_00239
fever:196964,fever_dep_00236
fever:51288,fever_dep_00053
fever:147211,fever_dep_00019
fever:138958,fever_dep_00008
fever:180578,fever_dep_00395
fever:22435,fever_dep_00092
fever:51825,fever_dep_00173
fever:215491,fever_dep_00064
fever:181606,fever_dep_00496
fever:8727,fever_dep_00053
fever:175721,fever_dep_00344
fever:123411,fever_dep_00256
fever:36988,fever_dep_00019
fever:181873,fever_dep_00432
fever:33675,fever_dep_00066
fever:32672,fever_dep_00029
fever:201064,fever_dep_00429
fever:51107,fever_dep_00479
fever:192973,fever_dep_00272
fever:201756,fever_dep_00176
fever:184049,fever_dep_00228
fever:127408,fever_dep_00117
fever:182445,fever_dep_00463
fever:110008,fever_dep_00416
fever:63431,fever_dep_00217
fever:81046,fever_dep_00423
fever:102142,fever_dep_00361
fever:46272,fever_dep_00471
fever:146639,fever_dep_00218
fever:105664,fever_dep_00018
fever:137126,fever_dep_00274
fever:227068,fever_dep_00098
fever:78305,fever_dep_00357
fever:224384,fever_dep_00372
fever:120678,fever_dep_00104
fever:94829,fever_dep_00298
fever:59607,fever_dep_00036
fever:216364,fever_dep_00410
fever:110396,fever_dep_00117
fever:223,fever_dep_00018
fever:153654,fever_dep_00335
fever:177157,fever_dep_00325
fever:92811,fever_dep_00020
fever:85122,fever_dep_00102
fever:121668,fever_dep_00273
fever:187106,fever_dep_00327
fever:72401,fever_dep_00507
fever:64402,fever_dep_00507
fever:194771,fever_dep_00470
fever:215113,fever_dep_00244
fever:21647,fever_dep_00081
fever:78752,fever_dep_00400
fever:202935,fever_dep_00161
fever:152641,fever_dep_00104
fever:172093,fever_dep_00383
fever:29873,fever_dep_00057
fever:194796,fever_dep_00299
fever:115108,fever_dep_00140
fever:148599,fever_dep_00462
fever:16581,fever_dep_00061
fever:128551,fever_dep_00082
fever:20316,fever_dep_00245
fever:140353,fever_dep_00278
fever:86914,fever_dep_00388
fever:61937,fever_dep_00431
fever:86829,fever_dep_00169
fever:69806,fever_dep_00053
fever:65039,fever_dep_00059
fever:92277,fever_dep_00122
fever:171634,fever_dep_00257
fever:137725,fever_dep_00199
fever:211783,fever_dep_00461
fever:31167,fever_dep_00316
fever:193903,fever_dep_00280
fever:179317,fever_dep_00319
fever:78683,fever_dep_00321
fever:149460,fever_dep_00292
fever:10158,fever_dep_00089
fever:11178,fever_dep_00382
fever:181837,fever_dep_00259
fever:185729,fever_dep_00162
fever:118068,fever_dep_00203
fever:125287,fever_dep_00276
fever:71124,fever_dep_00369
fever:185310,fever_dep_00373
fever:178342,fever_dep_00443
fever:49021,fever_dep_00350
fever:55874,fever_dep_00292
fever:181826,fever_dep_00259
fever:53165,fever_dep_00400
fever:213949,fever_dep_00477
fever:9833,fever_dep_00305
fever:220215,fever_dep_00376
fever:88040,fever_dep_00333
fever:43812,fever_dep_00282
fever:91599,fever_dep_00290
fever:78244,fever_dep_00340
fever:62898,fever_dep_00260
fever:186598,fever_dep_00073
fever:18065,fever_dep_00094
fever:110221,fever_dep_00111
fever:44427,fever_dep_00203
fever:94705,fever_dep_00110
fever:17030,fever_dep_00057
fever:17973,fever_dep_00115
fever:17031,fever_dep_00057
fever:112506,fever_dep_00020
fever:23736,fever_dep_00133
fever:155383,fever_dep_00154
fever:151935,fever_dep_00125
fever:201105,fever_dep_00025
fever:38029,fever_dep_00343
fever:92231,fever_dep_00000
fever:10698,fever_dep_00077
fever:155814,fever_dep_00188
fever:142855,fever_dep_00115
fever:202049,fever_dep_00398
fever:225285,fever_dep_00441
fever:111049,fever_dep_00419
fever:45226,fever_dep_00020
fever:36922,fever_dep_00260
fever:39499,fever_dep_00502
fever:26289,fever_dep_00190
fever:46134,fever_dep_00046
fever:165653,fever_dep_00411
fever:73508,fever_dep_00455
fever:175937,fever_dep_00452
fever:149612,fever_dep_00480
fever:84040,fever_dep_00197
fever:227372,fever_dep_00217
fever:49326,fever_dep_00473
fever:161861,fever_dep_00314
fever:63746,fever_dep_00394
fever:199738,fever_dep_00125
fever:103484,fever_dep_00013
fever:48922,fever_dep_00495
fever:191256,fever_dep_00375
fever:46666,fever_dep_00388
fever:167453,fever_dep_00486
fever:57631,fever_dep_00109
fever:211789,fever_dep_00461
fever:195366,fever_dep_00438
fever:28227,fever_dep_00490
fever:161863,fever_dep_00314
fever:173505,fever_dep_00035
fever:200282,fever_dep_00306
fever:83655,fever_dep_00148
fever:88941,fever_dep_00385
fever:134179,fever_dep_00002
fever:83812,fever_dep_00062
fever:137809,fever_dep_00142
fever:65583,fever_dep_00468
fever:46158,fever_dep_00013
fever:194484,fever_dep_00223
fever:155212,fever_dep_00052
fever:85191,fever_dep_00301
fever:24175,fever_dep_00130
fever:53331,fever_dep_00074
fever:80970,fever_dep_00021
fever:27283,fever_dep_00426
fever:187117,fever_dep_00327
fever:213940,fever_dep_00477
fever:112489,fever_dep_00148
fever:186325,fever_dep_00412
fever:73329,fever_dep_00298
fever:133783,fever_dep_00165
fever:8022,fever_dep_00058
fever:215493,fever_dep_00064
fever:147059,fever_dep_00240
fever:15747,fever_dep_00218
fever:207517,fever_dep_00027
fever:39855,fever_dep_00171
fever:183624,fever_dep_00107
fever:66501,fever_dep_00219
fever:124190,fever_dep_00125
fever:139147,fever_dep_00165
fever:13395,fever_dep_00483
fever:41150,fever_dep_00197
fever:123823,fever_dep_00210
fever:228335,fever_dep_00488
fever:104241,fever_dep_00353
fever:35617,fever_dep_00094
fever:141159,fever_dep_00173
fever:204640,fever_dep_00138
fever:91705,fever_dep_00500
fever:204002,fever_dep_00379
fever:10082,fever_dep_00401
fever:72578,fever_dep_00414
fever:194024,fever_dep_00420
fever:98559,fever_dep_00047
fever:15674,fever_dep_00000
fever:73941,fever_dep_00321
fever:196759,fever_dep_00329
fever:166502,fever_dep_00250
fever:13949,fever_dep_00357
fever:219276,fever_dep_00474
fever:184091,fever_dep_00041
fever:149051,fever_dep_00104
fever:57361,fever_dep_00458
fever:33838,fever_dep_00061
fever:161846,fever_dep_00314
fever:99654,fever_dep_00019
fever:205650,fever_dep_00193
fever:54944,fever_dep_00190
fever:179758,fever_dep_00310
fever:214256,fever_dep_00351
fever:172293,fever_dep_00362
fever:28421,fever_dep_00087
fever:201744,fever_dep_00176
fever:220279,fever_dep_00498
fever:90606,fever_dep_00334
fever:120817,fever_dep_00464
fever:147721,fever_dep_00109
fever:14069,fever_dep_00227
fever:15006,fever_dep_00469
fever:106071,fever_dep_00189
fever:116588,fever_dep_00469
fever:185194,fever_dep_00051
fever:187314,fever_dep_00434
fever:2144,fever_dep_00069
fever:49740,fever_dep_00480
fever:136588,fever_dep_00032
fever:140461,fever_dep_00502
fever:49838,fever_dep_00352
fever:82935,fever_dep_00300
fever:39171,fever_dep_00038
fever:127722,fever_dep_00026
fever:130158,fever_dep_00000
fever:166644,fever_dep_00084
fever:178331,fever_dep_00443
fever:149144,fever_dep_00335
fever:183587,fever_dep_00107
fever:181127,fever_dep_00323
fever:24143,fever_dep_00454
fever:19417,fever_dep_00444
fever:152752,fever_dep_00473
fever:88918,fever_dep_00334
fever:56809,fever_dep_00481
fever:2739,fever_dep_00147
fever:171062,fever_dep_00287
fever:213927,fever_dep_00477
fever:179748,fever_dep_00310
fever:19774,fever_dep_00270
fever:68232,fever_dep_00219
fever:136040,fever_dep_00125
fever:156199,fever_dep_00036
fever:14855,fever_dep_00130
fever:187209,fever_dep_00396
fever:40307,fever_dep_00152
fever:102151,fever_dep_00037
fever:168980,fever_dep_00229
fever:219123,fever_dep_00186
fever:50923,fever_dep_00005
fever:152117,fever_dep_00173
fever:103809,fever_dep_00133
fever:184081,fever_dep_00041
fever:115028,fever_dep_00242
fever:186978,fever_dep_00017
fever:131495,fever_dep_00284
fever:21888,fever_dep_00482
fever:64922,fever_dep_00116
fever:218372,fever_dep_00254
fever:23381,fever_dep_00403
fever:66099,fever_dep_00038
fever:147979,fever_dep_00320
fever:76386,fever_dep_00146
fever:7905,fever_dep_00241
fever:209860,fever_dep_00492
fever:61612,fever_dep_00353
fever:156106,fever_dep_00023
fever:75385,fever_dep_00277
fever:126380,fever_dep_00101
fever:42362,fever_dep_00206
fever:55295,fever_dep_00094
fever:36091,fever_dep_00203
fever:207527,fever_dep_00027
fever:69474,fever_dep_00144
fever:66519,fever_dep_00036
fever:122692,fever_dep_00037
fever:27564,fever_dep_00087
fever:207256,fever_dep_00435
fever:193448,fever_dep_00447
fever:186591,fever_dep_00073
fever:55525,fever_dep_00479
fever:139636,fever_dep_00283
fever:94947,fever_dep_00370
fever:11721,fever_dep_00356
fever:180574,fever_dep_00395
fever:29952,fever_dep_00281
fever:207261,fever_dep_00435
fever:130963,fever_dep_00460
fever:1357,fever_dep_00433
fever:179039,fever_dep_00090
fever:76666,fever_dep_00078
fever:195374,fever_dep_00438
fever:183593,fever_dep_00107
fever:50924,fever_dep_00005
fever:23572,fever_dep_00286
fever:140193,fever_dep_00182
fever:215125,fever_dep_00244
fever:147427,fever_dep_00482
fever:206150,fever_dep_00217
fever:86459,fever_dep_00339
fever:182442,fever_dep_00463
fever:99822,fever_dep_00268
fever:99252,fever_dep_00282
fever:199755,fever_dep_00125
fever:225283,fever_dep_00441
fever:181640,fever_dep_00003
fever:139961,fever_dep_00380
fever:53248,fever_dep_00061
fever:137142,fever_dep_00011
fever:94556,fever_dep_00485
fever:51936,fever_dep_00137
fever:99838,fever_dep_00091
fever:127870,fever_dep_00067
fever:4350,fever_dep_00354
fever:167988,fever_dep_00103
fever:168041,fever_dep_00256
fever:173712,fever_dep_00377
fever:121242,fever_dep_00491
fever:27052,fever_dep_00022
fever:60411,fever_dep_00188
fever:54821,fever_dep_00139
fever:123203,fever_dep_00423
fever:216399,fever_dep_00167
fever:61870,fever_dep_00403
fever:213955,fever_dep_00477
fever:193460,fever_dep_00447
fever:150096,fever_dep_00074
fever:4041,fever_dep_00053
fever:77834,fever_dep_00218
fever:3338,fever_dep_00353
fever:138985,fever_dep_00125
fever:202470,fever_dep_00222
fever:122652,fever_dep_00038
fever:159585,fever_dep_00215
fever:175930,fever_dep_00452
fever:17283,fever_dep_00170
fever:168969,fever_dep_00229
fever:104458,fever_dep_00276
fever:167447,fever_dep_00486
fever:191428,fever_dep_00404
fever:181598,fever_dep_00496
fever:228345,fever_dep_00488
fever:82859,fever_dep_00408
fever:70820,fever_dep_00199
fever:129736,fever_dep_00277
fever:165916,fever_dep_00105
fever:36569,fever_dep_00365
fever:36731,fever_dep_00364
fever:115181,fever_dep_00079
fever:16259,fever_dep_00507
fever:141668,fever_dep_00089
fever:41790,fever_dep_00268
fever:184432,fever_dep_00499
fever:132775,fever_dep_00365
fever:219299,fever_dep_00474
fever:216381,fever_dep_00167
fever:71089,fever_dep_00421
fever:134615,fever_dep_00298
fever:357,fever_dep_00437
fever:218239,fever_dep_00367
fever:219155,fever_dep_00186
fever:208146,fever_dep_00164
fever:153147,fever_dep_00038
fever:55113,fever_dep_00385
fever:13504,fever_dep_00216
fever:103994,fever_dep_00074
fever:12610,fever_dep_00199
fever:143867,fever_dep_00311
fever:45376,fever_dep_00415
fever:112427,fever_dep_00274
fever:172750,fever_dep_00076
fever:87944,fever_dep_00268
fever:8603,fever_dep_00471
fever:97890,fever_dep_00140
fever:35123,fever_dep_00231
fever:187800,fever_dep_00439
fever:29591,fever_dep_00260
fever:5972,fever_dep_00135
fever:108376,fever_dep_00125
fever:189454,fever_dep_00238
fever:16864,fever_dep_00348
fever:76196,fever_dep_00165
fever:107384,fever_dep_00460
fever:21852,fever_dep_00020
fever:144170,fever_dep_00404
fever:27278,fever_dep_00137
fever:198035,fever_dep_00487
fever:80639,fever_dep_00430
fever:158438,fever_dep_00505
fever:191246,fever_dep_00375
fever:185424,fever_dep_00349
fever:168066,fever_dep_00256
fever:131703,fever_dep_00288
fever:202789,fever_dep_00055
fever:148234,fever_dep_00458
fever:161856,fever_dep_00314
fever:114912,fever_dep_00275
fever:228334,fever_dep_00488
fever:54622,fever_dep_00337
fever:2683,fever_dep_00158
fever:10147,fever_dep_00170
fever:172096,fever_dep_00383
fever:128418,fever_dep_00196
fever:32927,fever_dep_00290
fever:33270,fever_dep_00209
fever:119437,fever_dep_00142
fever:148471,fever_dep_00354
fever:72654,fever_dep_00176
fever:201749,fever_dep_00176
fever:45963,fever_dep_00140
fever:35365,fever_dep_00113
fever:192853,fever_dep_00324
fever:108868,fever_dep_00220
fever:53705,fever_dep_00365
fever:66175,fever_dep_00150
fever:65994,fever_dep_00506
fever:15197,fever_dep_00501
fever:153522,fever_dep_00336
fever:41803,fever_dep_00577
fever:11620,fever_dep_00125
fever:189436,fever_dep_00238
fever:194764,fever_dep_00470
fever:54012,fever_dep_00132
fever:168981,fever_dep_00229
fever:215510,fever_dep_00064
fever:79038,fever_dep_00264
fever:144302,fever_dep_00008
fever:9913,fever_dep_00485
fever:215498,fever_dep_00064
fever:179751,fever_dep_00310
fever:217670,fever_dep_00192
fever:143094,fever_dep_00217
fever:5832,fever_dep_00316
fever:114495,fever_dep_00010
fever:213928,fever_dep_00477
fever:82075,fever_dep_00423
fever:151680,fever_dep_00472
fever:71973,fever_dep_00208
fever:204627,fever_dep_00138
fever:209863,fever_dep_00346
fever:87195,fever_dep_00173
fever:37539,fever_dep_00354
fever:105719,fever_dep_00475
fever:204015,fever_dep_00379
fever:120778,fever_dep_00404
fever:96943,fever_dep_00019
fever:138832,fever_dep_00445
fever:7178,fever_dep_00052
fever:150396,fever_dep_00189
fever:194023,fever_dep_00420
fever:15058,fever_dep_00315
fever:204637,fever_dep_00138
fever:33688,fever_dep_00125
fever:203374,fever_dep_00225
fever:209877,fever_dep_00346
fever:220214,fever_dep_00376
fever:72688,fever_dep_00199
fever:59144,fever_dep_00419
fever:169032,fever_dep_00214
fever:211290,fever_dep_00101
fever:78725,fever_dep_00111
fever:178171,fever_dep_00456
fever:194022,fever_dep_00420
fever:23299,fever_dep_00079
fever:53662,fever_dep_00237
fever:5578,fever_dep_00127
fever:102035,fever_dep_00044
fever:100821,fever_dep_00019
fever:178157,fever_dep_00456
fever:201076,fever_dep_00429
fever:166629,fever_dep_00084
fever:146910,fever_dep_00083
fever:119884,fever_dep_00218
fever:87875,fever_dep_00013
fever:36650,fever_dep_00075
fever:137385,fever_dep_00172
fever:202953,fever_dep_00161
fever:116398,fever_dep_00205
fever:93285,fever_dep_00361
fever:100280,fever_dep_00165
fever:82615,fever_dep_00054
fever:153601,fever_dep_00430
fever:178344,fever_dep_00443
fever:89254,fever_dep_00294
fever:179352,fever_dep_00444
fever:108791,fever_dep_00315
fever:226114,fever_dep_00386
fever:35479,fever_dep_00444
fever:130932,fever_dep_00241
fever:36425,fever_dep_00028
fever:186941,fever_dep_00457
fever:182286,fever_dep_00099
fever:54253,fever_dep_00356
fever:113150,fever_dep_00282
fever:131597,fever_dep_00275
fever:195067,fever_dep_00201
fever:100771,fever_dep_00419
fever:106513,fever_dep_00267
fever:68412,fever_dep_00313
fever:23994,fever_dep_00276
fever:68706,fever_dep_00063
fever:194361,fever_dep_00424
fever:126228,fever_dep_00268
fever:136463,fever_dep_00168
fever:191415,fever_dep_00404
fever:133476,fever_dep_00049
fever:209872,fever_dep_00346
fever:196730,fever_dep_00329
fever:216581,fever_dep_00326
fever:86598,fever_dep_00473
fever:121541,fever_dep_00286
fever:118632,fever_dep_00052
fever:135836,fever_dep_00141
fever:49085,fever_dep_00355
fever:215476,fever_dep_00064
fever:43153,fever_dep_00188
fever:108119,fever_dep_00292
fever:70961,fever_dep_00198
fever:225312,fever_dep_00441
fever:179266,fever_dep_00476
fever:59689,fever_dep_00260
fever:34944,fever_dep_00217
fever:184101,fever_dep_00041
fever:120364,fever_dep_00049
fever:91135,fever_dep_00295
fever:55801,fever_dep_00898
fever:49192,fever_dep_00113
fever:11553,fever_dep_00239
fever:115632,fever_dep_00018
fever:183134,fever_dep_00175
fever:172095,fever_dep_00383
fever:224370,fever_dep_00372
fever:187212,fever_dep_00396
fever:212340,fever_dep_00286
fever:54287,fever_dep_00172
fever:44277,fever_dep_00024
fever:179738,fever_dep_00310
fever:202788,fever_dep_00055
fever:204024,fever_dep_00093
fever:221087,fever_dep_00048
fever:85766,fever_dep_00426
fever:103451,fever_dep_00172
fever:1415,fever_dep_00008
fever:194344,fever_dep_00424
fever:64631,fever_dep_00059
fever:37792,fever_dep_00015
fever:18524,fever_dep_00074
fever:66218,fever_dep_00366
fever:59964,fever_dep_00252
fever:5980,fever_dep_00165
fever:130332,fever_dep_00063
fever:104021,fever_dep_00135
fever:11405,fever_dep_00721
fever:186929,fever_dep_00457
fever:168539,fever_dep_00095
fever:151846,fever_dep_00089
fever:71862,fever_dep_00092
fever:120185,fever_dep_00251
fever:165921,fever_dep_00105
fever:7697,fever_dep_00405
fever:204347,fever_dep_00006
fever:173717,fever_dep_00377
fever:33744,fever_dep_00340
fever:33839,fever_dep_00061
fever:54085,fever_dep_00460
fever:204650,fever_dep_00138
fever:15982,fever_dep_00295
fever:165246,fever_dep_00308
fever:83880,fever_dep_00481
fever:26317,fever_dep_00260
fever:215507,fever_dep_00064
fever:203377,fever_dep_00225
fever:14203,fever_dep_00057
fever:68692,fever_dep_00022
fever:2594,fever_dep_00497
fever:180730,fever_dep_00328
fever:28381,fever_dep_00320
fever:88479,fever_dep_00418
fever:170954,fever_dep_00088
fever:17131,fever_dep_00061
fever:175465,fever_dep_00261
fever:174585,fever_dep_00183
fever:54077,fever_dep_00217
fever:34527,fever_dep_00226
fever:184098,fever_dep_00041
fever:225288,fever_dep_00441
fever:64453,fever_dep_00442
fever:181197,fever_dep_00200
fever:219303,fever_dep_00474
fever:170938,fever_dep_00088
fever:58244,fever_dep_00381
fever:126773,fever_dep_00295
fever:8257,fever_dep_00332
fever:57899,fever_dep_00403
fever:142700,fever_dep_00033
fever:86625,fever_dep_00283
fever:118446,fever_dep_00302
fever:56323,fever_dep_00253
fever:53973,fever_dep_00115
fever:202922,fever_dep_00161
fever:180735,fever_dep_00328
fever:110760,fever_dep_00458
fever:37995,fever_dep_00455
fever:16527,fever_dep_00173
fever:63063,fever_dep_00224
fever:139284,fever_dep_00054
fever:159947,fever_dep_00056
fever:113080,fever_dep_00278
fever:226098,fever_dep_00386
fever:201797,fever_dep_00427
fever:113047,fever_dep_00180
fever:84795,fever_dep_00204
fever:53675,fever_dep_00394
fever:137706,fever_dep_00459
fever:41515,fever_dep_00276
fever:7640,fever_dep_00091
fever:220200,fever_dep_00376
fever:12275,fever_dep_00065
fever:220204,fever_dep_00376
fever:55432,fever_dep_00361
fever:185412,fever_dep_00349
fever:127225,fever_dep_00028
fever:78742,fever_dep_00039
fever:203000,fever_dep_00318
fever:173506,fever_dep_00035
fever:78339,fever_dep_00036
fever:102547,fever_dep_00288
fever:179306,fever_dep_00319
fever:84595,fever_dep_00170
fever:87336,fever_dep_00040
fever:131251,fever_dep_00109
fever:15883,fever_dep_00160
fever:223669,fever_dep_00380
fever:122169,fever_dep_00270
fever:165242,fever_dep_00308
fever:49711,fever_dep_00015
fever:129419,fever_dep_00015
fever:46705,fever_dep_00148
fever:192849,fever_dep_00324
fever:36370,fever_dep_00295
fever:153129,fever_dep_00338
fever:171622,fever_dep_00257
fever:103568,fever_dep_00031
fever:100400,fever_dep_00642
fever:58935,fever_dep_00387
fever:185385,fever_dep_00349
fever:118126,fever_dep_00125
fever:167981,fever_dep_00103
fever:190755,fever_dep_00213
fever:35905,fever_dep_00403
fever:181843,fever_dep_00259
fever:220288,fever_dep_00498
fever:187785,fever_dep_00439
fever:50258,fever_dep_00231
fever:145424,fever_dep_00333
fever:95330,fever_dep_00057
fever:31771,fever_dep_00147
fever:19721,fever_dep_00471
fever:110394,fever_dep_00172
fever:194458,fever_dep_00223
fever:20121,fever_dep_00180
fever:96906,fever_dep_00142
fever:5177,fever_dep_00113
fever:219291,fever_dep_00474
fever:160508,fever_dep_00151
fever:95658,fever_dep_00384
fever:124022,fever_dep_00240
fever:25824,fever_dep_00212
fever:103773,fever_dep_00117
fever:125275,fever_dep_00133
fever:175743,fever_dep_00344
fever:50120,fever_dep_00053
fever:156477,fever_dep_00152
fever:81610,fever_dep_00269
fever:22518,fever_dep_00021
fever:39509,fever_dep_00365
fever:100030,fever_dep_00047
fever:206163,fever_dep_00217
fever:25591,fever_dep_00061
fever:77824,fever_dep_00075
fever:89219,fever_dep_00150
fever:5985,fever_dep_00312
fever:193860,fever_dep_00371
fever:75137,fever_dep_00197
fever:1544,fever_dep_00168
fever:43459,fever_dep_00015
fever:1126,fever_dep_00469
fever:10712,fever_dep_00111
fever:8505,fever_dep_00042
fever:174012,fever_dep_00296
fever:53468,fever_dep_00321
fever:109623,fever_dep_00482
fever:28257,fever_dep_00264
fever:30425,fever_dep_00100
fever:18355,fever_dep_00002
fever:370,fever_dep_00305
fever:12199,fever_dep_00157
fever:153261,fever_dep_00133
fever:96137,fever_dep_00426
fever:150313,fever_dep_00079
fever:152286,fever_dep_00018
fever:18179,fever_dep_00117
fever:95679,fever_dep_00407
fever:194915,fever_dep_00071
fever:54417,fever_dep_00450
fever:194357,fever_dep_00424
fever:149160,fever_dep_00286
fever:23196,fever_dep_00101
fever:186610,fever_dep_00073
fever:119695,fever_dep_00385
fever:120681,fever_dep_00350
fever:194765,fever_dep_00470
fever:85937,fever_dep_00057
fever:631,fever_dep_00036
fever:83855,fever_dep_00404
fever:42174,fever_dep_00370
fever:81847,fever_dep_00212
fever:209092,fever_dep_00184
fever:40432,fever_dep_00068
fever:17718,fever_dep_00030
fever:150630,fever_dep_00369
fever:156316,fever_dep_00337
fever:192904,fever_dep_00393
fever:131701,fever_dep_00125
fever:92687,fever_dep_00074
fever:90408,fever_dep_00497
fever:159950,fever_dep_00056
fever:102487,fever_dep_00484
fever:79912,fever_dep_00473
fever:200382,fever_dep_00406
fever:43478,fever_dep_00478
fever:63373,fever_dep_00473
fever:74557,fever_dep_00118
fever:194363,fever_dep_00424
fever:68189,fever_dep_00155
fever:71159,fever_dep_00381
fever:20049,fever_dep_00335
fever:164985,fever_dep_00409
fever:179017,fever_dep_00174
fever:77873,fever_dep_00037
fever:49515,fever_dep_00497
fever:195914,fever_dep_00436
fever:107816,fever_dep_00049
fever:61782,fever_dep_00485
fever:71246,fever_dep_00501
fever:194792,fever_dep_00299
fever:179035,fever_dep_00090
fever:141547,fever_dep_00177
fever:89771,fever_dep_00369
fever:144293,fever_dep_00305
fever:26986,fever_dep_00221
fever:8789,fever_dep_00217
fever:66146,fever_dep_00292
fever:130833,fever_dep_00334
fever:121486,fever_dep_00292
fever:88365,fever_dep_00057
fever:218476,fever_dep_00149
fever:155290,fever_dep_00378
fever:37773,fever_dep_00053
fever:78153,fever_dep_00237
fever:131411,fever_dep_00478
fever:194341,fever_dep_00424
fever:37996,fever_dep_00455
fever:145013,fever_dep_00147
fever:175744,fever_dep_00344
fever:147762,fever_dep_00028
fever:165667,fever_dep_00411
fever:117967,fever_dep_00125
fever:63622,fever_dep_00475
fever:84948,fever_dep_00262
fever:166866,fever_dep_00014
fever:172280,fever_dep_00362
fever:101109,fever_dep_00265
fever:79389,fever_dep_00502
fever:8049,fever_dep_00317
fever:85951,fever_dep_00133
fever:99849,fever_dep_00146
fever:1136,fever_dep_00484
fever:152637,fever_dep_00482
fever:60623,fever_dep_00405
fever:29490,fever_dep_00422
fever:64023,fever_dep_00002
fever:44180,fever_dep_00059
fever:23475,fever_dep_00273
fever:202477,fever_dep_00222
fever:171067,fever_dep_00287
fever:69238,fever_dep_00381
fever:104075,fever_dep_00245
fever:186939,fever_dep_00457
fever:203617,fever_dep_00391
fever:17745,fever_dep_00321
fever:75389,fever_dep_00147
fever:23126,fever_dep_00312
fever:8067,fever_dep_00274
fever:198015,fever_dep_00487
fever:154613,fever_dep_00198
fever:95210,fever_dep_00125
fever:127088,fever_dep_00239
fever:145130,fever_dep_00011
fever:36333,fever_dep_00321
fever:37768,fever_dep_00125
fever:116019,fever_dep_00283
fever:24803,fever_dep_00401
fever:193880,fever_dep_00280
fever:82833,fever_dep_00380
fever:185429,fever_dep_00349
fever:144497,fever_dep_00152
fever:158433,fever_dep_00505
fever:141189,fever_dep_00125
fever:80420,fever_dep_00083
fever:143387,fever_dep_00205
fever:68043,fever_dep_00295
fever:181182,fever_dep_00200
fever:67470,fever_dep_00212
fever:218370,fever_dep_00254
fever:195817,fever_dep_00064
fever:80075,fever_dep_00507
fever:99043,fever_dep_00264
fever:25408,fever_dep_00292
fever:37848,fever_dep_00489
fever:34461,fever_dep_00120
fever:201114,fever_dep_00025
fever:144819,fever_dep_00190
fever:124363,fever_dep_00074
fever:175741,fever_dep_00344
fever:136031,fever_dep_00418
fever:181209,fever_dep_00200
fever:218237,fever_dep_00367
fever:194767,fever_dep_00470
fever:139661,fever_dep_00094
fever:153685,fever_dep_00044
fever:36353,fever_dep_00642
fever:137276,fever_dep_00292
fever:17946,fever_dep_00069
fever:184431,fever_dep_00499
fever:5738,fever_dep_00445
fever:108947,fever_dep_00172
fever:122572,fever_dep_00290
fever:112295,fever_dep_00419
fever:74126,fever_dep_00158
fever:177148,fever_dep_00325
fever:157551,fever_dep_00046
fever:123561,fever_dep_00642
fever:84647,fever_dep_00148
fever:65017,fever_dep_00021
fever:140104,fever_dep_00185
fever:12843,fever_dep_00126
fever:227350,fever_dep_00217
fever:104735,fever_dep_00355
fever:132495,fever_dep_00482
fever:32355,fever_dep_00422
fever:72985,fever_dep_00227
fever:4351,fever_dep_00354
fever:62492,fever_dep_00275
fever:24767,fever_dep_00289
fever:155811,fever_dep_00110
fever:128243,fever_dep_00495
fever:102001,fever_dep_00378
fever:56549,fever_dep_00157
fever:101898,fever_dep_00069
fever:133512,fever_dep_00081
fever:171625,fever_dep_00257
fever:124862,fever_dep_00119
fever:63506,fever_dep_00057
fever:37159,fever_dep_00147
fever:27398,fever_dep_00422
fever:134344,fever_dep_00337
fever:192832,fever_dep_00324
fever:175921,fever_dep_00452
fever:51527,fever_dep_00097
fever:8781,fever_dep_00266
fever:127665,fever_dep_00131
fever:72067,fever_dep_00241
fever:209855,fever_dep_00492
fever:187122,fever_dep_00327
fever:31457,fever_dep_00038
fever:10378,fever_dep_00155
fever:29893,fever_dep_00032
fever:199419,fever_dep_00096
fever:117604,fever_dep_00449
fever:77815,fever_dep_00301
fever:16437,fever_dep_00253
fever:159091,fever_dep_00258
fever:98225,fever_dep_00230
fever:116366,fever_dep_00237
fever:194912,fever_dep_00071
fever:123889,fever_dep_00182
fever:204330,fever_dep_00006
fever:64584,fever_dep_00154
fever:106162,fever_dep_00137
fever:219284,fever_dep_00474
fever:29219,fever_dep_00242
fever:96239,fever_dep_00121
fever:190751,fever_dep_00213
fever:163959,fever_dep_00050
fever:28912,fever_dep_00284
fever:12419,fever_dep_00007
fever:159075,fever_dep_00258
fever:185418,fever_dep_00349
fever:201808,fever_dep_00352
fever:144815,fever_dep_00125
fever:84858,fever_dep_00170
fever:119915,fever_dep_00413
fever:27960,fever_dep_00364
fever:109129,fever_dep_00115
fever:125537,fever_dep_00069
fever:97004,fever_dep_00441
fever:34845,fever_dep_00121
fever:139220,fever_dep_00472
fever:208435,fever_dep_00128
fever:204334,fever_dep_00006
fever:44950,fever_dep_00211
fever:159708,fever_dep_00256
fever:141587,fever_dep_00026
fever:168547,fever_dep_00095
fever:201098,fever_dep_00025
fever:168974,fever_dep_00229
fever:57255,fever_dep_00267
fever:191261,fever_dep_00375
fever:16025,fever_dep_00275
fever:194367,fever_dep_00424
fever:183614,fever_dep_00107
fever:186920,fever_dep_00457
fever:76611,fever_dep_00468
fever:121723,fever_dep_00227
fever:78846,fever_dep_00356
fever:171595,fever_dep_00202
fever:66050,fever_dep_00442
fever:13155,fever_dep_00506
fever:194897,fever_dep_00071
fever:202053,fever_dep_00398
fever:75852,fever_dep_00069
fever:98730,fever_dep_00210
fever:202448,fever_dep_00222
fever:73637,fever_dep_00044
fever:88820,fever_dep_00036
fever:33496,fever_dep_00052
fever:201374,fever_dep_00446
fever:181982,fever_dep_00156
fever:193419,fever_dep_00331
fever:63722,fever_dep_00413
fever:204636,fever_dep_00138
fever:175734,fever_dep_00344
fever:118071,fever_dep_00118
fever:62047,fever_dep_00125
fever:197380,fever_dep_00016
fever:69681,fever_dep_00361
fever:163971,fever_dep_00050
fever:200298,fever_dep_00306
fever:184064,fever_dep_00228
fever:171631,fever_dep_00257
fever:24448,fever_dep_00130
fever:63464,fever_dep_00426
fever:183615,fever_dep_00107
fever:172485,fever_dep_00060
fever:132420,fever_dep_00151
fever:52197,fever_dep_00404
fever:62451,fever_dep_00237
fever:7769,fever_dep_00307
fever:66809,fever_dep_00097
fever:44928,fever_dep_00152
fever:135291,fever_dep_00369
fever:193907,fever_dep_00280
fever:174035,fever_dep_00296
fever:55815,fever_dep_00394
fever:115473,fever_dep_00033
fever:72693,fever_dep_00478
fever:170430,fever_dep_00143
fever:184076,fever_dep_00228
fever:212333,fever_dep_00286
fever:126292,fever_dep_00165
fever:128723,fever_dep_00321
fever:144188,fever_dep_00407
fever:83879,fever_dep_00481
fever:186595,fever_dep_00073
fever:41953,fever_dep_00355
fever:107503,fever_dep_00020
fever:1508,fever_dep_00203
fever:211304,fever_dep_00101
fever:94454,fever_dep_00227
fever:126942,fever_dep_00247
fever:168068,fever_dep_00256
fever:66669,fever_dep_00307
fever:216395,fever_dep_00167
fever:99441,fever_dep_00721
fever:107977,fever_dep_00401
fever:193416,fever_dep_00331
fever:178330,fever_dep_00443
fever:135939,fever_dep_00086
fever:91767,fever_dep_00101
fever:174016,fever_dep_00296
fever:216358,fever_dep_00410
fever:46188,fever_dep_00423
fever:153270,fever_dep_00146
fever:116832,fever_dep_00147
fever:86019,fever_dep_00469
fever:102448,fever_dep_00390
fever:141328,fever_dep_00057
fever:2874,fever_dep_00008
fever:138986,fever_dep_00393
fever:214262,fever_dep_00351
fever:174593,fever_dep_00183
fever:71150,fever_dep_00390
fever:51442,fever_dep_00418
fever:91784,fever_dep_00190
fever:116319,fever_dep_00097
fever:144087,fever_dep_00189
fever:203178,fever_dep_00279
fever:55032,fever_dep_00437
fever:121468,fever_dep_00898
fever:143287,fever_dep_00120
fever:145769,fever_dep_00180
fever:113275,fever_dep_00216
fever:98304,fever_dep_00479
fever:116920,fever_dep_00468
fever:177168,fever_dep_00325
fever:46384,fever_dep_00330
fever:127596,fever_dep_00293
fever:212313,fever_dep_00286
fever:204645,fever_dep_00138
fever:166475,fever_dep_00250
fever:4537,fever_dep_00404
fever:44565,fever_dep_00134
fever:197373,fever_dep_00016
fever:207387,fever_dep_00022
fever:70020,fever_dep_00182
fever:367,fever_dep_00079
fever:22089,fever_dep_00010
fever:43563,fever_dep_00394
fever:183152,fever_dep_00175
fever:203615,fever_dep_00391
fever:44927,fever_dep_00152
fever:30258,fever_dep_00117
fever:64457,fever_dep_00273
fever:185407,fever_dep_00349
fever:130204,fever_dep_00015
fever:86831,fever_dep_00036
fever:105558,fever_dep_00221
fever:38110,fever_dep_00036
fever:148055,fever_dep_00031
fever:105954,fever_dep_00034
fever:158436,fever_dep_00505
fever:35575,fever_dep_00039
fever:172465,fever_dep_00060
fever:131594,fever_dep_00209
fever:184099,fever_dep_00041
fever:21617,fever_dep_00211
fever:212309,fever_dep_00286
fever:150964,fever_dep_00365
fever:79472,fever_dep_00497
fever:58896,fever_dep_00374
fever:49729,fever_dep_00221
fever:79525,fever_dep_00075
fever:22255,fever_dep_00178
fever:112277,fever_dep_00125
fever:103717,fever_dep_00455
fever:211271,fever_dep_00101
fever:84472,fever_dep_00009
fever:196757,fever_dep_00329
fever:63116,fever_dep_00008
fever:101583,fever_dep_00074
fever:92651,fever_dep_00433
fever:29902,fever_dep_00018
fever:168983,fever_dep_00229
fever:90080,fever_dep_00422
fever:192725,fever_dep_00012
fever:52917,fever_dep_00033
fever:194358,fever_dep_00424
fever:191249,fever_dep_00375
fever:163982,fever_dep_00050
fever:136704,fever_dep_00504
fever:165235,fever_dep_00308
fever:215490,fever_dep_00064
fever:60044,fever_dep_00036
fever:20428,fever_dep_00108
fever:195022,fever_dep_00239
fever:201747,fever_dep_00176
fever:209881,fever_dep_00346
fever:96425,fever_dep_00405
fever:83896,fever_dep_00333
fever:206156,fever_dep_00217
fever:72208,fever_dep_00494
fever:76123,fever_dep_00119
fever:125223,fever_dep_00252
fever:63168,fever_dep_00102
fever:8780,fever_dep_00266
fever:161578,fever_dep_00127
fever:201801,fever_dep_00352
fever:125630,fever_dep_00453
fever:14428,fever_dep_00402
fever:18822,fever_dep_00208
fever:154608,fever_dep_00125
fever:52278,fever_dep_00144
fever:63521,fever_dep_00182
fever:14407,fever_dep_00011
fever:135589,fever_dep_00036
fever:112326,fever_dep_00322
fever:141870,fever_dep_00082
fever:62359,fever_dep_00253
fever:174590,fever_dep_00183
fever:166508,fever_dep_00250
fever:201060,fever_dep_00429
fever:133948,fever_dep_00007
fever:157435,fever_dep_00209
fever:121431,fever_dep_00381
fever:148947,fever_dep_00322
fever:166651,fever_dep_00084
fever:211770,fever_dep_00461
fever:23428,fever_dep_00137
fever:68576,fever_dep_00000
fever:163967,fever_dep_00050
fever:92020,fever_dep_00267
fever:211288,fever_dep_00101
fever:151399,fever_dep_00057
fever:130631,fever_dep_00109
fever:175924,fever_dep_00452
fever:197368,fever_dep_00016
fever:220212,fever_dep_00376
fever:27233,fever_dep_00414
fever:31496,fever_dep_00189
fever:89519,fever_dep_00022
fever:77848,fever_dep_00115
fever:27651,fever_dep_00113
fever:136274,fever_dep_00101
fever:216382,fever_dep_00167
fever:88426,fever_dep_00490
fever:104255,fever_dep_00321
fever:90901,fever_dep_00024
fever:164998,fever_dep_00409
fever:78681,fever_dep_00124
fever:157098,fever_dep_00104
fever:59678,fever_dep_00147
fever:119681,fever_dep_00160
fever:6757,fever_dep_00216
fever:14767,fever_dep_00058
fever:70163,fever_dep_00066
fever:110276,fever_dep_00125
fever:172516,fever_dep_00297
fever:179016,fever_dep_00174
fever:194029,fever_dep_00420
fever:172762,fever_dep_00076
fever:203161,fever_dep_00279
fever:72781,fever_dep_00078
fever:18723,fever_dep_00469
fever:2369,fever_dep_00462
fever:50828,fever_dep_00221
fever:194914,fever_dep_00071
fever:3148,fever_dep_00381
fever:102014,fever_dep_00002
fever:13696,fever_dep_00219
fever:22846,fever_dep_00126
fever:28702,fever_dep_00472
fever:47588,fever_dep_00240
fever:31026,fever_dep_00188
fever:1667,fever_dep_00311
fever:202786,fever_dep_00055
fever:91121,fever_dep_00277
fever:72023,fever_dep_00068
fever:48999,fever_dep_00067
fever:22187,fever_dep_00273
fever:170403,fever_dep_00143
fever:193854,fever_dep_00371
fever:183628,fever_dep_00107
fever:222045,fever_dep_00076
fever:33368,fever_dep_00173
fever:110887,fever_dep_00046
fever:226878,fever_dep_00042
fever:209085,fever_dep_00184
fever:114720,fever_dep_00265
fever:75904,fever_dep_00479
fever:203153,fever_dep_00279
fever:228351,fever_dep_00488
fever:135968,fever_dep_00168
fever:226139,fever_dep_00341
fever:75728,fever_dep_00270
fever:191263,fever_dep_00375
fever:97837,fever_dep_00083
fever:2405,fever_dep_00312
fever:35914,fever_dep_00033
fever:119831,fever_dep_00293
fever:206171,fever_dep_00217
fever:1746,fever_dep_00059
fever:67833,fever_dep_00147
fever:165896,fever_dep_00105
fever:36886,fever_dep_00197
fever:185405,fever_dep_00349
fever:90000,fever_dep_00293
fever:143728,fever_dep_00152
fever:53151,fever_dep_00178
fever:165891,fever_dep_00105
fever:203610,fever_dep_00391
fever:87737,fever_dep_00172
fever:122375,fever_dep_00500
fever:76265,fever_dep_00022
fever:203392,fever_dep_00225
fever:138974,fever_dep_00170
fever:177179,fever_dep_00233
fever:173499,fever_dep_00035
fever:227349,fever_dep_00217
fever:43041,fever_dep_00232
fever:199414,fever_dep_00096
fever:209096,fever_dep_00184
fever:67449,fever_dep_00459
fever:154905,fever_dep_00173
fever:207541,fever_dep_00027
fever:203613,fever_dep_00391
fever:59626,fever_dep_00389
fever:7283,fever_dep_00246
fever:117636,fever_dep_00032
fever:178337,fever_dep_00443
fever:130077,fever_dep_00203
fever:2270,fever_dep_00414
fever:227129,fever_dep_00043
fever:150916,fever_dep_00493
fever:166645,fever_dep_00084
fever:65033,fever_dep_00433
fever:205641,fever_dep_00193
fever:89544,fever_dep_00158
fever:73547,fever_dep_00135
fever:59778,fever_dep_00132
fever:198013,fever_dep_00487
fever:45964,fever_dep_00140
fever:92030,fever_dep_00421
fever:174578,fever_dep_00183
fever:152187,fever_dep_00271
fever:27455,fever_dep_00459
fever:59873,fever_dep_00066
fever:88690,fever_dep_00355
fever:138067,fever_dep_00393
fever:57554,fever_dep_00483
fever:58841,fever_dep_00399
fever:53176,fever_dep_00113
fever:5514,fever_dep_00458
fever:132786,fever_dep_00313
fever:179036,fever_dep_00090
fever:172754,fever_dep_00076
fever:183618,fever_dep_00107
fever:57351,fever_dep_00315
fever:172278,fever_dep_00362
fever:218468,fever_dep_00149
fever:220205,fever_dep_00376
fever:106627,fever_dep_00219
fever:38124,fever_dep_00113
fever:197389,fever_dep_00016
fever:225253,fever_dep_00179
fever:140072,fever_dep_00265
fever:219142,fever_dep_00186
fever:33240,fever_dep_00205
fever:48377,fever_dep_00397
fever:193883,fever_dep_00280
fever:173507,fever_dep_00035
fever:216351,fever_dep_00410
fever:211781,fever_dep_00461
fever:190167,fever_dep_00304
fever:40863,fever_dep_00118
fever:59290,fever_dep_00419
fever:9410,fever_dep_00260
fever:18707,fever_dep_00009
fever:215218,fever_dep_00249
fever:27605,fever_dep_00010
fever:76375,fever_dep_00170
fever:9075,fever_dep_00404
fever:105835,fever_dep_00037
fever:184093,fever_dep_00041
fever:70573,fever_dep_00057
fever:74410,fever_dep_00074
fever:171647,fever_dep_00257
fever:216583,fever_dep_00326
fever:150981,fever_dep_00230
fever:41833,fever_dep_00216
fever:185300,fever_dep_00373
fever:29518,fever_dep_00130
fever:115528,fever_dep_00382
fever:87483,fever_dep_00352
fever:204413,fever_dep_00011
fever:193852,fever_dep_00371
fever:5833,fever_dep_00316
fever:94958,fever_dep_00295
fever:195057,fever_dep_00201
fever:151070,fever_dep_00415
fever:107480,fever_dep_00315
fever:227361,fever_dep_00217
fever:202059,fever_dep_00398
fever:164995,fever_dep_00409
fever:195011,fever_dep_00239
fever:107005,fever_dep_00180
fever:34525,fever_dep_00278
fever:218358,fever_dep_00254
fever:139863,fever_dep_00126
fever:181133,fever_dep_00323
fever:31632,fever_dep_00169
fever:117656,fever_dep_00197
fever:202032,fever_dep_00398
fever:165233,fever_dep_00308
fever:86568,fever_dep_00260
fever:126496,fever_dep_00267
fever:87793,fever_dep_00489
fever:14226,fever_dep_00309
fever:25676,fever_dep_00135
fever:44452,fever_dep_00141
fever:217195,fever_dep_00085
fever:25178,fever_dep_00169
fever:168062,fever_dep_00256
fever:87646,fever_dep_00176
fever:181823,fever_dep_00259
fever:218462,fever_dep_00149
fever:150765,fever_dep_00478
fever:173129,fever_dep_00112
fever:213930,fever_dep_00477
fever:126509,fever_dep_00188
fever:195912,fever_dep_00436
fever:14113,fever_dep_00401
fever:130727,fever_dep_00251
fever:190169,fever_dep_00304
fever:82355,fever_dep_00468
fever:219294,fever_dep_00474
fever:91384,fever_dep_00101
fever:5346,fever_dep_00109
fever:186318,fever_dep_00412
fever:166640,fever_dep_00084
fever:171086,fever_dep_00287
fever:143875,fever_dep_00407
fever:94160,fever_dep_00155
fever:121370,fever_dep_00449
fever:184067,fever_dep_00228
fever:97057,fever_dep_00177
fever:65047,fever_dep_00102
fever:54932,fever_dep_00125
fever:98550,fever_dep_00286
fever:41492,fever_dep_00449
fever:159694,fever_dep_00256
fever:169000,fever_dep_00214
fever:185416,fever_dep_00349
fever:102818,fever_dep_00242
fever:170942,fever_dep_00088
fever:27869,fever_dep_00159
fever:187795,fever_dep_00439
fever:78572,fever_dep_00399
fever:148674,fever_dep_00363
fever:173494,fever_dep_00035
fever:195376,fever_dep_00438
fever:157640,fever_dep_00417
fever:198008,fever_dep_00487
fever:58415,fever_dep_00380
fever:108839,fever_dep_00155
fever:215122,fever_dep_00244
fever:58608,fever_dep_00030
fever:48484,fever_dep_00021
fever:10707,fever_dep_00169
fever:63975,fever_dep_00448
fever:78355,fever_dep_00418
fever:189762,fever_dep_00425
fever:151354,fever_dep_00119
fever:159587,fever_dep_00215
fever:178159,fever_dep_00456
fever:125322,fever_dep_00384
fever:226871,fever_dep_00042
fever:30239,fever_dep_00482
fever:37960,fever_dep_00506
fever:81096,fever_dep_00005
fever:192857,fever_dep_00324
fever:148309,fever_dep_00036
fever:133176,fever_dep_00197
fever:10272,fever_dep_00052
fever:44889,fever_dep_00494
fever:175656,fever_dep_00368
fever:108456,fever_dep_00413
fever:222027,fever_dep_00076
fever:207526,fever_dep_00027
fever:199763,fever_dep_00125
fever:37558,fever_dep_00139
fever:40622,fever_dep_00303
fever:177181,fever_dep_00233
fever:68188,fever_dep_00113
fever:53020,fever_dep_00400
fever:229311,fever_dep_00347
fever:56676,fever_dep_00221
fever:87023,fever_dep_00153
fever:70281,fever_dep_00032
fever:80902,fever_dep_00101
fever:157502,fever_dep_00313
fever:35706,fever_dep_00232
fever:19983,fever_dep_00070
fever:155373,fever_dep_00267
fever:99026,fever_dep_00311
fever:195036,fever_dep_00239
fever:218244,fever_dep_00367
fever:90378,fever_dep_00255
fever:78011,fever_dep_00054
fever:152347,fever_dep_00203
fever:167464,fever_dep_00486
fever:202949,fever_dep_00161
fever:109293,fever_dep_00045
fever:39564,fever_dep_00286
fever:124669,fever_dep_00220
fever:66994,fever_dep_00363
fever:55698,fever_dep_00320
fever:114735,fever_dep_00291
fever:112396,fever_dep_00021
fever:215506,fever_dep_00064
fever:219139,fever_dep_00186
fever:113679,fever_dep_00089
fever:189771,fever_dep_00425
fever:89229,fever_dep_00217
fever:133407,fever_dep_00125
fever:88107,fever_dep_00115
fever:33054,fever_dep_00451
fever:143852,fever_dep_00125
fever:15734,fever_dep_00369
fever:152008,fever_dep_00491
fever:200387,fever_dep_00406
fever:130415,fever_dep_00154
fever:171594,fever_dep_00202
fever:189444,fever_dep_00238
fever:127197,fever_dep_00245
fever:25551,fever_dep_00481
fever:201365,fever_dep_00446
fever:64113,fever_dep_00277
fever:159092,fever_dep_00258
fever:189452,fever_dep_00238
fever:196749,fever_dep_00329
fever:122878,fever_dep_00212
fever:201799,fever_dep_00427
fever:71510,fever_dep_00101
fever:142891,fever_dep_00358
fever:60350,fever_dep_00382
fever:34545,fever_dep_00388
fever:189776,fever_dep_00425
fever:138884,fever_dep_00423
fever:18835,fever_dep_00196
fever:175632,fever_dep_00368
fever:200371,fever_dep_00406
fever:93358,fever_dep_00241
fever:201796,fever_dep_00427
fever:202450,fever_dep_00222
fever:8246,fever_dep_00205
fever:155185,fever_dep_00038
fever:104152,fever_dep_00234
fever:103060,fever_dep_00029
fever:72786,fever_dep_00434
fever:164631,fever_dep_00465
fever:3494,fever_dep_00242
fever:152968,fever_dep_00431
fever:43702,fever_dep_00172
fever:50910,fever_dep_00114
fever:69425,fever_dep_00340
fever:42888,fever_dep_00315
fever:64440,fever_dep_00469
fever:179342,fever_dep_00444
fever:107419,fever_dep_00292
fever:122950,fever_dep_00221
fever:123925,fever_dep_00067
fever:83218,fever_dep_00413
fever:43666,fever_dep_00455
fever:227133,fever_dep_00043
fever:2231,fever_dep_00430
fever:144922,fever_dep_00382
fever:182274,fever_dep_00099
fever:198029,fever_dep_00487
fever:191446,fever_dep_00404
fever:27117,fever_dep_00381
fever:157813,fever_dep_00289
fever:97926,fever_dep_00506
fever:48230,fever_dep_00002
fever:203009,fever_dep_00318
fever:111719,fever_dep_00352
fever:104244,fever_dep_00044
fever:97880,fever_dep_00005
fever:112777,fever_dep_00063
fever:216360,fever_dep_00410
fever:134894,fever_dep_00181
fever:161007,fever_dep_00131
fever:167470,fever_dep_00486
fever:218235,fever_dep_00367
fever:154417,fever_dep_00295
fever:786,fever_dep_00313
fever:203627,fever_dep_00391
fever:65558,fever_dep_00203
fever:52751,fever_dep_00245
fever:102751,fever_dep_00303
fever:21320,fever_dep_00501
fever:166864,fever_dep_00014
fever:12691,fever_dep_00189
fever:51741,fever_dep_00159
fever:148696,fever_dep_00125
fever:160815,fever_dep_00040
fever:194486,fever_dep_00223
fever:42152,fever_dep_00079
fever:202027,fever_dep_00398
fever:185289,fever_dep_00373
fever:29092,fever_dep_00221
fever:131728,fever_dep_00131
fever:80451,fever_dep_00464
fever:31631,fever_dep_00169
fever:136853,fever_dep_00191
fever:21313,fever_dep_00290
fever:70601,fever_dep_00097
fever:211287,fever_dep_00101
fever:53672,fever_dep_00358
fever:187207,fever_dep_00396
fever:109142,fever_dep_00464
fever:93546,fever_dep_00018
fever:368,fever_dep_00079
fever:131591,fever_dep_00288
fever:98984,fever_dep_00281
fever:186921,fever_dep_00457
fever:202926,fever_dep_00161
fever:91082,fever_dep_00204
fever:156026,fever_dep_00203
fever:61397,fever_dep_00369
fever:33700,fever_dep_00340
fever:74874,fever_dep_00330
fever:84836,fever_dep_00422
fever:49281,fever_dep_00380
fever:200368,fever_dep_00406
fever:37490,fever_dep_00054
fever:77351,fever_dep_00390
fever:120520,fever_dep_00363
fever:138498,fever_dep_00036
fever:185389,fever_dep_00349
fever:181983,fever_dep_00156
fever:107067,fever_dep_00077
fever:27081,fever_dep_00198
fever:145562,fever_dep_00165
fever:156901,fever_dep_00065
fever:137414,fever_dep_00125
fever:15508,fever_dep_00195
fever:82129,fever_dep_00332
fever:74762,fever_dep_00293
fever:129570,fever_dep_00481
fever:46957,fever_dep_00028
fever:187777,fever_dep_00439
fever:194370,fever_dep_00424
fever:87713,fever_dep_00397
fever:94729,fever_dep_00292
fever:90925,fever_dep_00125
fever:206173,fever_dep_00217
fever:192975,fever_dep_00272
fever:4039,fever_dep_00203
fever:203008,fever_dep_00318
fever:77028,fever_dep_00015
fever:96937,fever_dep_00152
fever:74365,fever_dep_00227
fever:112163,fever_dep_00365
fever:83662,fever_dep_00473
fever:201372,fever_dep_00446
fever:216384,fever_dep_00167
fever:28803,fever_dep_00147
fever:92439,fever_dep_00422
fever:23806,fever_dep_00489
fever:227073,fever_dep_00098
fever:149286,fever_dep_00101
fever:175730,fever_dep_00344
fever:79875,fever_dep_00404
fever:216362,fever_dep_00410
fever:165643,fever_dep_00411
fever:138814,fever_dep_00061
fever:7467,fever_dep_00190
fever:181188,fever_dep_00200
fever:59355,fever_dep_00104
fever:227360,fever_dep_00217
fever:185202,fever_dep_00051
fever:206717,fever_dep_00440
fever:184430,fever_dep_00499
fever:147845,fever_dep_00029
fever:187321,fever_dep_00434
fever:26061,fever_dep_00077
fever:69,fever_dep_00022
fever:51290,fever_dep_00165
fever:12252,fever_dep_00357
fever:165230,fever_dep_00308
fever:172514,fever_dep_00297
fever:67876,fever_dep_00421
fever:214270,fever_dep_00351
fever:211803,fever_dep_00461
fever:183620,fever_dep_00107
fever:192858,fever_dep_00324
fever:150607,fever_dep_00120
fever:194345,fever_dep_00424
fever:128175,fever_dep_00057
fever:181880,fever_dep_00432
fever:169018,fever_dep_00214
fever:199741,fever_dep_00125
fever:69152,fever_dep_00022
fever:99255,fever_dep_00264
fever:29856,fever_dep_00134
fever:160304,fever_dep_00234
fever:110581,fever_dep_00482
fever:143951,fever_dep_00007
fever:90589,fever_dep_00139
fever:98623,fever_dep_00275
fever:75267,fever_dep_00020
fever:27279,fever_dep_00137
fever:13069,fever_dep_00009
fever:125225,fever_dep_00374
fever:111713,fever_dep_00122
fever:225296,fever_dep_00441
fever:7768,fever_dep_00307
fever:172469,fever_dep_00060
fever:123544,fever_dep_00022
fever:146923,fever_dep_00053
fever:73208,fever_dep_00057
fever:118552,fever_dep_00482
fever:215487,fever_dep_00064
fever:73532,fever_dep_00040
fever:49513,fever_dep_00125
fever:69837,fever_dep_00415
fever:172292,fever_dep_00362
fever:142701,fever_dep_00227
fever:15167,fever_dep_00039
fever:123831,fever_dep_00445
fever:149130,fever_dep_00028
fever:165266,fever_dep_00308
fever:211282,fever_dep_00101
fever:195831,fever_dep_00064
fever:5600,fever_dep_00150
fever:135951,fever_dep_00139
fever:2317,fever_dep_00494
fever:208420,fever_dep_00128
fever:30824,fever_dep_00502
fever:115594,fever_dep_00159
fever:18483,fever_dep_00137
fever:220282,fever_dep_00498
fever:68483,fever_dep_00454
fever:59385,fever_dep_00241
fever:459,fever_dep_00005
fever:41935,fever_dep_00074
fever:68203,fever_dep_00057
fever:3546,fever_dep_00454
fever:215140,fever_dep_00244
fever:39599,fever_dep_00047
fever:125131,fever_dep_00338
fever:174034,fever_dep_00296
fever:211777,fever_dep_00461
fever:131337,fever_dep_00309
fever:40457,fever_dep_00080
fever:80303,fever_dep_00216
fever:31843,fever_dep_00207
fever:124967,fever_dep_00176
fever:10277,fever_dep_00097
fever:89240,fever_dep_00286
fever:116891,fever_dep_00366
fever:2717,fever_dep_00433
fever:35411,fever_dep_00252
fever:206737,fever_dep_00440
fever:55707,fever_dep_00322
fever:62726,fever_dep_00278
fever:66812,fever_dep_00430
fever:90350,fever_dep_00423
fever:118806,fever_dep_00199
fever:26830,fever_dep_00255
fever:42594,fever_dep_00460
fever:19141,fever_dep_00216
fever:95991,fever_dep_00430
fever:13956,fever_dep_00026
fever:55647,fever_dep_00062
fever:36480,fever_dep_00024
fever:108772,fever_dep_00089
fever:87849,fever_dep_00305
fever:22093,fever_dep_00260
fever:46483,fever_dep_00263
fever:182267,fever_dep_00099
fever:75629,fever_dep_00046
fever:160864,fever_dep_00234
fever:204355,fever_dep_00006
fever:19098,fever_dep_00113
fever:146389,fever_dep_00168
fever:178334,fever_dep_00443
fever:18487,fever_dep_00415
fever:161530,fever_dep_00127
fever:134346,fever_dep_00114
fever:142750,fever_dep_00094
fever:51919,fever_dep_00483
fever:165111,fever_dep_00342
fever:212767,fever_dep_00468
fever:128322,fever_dep_00230
fever:99531,fever_dep_00147
fever:202791,fever_dep_00055
fever:126823,fever_dep_00234
fever:13697,fever_dep_00219
fever:49785,fever_dep_00354
fever:204342,fever_dep_00006
fever:116424,fever_dep_00467
fever:76593,fever_dep_00169
fever:179287,fever_dep_00476
fever:126220,fever_dep_00197
fever:156686,fever_dep_00165
fever:216397,fever_dep_00167
fever:25545,fever_dep_00170
fever:204653,fever_dep_00138
fever:53676,fever_dep_00394
fever:160927,fever_dep_00040
fever:129557,fever_dep_00075
fever:7209,fever_dep_00094
fever:144649,fever_dep_00428
fever:87879,fever_dep_00295
fever:139445,fever_dep_00270
fever:13473,fever_dep_00031
fever:216349,fever_dep_00410
fever:79520,fever_dep_00045
fever:150148,fever_dep_00403
fever:175737,fever_dep_00344
fever:123942,fever_dep_00054
fever:75153,fever_dep_00169
fever:88217,fever_dep_00369
fever:5689,fever_dep_00243
fever:166637,fever_dep_00084
fever:112082,fever_dep_00397
fever:217201,fever_dep_00085
fever:167456,fever_dep_00486
fever:172524,fever_dep_00297
fever:70833,fever_dep_00208
fever:46144,fever_dep_00504
fever:37060,fever_dep_00067
fever:121139,fever_dep_00034
fever:170946,fever_dep_00088
fever:5934,fever_dep_00481
fever:131971,fever_dep_00058
fever:194906,fever_dep_00071
fever:80596,fever_dep_00475
fever:185423,fever_dep_00349
fever:148388,fever_dep_00252
fever:22507,fever_dep_00221
fever:47241,fever_dep_00269
fever:152422,fever_dep_00211
fever:109701,fever_dep_00211
fever:108837,fever_dep_00151
fever:136865,fever_dep_00333
fever:45575,fever_dep_00485
fever:10634,fever_dep_00317
fever:82376,fever_dep_00031
fever:132766,fever_dep_00495
fever:98312,fever_dep_00176
fever:99974,fever_dep_00350
fever:53097,fever_dep_00381
fever:153819,fever_dep_00352
fever:99443,fever_dep_00039
fever:135680,fever_dep_00364
fever:225303,fever_dep_00441
fever:170941,fever_dep_00088
fever:137464,fever_dep_00240
fever:208133,fever_dep_00164
fever:10103,fever_dep_00484
fever:184413,fever_dep_00499
fever:76745,fever_dep_00294
fever:126157,fever_dep_00399
fever:116673,fever_dep_00148
fever:182447,fever_dep_00463
fever:170947,fever_dep_00088
fever:87913,fever_dep_00142
fever:99986,fever_dep_00434
fever:115132,fever_dep_00363
fever:86326,fever_dep_00047
fever:201795,fever_dep_00427
fever:137788,fever_dep_00101
fever:128336,fever_dep_00275
fever:121646,fever_dep_00195
fever:218472,fever_dep_00149
fever:173729,fever_dep_00377
fever:119267,fever_dep_00458
fever:27496,fever_dep_00140
fever:122358,fever_dep_00286
fever:16782,fever_dep_00415
fever:101506,fever_dep_00469
fever:179038,fever_dep_00090
fever:102445,fever_dep_00113
fever:185284,fever_dep_00373
fever:2521,fever_dep_00053
fever:168971,fever_dep_00229
fever:117869,fever_dep_00316
fever:185388,fever_dep_00349
fever:119193,fever_dep_00158
fever:175642,fever_dep_00368
fever:216578,fever_dep_00326
fever:64752,fever_dep_00117
fever:212186,fever_dep_00082
fever:519,fever_dep_00217
fever:149033,fever_dep_00029
fever:21187,fever_dep_00482
fever:145749,fever_dep_00194
fever:139650,fever_dep_00460
fever:200293,fever_dep_00306
fever:97017,fever_dep_00199
fever:118736,fever_dep_00313
fever:76382,fever_dep_00458
fever:37829,fever_dep_00198
fever:159570,fever_dep_00215
fever:219036,fever_dep_00004
fever:27588,fever_dep_00083
fever:132101,fever_dep_00255
fever:121094,fever_dep_00234
fever:110197,fever_dep_00482
fever:49362,fever_dep_00394
fever:16070,fever_dep_00089
fever:169009,fever_dep_00214
fever:35003,fever_dep_00212
fever:36501,fever_dep_00177
fever:37947,fever_dep_00405
fever:23317,fever_dep_00282
fever:192708,fever_dep_00012
fever:111325,fever_dep_00171
fever:476,fever_dep_00397
fever:77622,fever_dep_00419
fever:36629,fever_dep_00381
fever:163975,fever_dep_00050
fever:181869,fever_dep_00432
fever:202468,fever_dep_00222
fever:13362,fever_dep_00129
fever:137335,fever_dep_00473
fever:23118,fever_dep_00038
fever:157783,fever_dep_00482
fever:203994,fever_dep_00379
fever:204436,fever_dep_00011
fever:20770,fever_dep_00119
fever:54244,fever_dep_00119
fever:84561,fever_dep_00204
fever:66489,fever_dep_00445
fever:116937,fever_dep_00031
fever:171065,fever_dep_00287
fever:216356,fever_dep_00410
fever:197342,fever_dep_00101
fever:204341,fever_dep_00006
fever:46365,fever_dep_00230
fever:70784,fever_dep_00053
fever:195028,fever_dep_00239
fever:223780,fever_dep_00503
fever:41786,fever_dep_00045
fever:95877,fever_dep_00230
fever:146831,fever_dep_00116
fever:173114,fever_dep_00112
fever:194461,fever_dep_00223
fever:4705,fever_dep_00217
fever:99454,fever_dep_00137
fever:7419,fever_dep_00092
fever:129816,fever_dep_00468
fever:12227,fever_dep_00426
fever:2372,fever_dep_00074
fever:165660,fever_dep_00411
fever:209086,fever_dep_00184
fever:46333,fever_dep_00033
fever:49110,fever_dep_00134
fever:139946,fever_dep_00219
fever:186874,fever_dep_00427
fever:6572,fever_dep_00466
fever:3718,fever_dep_00455
fever:53961,fever_dep_00185
fever:114936,fever_dep_00286
fever:126936,fever_dep_00110
fever:58783,fever_dep_00577
fever:117186,fever_dep_00067
fever:70918,fever_dep_00294
fever:29862,fever_dep_00460
fever:212190,fever_dep_00082
fever:229303,fever_dep_00347
fever:55065,fever_dep_00109
fever:175658,fever_dep_00368
fever:215131,fever_dep_00244
fever:181986,fever_dep_00156
fever:192920,fever_dep_00393
fever:148632,fever_dep_00480
fever:131072,fever_dep_00136
fever:23148,fever_dep_00388
fever:49743,fever_dep_00356
fever:178166,fever_dep_00456
fever:165670,fever_dep_00411
fever:143872,fever_dep_00414
fever:39545,fever_dep_00216
fever:193873,fever_dep_00280
fever:223346,fever_dep_00072
fever:5004,fever_dep_00292
fever:94032,fever_dep_00365
fever:111005,fever_dep_00001
fever:78856,fever_dep_00387
fever:157434,fever_dep_00241
fever:141204,fever_dep_00092
fever:219305,fever_dep_00474
fever:217194,fever_dep_00085
fever:45932,fever_dep_00343
fever:118940,fever_dep_00363
fever:198218,fever_dep_00392
fever:34392,fever_dep_00117
fever:142966,fever_dep_00026
fever:190753,fever_dep_00213
fever:187120,fever_dep_00327
fever:149644,fever_dep_00226
fever:76531,fever_dep_00173
fever:55156,fever_dep_00101
fever:203155,fever_dep_00279
fever:103872,fever_dep_00295
fever:65497,fever_dep_00166
fever:23427,fever_dep_00137
fever:137376,fever_dep_00219
fever:124049,fever_dep_00155
fever:77473,fever_dep_00212
fever:87894,fever_dep_00482
fever:118844,fever_dep_00177
fever:31681,fever_dep_00077
fever:195056,fever_dep_00201
fever:183143,fever_dep_00175
fever:165138,fever_dep_00342
fever:98306,fever_dep_00393
fever:119081,fever_dep_00020
fever:94151,fever_dep_00295
fever:227365,fever_dep_00217
fever:196986,fever_dep_00236
fever:223340,fever_dep_00072
fever:93334,fever_dep_00194
fever:76594,fever_dep_00213
fever:59070,fever_dep_00026
fever:132473,fever_dep_00322
fever:104710,fever_dep_00241
fever:212197,fever_dep_00082
fever:223774,fever_dep_00503
fever:200261,fever_dep_00306
fever:83630,fever_dep_00023
fever:91984,fever_dep_00337
fever:139306,fever_dep_00154
fever:172106,fever_dep_00383
fever:86731,fever_dep_00022
fever:124077,fever_dep_00120
fever:70812,fever_dep_00405
fever:175470,fever_dep_00261
fever:97418,fever_dep_00147
fever:109522,fever_dep_00045
fever:128896,fever_dep_00219
fever:98078,fever_dep_00384
fever:10461,fever_dep_00284
fever:145972,fever_dep_00448
fever:228343,fever_dep_00488
fever:160483,fever_dep_00040
fever:111113,fever_dep_00265
fever:18666,fever_dep_00125
fever:186588,fever_dep_00073
fever:57895,fever_dep_00577
fever:21883,fever_dep_00122
fever:94918,fever_dep_00061
fever:206158,fever_dep_00217
fever:139670,fever_dep_00125
fever:124203,fever_dep_00394
fever:33322,fever_dep_00364
fever:76365,fever_dep_00013
fever:115294,fever_dep_00021
fever:150834,fever_dep_00068
fever:202937,fever_dep_00161
fever:93839,fever_dep_00500
fever:185234,fever_dep_00051
fever:172751,fever_dep_00076
fever:127682,fever_dep_00334
fever:33171,fever_dep_00431
fever:222024,fever_dep_00076
fever:89663,fever_dep_00501
fever:90446,fever_dep_00898
fever:28626,fever_dep_00190
fever:141348,fever_dep_00001
fever:192842,fever_dep_00324
fever:165112,fever_dep_00342
fever:110420,fever_dep_00190
fever:56900,fever_dep_00125
fever:43974,fever_dep_00226
fever:143020,fever_dep_00021
fever:103893,fever_dep_00075
fever:62633,fever_dep_00188
fever:80909,fever_dep_00441
fever:80051,fever_dep_00232
fever:99277,fever_dep_00219
fever:134787,fever_dep_00430
fever:41003,fever_dep_00268
fever:123958,fever_dep_00473
fever:46627,fever_dep_00298
fever:73412,fever_dep_00490
fever:57636,fever_dep_00417
fever:87464,fever_dep_00313
fever:195821,fever_dep_00064
fever:24442,fever_dep_00356
fever:120461,fever_dep_00142
fever:84208,fever_dep_00504
fever:40778,fever_dep_00241
fever:186932,fever_dep_00457
fever:175926,fever_dep_00452
fever:199413,fever_dep_00096
fever:165657,fever_dep_00411
fever:146912,fever_dep_00506
fever:194480,fever_dep_00223
fever:21221,fever_dep_00431
fever:181976,fever_dep_00156
fever:104594,fever_dep_00094
fever:3509,fever_dep_00230
fever:59856,fever_dep_00479
fever:13503,fever_dep_00216
fever:52582,fever_dep_00121
fever:134916,fever_dep_00454
fever:81343,fever_dep_00130
fever:47060,fever_dep_00091
fever:27308,fever_dep_00018
fever:187318,fever_dep_00434
fever:53568,fever_dep_00361
fever:72495,fever_dep_00418
fever:123141,fever_dep_00419
fever:175722,fever_dep_00344
fever:138248,fever_dep_00493
fever:42339,fever_dep_00110
fever:181631,fever_dep_00003
fever:167473,fever_dep_00486
fever:54150,fever_dep_00152
fever:145967,fever_dep_00507
fever:41829,fever_dep_00031
fever:191435,fever_dep_00404
fever:29658,fever_dep_00458
fever:224374,fever_dep_00372
fever:107611,fever_dep_00338
fever:145662,fever_dep_00127
fever:163988,fever_dep_00050
fever:181642,fever_dep_00003
fever:13872,fever_dep_00068
fever:194465,fever_dep_00223
fever:167448,fever_dep_00486
fever:134682,fever_dep_00163
fever:153414,fever_dep_00348
fever:141966,fever_dep_00253
fever:136909,fever_dep_00094
fever:80411,fever_dep_00507
fever:68685,fever_dep_00212
fever:85739,fever_dep_00243
fever:200297,fever_dep_00306
fever:91033,fever_dep_00011
fever:92241,fever_dep_00419
fever:201827,fever_dep_00352
fever:61107,fever_dep_00455
fever:166913,fever_dep_00123
fever:140354,fever_dep_00300
fever:223768,fever_dep_00503
fever:181210,fever_dep_00200
fever:159689,fever_dep_00256
fever:221073,fever_dep_00048
fever:62516,fever_dep_00269
fever:115397,fever_dep_00414
fever:165000,fever_dep_00409
fever:104150,fever_dep_00478
fever:22687,fever_dep_00241
fever:211294,fever_dep_00101
fever:153440,fever_dep_00389
fever:108171,fever_dep_00113
fever:57089,fever_dep_00352
fever:168045,fever_dep_00256
fever:16865,fever_dep_00348
fever:36347,fever_dep_00188
fever:149756,fever_dep_00495
fever:134076,fever_dep_00235
fever:223338,fever_dep_00072
fever:150098,fever_dep_00040
fever:154001,fever_dep_00083
fever:68502,fever_dep_00483
fever:184102,fever_dep_00041
fever:116676,fever_dep_00117
fever:199408,fever_dep_00096
fever:164643,fever_dep_00465
fever:34227,fever_dep_00404
fever:32474,fever_dep_00418
fever:201826,fever_dep_00352
fever:123100,fever_dep_00288
fever:125369,fever_dep_00284
fever:37234,fever_dep_00430
fever:203181,fever_dep_00279
fever:110703,fever_dep_00482
fever:49848,fever_dep_00023
fever:133650,fever_dep_00269
fever:53663,fever_dep_00237
fever:34907,fever_dep_00034
fever:211774,fever_dep_00461
fever:54331,fever_dep_00104
fever:42187,fever_dep_00155
fever:81192,fever_dep_00268
fever:215484,fever_dep_00064
fever:121052,fever_dep_00407
fever:179745,fever_dep_00310
fever:37092,fever_dep_00036
fever:82293,fever_dep_00478
fever:57339,fever_dep_00031
fever:192824,fever_dep_00324
fever:214266,fever_dep_00351
fever:12443,fever_dep_00013
fever:203011,fever_dep_00318
fever:52918,fever_dep_00033
fever:172508,fever_dep_00297
fever:28307,fever_dep_00263
fever:159578,fever_dep_00215
fever:215202,fever_dep_00249
fever:165873,fever_dep_00187
fever:111004,fever_dep_00434
fever:54016,fever_dep_00199
fever:129221,fever_dep_00058
fever:150669,fever_dep_00458
fever:4240,fever_dep_00332
fever:87820,fever_dep_00253
fever:45557,fever_dep_00101
fever:193409,fever_dep_00331
fever:82745,fever_dep_00260
fever:200370,fever_dep_00406
fever:51852,fever_dep_00207
fever:88141,fever_dep_00288
fever:31186,fever_dep_00387
fever:154067,fever_dep_00049
fever:72024,fever_dep_00068
fever:66031,fever_dep_00053
fever:174033,fever_dep_00296
fever:201823,fever_dep_00352
fever:130226,fever_dep_00210
fever:121702,fever_dep_00081
fever:109744,fever_dep_00466
fever:187220,fever_dep_00396
fever:180721,fever_dep_00328
fever:174037,fever_dep_00296
fever:102892,fever_dep_00030
fever:67582,fever_dep_00381
fever:25780,fever_dep_00245
fever:156541,fever_dep_00053
fever:193411,fever_dep_00331
fever:226880,fever_dep_00042
fever:226106,fever_dep_00386
fever:94724,fever_dep_00053
fever:51856,fever_dep_00302
fever:97458,fever_dep_00357
fever:84694,fever_dep_00245
fever:201094,fever_dep_00025
fever:93855,fever_dep_00177
fever:50819,fever_dep_00101
fever:103111,fever_dep_00466
fever:227363,fever_dep_00217
fever:209861,fever_dep_00492
fever:160985,fever_dep_00234
fever:113188,fever_dep_00132
fever:58800,fever_dep_00153
fever:163977,fever_dep_00050
fever:61926,fever_dep_00032
fever:184106,fever_dep_00041
fever:106851,fever_dep_00067
fever:154144,fever_dep_00281
fever:179286,fever_dep_00476
fever:129517,fever_dep_00140
fever:178167,fever_dep_00456
fever:149906,fever_dep_00482
fever:197377,fever_dep_00016
fever:203002,fever_dep_00318
fever:208134,fever_dep_00164
fever:144983,fever_dep_00260
fever:166854,fever_dep_00014
fever:64797,fever_dep_00302
fever:141188,fever_dep_00430
fever:191420,fever_dep_00404
fever:161865,fever_dep_00314
fever:126296,fever_dep_00196
fever:127416,fever_dep_00288
fever:31620,fever_dep_00113
fever:126466,fever_dep_00074
fever:181202,fever_dep_00200
fever:158383,fever_dep_00234
fever:140018,fever_dep_00121
fever:206728,fever_dep_00440
fever:199761,fever_dep_00125
fever:3518,fever_dep_00063
fever:117840,fever_dep_00273
fever:165258,fever_dep_00308
fever:32382,fever_dep_00483
fever:183619,fever_dep_00107
fever:67457,fever_dep_00077
fever:58417,fever_dep_00150
fever:17314,fever_dep_00001
fever:73733,fever_dep_00270
fever:14939,fever_dep_00365
fever:135499,fever_dep_00124
fever:204630,fever_dep_00138
fever:108301,fever_dep_00026
fever:89751,fever_dep_00265
fever:49834,fever_dep_00089
fever:14994,fever_dep_00247
fever:105931,fever_dep_00168
fever:140820,fever_dep_00036
fever:204344,fever_dep_00006
fever:80479,fever_dep_00113
fever:59273,fever_dep_00337
fever:124629,fever_dep_00058
fever:191416,fever_dep_00404
fever:194355,fever_dep_00424
fever:141476,fever_dep_00074
fever:165659,fever_dep_00411
fever:50840,fever_dep_00058
fever:60008,fever_dep_00125
fever:110110,fever_dep_00032
fever:130220,fever_dep_00062
fever:187112,fever_dep_00327
fever:100088,fever_dep_00036
fever:204351,fever_dep_00006
fever:221077,fever_dep_00048
fever:195082,fever_dep_00201
fever:157794,fever_dep_00320
fever:22192,fever_dep_00185
fever:213937,fever_dep_00477
fever:186324,fever_dep_00412
fever:212318,fever_dep_00286
fever:156915,fever_dep_00489
fever:175486,fever_dep_00261
fever:121454,fever_dep_00110
fever:101482,fever_dep_00312
fever:154236,fever_dep_00458
fever:107520,fever_dep_00205
fever:3149,fever_dep_00381
fever:192894,fever_dep_00393
fever:184426,fever_dep_00499
fever:221086,fever_dep_00048
fever:47589,fever_dep_00240
fever:66253,fever_dep_00218
fever:17451,fever_dep_00165
fever:99260,fever_dep_00431
fever:181884,fever_dep_00432
fever:151241,fever_dep_00721
fever:104631,fever_dep_00207
fever:2616,fever_dep_00462
fever:144964,fever_dep_00008
fever:26141,fever_dep_00459
fever:30745,fever_dep_00147
fever:206716,fever_dep_00440
fever:108940,fever_dep_00108
fever:194349,fever_dep_00424
fever:43593,fever_dep_00207
fever:110731,fever_dep_00087
fever:179754,fever_dep_00310
fever:90359,fever_dep_00482
fever:180564,fever_dep_00395
fever:103562,fever_dep_00070
fever:65790,fever_dep_00147
fever:100832,fever_dep_00404
fever:9762,fever_dep_00330
fever:64002,fever_dep_00405
fever:126728,fever_dep_00155
fever:21032,fever_dep_00455
fever:128826,fever_dep_00356
fever:3145,fever_dep_00354
fever:138500,fever_dep_00418
fever:38262,fever_dep_00213
fever:194790,fever_dep_00299
fever:117305,fever_dep_00460
fever:13629,fever_dep_00445
fever:124823,fever_dep_00294
fever:91738,fever_dep_00030
fever:194908,fever_dep_00071
fever:190148,fever_dep_00304
fever:7286,fever_dep_00264
fever:56710,fever_dep_00058
fever:170937,fever_dep_00088
fever:221093,fever_dep_00048
fever:220278,fever_dep_00498
fever:85274,fever_dep_00414
fever:146399,fever_dep_00247
fever:47630,fever_dep_00431
fever:209880,fever_dep_00346
fever:52428,fever_dep_00011
fever:12829,fever_dep_00485
fever:47645,fever_dep_00133
fever:137963,fever_dep_00100
fever:165892,fever_dep_00105
fever:84041,fever_dep_00437
fever:43522,fever_dep_00286
fever:26332,fever_dep_00150
fever:195033,fever_dep_00239
fever:163985,fever_dep_00050
fever:130763,fever_dep_00313
fever:10713,fever_dep_00300
fever:116349,fever_dep_00295
fever:214271,fever_dep_00351
fever:120372,fever_dep_00333
fever:202776,fever_dep_00055
fever:181883,fever_dep_00432
fever:49879,fever_dep_00336
fever:30236,fever_dep_00026
fever:208441,fever_dep_00128
fever:79420,fever_dep_00066
fever:101101,fever_dep_00122
fever:171600,fever_dep_00202
fever:201739,fever_dep_00176
fever:110873,fever_dep_00118
fever:132273,fever_dep_00422
fever:36849,fever_dep_00013
fever:115993,fever_dep_00322
fever:34524,fever_dep_00278
fever:45874,fever_dep_00450
fever:48204,fever_dep_00390
fever:49165,fever_dep_00059
fever:52830,fever_dep_00126
fever:195088,fever_dep_00201
fever:7418,fever_dep_00092
fever:79121,fever_dep_00277
fever:229309,fever_dep_00347
fever:182454,fever_dep_00463
fever:65625,fever_dep_00120
fever:37691,fever_dep_00291
fever:227085,fever_dep_00098
fever:148689,fever_dep_00152
fever:203696,fever_dep_00135
fever:93342,fever_dep_00181
fever:184085,fever_dep_00041
fever:63846,fever_dep_00504
fever:223668,fever_dep_00380
fever:182283,fever_dep_00099
fever:4391,fever_dep_00414
fever:118442,fever_dep_00033
fever:213954,fever_dep_00477
fever:112416,fever_dep_00212
fever:100505,fever_dep_00203
fever:177196,fever_dep_00233
fever:133680,fever_dep_00305
fever:43109,fever_dep_00471
fever:54102,fever_dep_00334
fever:153104,fever_dep_00242
fever:144199,fever_dep_00350
fever:151357,fever_dep_00009
fever:60095,fever_dep_00293
fever:33578,fever_dep_00125
fever:177191,fever_dep_00233
fever:168970,fever_dep_00229
fever:65381,fever_dep_00153
fever:159696,fever_dep_00256
fever:91299,fever_dep_00009
fever:205646,fever_dep_00193
fever:134212,fever_dep_00045
fever:101212,fever_dep_00363
fever:167457,fever_dep_00486
fever:79321,fever_dep_00266
fever:217678,fever_dep_00192
fever:84420,fever_dep_00317
fever:175735,fever_dep_00344
fever:205731,fever_dep_00145
fever:46883,fever_dep_00495
fever:6742,fever_dep_00378
fever:101759,fever_dep_00208
fever:144487,fever_dep_00289
fever:107470,fever_dep_00049
fever:74752,fever_dep_00125
fever:206723,fever_dep_00440
fever:112438,fever_dep_00350
fever:44987,fever_dep_00135
fever:122614,fever_dep_00721
fever:6270,fever_dep_00182
fever:56182,fever_dep_00020
fever:51961,fever_dep_00091
fever:204631,fever_dep_00138
fever:165117,fever_dep_00342
fever:67489,fever_dep_00039
fever:97494,fever_dep_00028
fever:102920,fever_dep_00021
fever:109210,fever_dep_00137
fever:31160,fever_dep_00101
fever:226115,fever_dep_00386
fever:171624,fever_dep_00257
fever:63627,fever_dep_00196
fever:113953,fever_dep_00357
fever:103948,fever_dep_00445
fever:133456,fever_dep_00418
fever:107192,fever_dep_00154
fever:192921,fever_dep_00393
fever:63757,fever_dep_00173
fever:147118,fever_dep_00075
fever:209846,fever_dep_00492
fever:166840,fever_dep_00014
fever:107878,fever_dep_00191
fever:179280,fever_dep_00476
fever:39115,fever_dep_00286
fever:34876,fever_dep_00335
fever:171643,fever_dep_00257
fever:137842,fever_dep_00125
fever:74010,fever_dep_00136
fever:88150,fever_dep_00211
fever:179343,fever_dep_00444
fever:215504,fever_dep_00064
fever:151333,fever_dep_00083
fever:59966,fever_dep_00502
fever:85360,fever_dep_00455
fever:198226,fever_dep_00392
fever:195074,fever_dep_00201
fever:175462,fever_dep_00261
fever:134086,fever_dep_00044
fever:129378,fever_dep_00075
fever:65458,fever_dep_00062
fever:168530,fever_dep_00095
fever:194020,fever_dep_00420
fever:160350,fever_dep_00151
fever:166842,fever_dep_00014
fever:171628,fever_dep_00257
fever:97783,fever_dep_00194
fever:128115,fever_dep_00033
fever:75535,fever_dep_00165
fever:182269,fever_dep_00099
fever:218362,fever_dep_00254
fever:164647,fever_dep_00465
fever:103786,fever_dep_00046
fever:179276,fever_dep_00476
fever:192972,fever_dep_00272
fever:47070,fever_dep_00423
fever:103862,fever_dep_00265
fever:203695,fever_dep_00135
fever:48482,fever_dep_00119
fever:83204,fever_dep_00057
fever:59907,fever_dep_00169
fever:101042,fever_dep_00032
fever:112345,fever_dep_00115
fever:91028,fever_dep_00404
fever:30106,fever_dep_00082
fever:102080,fever_dep_00137
fever:103643,fever_dep_00054
fever:58814,fever_dep_00135
fever:14096,fever_dep_00148
fever:120140,fever_dep_00642
fever:151163,fever_dep_00080
fever:50289,fever_dep_00068
fever:168540,fever_dep_00095
fever:8829,fever_dep_00061
fever:137149,fever_dep_00195
fever:186602,fever_dep_00073
fever:193884,fever_dep_00280
fever:175633,fever_dep_00368
fever:36081,fever_dep_00127
fever:70460,fever_dep_00022
fever:90469,fever_dep_00042
fever:70385,fever_dep_00062
fever:90517,fever_dep_00094
fever:13446,fever_dep_00275
fever:220207,fever_dep_00376
fever:29595,fever_dep_00421
fever:121427,fever_dep_00449
fever:47242,fever_dep_00269
fever:204003,fever_dep_00379
fever:206167,fever_dep_00217
fever:61327,fever_dep_00031
fever:145403,fever_dep_00493
fever:186995,fever_dep_00017
fever:59867,fever_dep_00038
fever:157652,fever_dep_00358
fever:194368,fever_dep_00424
fever:165876,fever_dep_00187
fever:142668,fever_dep_00286
fever:52907,fever_dep_00133
fever:70774,fever_dep_00242
fever:43378,fever_dep_00074
fever:125760,fever_dep_00248
fever:217187,fever_dep_00085
fever:203998,fever_dep_00379
fever:132524,fever_dep_00330
fever:194456,fever_dep_00223
fever:149792,fever_dep_00397
fever:157569,fever_dep_00473
fever:216593,fever_dep_00326
fever:43811,fever_dep_00262
fever:47356,fever_dep_00721
fever:112782,fever_dep_00333
fever:21235,fever_dep_00126
fever:118696,fever_dep_00114
fever:117374,fever_dep_00479
fever:84225,fever_dep_00312
fever:193908,fever_dep_00280
fever:156861,fever_dep_00058
fever:77,fever_dep_00008
fever:99267,fever_dep_00116
fever:58749,fever_dep_00490
fever:56638,fever_dep_00153
fever:29338,fever_dep_00262
fever:161534,fever_dep_00127
fever:190172,fever_dep_00304
fever:218242,fever_dep_00367
fever:558,fever_dep_00366
fever:91964,fever_dep_00124
fever:66492,fever_dep_00288
fever:193874,fever_dep_00280
fever:19097,fever_dep_00113
fever:148755,fever_dep_00146
fever:167460,fever_dep_00486
fever:25058,fever_dep_00266
fever:203996,fever_dep_00379
fever:117061,fever_dep_00464
fever:199735,fever_dep_00125
fever:44755,fever_dep_00047
fever:192896,fever_dep_00393
fever:47403,fever_dep_00451
fever:10923,fever_dep_00002
fever:19898,fever_dep_00394
fever:126172,fever_dep_00423
fever:228430,fever_dep_00399
fever:22193,fever_dep_00185
fever:199403,fever_dep_00096
fever:204419,fever_dep_00011
fever:209884,fever_dep_00346
fever:1830,fever_dep_00262
fever:184069,fever_dep_00228
fever:145735,fever_dep_00384
fever:228350,fever_dep_00488
fever:26500,fever_dep_00203
fever:222035,fever_dep_00076
fever:50406,fever_dep_00418
fever:138355,fever_dep_00265
fever:10453,fever_dep_00189
fever:95680,fever_dep_00407
fever:113235,fever_dep_00125
fever:223675,fever_dep_00380
fever:165904,fever_dep_00105
fever:53481,fever_dep_00336
fever:166648,fever_dep_00084
fever:120737,fever_dep_00168
fever:12105,fever_dep_00466
fever:108085,fever_dep_00507
fever:217669,fever_dep_00192
fever:91498,fever_dep_00484
fever:36308,fever_dep_00490
fever:168987,fever_dep_00229
fever:45400,fever_dep_00045
fever:55703,fever_dep_00178
fever:26635,fever_dep_00337
fever:208136,fever_dep_00164
fever:106115,fever_dep_00234
fever:29577,fever_dep_00069
fever:27457,fever_dep_00150
fever:132132,fever_dep_00355
fever:121833,fever_dep_00433
fever:45440,fever_dep_00366
fever:154919,fever_dep_00036
fever:15855,fever_dep_00507
fever:150946,fever_dep_00484
fever:5453,fever_dep_00045
fever:136946,fever_dep_00336
fever:113467,fever_dep_00001
fever:108031,fever_dep_00335
fever:165226,fever_dep_00308
fever:108894,fever_dep_00203
fever:35065,fever_dep_00101
fever:53321,fever_dep_00010
fever:129171,fever_dep_00397
fever:144682,fever_dep_00365
fever:195814,fever_dep_00064
fever:92193,fever_dep_00209
fever:68701,fever_dep_00203
fever:158422,fever_dep_00505
fever:212317,fever_dep_00286
fever:120319,fever_dep_00031
fever:137198,fever_dep_00130
fever:49217,fever_dep_00338
fever:28657,fever_dep_00173
fever:68337,fever_dep_00237
fever:181633,fever_dep_00003
fever:132620,fever_dep_00448
fever:3717,fever_dep_00455
fever:149347,fever_dep_00070
fever:149134,fever_dep_00122
fever:201391,fever_dep_00446
fever:73150,fever_dep_00059
fever:212324,fever_dep_00286
fever:15819,fever_dep_00137
fever:134200,fever_dep_00074
fever:77120,fever_dep_00113
fever:165238,fever_dep_00308
fever:138949,fever_dep_00388
fever:134744,fever_dep_00082
fever:175641,fever_dep_00368
fever:159692,fever_dep_00256
fever:137266,fever_dep_00245
fever:97422,fever_dep_00044
fever:124021,fever_dep_00091
fever:26446,fever_dep_00340
fever:195020,fever_dep_00239
fever:100200,fever_dep_00176
fever:209097,fever_dep_00184
fever:195843,fever_dep_00064
fever:18037,fever_dep_00142
fever:174586,fever_dep_00183
fever:216594,fever_dep_00326
fever:17452,fever_dep_00165
fever:191253,fever_dep_00375
fever:155657,fever_dep_00364
fever:110839,fever_dep_00080
fever:184071,fever_dep_00228
fever:178168,fever_dep_00456
fever:160932,fever_dep_00234
fever:159572,fever_dep_00215
fever:126882,fever_dep_00275
fever:96710,fever_dep_00147
fever:24797,fever_dep_00034
fever:40808,fever_dep_00422
fever:70100,fever_dep_00284
fever:165116,fever_dep_00342
fever:76517,fever_dep_00352
fever:119606,fever_dep_00104
fever:164997,fever_dep_00409
fever:132679,fever_dep_00049
fever:202927,fever_dep_00161
fever:22942,fever_dep_00415
fever:52945,fever_dep_00356
fever:218474,fever_dep_00149
fever:218238,fever_dep_00367
fever:7639,fever_dep_00091
fever:142948,fever_dep_00159
fever:186990,fever_dep_00017
fever:113691,fever_dep_00473
fever:97726,fever_dep_00057
fever:92505,fever_dep_00295
fever:1942,fever_dep_00087
fever:78682,fever_dep_00044
fever:216591,fever_dep_00326
fever:208433,fever_dep_00128
fever:187789,fever_dep_00439
fever:180726,fever_dep_00328
fever:197376,fever_dep_00016
fever:167974,fever_dep_00103
fever:44955,fever_dep_00494
fever:138435,fever_dep_00132
fever:44332,fever_dep_00158
fever:143457,fever_dep_00291
fever:195902,fever_dep_00436
fever:207514,fever_dep_00027
fever:184415,fever_dep_00499
fever:219295,fever_dep_00474
fever:92813,fever_dep_00473
fever:116103,fever_dep_00159
fever:172487,fever_dep_00060
fever:165134,fever_dep_00342
fever:156836,fever_dep_00117
fever:86159,fever_dep_00482
fever:8222,fever_dep_00195
fever:45374,fever_dep_00350
fever:59545,fever_dep_00100
fever:185288,fever_dep_00373
fever:131576,fever_dep_00240
fever:98966,fever_dep_00320
fever:141798,fever_dep_00182
fever:102721,fever_dep_00216
fever:23846,fever_dep_00124
fever:180717,fever_dep_00328
fever:138023,fever_dep_00033
fever:172766,fever_dep_00076
fever:19543,fever_dep_00270
fever:144168,fever_dep_00053
fever:138273,fever_dep_00370
fever:141600,fever_dep_00034
fever:12088,fever_dep_00142
fever:28517,fever_dep_00313
fever:97013,fever_dep_00482
fever:208151,fever_dep_00164
fever:63717,fever_dep_00021
fever:159714,fever_dep_00256
fever:187775,fever_dep_00439
fever:199423,fever_dep_00096
fever:8926,fever_dep_00018
fever:60952,fever_dep_00317
fever:215482,fever_dep_00064
fever:192709,fever_dep_00012
fever:19176,fever_dep_00455
fever:4536,fever_dep_00404
fever:41780,fever_dep_00421
fever:161542,fever_dep_00127
fever:92371,fever_dep_00239
fever:54844,fever_dep_00139
fever:59862,fever_dep_00089
fever:141126,fever_dep_00316
fever:80417,fever_dep_00394
fever:109786,fever_dep_00125
fever:148167,fever_dep_00097
fever:28325,fever_dep_00298
fever:97794,fever_dep_00219
fever:165669,fever_dep_00411
fever:44347,fever_dep_00185
fever:205747,fever_dep_00145
fever:80316,fever_dep_00484
fever:90666,fever_dep_00153
fever:187109,fever_dep_00327
fever:197338,fever_dep_00101
fever:111203,fever_dep_00116
fever:194793,fever_dep_00299
fever:225294,fever_dep_00441
fever:33172,fever_dep_00431
fever:88301,fever_dep_00430
fever:36468,fever_dep_00482
fever:165880,fever_dep_00187
fever:109024,fever_dep_00008
fever:184078,fever_dep_00228
fever:148362,fever_dep_00237
fever:6743,fever_dep_00378
fever:112650,fever_dep_00366
fever:171597,fever_dep_00202
fever:204454,fever_dep_00011
fever:225313,fever_dep_00441
fever:3545,fever_dep_00454
fever:73466,fever_dep_00094
fever:171066,fever_dep_00287
fever:215199,fever_dep_00249
fever:113505,fever_dep_00267
fever:145465,fever_dep_00414
fever:172290,fever_dep_00362
fever:140010,fever_dep_00405
fever:126474,fever_dep_00115
fever:32432,fever_dep_00241
fever:10942,fever_dep_00111
fever:60092,fever_dep_00022
fever:128248,fever_dep_00116
fever:105304,fever_dep_00038
fever:4695,fever_dep_00255
fever:159932,fever_dep_00056
fever:165121,fever_dep_00342
fever:65511,fever_dep_00171
fever:24152,fever_dep_00170
fever:44998,fever_dep_00284
fever:29352,fever_dep_00019
fever:213924,fever_dep_00477
fever:110645,fever_dep_00091
fever:118885,fever_dep_00393
fever:87486,fever_dep_00005
fever:204032,fever_dep_00093
fever:124805,fever_dep_00270
fever:154303,fever_dep_00036
fever:47000,fever_dep_00405
fever:11194,fever_dep_00195
fever:204035,fever_dep_00093
fever:106926,fever_dep_00008
fever:89789,fever_dep_00049
fever:111646,fever_dep_00253
fever:216367,fever_dep_00410
fever:204458,fever_dep_00011
fever:197366,fever_dep_00016
fever:111153,fever_dep_00083
fever:142873,fever_dep_00295
fever:150412,fever_dep_00113
fever:202025,fever_dep_00398
fever:119066,fever_dep_00169
fever:79222,fever_dep_00115
fever:44610,fever_dep_00168
fever:60695,fever_dep_00303
fever:26804,fever_dep_00266
fever:158208,fever_dep_00207
fever:86635,fever_dep_00170
fever:145516,fever_dep_00023
fever:103014,fever_dep_00034
fever:113754,fever_dep_00507
fever:200260,fever_dep_00306
fever:215215,fever_dep_00249
fever:117555,fever_dep_00350
fever:86919,fever_dep_00361
fever:153298,fever_dep_00288
fever:100194,fever_dep_00416
fever:130946,fever_dep_00366
fever:194014,fever_dep_00420
fever:159698,fever_dep_00256
fever:108279,fever_dep_00185
fever:89419,fever_dep_00140
fever:6539,fever_dep_00045
fever:82883,fever_dep_00248
fever:151125,fever_dep_00010
fever:12762,fever_dep_00283
fever:50526,fever_dep_00063
fever:62907,fever_dep_00294
fever:119891,fever_dep_00170
fever:172757,fever_dep_00076
fever:34496,fever_dep_00451
fever:71479,fever_dep_00256
fever:101558,fever_dep_00413
fever:10040,fever_dep_00074
fever:26155,fever_dep_00269
fever:33011,fever_dep_00009
fever:50850,fever_dep_00089
fever:58707,fever_dep_00074
fever:28013,fever_dep_00008
fever:131765,fever_dep_00445
fever:206169,fever_dep_00217
fever:85895,fever_dep_00721
fever:54058,fever_dep_00139
fever:228324,fever_dep_00488
fever:133963,fever_dep_00234
fever:99007,fever_dep_00226
fever:98110,fever_dep_00232
fever:110504,fever_dep_00122
fever:64373,fever_dep_00203
fever:148610,fever_dep_00295
fever:207384,fever_dep_00022
fever:113247,fever_dep_00500
fever:143429,fever_dep_00353
fever:103951,fever_dep_00234
fever:106209,fever_dep_00418
fever:92961,fever_dep_00144
fever:62453,fever_dep_00001
fever:215123,fever_dep_00244
fever:127956,fever_dep_00289
fever:1597,fever_dep_00292
fever:108162,fever_dep_00357
fever:226135,fever_dep_00341
fever:139666,fever_dep_00121
fever:11431,fever_dep_00075
fever:2316,fever_dep_00494
fever:122252,fever_dep_00350
fever:143029,fever_dep_00307
fever:26378,fever_dep_00079
fever:79418,fever_dep_00419
fever:5127,fever_dep_00338
fever:100204,fever_dep_00458
fever:22195,fever_dep_00120
fever:74127,fever_dep_00049
fever:143974,fever_dep_00023
fever:23075,fever_dep_00482
fever:36500,fever_dep_00177
fever:168537,fever_dep_00095
fever:127573,fever_dep_00434
fever:173707,fever_dep_00377
fever:207383,fever_dep_00022
fever:88868,fever_dep_00113
fever:22807,fever_dep_00059
fever:186882,fever_dep_00427
fever:81499,fever_dep_00235
fever:193862,fever_dep_00371
fever:126795,fever_dep_00188
fever:27589,fever_dep_00083
fever:216392,fever_dep_00167
fever:191445,fever_dep_00404
fever:215137,fever_dep_00244
fever:93339,fever_dep_00061
fever:209095,fever_dep_00184
fever:186335,fever_dep_00412
fever:24142,fever_dep_00454
fever:182281,fever_dep_00099
fever:130614,fever_dep_00206
fever:93689,fever_dep_00450
fever:22126,fever_dep_00054
fever:139159,fever_dep_00260
fever:209858,fever_dep_00492
fever:154942,fever_dep_00483
fever:206733,fever_dep_00440
fever:60185,fever_dep_00188
fever:206722,fever_dep_00440
fever:66415,fever_dep_00495
fever:97589,fever_dep_00036
fever:9712,fever_dep_00393
fever:6274,fever_dep_00393
fever:103357,fever_dep_00330
fever:102913,fever_dep_00284
fever:157817,fever_dep_00289
fever:59147,fever_dep_00097
fever:85730,fever_dep_00130
fever:91315,fever_dep_00053
fever:42841,fever_dep_00252
fever:36829,fever_dep_00273
fever:219125,fever_dep_00186
fever:203997,fever_dep_00379
fever:226092,fever_dep_00386
fever:198225,fever_dep_00392
fever:228318,fever_dep_00488
fever:179326,fever_dep_00444
fever:68233,fever_dep_00320
fever:58513,fever_dep_00260
fever:5420,fever_dep_00642
fever:42686,fever_dep_00206
fever:3033,fever_dep_00198
fever:54204,fever_dep_00237
fever:113884,fever_dep_00147
fever:59242,fever_dep_00399
fever:205733,fever_dep_00145
fever:167472,fever_dep_00486
fever:195835,fever_dep_00064
fever:206730,fever_dep_00440
fever:60307,fever_dep_00312
fever:156282,fever_dep_00321
fever:22309,fever_dep_00441
fever:173714,fever_dep_00377
fever:152861,fever_dep_00252
fever:58677,fever_dep_00008
fever:117699,fever_dep_00469
fever:8925,fever_dep_00018
fever:187114,fever_dep_00327
fever:166847,fever_dep_00014
fever:62335,fever_dep_00390
fever:207260,fever_dep_00435
fever:170944,fever_dep_00088
fever:172776,fever_dep_00076
fever:88213,fever_dep_00013
fever:73617,fever_dep_00482
fever:17320,fever_dep_00181
fever:70099,fever_dep_00415
fever:206148,fever_dep_00217
fever:45364,fever_dep_00129
fever:147600,fever_dep_00577
fever:184421,fever_dep_00499
fever:181185,fever_dep_00200
fever:151576,fever_dep_00252
fever:150311,fever_dep_00445
fever:217662,fever_dep_00192
fever:53177,fever_dep_00113
fever:64784,fever_dep_00144
fever:172748,fever_dep_00076
fever:131373,fever_dep_00171
fever:194902,fever_dep_00071
fever:29861,fever_dep_00460
fever:31842,fever_dep_00207
fever:132902,fever_dep_00248
fever:10954,fever_dep_00034
fever:16224,fever_dep_00451
fever:97209,fever_dep_00083
fever:172460,fever_dep_00060
fever:181128,fever_dep_00323
fever:225254,fever_dep_00179
fever:130871,fever_dep_00239
fever:89815,fever_dep_00350
fever:160961,fever_dep_00040
fever:7877,fever_dep_00106
fever:88887,fever_dep_00394
fever:99336,fever_dep_00430
fever:42559,fever_dep_00276
fever:102932,fever_dep_00209
fever:194910,fever_dep_00071
fever:207534,fever_dep_00027
fever:121093,fever_dep_00234
fever:102832,fever_dep_00407
fever:7012,fever_dep_00478
fever:76199,fever_dep_00061
fever:30673,fever_dep_00400
fever:208426,fever_dep_00128
fever:195906,fever_dep_00436
fever:75032,fever_dep_00063
fever:78388,fever_dep_00481
fever:3432,fever_dep_00028
fever:202436,fever_dep_00222
fever:32283,fever_dep_00218
fever:127340,fever_dep_00356
fever:18623,fever_dep_00087
fever:34004,fever_dep_00260
fever:84799,fever_dep_00321
fever:193902,fever_dep_00280
fever:180724,fever_dep_00328
fever:100407,fever_dep_00057
fever:221076,fever_dep_00048
fever:75384,fever_dep_00277
fever:18951,fever_dep_00082
fever:151403,fever_dep_00364
fever:141561,fever_dep_00197
fever:36570,fever_dep_00292
fever:181201,fever_dep_00200
fever:42072,fever_dep_00348
fever:172107,fever_dep_00383
fever:30270,fever_dep_00224
fever:228320,fever_dep_00488
fever:58114,fever_dep_00125
fever:156803,fever_dep_00178
fever:138821,fever_dep_00384
fever:151247,fever_dep_00036
fever:71876,fever_dep_00393
fever:112471,fever_dep_00397
fever:25458,fever_dep_00036
fever:215230,fever_dep_00249
fever:150905,fever_dep_00037
fever:177172,fever_dep_00325
fever:46827,fever_dep_00407
fever:70780,fever_dep_00350
fever:201112,fever_dep_00025
fever:179762,fever_dep_00310
fever:185218,fever_dep_00051
fever:165652,fever_dep_00411
fever:52270,fever_dep_00292
fever:191439,fever_dep_00404
fever:202764,fever_dep_00055
fever:180573,fever_dep_00395
fever:127869,fever_dep_00091
fever:92151,fever_dep_00008
fever:155648,fever_dep_00467
fever:31686,fever_dep_00413
fever:46149,fever_dep_00283
fever:54180,fever_dep_00289
fever:169037,fever_dep_00214
fever:46165,fever_dep_00070
fever:5574,fever_dep_00500
fever:15155,fever_dep_00101
fever:205725,fever_dep_00145
fever:83470,fever_dep_00288
fever:174609,fever_dep_00183
fever:132401,fever_dep_00119
fever:182443,fever_dep_00463
fever:217676,fever_dep_00192
fever:136725,fever_dep_00434
fever:166487,fever_dep_00250
fever:197340,fever_dep_00101
fever:132159,fever_dep_00227
fever:133707,fever_dep_00168
fever:119519,fever_dep_00301
fever:23961,fever_dep_00132
fever:154490,fever_dep_00152
fever:151500,fever_dep_00577
fever:40626,fever_dep_00082
fever:72485,fever_dep_00270
fever:192841,fever_dep_00324
fever:101641,fever_dep_00480
fever:6114,fever_dep_00102
fever:205658,fever_dep_00193
fever:28864,fever_dep_00182
fever:175742,fever_dep_00344
fever:46508,fever_dep_00148
fever:220290,fever_dep_00498
fever:85184,fever_dep_00316
fever:203607,fever_dep_00391
fever:223771,fever_dep_00503
fever:147720,fever_dep_00220
fever:205652,fever_dep_00193
fever:38794,fever_dep_00315
fever:120069,fever_dep_00195
fever:44890,fever_dep_00494
fever:106929,fever_dep_00369
fever:133282,fever_dep_00023
fever:21588,fever_dep_00482
fever:136325,fever_dep_00359
fever:202439,fever_dep_00222
fever:225289,fever_dep_00441
fever:17807,fever_dep_00334
fever:116890,fever_dep_00074
fever:2536,fever_dep_00450
fever:52523,fever_dep_00387
fever:219144,fever_dep_00186
fever:229304,fever_dep_00347
fever:89747,fever_dep_00007
fever:27187,fever_dep_00101
fever:113010,fever_dep_00275
fever:134188,fever_dep_00054
fever:140377,fever_dep_00032
fever:57259,fever_dep_00275
fever:181115,fever_dep_00323
fever:89076,fever_dep_00497
fever:58173,fever_dep_00204
fever:16698,fever_dep_00198
fever:69663,fever_dep_00293
fever:112064,fever_dep_00359
fever:203625,fever_dep_00391
fever:17865,fever_dep_00359
fever:40179,fever_dep_00355
fever:154399,fever_dep_00061
fever:119516,fever_dep_00166
fever:107731,fever_dep_00418
fever:164636,fever_dep_00465
fever:214238,fever_dep_00351
fever:99088,fever_dep_00472
fever:103005,fever_dep_00288
fever:120277,fever_dep_00079
fever:116446,fever_dep_00277
fever:167995,fever_dep_00103
fever:195078,fever_dep_00201
fever:155837,fever_dep_00122
fever:147260,fever_dep_00232
fever:99049,fever_dep_00070
fever:144596,fever_dep_00231
fever:204022,fever_dep_00093
fever:69410,fever_dep_00104
fever:29903,fever_dep_00018
fever:209856,fever_dep_00492
fever:140050,fever_dep_00063
fever:185411,fever_dep_00349
fever:753,fever_dep_00307
fever:144386,fever_dep_00282
fever:89912,fever_dep_00357
fever:72263,fever_dep_00189
fever:192718,fever_dep_00012
fever:171629,fever_dep_00257
fever:215495,fever_dep_00064
fever:93082,fever_dep_00504
fever:108882,fever_dep_00178
fever:126982,fever_dep_00437
fever:96739,fever_dep_00220
fever:125478,fever_dep_00388
fever:80458,fever_dep_00493
fever:168968,fever_dep_00229
fever:211802,fever_dep_00461
fever:41266,fever_dep_00197
fever:68132,fever_dep_00378
fever:173490,fever_dep_00035
fever:97816,fever_dep_00242
fever:14790,fever_dep_00434
fever:209888,fever_dep_00346
fever:220280,fever_dep_00498
fever:40921,fever_dep_00252
fever:166851,fever_dep_00014
fever:179316,fever_dep_00319
fever:179744,fever_dep_00310
fever:200366,fever_dep_00406
fever:189465,fever_dep_00238
fever:38807,fever_dep_00291
fever:129729,fever_dep_00260
fever:45699,fever_dep_00301
fever:203623,fever_dep_00391
fever:22944,fever_dep_00374
fever:71706,fever_dep_00152
fever:54623,fever_dep_00337
fever:27503,fever_dep_00157
fever:44566,fever_dep_00134
fever:173116,fever_dep_00112
fever:18614,fever_dep_00300
fever:11570,fever_dep_00230
fever:159709,fever_dep_00256
fever:92889,fever_dep_00255
fever:116244,fever_dep_00426
fever:100358,fever_dep_00234
fever:94637,fever_dep_00369
fever:99465,fever_dep_00209
fever:211775,fever_dep_00461
fever:93732,fever_dep_00197
fever:118115,fever_dep_00046
fever:172091,fever_dep_00383
fever:220296,fever_dep_00498
fever:16161,fever_dep_00388
fever:129909,fever_dep_00453
fever:17230,fever_dep_00291
fever:41976,fever_dep_00453
fever:114792,fever_dep_00209
fever:11345,fever_dep_00119
fever:175725,fever_dep_00344
fever:175631,fever_dep_00368
fever:128297,fever_dep_00295
fever:161106,fever_dep_00131
fever:97449,fever_dep_00216
fever:149902,fever_dep_00030
fever:88110,fever_dep_00278
fever:179743,fever_dep_00310
fever:131087,fever_dep_00136
fever:99546,fever_dep_00334
fever:133446,fever_dep_00132
fever:18590,fever_dep_00029
fever:179305,fever_dep_00319
fever:98786,fever_dep_00274
fever:11414,fever_dep_00102
fever:142462,fever_dep_00482
fever:103098,fever_dep_00390
fever:87358,fever_dep_00281
fever:123947,fever_dep_00642
fever:215121,fever_dep_00244
fever:48981,fever_dep_00464
fever:59629,fever_dep_00011
fever:156950,fever_dep_00235
fever:10670,fever_dep_00403
fever:211771,fever_dep_00461
fever:225298,fever_dep_00441
fever:67856,fever_dep_00037
fever:193876,fever_dep_00280
fever:211799,fever_dep_00461
fever:78395,fever_dep_00260
fever:42722,fever_dep_00422
fever:65748,fever_dep_00013
fever:224956,fever_dep_00084
fever:92150,fever_dep_00008
fever:204008,fever_dep_00379
fever:109941,fever_dep_00309
fever:24315,fever_dep_00445
fever:140645,fever_dep_00139
fever:145848,fever_dep_00285
fever:35230,fever_dep_00338
fever:57934,fever_dep_00153
fever:137416,fever_dep_00125
fever:140196,fever_dep_00075
fever:71791,fever_dep_00171
fever:185231,fever_dep_00051
fever:103947,fever_dep_00363
fever:218479,fever_dep_00149
fever:212774,fever_dep_00468
fever:204421,fever_dep_00011
fever:90958,fever_dep_00473
fever:66495,fever_dep_00057
fever:5397,fever_dep_00241
fever:46064,fever_dep_00136
fever:163803,fever_dep_00508
fever:70041,fever_dep_00509
fever:202314,fever_dep_00510
fever:6032,fever_dep_00511
fever:130048,fever_dep_00512
fever:204575,fever_dep_00513
fever:164883,fever_dep_00514
fever:54298,fever_dep_00515
fever:219675,fever_dep_00516
fever:134850,fever_dep_00517
fever:124578,fever_dep_00518
fever:134126,fever_dep_00519
fever:125577,fever_dep_00520
fever:46810,fever_dep_00521
fever:85923,fever_dep_00522
fever:1933,fever_dep_00523
fever:88894,fever_dep_00524
fever:58396,fever_dep_00525
fever:150751,fever_dep_00526
fever:179831,fever_dep_00527
fever:7429,fever_dep_00528
fever:11538,fever_dep_00529
fever:19068,fever_dep_00146
fever:175438,fever_dep_00530
fever:80212,fever_dep_00531
fever:118448,fever_dep_00532
fever:106308,fever_dep_00196
fever:83527,fever_dep_00533
fever:119227,fever_dep_00534
fever:8404,fever_dep_00535
fever:85093,fever_dep_00536
fever:89521,fever_dep_00537
fever:35804,fever_dep_00538
fever:132874,fever_dep_00539
fever:75311,fever_dep_00540
fever:195244,fever_dep_00541
fever:69108,fever_dep_00542
fever:211019,fever_dep_00543
fever:44397,fever_dep_00036
fever:52287,fever_dep_00544
fever:2961,fever_dep_00545
fever:162206,fever_dep_00546
fever:195202,fever_dep_00541
fever:178219,fever_dep_00547
fever:49775,fever_dep_00548
fever:206030,fever_dep_00549
fever:45394,fever_dep_00125
fever:1799,fever_dep_00550
fever:184285,fever_dep_00551
fever:209109,fever_dep_00552
fever:189867,fever_dep_00553
fever:211022,fever_dep_00543
fever:49169,fever_dep_00554
fever:61136,fever_dep_00555
fever:114158,fever_dep_00556
fever:175864,fever_dep_00384
fever:117767,fever_dep_00557
fever:90291,fever_dep_00146
fever:28788,fever_dep_00558
fever:118395,fever_dep_00559
fever:3483,fever_dep_00560
fever:74648,fever_dep_00561
fever:128004,fever_dep_00562
fever:129672,fever_dep_00563
fever:219200,fever_dep_00564
fever:195124,fever_dep_00565
fever:89156,fever_dep_00566
fever:47848,fever_dep_00567
fever:158017,fever_dep_00568
fever:61233,fever_dep_00732
fever:105645,fever_dep_00569
fever:133374,fever_dep_00570
fever:169941,fever_dep_00571
fever:225863,fever_dep_00572
fever:198544,fever_dep_00573
fever:39811,fever_dep_00574
fever:204556,fever_dep_00513
fever:16079,fever_dep_00575
fever:221137,fever_dep_00576
fever:78516,fever_dep_00187
fever:1219,fever_dep_00577
fever:94252,fever_dep_00578
fever:82580,fever_dep_00579
fever:174986,fever_dep_00580
fever:145707,fever_dep_00581
fever:135212,fever_dep_00582
fever:121548,fever_dep_00538
fever:54789,fever_dep_00725
fever:96401,fever_dep_00583
fever:112137,fever_dep_00563
fever:219704,fever_dep_00516
fever:182902,fever_dep_00584
fever:48936,fever_dep_00260
fever:131105,fever_dep_00585
fever:11145,fever_dep_00586
fever:72519,fever_dep_00587
fever:21190,fever_dep_00554
fever:183464,fever_dep_00588
fever:144391,fever_dep_00589
fever:22726,fever_dep_00515
fever:62587,fever_dep_00590
fever:39150,fever_dep_00591
fever:185999,fever_dep_00101
fever:224192,fever_dep_00592
fever:46582,fever_dep_00570
fever:70645,fever_dep_00519
fever:46023,fever_dep_00570
fever:150321,fever_dep_00593
fever:58952,fever_dep_00594
fever:60241,fever_dep_00595
fever:59890,fever_dep_00596
fever:8298,fever_dep_00597
fever:225819,fever_dep_00598
fever:25005,fever_dep_00599
fever:132806,fever_dep_00595
fever:56960,fever_dep_00600
fever:223294,fever_dep_00601
fever:204560,fever_dep_00513
fever:154815,fever_dep_00602
fever:101821,fever_dep_00440
fever:146837,fever_dep_00603
fever:84675,fever_dep_00604
fever:214790,fever_dep_00605
fever:194184,fever_dep_00606
fever:67244,fever_dep_00607
fever:155125,fever_dep_00608
fever:43515,fever_dep_00528
fever:55835,fever_dep_00609
fever:135921,fever_dep_00610
fever:11656,fever_dep_00611
fever:80650,fever_dep_00612
fever:21720,fever_dep_00613
fever:15542,fever_dep_00203
fever:97937,fever_dep_00614
fever:127369,fever_dep_00615
fever:27702,fever_dep_00125
fever:145339,fever_dep_00616
fever:118434,fever_dep_00125
fever:3371,fever_dep_00542
fever:168637,fever_dep_00010
fever:75778,fever_dep_00578
fever:75288,fever_dep_00617
fever:35703,fever_dep_00618
fever:226458,fever_dep_00619
fever:99105,fever_dep_00620
fever:59603,fever_dep_00621
fever:115920,fever_dep_00622
fever:173055,fever_dep_00623
fever:19866,fever_dep_00624
fever:224137,fever_dep_00625
fever:213437,fever_dep_00626
fever:143242,fever_dep_00627
fever:72751,fever_dep_00015
fever:224140,fever_dep_00625
fever:155865,fever_dep_00628
fever:3588,fever_dep_00629
fever:86289,fever_dep_00630
fever:183417,fever_dep_00631
fever:182701,fever_dep_00632
fever:194432,fever_dep_00384
fever:57008,fever_dep_00633
fever:215272,fever_dep_00496
fever:41199,fever_dep_00634
fever:3597,fever_dep_00517
fever:45220,fever_dep_00635
fever:22782,fever_dep_00519
fever:78534,fever_dep_00574
fever:13876,fever_dep_00636
fever:127090,fever_dep_00528
fever:117540,fever_dep_00563
fever:185184,fever_dep_00637
fever:46262,fever_dep_00638
fever:19865,fever_dep_00624
fever:120644,fever_dep_00187
fever:92851,fever_dep_00184
fever:108739,fever_dep_00221
fever:77435,fever_dep_00577
fever:198545,fever_dep_00573
fever:136062,fever_dep_00639
fever:130978,fever_dep_00640
fever:93878,fever_dep_00641
fever:118195,fever_dep_00641
fever:12466,fever_dep_00642
fever:149489,fever_dep_00643
fever:34684,fever_dep_00644
fever:168931,fever_dep_00645
fever:53478,fever_dep_00196
fever:144169,fever_dep_00599
fever:48318,fever_dep_00646
fever:127133,fever_dep_00647
fever:24779,fever_dep_00648
fever:23540,fever_dep_00649
fever:50486,fever_dep_00650
fever:72700,fever_dep_00535
fever:16951,fever_dep_00203
fever:139831,fever_dep_00560
fever:140139,fever_dep_00266
fever:78345,fever_dep_00525
fever:71368,fever_dep_00651
fever:168086,fever_dep_00652
fever:149063,fever_dep_00653
fever:111151,fever_dep_00654
fever:57236,fever_dep_00655
fever:124189,fever_dep_00646
fever:45310,fever_dep_00656
fever:106392,fever_dep_00127
fever:172720,fever_dep_00657
fever:73909,fever_dep_00658
fever:219676,fever_dep_00516
fever:152955,fever_dep_00659
fever:79635,fever_dep_00639
fever:42954,fever_dep_00061
fever:108420,fever_dep_00660
fever:141268,fever_dep_00661
fever:78843,fever_dep_00255
fever:141812,fever_dep_00544
fever:15406,fever_dep_00662
fever:171503,fever_dep_00663
fever:102019,fever_dep_00664
fever:139116,fever_dep_00665
fever:51548,fever_dep_00666
fever:92472,fever_dep_00667
fever:133233,fever_dep_00639
fever:156325,fever_dep_00574
fever:74224,fever_dep_00668
fever:197632,fever_dep_00669
fever:116795,fever_dep_00670
fever:202320,fever_dep_00510
fever:189885,fever_dep_00553
fever:63301,fever_dep_00671
fever:225723,fever_dep_00672
fever:129426,fever_dep_00609
fever:160337,fever_dep_00673
fever:76354,fever_dep_00517
fever:227773,fever_dep_00674
fever:29550,fever_dep_00675
fever:69436,fever_dep_00642
fever:33235,fever_dep_00676
fever:74140,fever_dep_00677
fever:125440,fever_dep_00618
fever:30961,fever_dep_00678
fever:215277,fever_dep_00496
fever:205089,fever_dep_00679
fever:197636,fever_dep_00669
fever:156694,fever_dep_00680
fever:93901,fever_dep_00585
fever:69178,fever_dep_00603
fever:128631,fever_dep_00678
fever:92586,fever_dep_00681
fever:32534,fever_dep_00264
fever:56959,fever_dep_00600
fever:194565,fever_dep_00682
fever:127233,fever_dep_00349
fever:38947,fever_dep_00683
fever:66473,fever_dep_00614
fever:121472,fever_dep_00684
fever:113279,fever_dep_00685
fever:32939,fever_dep_00557
fever:127402,fever_dep_00686
fever:108734,fever_dep_00228
fever:34323,fever_dep_00687
fever:48607,fever_dep_00061
fever:86698,fever_dep_00630
fever:25290,fever_dep_00688
fever:99511,fever_dep_00587
fever:6650,fever_dep_00689
fever:162832,fever_dep_00690
fever:149728,fever_dep_00691
fever:104930,fever_dep_00692
fever:136045,fever_dep_00635
fever:156188,fever_dep_00693
fever:79347,fever_dep_00694
fever:114251,fever_dep_00695
fever:82587,fever_dep_00550
fever:11572,fever_dep_00600
fever:124138,fever_dep_00627
fever:112270,fever_dep_00696
fever:11253,fever_dep_00575
fever:131786,fever_dep_00593
fever:38046,fever_dep_00615
fever:164419,fever_dep_00697
fever:76096,fever_dep_00698
fever:153736,fever_dep_00036
fever:139427,fever_dep_00642
fever:68742,fever_dep_00184
fever:35596,fever_dep_00699
fever:73017,fever_dep_00700
fever:18066,fever_dep_00701
fever:123031,fever_dep_00217
fever:157977,fever_dep_00702
fever:67544,fever_dep_00703
fever:22409,fever_dep_00704
fever:34577,fever_dep_00705
fever:5599,fever_dep_00084
fever:52112,fever_dep_00562
fever:60079,fever_dep_00036
fever:167164,fever_dep_00531
fever:209354,fever_dep_00706
fever:21986,fever_dep_00707
fever:16378,fever_dep_00708
fever:192053,fever_dep_00709
fever:62117,fever_dep_00710
fever:119580,fever_dep_00711
fever:96584,fever_dep_00268
fever:169934,fever_dep_00571
fever:46937,fever_dep_00255
fever:112371,fever_dep_00712
fever:32535,fever_dep_00264
fever:111662,fever_dep_00713
fever:88346,fever_dep_00671
fever:216793,fever_dep_00714
fever:102990,fever_dep_00715
fever:111074,fever_dep_00640
fever:53197,fever_dep_00661
fever:122396,fever_dep_00716
fever:77730,fever_dep_00610
fever:14366,fever_dep_00127
fever:96963,fever_dep_00579
fever:206039,fever_dep_00549
fever:25359,fever_dep_00628
fever:129026,fever_dep_00651
fever:49398,fever_dep_00717
fever:87019,fever_dep_00718
fever:71187,fever_dep_00563
fever:40086,fever_dep_00719
fever:131969,fever_dep_00720
fever:200045,fever_dep_00721
fever:143222,fever_dep_00722
fever:113106,fever_dep_00203
fever:212039,fever_dep_00723
fever:108767,fever_dep_00609
fever:42117,fever_dep_00636
fever:45759,fever_dep_00724
fever:140442,fever_dep_00656
fever:26340,fever_dep_00725
fever:167179,fever_dep_00531
fever:20561,fever_dep_00015
fever:137417,fever_dep_00726
fever:193844,fever_dep_00727
fever:134995,fever_dep_00728
fever:162836,fever_dep_00690
fever:148750,fever_dep_00729
fever:78985,fever_dep_00618
fever:222643,fever_dep_00730
fever:116991,fever_dep_00591
fever:111503,fever_dep_00540
fever:190664,fever_dep_00731
fever:218114,fever_dep_00732
fever:188579,fever_dep_00733
fever:173030,fever_dep_00623
fever:49869,fever_dep_00612
fever:138095,fever_dep_00734
fever:160534,fever_dep_00735
fever:54907,fever_dep_00015
fever:48576,fever_dep_00696
fever:123777,fever_dep_00736
fever:187571,fever_dep_00737
fever:146792,fever_dep_00521
fever:53669,fever_dep_00738
fever:195924,fever_dep_00739
fever:143300,fever_dep_00740
fever:132528,fever_dep_00642
fever:173928,fever_dep_00741
fever:163808,fever_dep_00508
fever:89455,fever_dep_00742
fever:174990,fever_dep_00580
fever:20261,fever_dep_00638
fever:46309,fever_dep_00743
fever:4717,fever_dep_00540
fever:80335,fever_dep_00651
fever:210206,fever_dep_00744
fever:162046,fever_dep_00745
fever:225749,fever_dep_00672
fever:140299,fever_dep_00746
fever:72593,fever_dep_00567
fever:5747,fever_dep_00548
fever:182675,fever_dep_00632
fever:183423,fever_dep_00631
fever:89908,fever_dep_00566
fever:53319,fever_dep_00622
fever:179817,fever_dep_00527
fever:173670,fever_dep_00747
fever:85571,fever_dep_00748
fever:123375,fever_dep_00578
fever:169327,fever_dep_00749
fever:212212,fever_dep_00147
fever:177970,fever_dep_00750
fever:183938,fever_dep_00751
fever:31105,fever_dep_00255
fever:119857,fever_dep_00460
fever:206997,fever_dep_00057
fever:17334,fever_dep_00752
fever:13885,fever_dep_00753
fever:82208,fever_dep_00620
fever:140762,fever_dep_00599
fever:74544,fever_dep_00593
fever:195491,fever_dep_00754
fever:96910,fever_dep_00755
fever:114984,fever_dep_00756
fever:53795,fever_dep_00635
fever:86387,fever_dep_00757
fever:117126,fever_dep_00725
fever:19184,fever_dep_00758
fever:120781,fever_dep_00759
fever:226845,fever_dep_00760
fever:216795,fever_dep_00714
fever:24454,fever_dep_00691
fever:25115,fever_dep_00595
fever:59221,fever_dep_00196
fever:29290,fever_dep_00725
fever:44380,fever_dep_00532
fever:198534,fever_dep_00573
fever:170015,fever_dep_00761
fever:223201,fever_dep_00762
fever:178874,fever_dep_00732
fever:220974,fever_dep_00763
fever:56162,fever_dep_00764
fever:5560,fever_dep_00765
fever:34385,fever_dep_00603
fever:217115,fever_dep_00766
fever:112981,fever_dep_00122
fever:49593,fever_dep_00715
fever:5314,fever_dep_00620
fever:220237,fever_dep_00767
fever:51425,fever_dep_00529
fever:35752,fever_dep_00203
fever:173929,fever_dep_00741
fever:125550,fever_dep_00768
fever:187566,fever_dep_00737
fever:48028,fever_dep_00769
fever:119989,fever_dep_00770
fever:19074,fever_dep_00771
fever:637,fever_dep_00533
fever:79146,fever_dep_00577
fever:15483,fever_dep_00680
fever:58140,fever_dep_00772
fever:35219,fever_dep_00615
fever:143048,fever_dep_00196
fever:152802,fever_dep_00668
fever:70536,fever_dep_00773
fever:45566,fever_dep_00774
fever:106132,fever_dep_00775
fever:52243,fever_dep_00776
fever:70359,fever_dep_00738
fever:148255,fever_dep_00568
fever:66585,fever_dep_00691
fever:34105,fever_dep_00125
fever:170114,fever_dep_00777
fever:54151,fever_dep_00579
fever:208927,fever_dep_00393
fever:104677,fever_dep_00778
fever:171519,fever_dep_00779
fever:145041,fever_dep_00670
fever:153101,fever_dep_00265
fever:223678,fever_dep_00780
fever:152730,fever_dep_00217
fever:87383,fever_dep_00781
fever:127166,fever_dep_00349
fever:179088,fever_dep_00782
fever:74789,fever_dep_00655
fever:177835,fever_dep_00010
fever:154383,fever_dep_00641
fever:22609,fever_dep_00255
fever:132025,fever_dep_00061
fever:207009,fever_dep_00057
fever:188994,fever_dep_00783
fever:98448,fever_dep_00523
fever:205079,fever_dep_00679
fever:72143,fever_dep_00558
fever:177489,fever_dep_00784
fever:157589,fever_dep_00785
fever:76050,fever_dep_00608
fever:20288,fever_dep_00786
fever:206023,fever_dep_00549
fever:11269,fever_dep_00787
fever:60038,fever_dep_00788
fever:222724,fever_dep_00789
fever:84807,fever_dep_00610
fever:199817,fever_dep_00790
fever:74555,fever_dep_00585
fever:41097,fever_dep_00542
fever:114739,fever_dep_00613
fever:30984,fever_dep_00610
fever:139994,fever_dep_00708
fever:54382,fever_dep_00187
fever:195497,fever_dep_00754
fever:12453,fever_dep_00266
fever:4778,fever_dep_00791
fever:17855,fever_dep_00792
fever:169916,fever_dep_00571
fever:14231,fever_dep_00793
fever:3661,fever_dep_00519
fever:111363,fever_dep_00649
fever:164904,fever_dep_00514
fever:224552,fever_dep_00794
fever:111938,fever_dep_00795
fever:37401,fever_dep_00796
fever:155006,fever_dep_00797
fever:101462,fever_dep_00675
fever:208906,fever_dep_00393
fever:226849,fever_dep_00760
fever:184310,fever_dep_00551
fever:17783,fever_dep_00798
fever:11830,fever_dep_00799
fever:153148,fever_dep_00061
fever:106981,fever_dep_00260
fever:199276,fever_dep_00434
fever:215878,fever_dep_00800
fever:204325,fever_dep_00985
fever:129996,fever_dep_00801
fever:103003,fever_dep_00802
fever:217177,fever_dep_00803
fever:162664,fever_dep_00804
fever:34769,fever_dep_00805
fever:91111,fever_dep_00732
fever:1729,fever_dep_00582
fever:178880,fever_dep_00732
fever:175434,fever_dep_00530
fever:45014,fever_dep_00806
fever:21404,fever_dep_00560
fever:106809,fever_dep_00807
fever:63660,fever_dep_00440
fever:15645,fever_dep_00563
fever:224145,fever_dep_00625
fever:88008,fever_dep_00561
fever:140070,fever_dep_00808
fever:136530,fever_dep_00708
fever:111302,fever_dep_00809
fever:127180,fever_dep_00810
fever:124875,fever_dep_00560
fever:203053,fever_dep_00811
fever:179834,fever_dep_00527
fever:133284,fever_dep_00776
fever:136213,fever_dep_00812
fever:158639,fever_dep_00813
fever:12469,fever_dep_00281
fever:81950,fever_dep_00640
fever:223220,fever_dep_00762
fever:220439,fever_dep_00814
fever:174520,fever_dep_00815
fever:38678,fever_dep_00816
fever:177543,fever_dep_00817
fever:192748,fever_dep_00207
fever:162668,fever_dep_00804
fever:109373,fever_dep_00716
fever:99461,fever_dep_00818
fever:62491,fever_dep_00819
fever:143788,fever_dep_00820
fever:219688,fever_dep_00516
fever:174624,fever_dep_00821
fever:187390,fever_dep_00822
fever:18477,fever_dep_00823
fever:43510,fever_dep_00600
fever:20672,fever_dep_00824
fever:100271,fever_dep_00769
fever:139174,fever_dep_00818
fever:115985,fever_dep_00146
fever:95542,fever_dep_00825
fever:55710,fever_dep_00221
fever:128720,fever_dep_00826
fever:42274,fever_dep_00594
fever:152918,fever_dep_00698
fever:117439,fever_dep_00681
fever:163810,fever_dep_00508
fever:193549,fever_dep_00827
fever:151484,fever_dep_00828
fever:1431,fever_dep_00165
fever:39670,fever_dep_00829
fever:227098,fever_dep_00830
fever:37801,fever_dep_00831
fever:127820,fever_dep_00832
fever:118545,fever_dep_00833
fever:195236,fever_dep_00541
fever:179091,fever_dep_00782
fever:162218,fever_dep_00546
fever:33055,fever_dep_00834
fever:164046,fever_dep_00835
fever:27269,fever_dep_00836
fever:152140,fever_dep_00837
fever:45638,fever_dep_00838
fever:207341,fever_dep_00839
fever:182041,fever_dep_00840
fever:161101,fever_dep_00523
fever:125458,fever_dep_00591
fever:44837,fever_dep_00841
fever:209342,fever_dep_00706
fever:138377,fever_dep_00522
fever:174518,fever_dep_00815
fever:118160,fever_dep_00579
fever:148776,fever_dep_00665
fever:189715,fever_dep_00842
fever:9860,fever_dep_00610
fever:116129,fever_dep_00125
fever:69871,fever_dep_00621
fever:102594,fever_dep_00255
fever:96878,fever_dep_00843
fever:43981,fever_dep_00635
fever:7727,fever_dep_00654
fever:110147,fever_dep_00812
fever:13768,fever_dep_00255
fever:75025,fever_dep_00793
fever:198085,fever_dep_00844
fever:64318,fever_dep_00845
fever:77573,fever_dep_00820
fever:65223,fever_dep_00743
fever:107589,fever_dep_00799
fever:206034,fever_dep_00549
fever:108752,fever_dep_00203
fever:74951,fever_dep_00846
fever:104697,fever_dep_00756
fever:160064,fever_dep_00847
fever:102784,fever_dep_00848
fever:116502,fever_dep_00849
fever:16604,fever_dep_00850
fever:7031,fever_dep_00740
fever:192198,fever_dep_00851
fever:7277,fever_dep_00661
fever:140330,fever_dep_00604
fever:13242,fever_dep_00643
fever:205278,fever_dep_00873
fever:183506,fever_dep_00852
fever:89608,fever_dep_00853
fever:104036,fever_dep_00854
fever:3795,fever_dep_00602
fever:136192,fever_dep_00746
fever:25395,fever_dep_00855
fever:127955,fever_dep_00856
fever:131277,fever_dep_00786
fever:225802,fever_dep_00598
fever:23925,fever_dep_00703
fever:136089,fever_dep_00857
fever:199819,fever_dep_00790
fever:203044,fever_dep_00811
fever:67746,fever_dep_00577
fever:46289,fever_dep_00858
fever:218111,fever_dep_00732
fever:110035,fever_dep_00746
fever:164885,fever_dep_00514
fever:138563,fever_dep_00846
fever:21959,fever_dep_00832
fever:148616,fever_dep_00646
fever:124240,fever_dep_00859
fever:150656,fever_dep_00639
fever:220452,fever_dep_00814
fever:202737,fever_dep_00860
fever:146578,fever_dep_00861
fever:126590,fever_dep_00862
fever:8219,fever_dep_00577
fever:170100,fever_dep_00777
fever:50197,fever_dep_00708
fever:46511,fever_dep_00666
fever:215860,fever_dep_00800
fever:161906,fever_dep_00863
fever:119221,fever_dep_00848
fever:101845,fever_dep_00864
fever:68280,fever_dep_00649
fever:227788,fever_dep_00674
fever:19194,fever_dep_00865
fever:81029,fever_dep_00563
fever:152870,fever_dep_00726
fever:50650,fever_dep_00774
fever:84043,fever_dep_00554
fever:5555,fever_dep_00866
fever:181266,fever_dep_00867
fever:62247,fever_dep_00721
fever:213428,fever_dep_00626
fever:222775,fever_dep_00868
fever:28092,fever_dep_00517
fever:207006,fever_dep_00057
fever:204997,fever_dep_00869
fever:129180,fever_dep_00122
fever:168608,fever_dep_00010
fever:67274,fever_dep_00870
fever:109876,fever_dep_00871
fever:168919,fever_dep_00645
fever:38501,fever_dep_00872
fever:175874,fever_dep_00384
fever:144173,fever_dep_00260
fever:33531,fever_dep_00061
fever:50948,fever_dep_00609
fever:46276,fever_dep_00589
fever:31675,fever_dep_00629
fever:85422,fever_dep_00825
fever:74488,fever_dep_00703
fever:65597,fever_dep_00873
fever:221124,fever_dep_00576
fever:216193,fever_dep_00874
fever:66843,fever_dep_00147
fever:164101,fever_dep_00875
fever:150736,fever_dep_00846
fever:29089,fever_dep_00876
fever:68908,fever_dep_00255
fever:212241,fever_dep_00147
fever:81710,fever_dep_00877
fever:122348,fever_dep_00568
fever:26964,fever_dep_00460
fever:80289,fever_dep_00755
fever:81727,fever_dep_00878
fever:14501,fever_dep_00879
fever:29720,fever_dep_00801
fever:194222,fever_dep_00880
fever:103040,fever_dep_00558
fever:222887,fever_dep_00372
fever:224187,fever_dep_00592
fever:196159,fever_dep_00881
fever:55066,fever_dep_00861
fever:148844,fever_dep_00349
fever:102911,fever_dep_00260
fever:171491,fever_dep_00663
fever:138263,fever_dep_00676
fever:71281,fever_dep_00525
fever:39832,fever_dep_00642
fever:24543,fever_dep_00703
fever:31903,fever_dep_00882
fever:122596,fever_dep_00883
fever:221251,fever_dep_00884
fever:32520,fever_dep_00742
fever:92675,fever_dep_00716
fever:60162,fever_dep_00885
fever:124264,fever_dep_00157
fever:58449,fever_dep_00718
fever:90509,fever_dep_00886
fever:12306,fever_dep_00535
fever:55259,fever_dep_00855
fever:51284,fever_dep_00746
fever:142025,fever_dep_00680
fever:84710,fever_dep_00187
fever:2147,fever_dep_00887
fever:206453,fever_dep_00888
fever:37100,fever_dep_00563
fever:89304,fever_dep_00577
fever:157292,fever_dep_00889
fever:192752,fever_dep_00207
fever:129654,fever_dep_00264
fever:130010,fever_dep_00628
fever:30122,fever_dep_00778
fever:28278,fever_dep_00609
fever:173049,fever_dep_00623
fever:160348,fever_dep_00673
fever:146300,fever_dep_00165
fever:42982,fever_dep_00522
fever:141284,fever_dep_00593
fever:104178,fever_dep_00771
fever:55888,fever_dep_00515
fever:36844,fever_dep_00614
fever:91881,fever_dep_00644
fever:26836,fever_dep_00705
fever:78232,fever_dep_00533
fever:97204,fever_dep_00717
fever:134099,fever_dep_00795
fever:222725,fever_dep_00789
fever:43641,fever_dep_00890
fever:147952,fever_dep_00203
fever:96211,fever_dep_00768
fever:92010,fever_dep_00746
fever:28338,fever_dep_00538
fever:9282,fever_dep_00891
fever:199662,fever_dep_00892
fever:221252,fever_dep_00884
fever:131625,fever_dep_00651
fever:192754,fever_dep_00207
fever:7257,fever_dep_00858
fever:20026,fever_dep_00550
fever:159338,fever_dep_00664
fever:110209,fever_dep_00893
fever:56475,fever_dep_00826
fever:25829,fever_dep_00228
fever:25008,fever_dep_00894
fever:123647,fever_dep_00569
fever:227789,fever_dep_00674
fever:199807,fever_dep_00790
fever:116026,fever_dep_00895
fever:177847,fever_dep_00010
fever:211848,fever_dep_00896
fever:90688,fever_dep_00802
fever:185188,fever_dep_00637
fever:134070,fever_dep_00890
fever:194746,fever_dep_00897
fever:57141,fever_dep_00877
fever:209123,fever_dep_00552
fever:225790,fever_dep_00598
fever:109408,fever_dep_00566
fever:188977,fever_dep_00783
fever:206454,fever_dep_00888
fever:84673,fever_dep_00577
fever:128844,fever_dep_00898
fever:607,fever_dep_00707
fever:31997,fever_dep_00899
fever:163811,fever_dep_00508
fever:109719,fever_dep_00639
fever:182042,fever_dep_00840
fever:113824,fever_dep_00900
fever:93952,fever_dep_00642
fever:224195,fever_dep_00592
fever:52509,fever_dep_00618
fever:97474,fever_dep_00862
fever:183405,fever_dep_00631
fever:124042,fever_dep_00557
fever:124677,fever_dep_00834
fever:148057,fever_dep_00307
fever:88112,fever_dep_00638
fever:41840,fever_dep_00647
fever:222737,fever_dep_00789
fever:66059,fever_dep_00901
fever:151104,fever_dep_00902
fever:187557,fever_dep_00737
fever:212029,fever_dep_00723
fever:76117,fever_dep_00659
fever:77007,fever_dep_00537
fever:169323,fever_dep_00749
fever:177864,fever_dep_00010
fever:107258,fever_dep_00838
fever:68488,fever_dep_00460
fever:99736,fever_dep_00558
fever:222738,fever_dep_00789
fever:70984,fever_dep_00771
fever:86472,fever_dep_00946
fever:157320,fever_dep_00612
fever:16474,fever_dep_00255
fever:173619,fever_dep_00903
fever:87072,fever_dep_00590
fever:31422,fever_dep_00904
fever:9642,fever_dep_00905
fever:182926,fever_dep_00584
fever:47839,fever_dep_00686
fever:23210,fever_dep_00665
fever:13132,fever_dep_00906
fever:115175,fever_dep_00264
fever:125304,fever_dep_00265
fever:162657,fever_dep_00804
fever:8316,fever_dep_00877
fever:4737,fever_dep_00609
fever:1931,fever_dep_00805
fever:154125,fever_dep_00907
fever:183498,fever_dep_00852
fever:11478,fever_dep_00799
fever:189874,fever_dep_00553
fever:74621,fever_dep_00656
fever:189714,fever_dep_00842
fever:187541,fever_dep_00908
fever:206035,fever_dep_00549
fever:158897,fever_dep_00909
fever:188635,fever_dep_00217
fever:222761,fever_dep_00868
fever:426,fever_dep_00910
fever:114900,fever_dep_00911
fever:36815,fever_dep_00563
fever:171906,fever_dep_00912
fever:69722,fever_dep_00693
fever:146485,fever_dep_00559
fever:54269,fever_dep_00217
fever:166923,fever_dep_00913
fever:51400,fever_dep_00146
fever:199260,fever_dep_00434
fever:55541,fever_dep_00578
fever:39958,fever_dep_00914
fever:161808,fever_dep_00915
fever:67285,fever_dep_00534
fever:212052,fever_dep_00723
fever:111185,fever_dep_00916
fever:55470,fever_dep_00841
fever:123238,fever_dep_00807
fever:120983,fever_dep_00563
fever:205097,fever_dep_00917
fever:86029,fever_dep_00036
fever:189888,fever_dep_00553
fever:188646,fever_dep_00217
fever:88764,fever_dep_00918
fever:21270,fever_dep_00255
fever:140005,fever_dep_00769
fever:155860,fever_dep_00738
fever:65590,fever_dep_00692
fever:104427,fever_dep_00595
fever:16394,fever_dep_00569
fever:194572,fever_dep_00682
fever:173675,fever_dep_00747
fever:57782,fever_dep_00828
fever:103816,fever_dep_00919
fever:28525,fever_dep_00834
fever:100446,fever_dep_00662
fever:188887,fever_dep_00920
fever:75942,fever_dep_00617
fever:45302,fever_dep_00740
fever:199809,fever_dep_00790
fever:109817,fever_dep_00557
fever:138664,fever_dep_00921
fever:40296,fever_dep_00914
fever:44809,fever_dep_00729
fever:48866,fever_dep_00221
fever:165699,fever_dep_00922
fever:33986,fever_dep_00600
fever:130301,fever_dep_00611
fever:181267,fever_dep_00867
fever:162659,fever_dep_00804
fever:150261,fever_dep_00217
fever:28447,fever_dep_00746
fever:27416,fever_dep_00923
fever:64449,fever_dep_00265
fever:127482,fever_dep_00921
fever:35406,fever_dep_00641
fever:228690,fever_dep_00683
fever:6507,fever_dep_00916
fever:124905,fever_dep_00924
fever:158361,fever_dep_00925
fever:211009,fever_dep_00543
fever:83669,fever_dep_00802
fever:121398,fever_dep_00926
fever:187546,fever_dep_00908
fever:42628,fever_dep_00736
fever:10675,fever_dep_00809
fever:53367,fever_dep_00563
fever:14367,fever_dep_00127
fever:140663,fever_dep_00927
fever:29704,fever_dep_00675
fever:169313,fever_dep_00749
fever:146455,fever_dep_00217
fever:34924,fever_dep_00799
fever:115720,fever_dep_00768
fever:104365,fever_dep_00519
fever:115976,fever_dep_00928
fever:23934,fever_dep_00575
fever:52926,fever_dep_00729
fever:61838,fever_dep_00699
fever:179841,fever_dep_00527
fever:182930,fever_dep_00584
fever:46308,fever_dep_00929
fever:42226,fever_dep_00689
fever:88619,fever_dep_00522
fever:175879,fever_dep_00384
fever:161716,fever_dep_00117
fever:157752,fever_dep_00930
fever:225868,fever_dep_00572
fever:188571,fever_dep_00733
fever:194893,fever_dep_00931
fever:95109,fever_dep_00266
fever:15963,fever_dep_00633
fever:160315,fever_dep_00217
fever:129462,fever_dep_00924
fever:55826,fever_dep_00349
fever:218090,fever_dep_00732
fever:162044,fever_dep_00745
fever:50313,fever_dep_00700
fever:51885,fever_dep_00604
fever:17731,fever_dep_00702
fever:25505,fever_dep_00872
fever:192037,fever_dep_00709
fever:151428,fever_dep_00707
fever:147088,fever_dep_00932
fever:225269,fever_dep_00217
fever:195481,fever_dep_00754
fever:23496,fever_dep_00559
fever:164508,fever_dep_00933
fever:57479,fever_dep_00858
fever:203038,fever_dep_00811
fever:149042,fever_dep_00769
fever:215873,fever_dep_00800
fever:51314,fever_dep_00756
fever:37432,fever_dep_00916
fever:187537,fever_dep_00908
fever:204985,fever_dep_00869
fever:131670,fever_dep_00127
fever:47223,fever_dep_00934
fever:114469,fever_dep_00726
fever:13688,fever_dep_00125
fever:119918,fever_dep_00604
fever:1934,fever_dep_00523
fever:31684,fever_dep_00517
fever:59967,fever_dep_00146
fever:147632,fever_dep_00725
fever:102528,fever_dep_00818
fever:144542,fever_dep_00255
fever:26623,fever_dep_00935
fever:211859,fever_dep_00896
fever:111685,fever_dep_00563
fever:194214,fever_dep_00880
fever:10567,fever_dep_00569
fever:105896,fever_dep_00587
fever:142729,fever_dep_00936
fever:25199,fever_dep_00629
fever:88763,fever_dep_00608
fever:112877,fever_dep_00127
fever:194740,fever_dep_00897
fever:162409,fever_dep_00937
fever:204310,fever_dep_00985
fever:7758,fever_dep_00938
fever:87073,fever_dep_00590
fever:72727,fever_dep_00569
fever:121923,fever_dep_00670
fever:70980,fever_dep_00939
fever:30233,fever_dep_00688
fever:222651,fever_dep_00730
fever:178216,fever_dep_00547
fever:41091,fever_dep_00643
fever:143301,fever_dep_00646
fever:14310,fever_dep_00879
fever:217390,fever_dep_00940
fever:222661,fever_dep_00730
fever:188577,fever_dep_00733
fever:162665,fever_dep_00804
fever:110762,fever_dep_00857
fever:62318,fever_dep_00736
fever:55546,fever_dep_00642
fever:68282,fever_dep_00539
fever:225820,fever_dep_00598
fever:78174,fever_dep_00122
fever:223208,fever_dep_00762
fever:146507,fever_dep_00642
fever:7335,fever_dep_00916
fever:97752,fever_dep_00856
fever:48489,fever_dep_00865
fever:122204,fever_dep_00941
fever:124087,fever_dep_00942
fever:51962,fever_dep_00686
fever:131417,fever_dep_00771
fever:75307,fever_dep_00015
fever:204300,fever_dep_00985
fever:135322,fever_dep_00594
fever:106683,fever_dep_00854
fever:77550,fever_dep_00558
fever:84970,fever_dep_00943
fever:42652,fever_dep_00816
fever:80764,fever_dep_00944
fever:141006,fever_dep_00608
fever:54325,fever_dep_00845
fever:217172,fever_dep_00803
fever:24273,fever_dep_00217
fever:49168,fever_dep_00554
fever:58967,fever_dep_00799
fever:102741,fever_dep_00683
fever:109145,fever_dep_00846
fever:189883,fever_dep_00553
fever:219190,fever_dep_00564
fever:204326,fever_dep_00985
fever:128532,fever_dep_00925
fever:8546,fever_dep_00945
fever:222732,fever_dep_00789
fever:93646,fever_dep_00946
fever:201596,fever_dep_00947
fever:197637,fever_dep_00669
fever:121202,fever_dep_00778
fever:74311,fever_dep_00744
fever:177856,fever_dep_00010
fever:136604,fever_dep_00816
fever:171529,fever_dep_00779
fever:91254,fever_dep_00113
fever:49752,fever_dep_00617
fever:35968,fever_dep_00122
fever:32490,fever_dep_00862
fever:39137,fever_dep_00654
fever:144897,fever_dep_00559
fever:91139,fever_dep_00125
fever:194175,fever_dep_00606
fever:101680,fever_dep_00870
fever:96470,fever_dep_00591
fever:48541,fever_dep_00667
fever:158895,fever_dep_00909
fever:115183,fever_dep_00643
fever:165693,fever_dep_00922
fever:218102,fever_dep_00732
fever:59903,fever_dep_00036
fever:11443,fever_dep_00837
fever:134473,fever_dep_00668
fever:68265,fever_dep_00823
fever:199674,fever_dep_00892
fever:123675,fever_dep_00825
fever:70935,fever_dep_00850
fever:124565,fever_dep_00125
fever:134592,fever_dep_00948
fever:42215,fever_dep_00671
fever:94546,fever_dep_00898
fever:178859,fever_dep_00732
fever:55956,fever_dep_00883
fever:122583,fever_dep_00859
fever:16629,fever_dep_00560
fever:182907,fever_dep_00584
fever:101553,fever_dep_00949
fever:193540,fever_dep_00827
fever:207669,fever_dep_00950
fever:40944,fever_dep_00687
fever:44856,fever_dep_00951
fever:188967,fever_dep_00783
fever:8148,fever_dep_00836
fever:7762,fever_dep_00701
fever:102523,fever_dep_00870
fever:223291,fever_dep_00601
fever:198558,fever_dep_00573
fever:66046,fever_dep_00841
fever:217166,fever_dep_00803
fever:67917,fever_dep_00890
fever:24025,fever_dep_00593
fever:189871,fever_dep_00553
fever:165694,fever_dep_00922
fever:8167,fever_dep_00846
fever:108315,fever_dep_00577
fever:161784,fever_dep_00915
fever:150536,fever_dep_00755
fever:207693,fever_dep_00950
fever:91889,fever_dep_00650
fever:4058,fever_dep_00786
fever:11940,fever_dep_00885
fever:17090,fever_dep_00889
fever:28706,fever_dep_00785
fever:220449,fever_dep_00814
fever:155390,fever_dep_00683
fever:107543,fever_dep_00656
fever:31743,fever_dep_00952
fever:67464,fever_dep_00536
fever:50382,fever_dep_00617
fever:1606,fever_dep_00818
fever:122812,fever_dep_00953
fever:87808,fever_dep_00255
fever:190669,fever_dep_00731
fever:102079,fever_dep_00848
fever:12482,fever_dep_00532
fever:19326,fever_dep_00591
fever:112329,fever_dep_00577
fever:228572,fever_dep_00954
fever:8864,fever_dep_00581
fever:206447,fever_dep_00888
fever:198888,fever_dep_00955
fever:10721,fever_dep_00165
fever:222652,fever_dep_00730
fever:157460,fever_dep_00862
fever:90427,fever_dep_00956
fever:122891,fever_dep_00281
fever:127772,fever_dep_00923
fever:16646,fever_dep_00957
fever:104298,fever_dep_00958
fever:218115,fever_dep_00732
fever:181269,fever_dep_00867
fever:11418,fever_dep_00596
fever:188624,fever_dep_00217
fever:64114,fever_dep_00677
fever:34830,fever_dep_00612
fever:81609,fever_dep_00685
fever:123794,fever_dep_00609
fever:92471,fever_dep_00759
fever:78498,fever_dep_00528
fever:64769,fever_dep_00125
fever:50223,fever_dep_00566
fever:221245,fever_dep_00884
fever:149991,fever_dep_00529
fever:134438,fever_dep_00823
fever:225814,fever_dep_00598
fever:207320,fever_dep_00839
fever:147742,fever_dep_00855
fever:23446,fever_dep_00616
fever:178241,fever_dep_00959
fever:13474,fever_dep_00545
fever:135964,fever_dep_00203
fever:199670,fever_dep_00892
fever:11009,fever_dep_00634
fever:183469,fever_dep_00588
fever:67572,fever_dep_00894
fever:202738,fever_dep_00860
fever:165712,fever_dep_00922
fever:110571,fever_dep_00904
fever:103167,fever_dep_00688
fever:151128,fever_dep_00715
fever:198068,fever_dep_00844
fever:195480,fever_dep_00754
fever:37710,fever_dep_00278
fever:79885,fever_dep_00349
fever:31728,fever_dep_00664
fever:145549,fever_dep_00528
fever:144183,fever_dep_00740
fever:145723,fever_dep_00278
fever:91849,fever_dep_00776
fever:3637,fever_dep_00748
fever:16392,fever_dep_00801
fever:93184,fever_dep_00808
fever:192597,fever_dep_00960
fever:66211,fever_dep_00823
fever:80573,fever_dep_00662
fever:173925,fever_dep_00741
fever:142620,fever_dep_00925
fever:194892,fever_dep_00931
fever:79307,fever_dep_00775
fever:64838,fever_dep_00647
fever:37137,fever_dep_00948
fever:80949,fever_dep_00921
fever:95739,fever_dep_00685
fever:220963,fever_dep_00763
fever:22623,fever_dep_00668
fever:91508,fever_dep_00961
fever:43900,fever_dep_00831
fever:17994,fever_dep_00791
fever:168082,fever_dep_00652
fever:62826,fever_dep_00962
fever:75449,fever_dep_00963
fever:218101,fever_dep_00732
fever:27701,fever_dep_00125
fever:121218,fever_dep_00460
fever:124492,fever_dep_00609
fever:186008,fever_dep_00101
fever:95429,fever_dep_00563
fever:154252,fever_dep_00797
fever:17335,fever_dep_00964
fever:2904,fever_dep_00542
fever:13138,fever_dep_00965
fever:192585,fever_dep_00960
fever:116786,fever_dep_00758
fever:143063,fever_dep_00578
fever:88046,fever_dep_00590
fever:86800,fever_dep_00673
fever:227088,fever_dep_00830
fever:26819,fever_dep_00966
fever:142556,fever_dep_00670
fever:58661,fever_dep_00255
fever:25799,fever_dep_00554
fever:217391,fever_dep_00940
fever:161919,fever_dep_00863
fever:39616,fever_dep_00850
fever:44291,fever_dep_00683
fever:305,fever_dep_00938
fever:185174,fever_dep_00637
fever:2106,fever_dep_00967
fever:195238,fever_dep_00541
fever:131865,fever_dep_00640
fever:80356,fever_dep_00575
fever:145293,fever_dep_00757
fever:131823,fever_dep_00968
fever:228576,fever_dep_00954
fever:30790,fever_dep_00870
fever:72346,fever_dep_00969
fever:21110,fever_dep_00691
fever:202736,fever_dep_00860
fever:106836,fever_dep_00970
fever:62751,fever_dep_00641
fever:164407,fever_dep_00697
fever:87293,fever_dep_00646
fever:42817,fever_dep_00255
fever:164094,fever_dep_00875
fever:134464,fever_dep_00971
fever:119992,fever_dep_00972
fever:43011,fever_dep_00577
fever:148569,fever_dep_00753
fever:33604,fever_dep_00635
fever:64155,fever_dep_00719
fever:77359,fever_dep_00440
fever:160825,fever_dep_00187
fever:72271,fever_dep_00641
fever:103325,fever_dep_00554
fever:216779,fever_dep_00714
fever:113476,fever_dep_00973
fever:15247,fever_dep_00807
fever:140292,fever_dep_00926
fever:11491,fever_dep_00776
fever:135020,fever_dep_00759
fever:85301,fever_dep_00575
fever:23211,fever_dep_00974
fever:67417,fever_dep_00518
fever:187567,fever_dep_00737
fever:35055,fever_dep_00569
fever:182687,fever_dep_00632
fever:205094,fever_dep_00679
fever:206021,fever_dep_00549
fever:212226,fever_dep_00147
fever:42963,fever_dep_00791
fever:89937,fever_dep_00721
fever:94812,fever_dep_00956
fever:35882,fever_dep_00935
fever:25238,fever_dep_00962
fever:103154,fever_dep_00203
fever:61366,fever_dep_00084
fever:54624,fever_dep_00975
fever:174630,fever_dep_00821
fever:144102,fever_dep_00809
fever:129066,fever_dep_00904
fever:15310,fever_dep_00976
fever:36038,fever_dep_00770
fever:85619,fever_dep_00977
fever:199815,fever_dep_00790
fever:223214,fever_dep_00762
fever:70421,fever_dep_00187
fever:198066,fever_dep_00844
fever:195229,fever_dep_00541
fever:119448,fever_dep_00015
fever:105594,fever_dep_00965
fever:146513,fever_dep_00805
fever:168622,fever_dep_00010
fever:129820,fever_dep_00639
fever:204321,fever_dep_00985
fever:34029,fever_dep_00728
fever:184295,fever_dep_00551
fever:81646,fever_dep_00978
fever:132312,fever_dep_00979
fever:26294,fever_dep_00759
fever:39454,fever_dep_00671
fever:192795,fever_dep_00980
fever:102872,fever_dep_00878
fever:40642,fever_dep_00266
fever:1772,fever_dep_00666
fever:88781,fever_dep_00667
fever:112488,fever_dep_00828
fever:3783,fever_dep_00694
fever:114122,fever_dep_00577
fever:36953,fever_dep_00668
fever:29786,fever_dep_00590
fever:138475,fever_dep_00855
fever:40748,fever_dep_00600
fever:216784,fever_dep_00714
fever:75584,fever_dep_00704
fever:214988,fever_dep_00981
fever:2295,fever_dep_00982
fever:194247,fever_dep_00983
fever:138159,fever_dep_00579
fever:161778,fever_dep_00915
fever:158640,fever_dep_00813
fever:22103,fever_dep_00595
fever:226840,fever_dep_00760
fever:98274,fever_dep_00196
fever:25521,fever_dep_00460
fever:8740,fever_dep_00621
fever:41518,fever_dep_00540
fever:127244,fever_dep_00945
fever:53472,fever_dep_00561
fever:11914,fever_dep_00671
fever:173931,fever_dep_00741
fever:179815,fever_dep_00527
fever:39174,fever_dep_00924
fever:90141,fever_dep_00061
fever:112362,fever_dep_00775
fever:11666,fever_dep_00898
fever:74961,fever_dep_00710
fever:122111,fever_dep_00932
fever:30807,fever_dep_00349
fever:72640,fever_dep_00122
fever:64956,fever_dep_00961
fever:15489,fever_dep_00924
fever:13875,fever_dep_00636
fever:84856,fever_dep_00545
fever:200035,fever_dep_00721
fever:108444,fever_dep_00563
fever:53526,fever_dep_00781
fever:17213,fever_dep_00687
fever:108145,fever_dep_00701
fever:26887,fever_dep_00636
fever:7278,fever_dep_00661
fever:120684,fever_dep_00556
fever:211851,fever_dep_00896
fever:9532,fever_dep_00620
fever:52864,fever_dep_00823
fever:206993,fever_dep_00057
fever:51424,fever_dep_00529
fever:6668,fever_dep_00557
fever:3063,fever_dep_00768
fever:56584,fever_dep_00796
fever:118664,fever_dep_00703
fever:110274,fever_dep_00786
fever:136335,fever_dep_00724
fever:149369,fever_dep_00255
fever:46859,fever_dep_00694
fever:94262,fever_dep_00521
fever:128154,fever_dep_00740
fever:69981,fever_dep_00984
fever:213442,fever_dep_00626
fever:42619,fever_dep_00901
fever:14388,fever_dep_00612
fever:162417,fever_dep_00937
fever:92181,fever_dep_00919
fever:131584,fever_dep_00856
fever:182906,fever_dep_00584
fever:137813,fever_dep_00781
fever:17732,fever_dep_00702
fever:37467,fever_dep_00985
fever:219165,fever_dep_00564
fever:110647,fever_dep_00635
fever:92905,fever_dep_00936
fever:188145,fever_dep_00986
fever:52556,fever_dep_00718
fever:45085,fever_dep_00826
fever:194439,fever_dep_00384
fever:113341,fever_dep_00943
fever:101224,fever_dep_00349
fever:108297,fever_dep_00862
fever:57383,fever_dep_00705
fever:154859,fever_dep_00781
fever:31857,fever_dep_00967
fever:200041,fever_dep_00721
fever:118515,fever_dep_00886
fever:219693,fever_dep_00516
fever:39455,fever_dep_00671
fever:22116,fever_dep_00771
fever:194251,fever_dep_00983
fever:194182,fever_dep_00606
fever:74435,fever_dep_00260
fever:113613,fever_dep_00736
fever:183460,fever_dep_00588
fever:76562,fever_dep_00796
fever:61709,fever_dep_00702
fever:195127,fever_dep_00565
fever:217182,fever_dep_00803
fever:197656,fever_dep_00669
fever:71352,fever_dep_00879
fever:209119,fever_dep_00552
fever:175458,fever_dep_00530
fever:169992,fever_dep_00761
fever:7625,fever_dep_00589
fever:18294,fever_dep_00608
fever:40475,fever_dep_00987
fever:70490,fever_dep_00540
fever:171508,fever_dep_00663
fever:99971,fever_dep_00715
fever:160775,fever_dep_00979
fever:216188,fever_dep_00874
fever:198541,fever_dep_00573
fever:157743,fever_dep_00521
fever:57374,fever_dep_00036
fever:137577,fever_dep_00935
fever:198554,fever_dep_00573
fever:78252,fever_dep_00735
fever:129805,fever_dep_00665
fever:185776,fever_dep_00988
fever:85825,fever_dep_00916
fever:47736,fever_dep_00879
fever:73121,fever_dep_00865
fever:160067,fever_dep_00847
fever:213451,fever_dep_00626
fever:16588,fever_dep_00753
fever:223495,fever_dep_00989
fever:171521,fever_dep_00779
fever:87838,fever_dep_00850
fever:915,fever_dep_00865
fever:101552,fever_dep_00831
fever:116125,fever_dep_00532
fever:109431,fever_dep_00734
fever:27561,fever_dep_00798
fever:66240,fever_dep_00583
fever:41606,fever_dep_00642
fever:133021,fever_dep_00622
fever:42612,fever_dep_00122
fever:26251,fever_dep_00705
fever:78312,fever_dep_00511
fever:131376,fever_dep_00832
fever:201441,fever_dep_00990
fever:25748,fever_dep_00883
fever:36843,fever_dep_00614
fever:194447,fever_dep_00384
fever:103742,fever_dep_00187
fever:205076,fever_dep_00679
fever:116464,fever_dep_00894
fever:118200,fever_dep_00845
fever:206459,fever_dep_00888
fever:192190,fever_dep_00851
fever:7430,fever_dep_00528
fever:1484,fever_dep_00848
fever:152605,fever_dep_00641
fever:183459,fever_dep_00588
fever:72923,fever_dep_00919
fever:96065,fever_dep_00084
fever:41198,fever_dep_00634
fever:128459,fever_dep_00907
fever:114857,fever_dep_00934
fever:69267,fever_dep_00122
fever:91200,fever_dep_00971
fever:76526,fever_dep_00819
fever:193558,fever_dep_00827
fever:32711,fever_dep_00894
fever:136282,fever_dep_00563
fever:167172,fever_dep_00531
fever:132900,fever_dep_00125
fever:103934,fever_dep_00853
fever:142250,fever_dep_00535
fever:16420,fever_dep_00834
fever:53668,fever_dep_00738
fever:157821,fever_dep_00544
fever:134422,fever_dep_00859
fever:48047,fever_dep_00525
fever:134442,fever_dep_00629
fever:39615,fever_dep_00850
fever:150655,fever_dep_00846
fever:141434,fever_dep_00991
fever:198537,fever_dep_00573
fever:192020,fever_dep_00883
fever:160919,fever_dep_00930
fever:48514,fever_dep_00724
fever:164420,fever_dep_00697
fever:162,fever_dep_00701
fever:204563,fever_dep_00513
fever:206018,fever_dep_00549
fever:162425,fever_dep_00937
fever:13127,fever_dep_00752
fever:16329,fever_dep_00512
fever:101668,fever_dep_00877
fever:129907,fever_dep_00630
fever:90906,fever_dep_00597
fever:92833,fever_dep_00590
fever:121522,fever_dep_00563
fever:198559,fever_dep_00573
fever:76901,fever_dep_00555
fever:200051,fever_dep_00721
fever:161801,fever_dep_00915
fever:145389,fever_dep_00568
fever:188971,fever_dep_00783
fever:62614,fever_dep_00878
fever:44721,fever_dep_00550
fever:212214,fever_dep_00147
fever:37872,fever_dep_00511
fever:112933,fever_dep_00929
fever:128258,fever_dep_00992
fever:102120,fever_dep_00993
fever:135008,fever_dep_00899
fever:47209,fever_dep_00617
fever:193836,fever_dep_00727
fever:29306,fever_dep_00517
fever:204302,fever_dep_00985
fever:174523,fever_dep_00815
fever:227109,fever_dep_00830
fever:83664,fever_dep_00460
fever:54616,fever_dep_00994
fever:161277,fever_dep_00979
fever:67047,fever_dep_00609
fever:225871,fever_dep_00572
fever:204577,fever_dep_00513
fever:119863,fever_dep_00440
fever:35859,fever_dep_00562
fever:104221,fever_dep_00122
fever:106832,fever_dep_00995
fever:105216,fever_dep_00993
fever:85338,fever_dep_00856
fever:54136,fever_dep_00635
fever:139090,fever_dep_00996
fever:198435,fever_dep_00997
fever:81761,fever_dep_00642
fever:122463,fever_dep_00522
fever:81496,fever_dep_00671
fever:98672,fever_dep_00786
fever:51886,fever_dep_00604
fever:57638,fever_dep_00740
fever:140417,fever_dep_00228
fever:104249,fever_dep_00822
fever:72926,fever_dep_00769
fever:81119,fever_dep_00655
fever:199264,fever_dep_00434
fever:209114,fever_dep_00552
fever:110998,fever_dep_00972
fever:158244,fever_dep_00998
fever:108997,fever_dep_00718
fever:10650,fever_dep_00999
fever:162680,fever_dep_00804
fever:182686,fever_dep_00632
fever:70239,fever_dep_00855
fever:35475,fever_dep_00265
fever:104808,fever_dep_00660
fever:128856,fever_dep_00550
fever:193831,fever_dep_00727
fever:4315,fever_dep_00255
fever:58124,fever_dep_00535
fever:55468,fever_dep_00061
fever:169985,fever_dep_00761
fever:72918,fever_dep_01000
fever:109563,fever_dep_00203
fever:185169,fever_dep_00637
fever:139730,fever_dep_00932
fever:17063,fever_dep_00638
fever:51355,fever_dep_00786
fever:217179,fever_dep_00803
fever:205134,fever_dep_00917
fever:4658,fever_dep_00791
fever:19687,fever_dep_00895
fever:198425,fever_dep_00997
fever:219161,fever_dep_00564
fever:195203,fever_dep_00541
fever:113518,fever_dep_00165
fever:172306,fever_dep_01001
fever:95039,fever_dep_00604
fever:4987,fever_dep_00728
fever:88816,fever_dep_00925
fever:164056,fever_dep_00835
fever:118081,fever_dep_00819
fever:228088,fever_dep_01002
fever:144725,fever_dep_00624
fever:192204,fever_dep_00851
fever:134825,fever_dep_00537
fever:4506,fever_dep_00542
fever:135113,fever_dep_00203
fever:140869,fever_dep_00757
fever:207326,fever_dep_00839
fever:106526,fever_dep_00683
fever:81775,fever_dep_00894
fever:199669,fever_dep_00892
fever:40195,fever_dep_00957
fever:56284,fever_dep_00865
fever:76711,fever_dep_00563
fever:161719,fever_dep_00117
fever:73313,fever_dep_00668
fever:158907,fever_dep_00909
fever:146132,fever_dep_00712
fever:163818,fever_dep_01003
fever:59783,fever_dep_00255
fever:140231,fever_dep_00265
fever:42406,fever_dep_01004
fever:217380,fever_dep_00940
fever:10530,fever_dep_00757
fever:21933,fever_dep_00805
fever:112911,fever_dep_00560
fever:151476,fever_dep_00924
fever:169583,fever_dep_01005
fever:173604,fever_dep_00903
fever:7452,fever_dep_00125
fever:138636,fever_dep_00649
fever:92507,fever_dep_00596
fever:53903,fever_dep_00643
fever:197641,fever_dep_00669
fever:143097,fever_dep_00901
fever:68921,fever_dep_00558
fever:135647,fever_dep_00774
fever:31775,fever_dep_00590
fever:18496,fever_dep_00542
fever:13126,fever_dep_00752
fever:104970,fever_dep_00729
fever:140430,fever_dep_00554
fever:79800,fever_dep_00681
fever:160065,fever_dep_00847
fever:97576,fever_dep_00701
fever:1947,fever_dep_00928
fever:93051,fever_dep_00091
fever:209346,fever_dep_00706
fever:55733,fever_dep_00898
fever:89707,fever_dep_00982
fever:121545,fever_dep_00812
fever:144658,fever_dep_00512
fever:140286,fever_dep_00752
fever:3210,fever_dep_00700
fever:178255,fever_dep_00959
fever:187580,fever_dep_00737
fever:124476,fever_dep_00600
fever:100788,fever_dep_00203
fever:225811,fever_dep_00598
fever:81366,fever_dep_00349
fever:142923,fever_dep_00704
fever:138865,fever_dep_00649
fever:131513,fever_dep_00927
fever:66580,fever_dep_00859
fever:122285,fever_dep_00610
fever:15955,fever_dep_00147
fever:50887,fever_dep_00694
fever:24117,fever_dep_00886
fever:9825,fever_dep_00773
fever:108434,fever_dep_00653
fever:139910,fever_dep_00511
fever:122507,fever_dep_00036
fever:9119,fever_dep_00537
fever:211016,fever_dep_00543
fever:153113,fever_dep_00600
fever:108498,fever_dep_00746
fever:16880,fever_dep_00061
fever:61772,fever_dep_00819
fever:214799,fever_dep_00605
fever:10688,fever_dep_00753
fever:152414,fever_dep_00905
fever:18346,fever_dep_00560
fever:70702,fever_dep_00635
fever:140044,fever_dep_00528
fever:136848,fever_dep_00678
fever:161220,fever_dep_00979
fever:182039,fever_dep_00840
fever:47577,fever_dep_00622
fever:55425,fever_dep_00681
fever:39634,fever_dep_00923
fever:115430,fever_dep_00759
fever:126705,fever_dep_00998
fever:162838,fever_dep_00690
fever:222662,fever_dep_00730
fever:139103,fever_dep_00914
fever:141846,fever_dep_00998
fever:66841,fever_dep_00715
fever:44239,fever_dep_00651
fever:27120,fever_dep_00797
fever:113927,fever_dep_00641
fever:161921,fever_dep_00863
fever:228074,fever_dep_01002
fever:129818,fever_dep_00946
fever:104332,fever_dep_00187
fever:93320,fever_dep_00585
fever:76627,fever_dep_00563
fever:217093,fever_dep_00766
fever:177491,fever_dep_00784
fever:165705,fever_dep_00922
fever:218092,fever_dep_00732
fever:183462,fever_dep_00588
fever:212225,fever_dep_00147
fever:179109,fever_dep_00782
fever:171479,fever_dep_00663
fever:34155,fever_dep_00671
fever:47288,fever_dep_00520
fever:137436,fever_dep_00721
fever:78925,fever_dep_00943
fever:138622,fever_dep_00887
fever:103221,fever_dep_00836
fever:15806,fever_dep_00712
fever:178904,fever_dep_00732
fever:84775,fever_dep_00871
fever:198431,fever_dep_00997
fever:23797,fever_dep_00841
fever:24345,fever_dep_00629
fever:100852,fever_dep_00616
fever:110106,fever_dep_00973
fever:219708,fever_dep_00516
fever:33498,fever_dep_00608
fever:95754,fever_dep_01006
fever:103509,fever_dep_00563
fever:128461,fever_dep_00656
fever:179836,fever_dep_00527
fever:60081,fever_dep_00916
fever:13327,fever_dep_00836
fever:191877,fever_dep_01007
fever:43698,fever_dep_00620
fever:145616,fever_dep_00268
fever:227771,fever_dep_00674
fever:172709,fever_dep_00657
fever:94565,fever_dep_00528
fever:23516,fever_dep_00061
fever:140337,fever_dep_00578
fever:183934,fever_dep_00751
fever:4132,fever_dep_00752
fever:22729,fever_dep_00651
fever:96840,fever_dep_01008
fever:171511,fever_dep_00663
fever:10671,fever_dep_00147
fever:131634,fever_dep_00935
fever:107335,fever_dep_01009
fever:35855,fever_dep_01010
fever:186003,fever_dep_00101
fever:148376,fever_dep_00569
fever:52712,fever_dep_00600
fever:17278,fever_dep_00521
fever:59982,fever_dep_00157
fever:99200,fever_dep_00829
fever:208911,fever_dep_00393
fever:182043,fever_dep_00840
fever:151579,fever_dep_00809
fever:138708,fever_dep_00555
fever:68539,fever_dep_00579
fever:189717,fever_dep_00842
fever:35899,fever_dep_00595
fever:8863,fever_dep_00581
fever:153437,fever_dep_00677
fever:39224,fever_dep_00805
fever:182705,fever_dep_00632
fever:4280,fever_dep_00899
fever:94685,fever_dep_00961
fever:224201,fever_dep_00592
fever:29324,fever_dep_00746
fever:66597,fever_dep_00146
fever:153361,fever_dep_00590
fever:128888,fever_dep_00627
fever:215874,fever_dep_00800
fever:117251,fever_dep_00806
fever:206031,fever_dep_00549
fever:69625,fever_dep_00720
fever:31813,fever_dep_00765
fever:144993,fever_dep_00590
fever:77043,fever_dep_00982
fever:24217,fever_dep_01011
fever:185178,fever_dep_00637
fever:181274,fever_dep_00867
fever:62513,fever_dep_00957
fever:93782,fever_dep_00994
fever:226853,fever_dep_00760
fever:57635,fever_dep_00658
fever:75909,fever_dep_00921
fever:81809,fever_dep_00758
fever:188582,fever_dep_00733
fever:52924,fever_dep_00203
fever:16387,fever_dep_01012
fever:115678,fever_dep_01013
fever:33670,fever_dep_00758
fever:50888,fever_dep_00694
fever:180707,fever_dep_01014
fever:26717,fever_dep_00971
fever:174509,fever_dep_00815
fever:194238,fever_dep_00880
fever:102636,fever_dep_01015
fever:6925,fever_dep_00907
fever:14847,fever_dep_00646
fever:224567,fever_dep_00794
fever:108104,fever_dep_00545
fever:131409,fever_dep_00656
fever:91963,fever_dep_00689
fever:67481,fever_dep_00597
fever:173922,fever_dep_00741
fever:223279,fever_dep_00601
fever:183415,fever_dep_00631
fever:170116,fever_dep_00777
fever:156831,fever_dep_00812
fever:45465,fever_dep_00973
fever:70574,fever_dep_01016
fever:135477,fever_dep_00569
fever:56186,fever_dep_00664
fever:51756,fever_dep_01017
fever:195129,fever_dep_00565
fever:135327,fever_dep_01018
fever:46177,fever_dep_00529
fever:101906,fever_dep_00809
fever:161310,fever_dep_00927
fever:27403,fever_dep_00748
fever:60978,fever_dep_00585
fever:220238,fever_dep_00767
fever:198901,fever_dep_00955
fever:53192,fever_dep_00828
fever:19756,fever_dep_00278
fever:31581,fever_dep_00677
fever:155911,fever_dep_00217
fever:63806,fever_dep_00587
fever:48886,fever_dep_00266
fever:87017,fever_dep_00520
fever:123189,fever_dep_00924
fever:169324,fever_dep_00749
fever:74649,fever_dep_00561
fever:135180,fever_dep_00701
fever:185772,fever_dep_00988
fever:96115,fever_dep_00822
fever:129634,fever_dep_00278
fever:217023,fever_dep_01019
fever:149272,fever_dep_00757
fever:218110,fever_dep_00732
fever:5031,fever_dep_00907
fever:166921,fever_dep_00913
fever:12681,fever_dep_00061
fever:31868,fever_dep_00524
fever:145797,fever_dep_00524
fever:131416,fever_dep_00203
fever:149038,fever_dep_00812
fever:61837,fever_dep_00699
fever:128744,fever_dep_00532
fever:109737,fever_dep_00893
fever:98797,fever_dep_00862
fever:20720,fever_dep_00921
fever:213436,fever_dep_00626
fever:1362,fever_dep_00594
fever:207676,fever_dep_00950
fever:58322,fever_dep_00720
fever:139569,fever_dep_00820
fever:112316,fever_dep_00517
fever:64067,fever_dep_00609
fever:22638,fever_dep_00793
fever:77616,fever_dep_00993
fever:36272,fever_dep_00061
fever:56532,fever_dep_00864
fever:159321,fever_dep_00664
fever:80333,fever_dep_00594
fever:98879,fever_dep_00725
fever:23570,fever_dep_00535
fever:36094,fever_dep_00895
fever:114748,fever_dep_00836
fever:76585,fever_dep_00600
fever:48032,fever_dep_00255
fever:71815,fever_dep_00591
fever:53525,fever_dep_00781
fever:1244,fever_dep_00307
fever:66044,fever_dep_00900
fever:129819,fever_dep_00639
fever:111424,fever_dep_00642
fever:92383,fever_dep_00609
fever:141641,fever_dep_00655
fever:170091,fever_dep_00777
fever:53982,fever_dep_00680
fever:194442,fever_dep_00384
fever:161710,fever_dep_00117
fever:174893,fever_dep_00217
fever:113349,fever_dep_00540
fever:69921,fever_dep_00563
fever:42024,fever_dep_00825
fever:114010,fever_dep_00556
fever:105299,fever_dep_00899
fever:112341,fever_dep_00725
fever:120558,fever_dep_00577
fever:126799,fever_dep_00658
fever:35681,fever_dep_00665
fever:65031,fever_dep_00653
fever:142687,fever_dep_00756
fever:62368,fever_dep_00878
fever:57718,fever_dep_00953
fever:116998,fever_dep_00735
fever:157199,fever_dep_00635
fever:90174,fever_dep_00597
fever:174515,fever_dep_00815
fever:12483,fever_dep_00532
fever:158641,fever_dep_00813
fever:130325,fever_dep_00861
fever:62119,fever_dep_00008
fever:158635,fever_dep_00813
fever:98970,fever_dep_01020
fever:192792,fever_dep_00980
fever:1395,fever_dep_00725
fever:48962,fever_dep_00744
fever:9767,fever_dep_00809
fever:12612,fever_dep_00700
fever:69139,fever_dep_00517
fever:95159,fever_dep_00615
fever:156304,fever_dep_00713
fever:101062,fever_dep_00671
fever:173924,fever_dep_00741
fever:180714,fever_dep_01014
fever:66524,fever_dep_00859
fever:56123,fever_dep_00629
fever:98107,fever_dep_00992
fever:223210,fever_dep_00762
fever:43554,fever_dep_00349
fever:204545,fever_dep_00513
fever:228571,fever_dep_00954
fever:66845,fever_dep_00217
fever:198532,fever_dep_00573
fever:573,fever_dep_00566
fever:178237,fever_dep_00959
fever:89734,fever_dep_00187
fever:124243,fever_dep_00942
fever:107856,fever_dep_00264
fever:47457,fever_dep_00523
fever:80800,fever_dep_00705
fever:83469,fever_dep_00961
fever:121765,fever_dep_00529
fever:163836,fever_dep_01003
fever:48048,fever_dep_00807
fever:144167,fever_dep_00946
fever:225794,fever_dep_00598
fever:149159,fever_dep_00624
fever:67568,fever_dep_00609
fever:43460,fever_dep_00563
fever:59695,fever_dep_00671
fever:126300,fever_dep_00524
fever:76307,fever_dep_00642
fever:124295,fever_dep_00264
fever:194748,fever_dep_00897
fever:151996,fever_dep_00735
fever:107764,fever_dep_00673
fever:107793,fever_dep_00521
fever:39448,fever_dep_00534
fever:130151,fever_dep_00217
fever:167178,fever_dep_00531
fever:3008,fever_dep_00015
fever:6487,fever_dep_01021
fever:89014,fever_dep_00744
fever:223499,fever_dep_00989
fever:85138,fever_dep_00620
fever:222719,fever_dep_00789
fever:162652,fever_dep_01022
fever:80148,fever_dep_00627
fever:177532,fever_dep_00817
fever:129780,fever_dep_00532
fever:168091,fever_dep_00652
fever:33377,fever_dep_00836
fever:60145,fever_dep_00820
fever:224558,fever_dep_00794
fever:208900,fever_dep_00393
fever:75550,fever_dep_00873
fever:107135,fever_dep_00524
fever:43862,fever_dep_00608
fever:162834,fever_dep_00690
fever:194259,fever_dep_00983
fever:149284,fever_dep_00563
fever:177853,fever_dep_00010
fever:121280,fever_dep_00662
fever:127438,fever_dep_00562
fever:31852,fever_dep_00691
fever:1361,fever_dep_00594
fever:143105,fever_dep_00084
fever:225823,fever_dep_00598
fever:167171,fever_dep_00531
fever:160362,fever_dep_00187
fever:38923,fever_dep_00644
fever:99370,fever_dep_00871
fever:128807,fever_dep_00797
fever:181265,fever_dep_00867
fever:32091,fever_dep_00953
fever:198422,fever_dep_00997
fever:133704,fever_dep_00481
fever:183461,fever_dep_00588
fever:82396,fever_dep_00911
fever:98453,fever_dep_00203
fever:135151,fever_dep_00670
fever:74790,fever_dep_00655
fever:30134,fever_dep_00559
fever:107749,fever_dep_00636
fever:182934,fever_dep_00584
fever:127814,fever_dep_00993
fever:106557,fever_dep_00590
fever:7025,fever_dep_00866
fever:65234,fever_dep_00680
fever:137201,fever_dep_00691
fever:91492,fever_dep_00665
fever:61776,fever_dep_00942
fever:182689,fever_dep_00632
fever:9533,fever_dep_00620
fever:110059,fever_dep_00535
fever:143500,fever_dep_00996
fever:86752,fever_dep_00664
fever:153432,fever_dep_00620
fever:92644,fever_dep_01017
fever:227116,fever_dep_00830
fever:20783,fever_dep_00699
fever:76348,fever_dep_00707
fever:64666,fever_dep_00594
fever:9859,fever_dep_00610
fever:7546,fever_dep_00578
fever:194245,fever_dep_00983
fever:5781,fever_dep_00928
fever:97045,fever_dep_00890
fever:201576,fever_dep_00947
fever:93802,fever_dep_00757
fever:107287,fever_dep_00165
fever:47605,fever_dep_00157
fever:141749,fever_dep_00902
fever:194242,fever_dep_00983
fever:195219,fever_dep_00541
fever:143157,fever_dep_00984
fever:115518,fever_dep_00829
fever:121902,fever_dep_00563
fever:33214,fever_dep_00865
fever:147526,fever_dep_00818
fever:143686,fever_dep_00925
fever:86095,fever_dep_00113
fever:118057,fever_dep_00603
fever:183937,fever_dep_00751
fever:80112,fever_dep_01020
fever:89163,fever_dep_00534
fever:70932,fever_dep_00196
fever:171904,fever_dep_00912
fever:11449,fever_dep_00969
fever:52103,fever_dep_00668
fever:125763,fever_dep_00581
fever:87809,fever_dep_00560
fever:121683,fever_dep_00818
fever:49498,fever_dep_00752
fever:21483,fever_dep_01023
fever:147781,fever_dep_00548
fever:171500,fever_dep_00663
fever:188639,fever_dep_00217
fever:142765,fever_dep_00836
fever:198082,fever_dep_00844
fever:154307,fever_dep_00585
fever:160899,fever_dep_00930
fever:158654,fever_dep_00813
fever:181271,fever_dep_00867
fever:174871,fever_dep_00217
fever:112842,fever_dep_00765
fever:41290,fever_dep_00634
fever:199676,fever_dep_00892
fever:79366,fever_dep_01024
fever:30178,fever_dep_00255
fever:18031,fever_dep_00683
fever:222650,fever_dep_00730
fever:89633,fever_dep_01004
fever:124819,fever_dep_00567
fever:175435,fever_dep_00530
fever:195943,fever_dep_00739
fever:9348,fever_dep_00509
fever:64874,fever_dep_00877
fever:45806,fever_dep_01016
fever:75401,fever_dep_00974
fever:147352,fever_dep_00765
fever:54191,fever_dep_00554
fever:15827,fever_dep_00217
fever:118603,fever_dep_00735
fever:223273,fever_dep_00601
fever:17616,fever_dep_00809
fever:182044,fever_dep_00840
fever:47786,fever_dep_00084
fever:154228,fever_dep_00561
fever:143283,fever_dep_00644
fever:5418,fever_dep_01000
fever:57080,fever_dep_00683
fever:115244,fever_dep_00525
fever:108618,fever_dep_00084
fever:72756,fever_dep_00699
fever:188581,fever_dep_00733
fever:19902,fever_dep_00744
fever:20563,fever_dep_00710
fever:45725,fever_dep_01008
fever:65864,fever_dep_00675
fever:86897,fever_dep_00992
fever:70115,fever_dep_00685
fever:45515,fever_dep_01025
fever:88164,fever_dep_01005
fever:16721,fever_dep_00939
fever:28048,fever_dep_00688
fever:33313,fever_dep_00658
fever:48815,fever_dep_01015
fever:177488,fever_dep_00784
fever:79613,fever_dep_00558
fever:118943,fever_dep_00349
fever:201602,fever_dep_00947
fever:224122,fever_dep_00625
fever:141535,fever_dep_00524
fever:190081,fever_dep_01026
fever:177837,fever_dep_00010
fever:69783,fever_dep_00624
fever:113361,fever_dep_00255
fever:42041,fever_dep_00061
fever:71848,fever_dep_00928
fever:176628,fever_dep_00581
fever:169333,fever_dep_00749
fever:183918,fever_dep_00751
fever:222765,fever_dep_00868
fever:13830,fever_dep_00786
fever:8065,fever_dep_00665
fever:168075,fever_dep_00652
fever:227101,fever_dep_00830
fever:164403,fever_dep_00697
fever:175867,fever_dep_00384
fever:54606,fever_dep_00746
fever:23943,fever_dep_00893
fever:124472,fever_dep_00648
fever:162841,fever_dep_00690
fever:179089,fever_dep_00782
fever:206441,fever_dep_00888
fever:220251,fever_dep_00767
fever:108663,fever_dep_00987
fever:123447,fever_dep_00948
fever:45574,fever_dep_00948
fever:94733,fever_dep_00797
fever:83795,fever_dep_00771
fever:26281,fever_dep_00787
fever:93307,fever_dep_00217
fever:145617,fever_dep_00961
fever:221131,fever_dep_00576
fever:15389,fever_dep_00738
fever:182033,fever_dep_00840
fever:206022,fever_dep_00549
fever:137038,fever_dep_00593
fever:164506,fever_dep_00933
fever:154940,fever_dep_00752
fever:126747,fever_dep_00801
fever:86131,fever_dep_00648
fever:94159,fever_dep_00567
fever:172716,fever_dep_00657
fever:93300,fever_dep_00975
fever:179819,fever_dep_00527
fever:35009,fever_dep_00534
fever:73974,fever_dep_00515
fever:19193,fever_dep_00865
fever:107413,fever_dep_00722
fever:32595,fever_dep_00627
fever:42052,fever_dep_00278
fever:16507,fever_dep_00992
fever:94116,fever_dep_00695
fever:159331,fever_dep_00664
fever:101883,fever_dep_00930
fever:133910,fever_dep_00953
fever:29675,fever_dep_00948
fever:228694,fever_dep_00683
fever:202298,fever_dep_00510
fever:215267,fever_dep_00496
fever:82367,fever_dep_00820
fever:78660,fever_dep_00539
fever:26687,fever_dep_00692
fever:192199,fever_dep_00851
fever:2531,fever_dep_00612
fever:127659,fever_dep_00831
fever:147158,fever_dep_00147
fever:145938,fever_dep_00583
fever:164092,fever_dep_00875
fever:102797,fever_dep_00597
fever:30638,fever_dep_00686
fever:144506,fever_dep_00264
fever:135910,fever_dep_00713
fever:140443,fever_dep_00644
fever:108525,fever_dep_00958
fever:189711,fever_dep_00842
fever:112222,fever_dep_00938
fever:73880,fever_dep_00898
fever:212055,fever_dep_00723
fever:105383,fever_dep_00036
fever:157597,fever_dep_00061
fever:13239,fever_dep_01027
fever:7728,fever_dep_00654
fever:142631,fever_dep_00928
fever:221240,fever_dep_00884
fever:71722,fever_dep_00816
fever:89450,fever_dep_00255
fever:192193,fever_dep_00851
fever:156102,fever_dep_00524
fever:119528,fever_dep_00982
fever:28270,fever_dep_00583
fever:208917,fever_dep_00393
fever:98606,fever_dep_01016
fever:123236,fever_dep_00807
fever:206436,fever_dep_00888
fever:7702,fever_dep_00792
fever:4806,fever_dep_00861
fever:148180,fever_dep_00895
fever:160053,fever_dep_00847
fever:223205,fever_dep_00762
fever:216186,fever_dep_00874
fever:166936,fever_dep_00913
fever:15979,fever_dep_00743
fever:101638,fever_dep_00744
fever:83955,fever_dep_00217
fever:91798,fever_dep_00648
fever:93416,fever_dep_00974
fever:160379,fever_dep_00927
fever:128709,fever_dep_01028
fever:27715,fever_dep_00941
fever:25131,fever_dep_00993
fever:175436,fever_dep_00530
fever:147304,fever_dep_00855
fever:33796,fever_dep_00591
fever:183935,fever_dep_00751
fever:82624,fever_dep_00928
fever:206994,fever_dep_00057
fever:87414,fever_dep_00563
fever:96817,fever_dep_00939
fever:103833,fever_dep_00812
fever:150366,fever_dep_00944
fever:160058,fever_dep_00847
fever:7963,fever_dep_00616
fever:135519,fever_dep_00787
fever:201438,fever_dep_00990
fever:146582,fever_dep_00845
fever:163815,fever_dep_00508
fever:188131,fever_dep_00986
fever:76615,fever_dep_00680
fever:77576,fever_dep_00015
fever:128843,fever_dep_00886
fever:33982,fever_dep_00841
fever:80013,fever_dep_00802
fever:121817,fever_dep_00203
fever:58423,fever_dep_00600
fever:202303,fever_dep_00510
fever:148164,fever_dep_00871
fever:10654,fever_dep_00617
fever:47885,fever_dep_00848
fever:179103,fever_dep_00782
fever:156560,fever_dep_00658
fever:221244,fever_dep_00884
fever:9842,fever_dep_00698
fever:177524,fever_dep_00817
fever:194882,fever_dep_00931
fever:95222,fever_dep_00998
fever:102297,fever_dep_00970
fever:219173,fever_dep_00564
fever:129463,fever_dep_01029
fever:216179,fever_dep_00874
fever:128027,fever_dep_00684
fever:81912,fever_dep_00934
fever:11091,fever_dep_00654
fever:113944,fever_dep_00699
fever:120026,fever_dep_00856
fever:161911,fever_dep_00863
fever:11352,fever_dep_00685
fever:164888,fever_dep_00514
fever:177842,fever_dep_00010
fever:188641,fever_dep_00217
fever:162035,fever_dep_00745
fever:80532,fever_dep_00716
fever:28918,fever_dep_00993
fever:67404,fever_dep_00693
fever:84907,fever_dep_00522
fever:100795,fever_dep_00255
fever:125024,fever_dep_00877
fever:59979,fever_dep_00518
fever:163795,fever_dep_00508
fever:60763,fever_dep_00825
fever:228568,fever_dep_00954
fever:142839,fever_dep_00670
fever:47525,fever_dep_00957
fever:167170,fever_dep_00531
fever:77046,fever_dep_00799
fever:198065,fever_dep_00844
fever:116801,fever_dep_01029
fever:49512,fever_dep_00972
fever:5092,fever_dep_00864
fever:40859,fever_dep_00671
fever:142942,fever_dep_00841
fever:2984,fever_dep_00008
fever:54111,fever_dep_00614
fever:173051,fever_dep_00623
fever:143205,fever_dep_00217
fever:34521,fever_dep_01011
fever:105401,fever_dep_00734
fever:122391,fever_dep_01030
fever:3159,fever_dep_00923
fever:191660,fever_dep_01031
fever:53147,fever_dep_01030
fever:35702,fever_dep_00849
fever:182679,fever_dep_00632
fever:27294,fever_dep_00805
fever:102745,fever_dep_00873
fever:3585,fever_dep_00713
fever:79731,fever_dep_00597
fever:159322,fever_dep_00664
fever:195243,fever_dep_00541
fever:64590,fever_dep_00529
fever:227096,fever_dep_00830
fever:226848,fever_dep_00760
fever:116604,fever_dep_00522
fever:31958,fever_dep_00628
fever:27439,fever_dep_00929
fever:192043,fever_dep_00709
fever:90615,fever_dep_00996
fever:164060,fever_dep_00835
fever:218105,fever_dep_00732
fever:12015,fever_dep_00795
fever:39793,fever_dep_00752
fever:133234,fever_dep_00639
fever:88459,fever_dep_00617
fever:5111,fever_dep_00127
fever:136840,fever_dep_00703
fever:185991,fever_dep_00101
fever:179816,fever_dep_00527
fever:74507,fever_dep_00563
fever:102540,fever_dep_00696
fever:4423,fever_dep_00887
fever:125930,fever_dep_00998
fever:13560,fever_dep_00829
fever:179087,fever_dep_00782
fever:122095,fever_dep_00655
fever:105134,fever_dep_00996
fever:15773,fever_dep_00704
fever:2043,fever_dep_00061
fever:205004,fever_dep_00869
fever:128268,fever_dep_00786
fever:10655,fever_dep_00617
fever:113422,fever_dep_00993
fever:76076,fever_dep_00987
fever:78794,fever_dep_00746
fever:42643,fever_dep_00678
fever:151374,fever_dep_00678
fever:108598,fever_dep_00611
fever:195144,fever_dep_00565
fever:55152,fever_dep_00698
fever:97554,fever_dep_00666
fever:192045,fever_dep_00709
fever:155899,fever_dep_00228
fever:130027,fever_dep_01010
fever:18397,fever_dep_00708
fever:209101,fever_dep_00552
fever:125292,fever_dep_00217
fever:57433,fever_dep_00608
fever:14800,fever_dep_00574
fever:138887,fever_dep_00146
fever:29064,fever_dep_00595
fever:99213,fever_dep_00725
fever:128005,fever_dep_00849
fever:137159,fever_dep_00522
fever:173613,fever_dep_00903
fever:75033,fever_dep_00742
fever:57375,fever_dep_00036
fever:28892,fever_dep_00695
fever:195139,fever_dep_00565
fever:26948,fever_dep_00819
fever:83954,fever_dep_00217
fever:152219,fever_dep_00850
fever:108115,fever_dep_00649
fever:164414,fever_dep_00697
fever:101176,fever_dep_00659
fever:36171,fever_dep_00728
fever:38695,fever_dep_00520
fever:106615,fever_dep_00966
fever:85881,fever_dep_00609
fever:26919,fever_dep_00569
fever:156977,fever_dep_00895
fever:225266,fever_dep_00217
fever:87320,fever_dep_01012
fever:172710,fever_dep_00657
fever:195149,fever_dep_00565
fever:53852,fever_dep_00996
fever:34249,fever_dep_00599
fever:116148,fever_dep_00929
fever:194758,fever_dep_00897
fever:67003,fever_dep_00865
fever:103116,fever_dep_00567
fever:50517,fever_dep_00924
fever:76181,fever_dep_00993
fever:124881,fever_dep_00887
fever:204305,fever_dep_00985
fever:208910,fever_dep_00393
fever:39480,fever_dep_01008
fever:135684,fever_dep_00590
fever:86394,fever_dep_00755
fever:107600,fever_dep_00544
fever:43170,fever_dep_00900
fever:199263,fever_dep_00434
fever:188141,fever_dep_00986
fever:198434,fever_dep_00997
fever:46754,fever_dep_00871
fever:194261,fever_dep_00983
fever:153808,fever_dep_00902
fever:87326,fever_dep_00125
fever:153998,fever_dep_00612
fever:224568,fever_dep_00794
fever:151880,fever_dep_00877
fever:188572,fever_dep_00733
fever:31138,fever_dep_00668
fever:37802,fever_dep_00831
fever:140399,fever_dep_00684
fever:112906,fever_dep_00528
fever:222741,fever_dep_00868
fever:87563,fever_dep_01006
fever:68784,fever_dep_00971
fever:134828,fever_dep_00654
fever:140462,fever_dep_00642
fever:186004,fever_dep_00101
fever:92352,fever_dep_00993
fever:22620,fever_dep_00968
fever:155035,fever_dep_00646
fever:150357,fever_dep_00255
fever:78289,fever_dep_01008
fever:98315,fever_dep_00604
fever:24495,fever_dep_00217
fever:169322,fever_dep_00749
fever:96644,fever_dep_00725
fever:60002,fever_dep_00820
fever:208903,fever_dep_00393
fever:58585,fever_dep_00795
fever:188576,fever_dep_00733
fever:171512,fever_dep_00663
fever:209103,fever_dep_00552
fever:208901,fever_dep_00393
fever:82751,fever_dep_00526
fever:75013,fever_dep_00914
fever:74325,fever_dep_00820
fever:103665,fever_dep_00563
fever:214784,fever_dep_00605
fever:63950,fever_dep_00524
fever:204551,fever_dep_00513
fever:152054,fever_dep_00866
fever:89804,fever_dep_00146
fever:121936,fever_dep_00677
fever:156157,fever_dep_00752
fever:29228,fever_dep_00661
fever:119126,fever_dep_00649
fever:79461,fever_dep_01013
fever:97957,fever_dep_00127
fever:21189,fever_dep_00554
fever:9643,fever_dep_00905
fever:105437,fever_dep_00823
fever:212218,fever_dep_00147
fever:76010,fever_dep_00993
fever:126818,fever_dep_00708
fever:98087,fever_dep_00963
fever:44381,fever_dep_00532
fever:47228,fever_dep_00826
fever:222161,fever_dep_00999
fever:151963,fever_dep_01032
fever:62457,fever_dep_00865
fever:121847,fever_dep_00665
fever:3348,fever_dep_00641
fever:44361,fever_dep_00615
fever:65634,fever_dep_00845
fever:191881,fever_dep_01007
fever:35416,fever_dep_00691
fever:18497,fever_dep_00542
fever:51351,fever_dep_00725
fever:174628,fever_dep_00821
fever:27148,fever_dep_00793
fever:120060,fever_dep_01018
fever:119558,fever_dep_00882
fever:224572,fever_dep_00794
fever:102600,fever_dep_00609
fever:16376,fever_dep_00853
fever:75217,fever_dep_00518
fever:7782,fever_dep_00898
fever:97307,fever_dep_00849
fever:217379,fever_dep_00940
fever:182933,fever_dep_00584
fever:139330,fever_dep_00834
fever:114620,fever_dep_00008
fever:228693,fever_dep_00683
fever:8403,fever_dep_00535
fever:141271,fever_dep_00724
fever:96128,fever_dep_00743
fever:14610,fever_dep_00221
fever:96740,fever_dep_00753
fever:102986,fever_dep_00717
fever:86738,fever_dep_00594
fever:39801,fever_dep_00797
fever:127777,fever_dep_00970
fever:9868,fever_dep_00569
fever:80487,fever_dep_00629
fever:46959,fever_dep_00715
fever:96344,fever_dep_00705
fever:12682,fever_dep_00061
fever:9915,fever_dep_00577
fever:1917,fever_dep_00607
fever:192584,fever_dep_00960
fever:49413,fever_dep_00613
fever:78652,fever_dep_00146
fever:207001,fever_dep_00057
fever:11090,fever_dep_00654
fever:174514,fever_dep_00815
fever:92824,fever_dep_00617
fever:53751,fever_dep_00743
fever:201600,fever_dep_00947
fever:151157,fever_dep_00591
fever:63316,fever_dep_00684
fever:25995,fever_dep_00260
fever:221237,fever_dep_00884
fever:225804,fever_dep_00598
fever:13929,fever_dep_00147
fever:107035,fever_dep_00862
fever:158909,fever_dep_00909
fever:68027,fever_dep_00924
fever:128497,fever_dep_00644
fever:60342,fever_dep_00268
fever:89174,fever_dep_00734
fever:24311,fever_dep_00984
fever:37326,fever_dep_00996
fever:146055,fever_dep_00906
fever:169326,fever_dep_00749
fever:171901,fever_dep_00912
fever:73261,fever_dep_00561
fever:30609,fever_dep_00758
fever:17399,fever_dep_00644
fever:212244,fever_dep_00147
fever:16508,fever_dep_00992
fever:137370,fever_dep_00743
fever:117001,fever_dep_00655
fever:975,fever_dep_00187
fever:48707,fever_dep_00899
fever:60756,fever_dep_00618
fever:227112,fever_dep_00830
fever:116789,fever_dep_00911
fever:55239,fever_dep_00655
fever:178892,fever_dep_00732
fever:126962,fever_dep_00694
fever:151425,fever_dep_00717
fever:71100,fever_dep_00820
fever:162201,fever_dep_00546
fever:217111,fever_dep_00766
fever:158912,fever_dep_00909
fever:107583,fever_dep_00775
fever:166931,fever_dep_00913
fever:160595,fever_dep_00673
fever:76692,fever_dep_00785
fever:226445,fever_dep_00619
fever:214974,fever_dep_00981
fever:224134,fever_dep_00625
fever:13868,fever_dep_00608
fever:162213,fever_dep_00546
fever:188142,fever_dep_00986
fever:50529,fever_dep_00902
fever:64770,fever_dep_00125
fever:92447,fever_dep_00838
fever:205133,fever_dep_00917
fever:48755,fever_dep_00542
fever:1709,fever_dep_00778
fever:81460,fever_dep_00544
fever:118481,fever_dep_00515
fever:187565,fever_dep_00737
fever:93739,fever_dep_00951
fever:4986,fever_dep_00728
fever:74753,fever_dep_00260
fever:62835,fever_dep_00822
fever:74475,fever_dep_00715
fever:78264,fever_dep_01018
fever:88352,fever_dep_00558
fever:70074,fever_dep_00651
fever:199681,fever_dep_00892
fever:27809,fever_dep_00870
fever:164897,fever_dep_00514
fever:6497,fever_dep_00536
fever:119132,fever_dep_00972
fever:125989,fever_dep_00670
fever:159324,fever_dep_00664
fever:104747,fever_dep_00857
fever:43171,fever_dep_00900
fever:105049,fever_dep_00883
fever:164045,fever_dep_00835
fever:226843,fever_dep_00760
fever:135159,fever_dep_00872
fever:88425,fever_dep_00661
fever:47250,fever_dep_00603
fever:45812,fever_dep_01028
fever:4716,fever_dep_00540
fever:168631,fever_dep_00010
fever:76455,fever_dep_00591
fever:42209,fever_dep_00977
fever:8870,fever_dep_00878
fever:29112,fever_dep_00819
fever:7744,fever_dep_00534
fever:47765,fever_dep_00942
fever:85062,fever_dep_00708
fever:120242,fever_dep_00651
fever:12119,fever_dep_00255
fever:7436,fever_dep_00597
fever:172704,fever_dep_00657
fever:94344,fever_dep_00700
fever:181270,fever_dep_00867
fever:31676,fever_dep_00629
fever:40528,fever_dep_00642
fever:57557,fever_dep_00729
fever:12450,fever_dep_00834
fever:151510,fever_dep_00538
fever:140051,fever_dep_00991
fever:42385,fever_dep_00146
fever:47711,fever_dep_00609
fever:1989,fever_dep_00946
fever:95601,fever_dep_00646
fever:126740,fever_dep_00829
fever:41764,fever_dep_00772
fever:223489,fever_dep_00989
fever:33314,fever_dep_00658
fever:69640,fever_dep_00856
fever:154767,fever_dep_00791
fever:166918,fever_dep_00913
fever:10117,fever_dep_00595
fever:177973,fever_dep_00750
fever:90098,fever_dep_00522
fever:212211,fever_dep_00147
fever:29361,fever_dep_00705
fever:194451,fever_dep_00384
fever:33844,fever_dep_01017
fever:161195,fever_dep_00673
fever:160984,fever_dep_00927
fever:44703,fever_dep_00798
fever:192040,fever_dep_00709
fever:117495,fever_dep_00036
fever:154812,fever_dep_00705
fever:79429,fever_dep_00577
fever:15899,fever_dep_00941
fever:52121,fever_dep_00563
fever:152682,fever_dep_00578
fever:187577,fever_dep_00737
fever:225262,fever_dep_00217
fever:81304,fever_dep_00973
fever:61817,fever_dep_00768
fever:33573,fever_dep_00924
fever:93455,fever_dep_00125
fever:135311,fever_dep_00563
fever:58175,fever_dep_00523
fever:130998,fever_dep_00836
fever:126568,fever_dep_00910
fever:13882,fever_dep_00217
fever:41821,fever_dep_01025
fever:32959,fever_dep_00529
fever:110925,fever_dep_00856
fever:201574,fever_dep_00947
fever:125803,fever_dep_00519
fever:185172,fever_dep_00637
fever:43697,fever_dep_00736
fever:58968,fever_dep_00799
fever:115799,fever_dep_00545
fever:24885,fever_dep_00084
fever:11146,fever_dep_00586
fever:23212,fever_dep_00974
fever:204566,fever_dep_00513
fever:88172,fever_dep_00555
fever:68000,fever_dep_00995
fever:12948,fever_dep_00640
fever:162752,fever_dep_01033
fever:151264,fever_dep_00854
fever:7032,fever_dep_00740
fever:195208,fever_dep_00541
fever:9267,fever_dep_00872
fever:76904,fever_dep_00165
fever:64943,fever_dep_00577
fever:51262,fever_dep_00788
fever:67721,fever_dep_00349
fever:81405,fever_dep_00728
fever:111717,fever_dep_00752
fever:150636,fever_dep_00666
fever:55978,fever_dep_00554
fever:172300,fever_dep_01001
fever:88345,fever_dep_01010
fever:205106,fever_dep_00917
fever:147435,fever_dep_00596
fever:29530,fever_dep_00758
fever:38904,fever_dep_00590
fever:38599,fever_dep_00693
fever:81540,fever_dep_00924
fever:54105,fever_dep_00721
fever:174900,fever_dep_00217
fever:83530,fever_dep_00670
fever:81385,fever_dep_00923
fever:169997,fever_dep_00761
fever:169578,fever_dep_01005
fever:21858,fever_dep_00642
fever:155930,fever_dep_00536
fever:73351,fever_dep_00642
fever:106498,fever_dep_00894
fever:66406,fever_dep_00994
fever:32781,fever_dep_01024
fever:115305,fever_dep_00993
fever:94247,fever_dep_00582
fever:50789,fever_dep_00769
fever:148798,fever_dep_00646
fever:51777,fever_dep_01004
fever:34357,fever_dep_00534
fever:161151,fever_dep_00217
fever:202729,fever_dep_00860
fever:89322,fever_dep_00597
fever:58317,fever_dep_00642
fever:150565,fever_dep_00900
fever:182931,fever_dep_00584
fever:71099,fever_dep_00971
fever:110357,fever_dep_00268
fever:52040,fever_dep_00648
fever:85175,fever_dep_00907
fever:109246,fever_dep_00807
fever:131268,fever_dep_01011
fever:5324,fever_dep_00607
fever:174991,fever_dep_00580
fever:172701,fever_dep_00657
fever:3794,fever_dep_00602
fever:143847,fever_dep_00850
fever:183487,fever_dep_00852
fever:13085,fever_dep_00724
fever:137453,fever_dep_00481
fever:172326,fever_dep_01001
fever:70840,fever_dep_00265
fever:120133,fever_dep_00826
fever:963,fever_dep_00774
fever:7794,fever_dep_00686
fever:128967,fever_dep_00824
fever:88385,fever_dep_00613
fever:90355,fever_dep_00611
fever:168935,fever_dep_00645
fever:116565,fever_dep_00717
fever:22725,fever_dep_00515
fever:160060,fever_dep_00847
fever:158190,fever_dep_00846
fever:193532,fever_dep_00827
fever:224136,fever_dep_00625
fever:197661,fever_dep_00669
fever:10689,fever_dep_00753
fever:33574,fever_dep_00924
fever:61089,fever_dep_00146
fever:185173,fever_dep_00637
fever:217018,fever_dep_01019
fever:1748,fever_dep_00849
fever:61302,fever_dep_00945
fever:1577,fever_dep_00533
fever:127808,fever_dep_00828
fever:46310,fever_dep_00743
fever:192587,fever_dep_00960
fever:147627,fever_dep_00567
fever:60775,fever_dep_00221
fever:198084,fever_dep_00844
fever:20569,fever_dep_00061
fever:55233,fever_dep_00644
fever:96271,fever_dep_00798
fever:169993,fever_dep_00761
fever:35754,fever_dep_00630
fever:35271,fever_dep_00703
fever:143417,fever_dep_00853
fever:122207,fever_dep_00593
fever:148642,fever_dep_00255
fever:42350,fever_dep_01021
fever:203058,fever_dep_00811
fever:119687,fever_dep_00878
fever:71516,fever_dep_00891
fever:192029,fever_dep_00709
fever:137384,fever_dep_00901
fever:223202,fever_dep_00762
fever:12016,fever_dep_00795
fever:53076,fever_dep_00806
fever:4499,fever_dep_00905
fever:17333,fever_dep_00752
fever:92922,fever_dep_00563
fever:29365,fever_dep_00349
fever:31131,fever_dep_00683
fever:98622,fever_dep_00701
fever:33605,fever_dep_00635
fever:224114,fever_dep_00625
fever:15941,fever_dep_00554
fever:181262,fever_dep_00867
fever:143515,fever_dep_00609
fever:65331,fever_dep_00822
fever:148036,fever_dep_00708
fever:188987,fever_dep_00783
fever:177978,fever_dep_00750
fever:167161,fever_dep_00531
fever:170104,fever_dep_00777
fever:72586,fever_dep_00944
fever:118272,fever_dep_00676
fever:149448,fever_dep_00799
fever:194260,fever_dep_00983
fever:103757,fever_dep_00511
fever:157190,fever_dep_00635
fever:87187,fever_dep_00820
fever:137173,fever_dep_00255
fever:222174,fever_dep_00999
fever:92638,fever_dep_00203
fever:86013,fever_dep_00899
fever:160525,fever_dep_00217
fever:147255,fever_dep_00642
fever:97025,fever_dep_00649
fever:93864,fever_dep_00146
fever:48411,fever_dep_01000
fever:90392,fever_dep_00837
fever:25642,fever_dep_00796
fever:10261,fever_dep_00854
fever:80621,fever_dep_00755
fever:163820,fever_dep_01003
fever:226454,fever_dep_00619
fever:156057,fever_dep_00752
fever:93998,fever_dep_00995
fever:188136,fever_dep_00986
fever:124986,fever_dep_00577
fever:165702,fever_dep_00922
fever:95518,fever_dep_00686
fever:113343,fever_dep_00979
fever:142129,fever_dep_00736
fever:133564,fever_dep_00775
fever:23497,fever_dep_00559
fever:139429,fever_dep_00999
fever:32987,fever_dep_00255
fever:47847,fever_dep_00567
fever:223203,fever_dep_00762
fever:158644,fever_dep_00813
fever:108510,fever_dep_00778
fever:78778,fever_dep_00608
fever:161,fever_dep_00701
fever:97693,fever_dep_00725
fever:220239,fever_dep_00767
fever:198899,fever_dep_00955
fever:182035,fever_dep_00840
fever:3086,fever_dep_00996
fever:116278,fever_dep_00925
fever:79956,fever_dep_00260
fever:178210,fever_dep_00547
fever:155725,fever_dep_00523
fever:4251,fever_dep_00575
fever:149418,fever_dep_00687
fever:94383,fever_dep_00855
fever:28593,fever_dep_00634
fever:66610,fever_dep_00966
fever:140612,fever_dep_00524
fever:38931,fever_dep_00061
fever:154917,fever_dep_00921
fever:39452,fever_dep_00771
fever:187572,fever_dep_00737
fever:170005,fever_dep_00761
fever:154984,fever_dep_00895
fever:127015,fever_dep_00264
fever:1093,fever_dep_00841
fever:46583,fever_dep_00846
fever:69536,fever_dep_01034
fever:88977,fever_dep_00113
fever:148830,fever_dep_00519
fever:10450,fever_dep_00837
fever:68623,fever_dep_00621
fever:144715,fever_dep_00646
fever:194231,fever_dep_00880
fever:123826,fever_dep_00932
fever:103234,fever_dep_00721
fever:28337,fever_dep_00538
fever:38671,fever_dep_00819
fever:164881,fever_dep_00514
fever:64699,fever_dep_00967
fever:54410,fever_dep_00649
fever:57850,fever_dep_00680
fever:8888,fever_dep_00694
fever:59602,fever_dep_00061
fever:174987,fever_dep_00580
fever:183463,fever_dep_00588
fever:42583,fever_dep_00638
fever:56342,fever_dep_00203
fever:45349,fever_dep_00217
fever:18507,fever_dep_00705
fever:110133,fever_dep_01020
fever:178213,fever_dep_00547
fever:144418,fever_dep_00861
fever:100659,fever_dep_00266
fever:94861,fever_dep_00440
fever:125982,fever_dep_00849
fever:61695,fever_dep_00904
fever:129439,fever_dep_00724
fever:38922,fever_dep_00644
fever:226451,fever_dep_00619
fever:215283,fever_dep_00496
fever:223295,fever_dep_00601
fever:191654,fever_dep_01031
fever:57842,fever_dep_01034
fever:1139,fever_dep_00956
fever:12421,fever_dep_00956
fever:113127,fever_dep_00797
fever:45685,fever_dep_00575
fever:187388,fever_dep_00822
fever:158265,fever_dep_00740
fever:11369,fever_dep_00036
fever:88082,fever_dep_00992
fever:67277,fever_dep_00676
fever:35031,fever_dep_01032
fever:73102,fever_dep_00658
fever:98578,fever_dep_00651
fever:79123,fever_dep_00872
fever:94017,fever_dep_00859
fever:16809,fever_dep_01015
fever:182908,fever_dep_00584
fever:195502,fever_dep_00754
fever:194753,fever_dep_00897
fever:173614,fever_dep_00903
fever:90085,fever_dep_00819
fever:60344,fever_dep_00971
fever:84274,fever_dep_00278
fever:156117,fever_dep_00586
fever:173655,fever_dep_00747
fever:217170,fever_dep_00803
fever:128406,fever_dep_00517
fever:75702,fever_dep_00662
fever:185192,fever_dep_00637
fever:327,fever_dep_00268
fever:18295,fever_dep_00608
fever:153831,fever_dep_00561
fever:108201,fever_dep_00802
fever:195925,fever_dep_00739
fever:114523,fever_dep_00816
fever:5598,fever_dep_00084
fever:168929,fever_dep_00645
fever:137665,fever_dep_00590
fever:139563,fever_dep_00600
fever:34764,fever_dep_00975
fever:225800,fever_dep_00598
fever:7026,fever_dep_00866
fever:12178,fever_dep_00855
fever:21958,fever_dep_00832
fever:148244,fever_dep_00639
fever:29289,fever_dep_00725
fever:146935,fever_dep_00946
fever:192776,fever_dep_00980
fever:23261,fever_dep_00738
fever:11184,fever_dep_00221
fever:183915,fever_dep_00751
fever:49458,fever_dep_00265
fever:191884,fever_dep_01007
fever:4738,fever_dep_00609
fever:73956,fever_dep_00539
fever:85600,fever_dep_00125
fever:29705,fever_dep_00675
fever:114360,fever_dep_00539
fever:103545,fever_dep_00696
fever:207003,fever_dep_00057
fever:14431,fever_dep_00725
fever:65007,fever_dep_00563
fever:10814,fever_dep_00943
fever:194241,fever_dep_00880
fever:222171,fever_dep_00999
fever:5653,fever_dep_00590
fever:169915,fever_dep_00571
fever:216781,fever_dep_00714
fever:205063,fever_dep_00679
fever:51441,fever_dep_00349
fever:29257,fever_dep_00808
fever:91371,fever_dep_00891
fever:169931,fever_dep_00571
fever:167174,fever_dep_00531
fever:134612,fever_dep_01013
fever:3087,fever_dep_00996
fever:211026,fever_dep_00543
fever:211013,fever_dep_00543
fever:127894,fever_dep_00512
fever:215862,fever_dep_00800
fever:14430,fever_dep_00725
fever:121251,fever_dep_00845
fever:71947,fever_dep_00781
fever:192021,fever_dep_00883
fever:211863,fever_dep_00896
fever:26550,fever_dep_00901
fever:172713,fever_dep_00657
fever:45447,fever_dep_00621
fever:221249,fever_dep_00884
fever:192751,fever_dep_00207
fever:75759,fever_dep_00919
fever:32233,fever_dep_00187
fever:101017,fever_dep_00968
fever:117351,fever_dep_00307
fever:168922,fever_dep_00645
fever:205125,fever_dep_00917
fever:80186,fever_dep_00524
fever:86890,fever_dep_00778
fever:33740,fever_dep_00608
fever:94382,fever_dep_00855
fever:110599,fever_dep_00700
fever:106387,fever_dep_00515
fever:131174,fever_dep_00725
fever:175865,fever_dep_00384
fever:141632,fever_dep_00673
fever:89730,fever_dep_00914
fever:224127,fever_dep_00625
fever:20782,fever_dep_00699
fever:143264,fever_dep_01016
fever:170004,fever_dep_00761
fever:178898,fever_dep_00732
fever:35030,fever_dep_01032
fever:110011,fever_dep_00570
fever:120866,fever_dep_00084
fever:216777,fever_dep_00714
fever:59489,fever_dep_00828
fever:127876,fever_dep_00819
fever:100245,fever_dep_01000
fever:175876,fever_dep_00384
fever:197633,fever_dep_00669
fever:114640,fever_dep_00843
fever:128870,fever_dep_00255
fever:79610,fever_dep_00898
fever:227103,fever_dep_00830
fever:101014,fever_dep_00716
fever:976,fever_dep_00187
fever:125317,fever_dep_00634
fever:170000,fever_dep_00761
fever:86474,fever_dep_00586
fever:56261,fever_dep_00545
fever:39399,fever_dep_00481
fever:187574,fever_dep_00737
fever:3638,fever_dep_00748
fever:8574,fever_dep_00615
fever:207010,fever_dep_00057
fever:150693,fever_dep_00550
fever:7761,fever_dep_00701
fever:158903,fever_dep_00909
fever:54761,fever_dep_00752
fever:228070,fever_dep_01002
fever:47222,fever_dep_00934
fever:7265,fever_dep_00642
fever:179825,fever_dep_00527
fever:12372,fever_dep_00861
fever:155173,fever_dep_00816
fever:220989,fever_dep_00763
fever:90733,fever_dep_00732
fever:146361,fever_dep_00769
fever:214985,fever_dep_00981
fever:224562,fever_dep_00794
fever:158124,fever_dep_00935
fever:12467,fever_dep_00642
fever:146225,fever_dep_00653
fever:131540,fever_dep_00611
fever:145784,fever_dep_00515
fever:119493,fever_dep_01035
fever:99942,fever_dep_00970
fever:205070,fever_dep_00679
fever:48209,fever_dep_00872
fever:99740,fever_dep_00838
fever:105256,fever_dep_00536
fever:221129,fever_dep_00576
fever:173598,fever_dep_00903
fever:112454,fever_dep_00649
fever:220969,fever_dep_00763
fever:83,fever_dep_00859
fever:98866,fever_dep_00941
fever:4267,fever_dep_00278
fever:220466,fever_dep_00814
fever:152984,fever_dep_00822
fever:136976,fever_dep_00797
fever:168083,fever_dep_00652
fever:29229,fever_dep_00661
fever:13210,fever_dep_01018
fever:202308,fever_dep_00510
fever:183507,fever_dep_00852
fever:28496,fever_dep_00614
fever:175880,fever_dep_00384
fever:47723,fever_dep_00808
fever:1370,fever_dep_00921
fever:145491,fever_dep_00781
fever:174974,fever_dep_00580
fever:192592,fever_dep_00960
fever:175444,fever_dep_00530
fever:37675,fever_dep_00728
fever:160593,fever_dep_00187
fever:4091,fever_dep_00816
fever:83509,fever_dep_01036
fever:156098,fever_dep_00574
fever:69878,fever_dep_00671
fever:145012,fever_dep_01028
fever:224573,fever_dep_00794
fever:131309,fever_dep_00841
fever:161915,fever_dep_00863
fever:161903,fever_dep_00863
fever:71153,fever_dep_00705
fever:146348,fever_dep_00278
fever:34064,fever_dep_00635
fever:224557,fever_dep_00794
fever:183453,fever_dep_00588
fever:122351,fever_dep_00602
fever:111285,fever_dep_00542
fever:174978,fever_dep_00580
fever:147344,fever_dep_00651
fever:107833,fever_dep_00061
fever:216192,fever_dep_00874
fever:20954,fever_dep_00977
fever:14820,fever_dep_00877
fever:202752,fever_dep_00860
fever:148882,fever_dep_00970
fever:222721,fever_dep_00789
fever:7401,fever_dep_00858
fever:71642,fever_dep_00203
fever:96333,fever_dep_00832
fever:193525,fever_dep_00827
fever:83803,fever_dep_00550
fever:175877,fever_dep_00384
fever:93465,fever_dep_00587
fever:225258,fever_dep_00217
fever:85454,fever_dep_01020
fever:133360,fever_dep_00524
fever:162040,fever_dep_00745
fever:185180,fever_dep_00637
fever:51435,fever_dep_00538
fever:68546,fever_dep_00862
fever:41090,fever_dep_00643
fever:32146,fever_dep_00656
fever:141838,fever_dep_00732
fever:11658,fever_dep_00716
fever:213444,fever_dep_00626
fever:44605,fever_dep_00524
fever:26381,fever_dep_01016
fever:34583,fever_dep_00568
fever:13928,fever_dep_00147
fever:6942,fever_dep_00721
fever:48328,fever_dep_00976
fever:71911,fever_dep_00746
fever:2575,fever_dep_00440
fever:110815,fever_dep_00684
fever:205088,fever_dep_00679
fever:145306,fever_dep_00957
fever:55267,fever_dep_00635
fever:1094,fever_dep_00841
fever:84278,fever_dep_00820
fever:157426,fever_dep_00722
fever:24994,fever_dep_00255
fever:107364,fever_dep_00993
fever:26271,fever_dep_00795
fever:26792,fever_dep_00184
fever:74271,fever_dep_01027
fever:182032,fever_dep_00840
fever:171480,fever_dep_00663
fever:7795,fever_dep_00686
fever:62834,fever_dep_00822
fever:45522,fever_dep_00614
fever:42611,fever_dep_00122
fever:158901,fever_dep_00909
fever:76710,fever_dep_00816
fever:106211,fever_dep_00539
fever:17054,fever_dep_00898
fever:93594,fever_dep_00825
fever:156816,fever_dep_00349
fever:164048,fever_dep_00835
fever:198896,fever_dep_00955
fever:191659,fever_dep_01031
fever:166949,fever_dep_00913
fever:84967,fever_dep_00774
fever:143495,fever_dep_00686
fever:97649,fever_dep_00726
fever:133186,fever_dep_00570
fever:50075,fever_dep_00755
fever:159323,fever_dep_00664
fever:48658,fever_dep_00577
fever:13212,fever_dep_00925
fever:200032,fever_dep_00721
fever:205288,fever_dep_00873
fever:5826,fever_dep_01015
fever:116527,fever_dep_00977
fever:99302,fever_dep_00810
fever:222768,fever_dep_00868
fever:184294,fever_dep_00551
fever:63240,fever_dep_00753
fever:227092,fever_dep_00830
fever:85193,fever_dep_00719
fever:50020,fever_dep_00517
fever:8577,fever_dep_00647
fever:99428,fever_dep_00776
fever:44214,fever_dep_00582
fever:34755,fever_dep_00608
fever:63093,fever_dep_00890
fever:40221,fever_dep_00586
fever:26793,fever_dep_00184
fever:192760,fever_dep_00207
fever:202317,fever_dep_00510
fever:67630,fever_dep_00563
fever:183418,fever_dep_00631
fever:173933,fever_dep_00741
fever:146359,fever_dep_00977
fever:110534,fever_dep_00570
fever:141466,fever_dep_00587
fever:148966,fever_dep_00665
fever:183926,fever_dep_00751
fever:62284,fever_dep_00906
fever:57388,fever_dep_00633
fever:107119,fever_dep_00582
fever:95456,fever_dep_00965
fever:98655,fever_dep_00704
fever:34507,fever_dep_00876
fever:15830,fever_dep_00217
fever:17410,fever_dep_00569
fever:100893,fever_dep_00866
fever:100243,fever_dep_00836
fever:97623,fever_dep_00591
fever:145866,fever_dep_00575
fever:127472,fever_dep_00665
fever:223682,fever_dep_00780
fever:22441,fever_dep_00864
fever:129239,fever_dep_00609
fever:129829,fever_dep_00740
fever:129071,fever_dep_00655
fever:206437,fever_dep_00888
fever:131547,fever_dep_00613
fever:174513,fever_dep_00815
fever:113214,fever_dep_00650
fever:226444,fever_dep_00619
fever:153372,fever_dep_00735
fever:61771,fever_dep_00819
fever:21564,fever_dep_00699
fever:38399,fever_dep_00862
fever:123296,fever_dep_00976
fever:151071,fever_dep_00826
fever:155647,fever_dep_00951
fever:22619,fever_dep_00968
fever:158012,fever_dep_00832
fever:10738,fever_dep_00008
fever:13086,fever_dep_00724
fever:187395,fever_dep_00822
fever:168076,fever_dep_00652
fever:227791,fever_dep_00674
fever:43326,fever_dep_00260
fever:168920,fever_dep_00645
fever:224184,fever_dep_00592
fever:165687,fever_dep_00922
fever:53910,fever_dep_01028
fever:4824,fever_dep_00894
fever:222763,fever_dep_00868
fever:92489,fever_dep_00577
fever:70164,fever_dep_00899
fever:222745,fever_dep_00868
fever:61025,fever_dep_00695
fever:109195,fever_dep_00957
fever:192790,fever_dep_00980
fever:3448,fever_dep_00687
fever:32079,fever_dep_00738
fever:142728,fever_dep_00818
fever:13236,fever_dep_00946
fever:12678,fever_dep_00948
fever:2151,fever_dep_00792
fever:103063,fever_dep_00858
fever:205107,fever_dep_00917
fever:34658,fever_dep_00569
fever:80969,fever_dep_00996
fever:30965,fever_dep_00861
fever:198420,fever_dep_00997
fever:142899,fever_dep_00713
fever:139820,fever_dep_00971
fever:107654,fever_dep_00561
fever:55282,fever_dep_00793
fever:103307,fever_dep_00570
fever:81450,fever_dep_00791
fever:67135,fever_dep_00583
fever:17248,fever_dep_00772
fever:70644,fever_dep_00519
fever:182928,fever_dep_00584
fever:179821,fever_dep_00527
fever:178223,fever_dep_00547
fever:58182,fever_dep_00646
fever:220949,fever_dep_00763
fever:187579,fever_dep_00737
fever:98759,fever_dep_00255
fever:225873,fever_dep_00572
fever:140776,fever_dep_00596
fever:214989,fever_dep_00981
fever:105038,fever_dep_00536
fever:135583,fever_dep_00528
fever:217107,fever_dep_00766
fever:202313,fever_dep_00510
fever:153393,fever_dep_00671
fever:126775,fever_dep_00898
fever:51391,fever_dep_00702
fever:107910,fever_dep_00943
fever:22861,fever_dep_01028
fever:2797,fever_dep_00993
fever:173035,fever_dep_00623
fever:174508,fever_dep_00815
fever:28329,fever_dep_00722
fever:151295,fever_dep_00698
fever:173596,fever_dep_00903
fever:57027,fever_dep_00642
fever:130820,fever_dep_00567
fever:96948,fever_dep_00603
fever:83505,fever_dep_00685
fever:171496,fever_dep_00663
fever:89691,fever_dep_00987
fever:94931,fever_dep_00590
fever:79711,fever_dep_00544
fever:138714,fever_dep_00609
fever:72518,fever_dep_00587
fever:71180,fever_dep_00649
fever:168090,fever_dep_00652
fever:135035,fever_dep_00534
fever:175873,fever_dep_00384
fever:3562,fever_dep_00822
fever:142735,fever_dep_00590
fever:64822,fever_dep_00756
fever:125749,fever_dep_00597
fever:36932,fever_dep_00641
fever:183420,fever_dep_00631
fever:48608,fever_dep_00061
fever:73724,fever_dep_00778
fever:177964,fever_dep_00750
fever:209102,fever_dep_00552
fever:145470,fever_dep_00687
fever:14879,fever_dep_00217
fever:73305,fever_dep_00712
fever:215865,fever_dep_00800
fever:106496,fever_dep_00910
fever:111510,fever_dep_00699
fever:38585,fever_dep_00554
fever:76869,fever_dep_00609
fever:30309,fever_dep_01018
fever:62924,fever_dep_00521
fever:30645,fever_dep_01036
fever:142055,fever_dep_00187
fever:24742,fever_dep_00548
fever:108634,fever_dep_00905
fever:4726,fever_dep_01037
fever:50074,fever_dep_00746
fever:89932,fever_dep_00618
fever:34619,fever_dep_01024
fever:188984,fever_dep_00783
fever:150829,fever_dep_00985
fever:166925,fever_dep_00913
fever:164402,fever_dep_00697
fever:27583,fever_dep_01005
fever:38338,fever_dep_00778
fever:132243,fever_dep_00557
fever:94451,fever_dep_00165
fever:64364,fever_dep_00266
fever:120873,fever_dep_00662
fever:849,fever_dep_00699
fever:124662,fever_dep_01006
fever:169984,fever_dep_00761
fever:167166,fever_dep_00531
fever:204549,fever_dep_00513
fever:194221,fever_dep_00880
fever:129006,fever_dep_00561
fever:76317,fever_dep_00823
fever:128045,fever_dep_00826
fever:72403,fever_dep_00670
fever:182911,fever_dep_00584
fever:78297,fever_dep_00595
fever:18443,fever_dep_00871
fever:40442,fever_dep_00670
fever:119557,fever_dep_00828
fever:124663,fever_dep_00870
fever:223493,fever_dep_00989
fever:154744,fever_dep_00846
fever:107124,fever_dep_00785
fever:40511,fever_dep_00738
fever:115079,fever_dep_00708
fever:354,fever_dep_00217
fever:21990,fever_dep_01000
fever:134425,fever_dep_00525
fever:8037,fever_dep_00630
fever:147696,fever_dep_00589
fever:220958,fever_dep_00763
fever:7923,fever_dep_00961
fever:197631,fever_dep_00669
fever:94660,fever_dep_00629
fever:68930,fever_dep_00934
fever:198072,fever_dep_00844
fever:164406,fever_dep_00697
fever:16115,fever_dep_00942
fever:95259,fever_dep_00704
fever:73752,fever_dep_00823
fever:115782,fever_dep_00770
fever:15980,fever_dep_00743
fever:192793,fever_dep_00980
fever:50213,fever_dep_00555
fever:58712,fever_dep_00778
fever:222172,fever_dep_00999
fever:68507,fever_dep_00838
fever:190089,fever_dep_01026
fever:223707,fever_dep_00780
fever:222173,fever_dep_00999
fever:8297,fever_dep_00597
fever:192017,fever_dep_00883
fever:209360,fever_dep_00706
fever:46577,fever_dep_00710
fever:52685,fever_dep_00924
fever:25410,fever_dep_00877
fever:46911,fever_dep_00667
fever:85028,fever_dep_00597
fever:183489,fever_dep_00852
fever:44722,fever_dep_00550
fever:41980,fever_dep_00550
fever:43475,fever_dep_00921
fever:220442,fever_dep_00814
fever:177858,fever_dep_00010
fever:140580,fever_dep_00597
fever:79460,fever_dep_01013
fever:209099,fever_dep_00552
fever:112320,fever_dep_00942
fever:108836,fever_dep_00740
fever:194226,fever_dep_00880
fever:45384,fever_dep_00511
fever:86913,fever_dep_00899
fever:177957,fever_dep_00750
fever:25837,fever_dep_00646
fever:62309,fever_dep_00795
fever:44787,fever_dep_00893
fever:114588,fever_dep_00698
fever:66557,fever_dep_00726
fever:127415,fever_dep_00711
fever:222764,fever_dep_00868
fever:63699,fever_dep_00221
fever:188976,fever_dep_00783
fever:215867,fever_dep_00800
fever:108646,fever_dep_00567
fever:89483,fever_dep_00602
fever:85177,fever_dep_00976
fever:194446,fever_dep_00384
fever:90447,fever_dep_00964
fever:13211,fever_dep_00925
fever:8905,fever_dep_00203
fever:191642,fever_dep_01031
fever:192044,fever_dep_00709
fever:156374,fever_dep_00930
fever:59214,fever_dep_00987
fever:70178,fever_dep_00532
fever:177836,fever_dep_00010
fever:177855,fever_dep_00010
fever:105997,fever_dep_00775
fever:112725,fever_dep_00545
fever:34353,fever_dep_00590
fever:157303,fever_dep_00567
fever:192031,fever_dep_00709
fever:7580,fever_dep_00522
fever:119515,fever_dep_00687
fever:47812,fever_dep_00926
fever:122343,fever_dep_00604
fever:188568,fever_dep_00733
fever:108326,fever_dep_00735
fever:152128,fever_dep_00563
fever:161780,fever_dep_00915
fever:25147,fever_dep_00905
fever:160795,fever_dep_00217
fever:134889,fever_dep_00930
fever:223487,fever_dep_00989
fever:19302,fever_dep_00609
fever:49306,fever_dep_00084
fever:204572,fever_dep_00513
fever:68929,fever_dep_00974
fever:160481,fever_dep_00187
fever:124614,fever_dep_00729
fever:205123,fever_dep_00917
fever:222899,fever_dep_00372
fever:146518,fever_dep_00705
fever:175441,fever_dep_00530
fever:67766,fever_dep_00755
fever:69920,fever_dep_00563
fever:133441,fever_dep_00711
fever:31774,fever_dep_00590
fever:139493,fever_dep_00934
fever:39716,fever_dep_00585
fever:47684,fever_dep_00642
fever:183473,fever_dep_00588
fever:222162,fever_dep_00999
fever:187560,fever_dep_00737
fever:134696,fever_dep_00560
fever:19087,fever_dep_00902
fever:29863,fever_dep_00165
fever:117398,fever_dep_00958
fever:206985,fever_dep_00057
fever:127419,fever_dep_00720
fever:199805,fever_dep_00790
fever:212217,fever_dep_00147
fever:58918,fever_dep_00778
fever:12118,fever_dep_00255
fever:71092,fever_dep_00563
fever:156020,fever_dep_00264
fever:183416,fever_dep_00631
fever:22495,fever_dep_00823
fever:19117,fever_dep_00665
fever:119165,fever_dep_01036
fever:58924,fever_dep_00967
fever:141282,fever_dep_00765
fever:33491,fever_dep_00535
fever:81301,fever_dep_00736
fever:182914,fever_dep_00584
fever:132313,fever_dep_00979
fever:28063,fever_dep_00901
fever:37099,fever_dep_00563
fever:32487,fever_dep_00995
fever:141058,fever_dep_00187
fever:134983,fever_dep_00854
fever:187564,fever_dep_00737
fever:140492,fever_dep_00720
fever:88211,fever_dep_00787
fever:91898,fever_dep_00550
fever:178233,fever_dep_00959
fever:53794,fever_dep_00998
fever:92796,fever_dep_00523
fever:28544,fever_dep_00918
fever:40181,fever_dep_00832
fever:3202,fever_dep_00524
fever:47321,fever_dep_00725
fever:47598,fever_dep_00905
fever:83545,fever_dep_01009
fever:192750,fever_dep_00207
fever:144222,fever_dep_00509
fever:217024,fever_dep_01019
fever:152916,fever_dep_00708
fever:153581,fever_dep_00692
fever:164408,fever_dep_00697
fever:192030,fever_dep_00709
fever:94234,fever_dep_00532
fever:95271,fever_dep_00524
fever:121636,fever_dep_00187
fever:42493,fever_dep_00770
fever:207338,fever_dep_00839
fever:221257,fever_dep_00884
fever:188564,fever_dep_00733
fever:39977,fever_dep_00785
fever:188569,fever_dep_00733
fever:204312,fever_dep_00985
fever:40666,fever_dep_00642
fever:37626,fever_dep_01030
fever:157452,fever_dep_00599
fever:75520,fever_dep_00928
fever:154952,fever_dep_00797
fever:162837,fever_dep_00690
fever:129108,fever_dep_00634
fever:177963,fever_dep_00750
fever:19418,fever_dep_00742
fever:55759,fever_dep_00260
fever:26624,fever_dep_00935
fever:165686,fever_dep_00922
fever:154072,fever_dep_00859
fever:55713,fever_dep_00561
fever:182918,fever_dep_00584
fever:53871,fever_dep_00729
fever:34829,fever_dep_00612
fever:99775,fever_dep_00670
fever:73281,fever_dep_00841
fever:83654,fever_dep_00646
fever:73397,fever_dep_01008
fever:127697,fever_dep_00862
fever:20457,fever_dep_00810
fever:172717,fever_dep_00657
fever:24205,fever_dep_00196
fever:225278,fever_dep_00217
fever:223488,fever_dep_00989
fever:9181,fever_dep_00196
fever:14415,fever_dep_00629
fever:38654,fever_dep_00717
fever:77077,fever_dep_00550
fever:111428,fever_dep_00970
fever:56450,fever_dep_00707
fever:148263,fever_dep_00993
fever:45879,fever_dep_00972
fever:133029,fever_dep_00617
fever:4742,fever_dep_00523
fever:109171,fever_dep_00609
fever:29143,fever_dep_00061
fever:79247,fever_dep_00651
fever:178893,fever_dep_00732
fever:101473,fever_dep_00481
fever:25004,fever_dep_00599
fever:53967,fever_dep_00518
fever:52889,fever_dep_00196
fever:83241,fever_dep_00656
fever:198070,fever_dep_00844
fever:57860,fever_dep_00555
fever:114422,fever_dep_00581
fever:199812,fever_dep_00790
fever:205092,fever_dep_00679
fever:93405,fever_dep_00864
fever:118208,fever_dep_00976
fever:54135,fever_dep_00635
fever:13200,fever_dep_00517
fever:419,fever_dep_00122
fever:34309,fever_dep_00718
fever:177838,fever_dep_00010
fever:156204,fever_dep_00520
fever:175443,fever_dep_00530
fever:161805,fever_dep_00915
fever:63896,fever_dep_00736
fever:222746,fever_dep_00868
fever:61171,fever_dep_00991
fever:32730,fever_dep_00534
fever:19197,fever_dep_00719
fever:76649,fever_dep_00683
fever:108267,fever_dep_00770
fever:102303,fever_dep_00916
fever:83577,fever_dep_00555
fever:106359,fever_dep_00914
fever:21494,fever_dep_00255
fever:78914,fever_dep_00518
fever:183929,fever_dep_00751
fever:97077,fever_dep_00904
fever:112698,fever_dep_00796
fever:172302,fever_dep_01001
fever:141477,fever_dep_00802
fever:129248,fever_dep_00127
fever:40992,fever_dep_00659
fever:315,fever_dep_00624
fever:24741,fever_dep_00548
fever:117520,fever_dep_00610
fever:128793,fever_dep_00643
fever:127731,fever_dep_00264
fever:31447,fever_dep_00440
fever:154811,fever_dep_00122
fever:51930,fever_dep_00581
fever:53825,fever_dep_00953
fever:110294,fever_dep_00599
fever:205124,fever_dep_00917
fever:154393,fever_dep_00866
fever:119362,fever_dep_00778
fever:190077,fever_dep_01026
fever:51654,fever_dep_00963
fever:122776,fever_dep_00522
fever:223491,fever_dep_00989
fever:141970,fever_dep_00481
fever:77710,fever_dep_00683
fever:117046,fever_dep_00861
fever:79899,fever_dep_00802
fever:59025,fever_dep_00658
fever:122772,fever_dep_00979
fever:3201,fever_dep_00524
fever:157196,fever_dep_00967
fever:197643,fever_dep_00669
fever:3264,fever_dep_00548
fever:23137,fever_dep_00255
fever:43667,fever_dep_00788
fever:42223,fever_dep_00278
fever:205073,fever_dep_00679
fever:41571,fever_dep_01015
fever:97534,fever_dep_00812
fever:16482,fever_dep_00577
fever:124215,fever_dep_00228
fever:96303,fever_dep_00627
fever:81155,fever_dep_00973
fever:174510,fever_dep_00815
fever:215276,fever_dep_00496
fever:192203,fever_dep_00851
fever:173056,fever_dep_00623
fever:18197,fever_dep_00901
fever:178896,fever_dep_00732
fever:90894,fever_dep_00544
fever:58572,fever_dep_00255
fever:108518,fever_dep_00849
fever:195940,fever_dep_00739
fever:185167,fever_dep_00637
fever:21495,fever_dep_00798
fever:38082,fever_dep_01038
fever:71138,fever_dep_00758
fever:26886,fever_dep_00636
fever:24021,fever_dep_01025
fever:188129,fever_dep_00986
fever:14901,fever_dep_00744
fever:57577,fever_dep_00836
fever:134384,fever_dep_00963
fever:220235,fever_dep_00767
fever:156514,fever_dep_01017
fever:26947,fever_dep_00819
fever:35291,fever_dep_00600
fever:118430,fever_dep_00694
fever:42343,fever_dep_00916
fever:16382,fever_dep_00656
fever:151440,fever_dep_01021
fever:36298,fever_dep_00856
fever:26548,fever_dep_00873
fever:134908,fever_dep_00125
fever:126856,fever_dep_00906
fever:73212,fever_dep_00165
fever:99911,fever_dep_00693
fever:73491,fever_dep_00255
fever:11937,fever_dep_00642
fever:33275,fever_dep_01023
fever:138252,fever_dep_00972
fever:65827,fever_dep_00675
fever:108920,fever_dep_00979
fever:124050,fever_dep_00836
fever:47849,fever_dep_00609
fever:48210,fever_dep_00872
fever:15284,fever_dep_00526
fever:135369,fever_dep_00885
fever:51472,fever_dep_00578
fever:25289,fever_dep_00688
fever:216799,fever_dep_00714
fever:28545,fever_dep_00918
fever:33290,fever_dep_00713
fever:161171,fever_dep_00639
fever:51188,fever_dep_00911
fever:44801,fever_dep_00905
fever:101808,fever_dep_00820
fever:173045,fever_dep_00623
fever:120000,fever_dep_00604
fever:85924,fever_dep_00823
fever:91090,fever_dep_00708
fever:214982,fever_dep_00981
fever:112565,fever_dep_00613
fever:121852,fever_dep_00526
fever:12488,fever_dep_00563
fever:161091,fever_dep_00930
fever:220446,fever_dep_00814
fever:215875,fever_dep_00800
fever:44497,fever_dep_00612
fever:106802,fever_dep_00772
fever:111823,fever_dep_00255
fever:99852,fever_dep_00604
fever:156222,fever_dep_00642
fever:184290,fever_dep_00551
fever:80074,fever_dep_00758
fever:129305,fever_dep_00203
fever:192196,fever_dep_00851
fever:129254,fever_dep_00512
fever:20493,fever_dep_00644
fever:53968,fever_dep_00518
fever:39173,fever_dep_00924
fever:184293,fever_dep_00551
fever:182685,fever_dep_00632
fever:148655,fever_dep_00724
fever:174618,fever_dep_00821
fever:186005,fever_dep_00101
fever:205108,fever_dep_00917
fever:19853,fever_dep_00255
fever:168638,fever_dep_00010
fever:219164,fever_dep_00564
fever:207008,fever_dep_00057
fever:71091,fever_dep_00563
fever:163821,fever_dep_01003
fever:201457,fever_dep_00990
fever:46792,fever_dep_00566
fever:221132,fever_dep_00576
fever:192769,fever_dep_00980
fever:170018,fever_dep_00761
fever:3843,fever_dep_00630
fever:64746,fever_dep_01023
fever:221127,fever_dep_00576
fever:5666,fever_dep_00146
fever:172309,fever_dep_01001
fever:12936,fever_dep_00542
fever:15217,fever_dep_00796
fever:193834,fever_dep_00727
fever:207334,fever_dep_00839
fever:228586,fever_dep_00954
fever:177974,fever_dep_00750
fever:40052,fever_dep_00644
fever:87942,fever_dep_00805
fever:59521,fever_dep_00555
fever:43842,fever_dep_00934
fever:49218,fever_dep_00824
fever:26180,fever_dep_00828
fever:59641,fever_dep_00729
fever:17600,fever_dep_00900
fever:165703,fever_dep_00922
fever:178911,fever_dep_00732
fever:71058,fever_dep_00125
fever:220980,fever_dep_00763
fever:148929,fever_dep_00558
fever:19711,fever_dep_00689
fever:63313,fever_dep_01010
fever:139433,fever_dep_00855
fever:195928,fever_dep_00739
fever:105059,fever_dep_00567
fever:40643,fever_dep_00266
fever:128356,fever_dep_00806
fever:113374,fever_dep_00871
fever:38447,fever_dep_00799
fever:68893,fever_dep_01004
fever:132883,fever_dep_01012
fever:12831,fever_dep_00524
fever:76522,fever_dep_00217
fever:73564,fever_dep_00810
fever:155357,fever_dep_00617
fever:110652,fever_dep_00265
fever:144130,fever_dep_00524
fever:46934,fever_dep_00941
fever:42620,fever_dep_00692
fever:115989,fever_dep_00628
fever:64131,fever_dep_00594
fever:117316,fever_dep_00720
fever:109728,fever_dep_00683
fever:201573,fever_dep_00947
fever:126045,fever_dep_00976
fever:147041,fever_dep_00855
fever:7330,fever_dep_00127
fever:10300,fever_dep_00926
fever:115788,fever_dep_00184
fever:223272,fever_dep_00601
fever:6389,fever_dep_00554
fever:185758,fever_dep_00988
fever:72937,fever_dep_01027
fever:122239,fever_dep_00675
fever:44240,fever_dep_00651
fever:196163,fever_dep_00881
fever:64476,fever_dep_00642
fever:78526,fever_dep_00593
fever:82602,fever_dep_00639
fever:9099,fever_dep_00278
fever:70965,fever_dep_00796
fever:32712,fever_dep_00894
fever:125912,fever_dep_00540
fever:162743,fever_dep_01033
fever:151483,fever_dep_00524
fever:172318,fever_dep_01001
fever:148541,fever_dep_00797
fever:10890,fever_dep_00677
fever:132294,fever_dep_00771
fever:57282,fever_dep_00799
fever:223692,fever_dep_00780
fever:107928,fever_dep_00525
fever:120664,fever_dep_00807
fever:214780,fever_dep_00605
fever:78855,fever_dep_00992
fever:92229,fever_dep_00544
fever:69030,fever_dep_00795
fever:212243,fever_dep_00147
fever:72194,fever_dep_00793
fever:121913,fever_dep_00918
fever:89936,fever_dep_00203
fever:137401,fever_dep_00692
fever:114795,fever_dep_00987
fever:109234,fever_dep_00752
fever:84737,fever_dep_00646
fever:75594,fever_dep_00524
fever:138910,fever_dep_00255
fever:79575,fever_dep_00609
fever:60701,fever_dep_00944
fever:35833,fever_dep_00901
fever:146394,fever_dep_00656
fever:95417,fever_dep_00680
fever:84709,fever_dep_00187
fever:177494,fever_dep_00784
fever:103298,fever_dep_00125
fever:46034,fever_dep_00985
fever:45124,fever_dep_00928
fever:68676,fever_dep_00596
fever:34244,fever_dep_00698
fever:88041,fever_dep_00722
fever:199818,fever_dep_00790
fever:21228,fever_dep_00748
fever:17376,fever_dep_00630
fever:111620,fever_dep_00008
fever:117889,fever_dep_00671
fever:65830,fever_dep_00928
fever:194564,fever_dep_00682
fever:144489,fever_dep_00816
fever:15482,fever_dep_00680
fever:177468,fever_dep_00784
fever:154933,fever_dep_00978
fever:225277,fever_dep_00217
fever:138436,fever_dep_00036
fever:68394,fever_dep_00585
fever:140036,fever_dep_00746
fever:529,fever_dep_00255
fever:73560,fever_dep_00577
fever:52536,fever_dep_00515
fever:15559,fever_dep_00736
fever:222757,fever_dep_00868
fever:68320,fever_dep_00968
fever:221121,fever_dep_00576
fever:102161,fever_dep_00570
fever:16055,fever_dep_00945
fever:154190,fever_dep_00870
fever:54289,fever_dep_00935
fever:173919,fever_dep_00741
fever:222770,fever_dep_00868
fever:205280,fever_dep_00873
fever:134927,fever_dep_00951
fever:133395,fever_dep_00792
fever:103767,fever_dep_00260
fever:17555,fever_dep_00918
fever:171498,fever_dep_00663
fever:4635,fever_dep_00756
fever:161047,fever_dep_00217
fever:93059,fever_dep_00700
fever:117658,fever_dep_00061
fever:89661,fever_dep_00278
fever:144296,fever_dep_00617
fever:97348,fever_dep_00544
fever:76467,fever_dep_00563
fever:211017,fever_dep_00543
fever:21644,fever_dep_00519
fever:73788,fever_dep_00548
fever:183925,fever_dep_00751
fever:20641,fever_dep_00511
fever:25368,fever_dep_00509
fever:47196,fever_dep_00603
fever:121090,fever_dep_00935
fever:142490,fever_dep_00574
fever:31904,fever_dep_00882
fever:208916,fever_dep_00393
fever:6434,fever_dep_01025
fever:91843,fever_dep_00857
fever:81084,fever_dep_00901
fever:170016,fever_dep_00761
fever:9040,fever_dep_00670
fever:86024,fever_dep_00907
fever:144611,fever_dep_00808
fever:142603,fever_dep_00255
fever:124904,fever_dep_00787
fever:142448,fever_dep_00693
fever:63107,fever_dep_00850
fever:73630,fever_dep_00977
fever:128601,fever_dep_00597
fever:2530,fever_dep_00612
fever:149501,fever_dep_00836
fever:99551,fever_dep_00187
fever:215853,fever_dep_00800
fever:145474,fever_dep_00866
fever:125449,fever_dep_00977
fever:179112,fever_dep_00782
fever:146317,fever_dep_00878
fever:226856,fever_dep_00760
fever:95547,fever_dep_00893
fever:103964,fever_dep_00577
fever:68983,fever_dep_00820
fever:106023,fever_dep_01006
fever:206026,fever_dep_00549
fever:81492,fever_dep_00977
fever:112790,fever_dep_00685
fever:3413,fever_dep_00600
fever:222895,fever_dep_00372
fever:43437,fever_dep_00577
fever:225874,fever_dep_00572
fever:225747,fever_dep_00672
fever:216196,fever_dep_00874
fever:207678,fever_dep_00950
fever:228071,fever_dep_01002
fever:194187,fever_dep_00606
fever:123446,fever_dep_00545
fever:119738,fever_dep_00642
fever:64910,fever_dep_00221
fever:56735,fever_dep_00533
fever:201446,fever_dep_00990
fever:129578,fever_dep_00736
fever:94779,fever_dep_00886
fever:66224,fever_dep_00558
fever:225273,fever_dep_00217
fever:19496,fever_dep_00786
fever:191645,fever_dep_01031
fever:212209,fever_dep_00147
fever:189710,fever_dep_00842
fever:11151,fever_dep_00255
fever:202297,fever_dep_00510
fever:56381,fever_dep_00593
fever:13773,fever_dep_00816
fever:24118,fever_dep_00886
fever:38696,fever_dep_00520
fever:148171,fever_dep_00996
fever:49258,fever_dep_00758
fever:43646,fever_dep_00885
fever:81357,fever_dep_00700
fever:189866,fever_dep_00553
fever:93660,fever_dep_00693
fever:53771,fever_dep_00596
fever:160055,fever_dep_00847
fever:121718,fever_dep_00898
fever:164105,fever_dep_00875
fever:118651,fever_dep_00255
fever:204981,fever_dep_00869
fever:25409,fever_dep_00630
fever:8143,fever_dep_00540
fever:215859,fever_dep_00800
fever:102583,fever_dep_00656
fever:10765,fever_dep_00534
fever:174524,fever_dep_00815
fever:166381,fever_dep_01039
fever:10692,fever_dep_00925
fever:161713,fever_dep_00117
fever:217025,fever_dep_01019
fever:2197,fever_dep_00785
fever:182040,fever_dep_00840
fever:36860,fever_dep_00693
fever:198438,fever_dep_00997
fever:17840,fever_dep_00217
fever:200033,fever_dep_00721
fever:29848,fever_dep_00894
fever:173921,fever_dep_00741
fever:72508,fever_dep_00665
fever:123080,fever_dep_00807
fever:54348,fever_dep_00873
fever:83452,fever_dep_01023
fever:123121,fever_dep_00555
fever:124353,fever_dep_00687
fever:89835,fever_dep_00770
fever:34396,fever_dep_00627
fever:162202,fever_dep_00546
fever:68472,fever_dep_00084
fever:43317,fever_dep_00689
fever:184291,fever_dep_00551
fever:29256,fever_dep_00808
fever:187378,fever_dep_00822
fever:34506,fever_dep_00876
fever:153638,fever_dep_00579
fever:201587,fever_dep_00947
fever:179835,fever_dep_00527
fever:120591,fever_dep_00743
fever:42924,fever_dep_00629
fever:143042,fever_dep_00758
fever:131056,fever_dep_00996
fever:58076,fever_dep_00850
fever:95738,fever_dep_00795
fever:129710,fever_dep_01035
fever:17156,fever_dep_01032
fever:166940,fever_dep_00913
fever:28369,fever_dep_00699
fever:53389,fever_dep_00781
fever:51683,fever_dep_00122
fever:117278,fever_dep_00113
fever:83043,fever_dep_00748
fever:134997,fever_dep_00966
fever:51239,fever_dep_00715
fever:122477,fever_dep_00518
fever:190072,fever_dep_01026
fever:34747,fever_dep_00964
fever:168073,fever_dep_00652
fever:72009,fever_dep_00609
fever:7138,fever_dep_00746
fever:27775,fever_dep_00726
fever:168079,fever_dep_00652
fever:46267,fever_dep_00853
fever:182700,fever_dep_00632
fever:220234,fever_dep_00767
fever:107699,fever_dep_00795
fever:171534,fever_dep_00779
fever:129412,fever_dep_00932
fever:228063,fever_dep_01002
fever:38267,fever_dep_00854
fever:9600,fever_dep_00125
fever:24479,fever_dep_00890
fever:164882,fever_dep_00514
fever:114012,fever_dep_00775
fever:177487,fever_dep_00784
fever:194745,fever_dep_00897
fever:1325,fever_dep_00440
fever:182036,fever_dep_00840
fever:5168,fever_dep_00609
fever:20424,fever_dep_00963
fever:28201,fever_dep_00746
fever:87229,fever_dep_00934
fever:166950,fever_dep_00913
fever:194190,fever_dep_00606
fever:217014,fever_dep_01019
fever:3761,fever_dep_00203
fever:148149,fever_dep_00756
fever:119794,fever_dep_00651
fever:84260,fever_dep_00622
fever:38940,fever_dep_00569
fever:89682,fever_dep_00795
fever:211027,fever_dep_00543
fever:123753,fever_dep_00898
fever:39833,fever_dep_00642
fever:201592,fever_dep_00947
fever:145533,fever_dep_00985
fever:124341,fever_dep_00732
fever:123276,fever_dep_00825
fever:52183,fever_dep_00536
fever:227095,fever_dep_00830
fever:224200,fever_dep_00592
fever:59410,fever_dep_00228
fever:62053,fever_dep_00972
fever:24095,fever_dep_00618
fever:132789,fever_dep_00793
fever:40785,fever_dep_00481
fever:225744,fever_dep_00672
fever:164504,fever_dep_00933
fever:5950,fever_dep_00759
fever:134501,fever_dep_00651
fever:52825,fever_dep_00992
fever:158648,fever_dep_00813
fever:140967,fever_dep_00972
fever:172301,fever_dep_01001
fever:116433,fever_dep_00962
fever:124707,fever_dep_01004
fever:87251,fever_dep_00838
fever:74760,fever_dep_01000
fever:37997,fever_dep_00802
fever:215872,fever_dep_00800
fever:8971,fever_dep_00910
fever:126423,fever_dep_00873
fever:212221,fever_dep_00147
fever:157678,fever_dep_00615
fever:66579,fever_dep_00713
fever:188140,fever_dep_00986
fever:26611,fever_dep_00268
fever:75486,fever_dep_00857
fever:30715,fever_dep_00554
fever:110683,fever_dep_00638
fever:194754,fever_dep_00897
fever:223212,fever_dep_00762
fever:130338,fever_dep_00944
fever:51379,fever_dep_00775
fever:177479,fever_dep_00784
fever:134101,fever_dep_00962
fever:25533,fever_dep_00998
fever:122159,fever_dep_00893
fever:225265,fever_dep_00217
fever:103456,fever_dep_00641
fever:131512,fever_dep_00927
fever:78777,fever_dep_00841
fever:162421,fever_dep_00937
fever:63308,fever_dep_00825
fever:165688,fever_dep_00922
fever:228061,fever_dep_01002
fever:48903,fever_dep_00993
fever:55041,fever_dep_00587
fever:206984,fever_dep_00057
fever:130637,fever_dep_00647
fever:114066,fever_dep_00647
fever:206041,fever_dep_00549
fever:192582,fever_dep_00960
fever:143534,fever_dep_00820
fever:92791,fever_dep_00970
fever:59208,fever_dep_00858
fever:140067,fever_dep_00680
fever:77993,fever_dep_00725
fever:37136,fever_dep_00948
fever:192761,fever_dep_00980
fever:148979,fever_dep_01030
fever:198893,fever_dep_00955
fever:109566,fever_dep_00717
fever:188877,fever_dep_00920
fever:182915,fever_dep_00584
fever:154470,fever_dep_00889
fever:162036,fever_dep_00745
fever:25396,fever_dep_00982
fever:142863,fever_dep_01028
fever:80429,fever_dep_00091
fever:82674,fever_dep_00982
fever:119911,fever_dep_00799
fever:169571,fever_dep_01005
fever:28179,fever_dep_00899
fever:23804,fever_dep_00928
fever:184296,fever_dep_00551
fever:127583,fever_dep_00967
fever:14073,fever_dep_01009
fever:162041,fever_dep_00745
fever:142758,fever_dep_00887
fever:151635,fever_dep_00203
fever:100785,fever_dep_00831
fever:152327,fever_dep_01008
fever:108753,fever_dep_00722
fever:55025,fever_dep_00771
fever:36141,fever_dep_00481
fever:5169,fever_dep_00609
fever:182909,fever_dep_00584
fever:204301,fever_dep_00985
fever:19204,fever_dep_00666
fever:103840,fever_dep_00537
fever:90991,fever_dep_00985
fever:130108,fever_dep_00662
fever:113688,fever_dep_00061
fever:104798,fever_dep_00721
fever:127969,fever_dep_00807
fever:221146,fever_dep_00576
fever:146272,fever_dep_00946
fever:201598,fever_dep_00947
fever:194254,fever_dep_00983
fever:41480,fever_dep_00833
fever:148121,fever_dep_00196
fever:87570,fever_dep_00855
fever:195931,fever_dep_00739
fever:158636,fever_dep_00813
fever:160857,fever_dep_00217
fever:115807,fever_dep_01038
fever:214785,fever_dep_00605
fever:96377,fever_dep_00648
fever:52788,fever_dep_00879
fever:100320,fever_dep_00699
fever:25739,fever_dep_00015
fever:19592,fever_dep_01038
fever:68468,fever_dep_00866
fever:89364,fever_dep_00557
fever:215851,fever_dep_00800
fever:109793,fever_dep_00996
fever:211015,fever_dep_00543
fever:12084,fever_dep_00612
fever:91204,fever_dep_00870
fever:16250,fever_dep_00642
fever:183458,fever_dep_00588
fever:192775,fever_dep_00980
fever:135420,fever_dep_00806
fever:139876,fever_dep_00866
fever:214986,fever_dep_00981
fever:92243,fever_dep_00636
fever:155989,fever_dep_00722
fever:134563,fever_dep_00680
fever:205075,fever_dep_00679
fever:164057,fever_dep_00835
fever:161810,fever_dep_00915
fever:161901,fever_dep_00863
fever:171502,fever_dep_00663
fever:142438,fever_dep_00187
fever:204998,fever_dep_00869
fever:153302,fever_dep_00823
fever:74440,fever_dep_01011
fever:94690,fever_dep_00538
fever:137267,fever_dep_00677
fever:225797,fever_dep_00598
fever:190090,fever_dep_01026
fever:16780,fever_dep_00536
fever:139348,fever_dep_00532
fever:35290,fever_dep_00600
fever:126693,fever_dep_00557
fever:66330,fever_dep_00203
fever:92807,fever_dep_00524
fever:54759,fever_dep_00806
fever:139717,fever_dep_00858
fever:38183,fever_dep_00695
fever:217102,fever_dep_00766
fever:99099,fever_dep_00536
fever:98380,fever_dep_00797
fever:159315,fever_dep_00664
fever:92587,fever_dep_00935
fever:134680,fever_dep_00203
fever:84643,fever_dep_00918
fever:201583,fever_dep_00947
fever:30962,fever_dep_00678
fever:100617,fever_dep_00795
fever:178899,fever_dep_00732
fever:78755,fever_dep_00534
fever:75850,fever_dep_01029
fever:169930,fever_dep_00571
fever:51154,fever_dep_00666
fever:112965,fever_dep_00900
fever:53266,fever_dep_00952
fever:64765,fever_dep_00558
fever:58662,fever_dep_00650
fever:4807,fever_dep_00861
fever:9182,fever_dep_00196
fever:226457,fever_dep_00619
fever:16336,fever_dep_00577
fever:128141,fever_dep_00518
fever:225255,fever_dep_00217
fever:72962,fever_dep_00608
fever:218112,fever_dep_00732
fever:180699,fever_dep_01014
fever:24099,fever_dep_00725
fever:25722,fever_dep_00629
fever:194172,fever_dep_00606
fever:92939,fever_dep_00926
fever:36251,fever_dep_00820
fever:80625,fever_dep_00539
fever:71111,fever_dep_00872
fever:221148,fever_dep_00576
fever:169995,fever_dep_00761
fever:81613,fever_dep_01012
fever:131839,fever_dep_00895
fever:194192,fever_dep_00606
fever:148152,fever_dep_00943
fever:93894,fever_dep_00901
fever:75922,fever_dep_00910
fever:114000,fever_dep_00732
fever:84063,fever_dep_00725
fever:169935,fever_dep_00571
fever:218107,fever_dep_00732
fever:68973,fever_dep_01027
fever:7183,fever_dep_00759
fever:27386,fever_dep_00914
fever:7105,fever_dep_00816
fever:130147,fever_dep_00877
fever:37253,fever_dep_00820
fever:205090,fever_dep_00679
fever:81069,fever_dep_00775
fever:5744,fever_dep_00146
fever:25520,fever_dep_00460
fever:125334,fever_dep_00974
fever:187375,fever_dep_00822
fever:122745,fever_dep_00972
fever:106940,fever_dep_00595
fever:176636,fever_dep_00581
fever:228073,fever_dep_01002
fever:110672,fever_dep_00255
fever:101656,fever_dep_00831
fever:147235,fever_dep_00091
fever:139728,fever_dep_00850
fever:57364,fever_dep_00537
fever:39121,fever_dep_00894
fever:121854,fever_dep_00799
fever:139967,fever_dep_00589
fever:619,fever_dep_00717
fever:203034,fever_dep_00811
fever:144669,fever_dep_00886
fever:36063,fever_dep_00956
fever:87694,fever_dep_00992
fever:55426,fever_dep_00681
fever:66210,fever_dep_00823
fever:2798,fever_dep_00993
fever:37664,fever_dep_00587
fever:153539,fever_dep_00788
fever:133843,fever_dep_00559
fever:149648,fever_dep_00517
fever:93426,fever_dep_00740
fever:86630,fever_dep_00946
fever:38049,fever_dep_00561
fever:124622,fever_dep_01021
fever:107465,fever_dep_00901
fever:87161,fever_dep_00957
fever:128370,fever_dep_00889
fever:141353,fever_dep_00165
fever:88377,fever_dep_00966
fever:93473,fever_dep_00966
fever:168932,fever_dep_00645
fever:41120,fever_dep_00125
fever:70311,fever_dep_00843
fever:9023,fever_dep_00638
fever:71809,fever_dep_00544
fever:129601,fever_dep_00524
fever:188645,fever_dep_00217
fever:122683,fever_dep_00618
fever:18079,fever_dep_00577
fever:134670,fever_dep_00667
fever:49735,fever_dep_00962
fever:112334,fever_dep_00693
fever:63357,fever_dep_00991
fever:198432,fever_dep_00997
fever:192205,fever_dep_00851
fever:726,fever_dep_00654
fever:23607,fever_dep_00570
fever:88337,fever_dep_00746
fever:86109,fever_dep_00628
fever:65728,fever_dep_01037
fever:71700,fever_dep_00677
fever:26842,fever_dep_00935
fever:81361,fever_dep_00721
fever:107073,fever_dep_00602
fever:528,fever_dep_00255
fever:110585,fever_dep_00684
fever:120655,fever_dep_00995
fever:124993,fever_dep_00566
fever:80301,fever_dep_00710
fever:24204,fever_dep_00196
fever:192024,fever_dep_00883
fever:73222,fever_dep_00593
fever:169928,fever_dep_00571
fever:85467,fever_dep_00755
fever:81045,fever_dep_00654
fever:108486,fever_dep_00203
fever:10151,fever_dep_00778
fever:59266,fever_dep_01006
fever:74427,fever_dep_00677
fever:206449,fever_dep_00888
fever:53317,fever_dep_00967
fever:10844,fever_dep_00228
fever:140032,fever_dep_00678
fever:228066,fever_dep_01002
fever:198427,fever_dep_00997
fever:28560,fever_dep_00764
fever:161234,fever_dep_00927
fever:96622,fever_dep_00719
fever:14692,fever_dep_00992
fever:218113,fever_dep_00732
fever:54326,fever_dep_00845
fever:87903,fever_dep_00558
fever:110514,fever_dep_00660
fever:221241,fever_dep_00884
fever:195483,fever_dep_00754
fever:27357,fever_dep_00951
fever:62680,fever_dep_00898
fever:76783,fever_dep_00575
fever:91703,fever_dep_00919
fever:170009,fever_dep_00761
fever:192591,fever_dep_00960
fever:177481,fever_dep_00784
fever:112495,fever_dep_00929
fever:129632,fever_dep_00608
fever:212038,fever_dep_00723
fever:145588,fever_dep_00887
fever:106144,fever_dep_00808
fever:225865,fever_dep_00572
fever:194183,fever_dep_00606
fever:149607,fever_dep_00979
fever:219684,fever_dep_00516
fever:194237,fever_dep_00880
fever:174872,fever_dep_00217
fever:142294,fever_dep_00574
fever:205283,fever_dep_00873
fever:162655,fever_dep_01022
fever:95094,fever_dep_00838
fever:218104,fever_dep_00732
fever:162408,fever_dep_00937
fever:89796,fever_dep_00563
fever:21854,fever_dep_00555
fever:160524,fever_dep_00217
fever:35574,fever_dep_00995
fever:78942,fever_dep_00221
fever:204316,fever_dep_00985
fever:113664,fever_dep_00873
fever:162641,fever_dep_01022
fever:213439,fever_dep_00626
fever:156656,fever_dep_00793
fever:205126,fever_dep_00917
fever:140140,fever_dep_00820
fever:316,fever_dep_00624
fever:126055,fever_dep_00559
fever:67534,fever_dep_00929
fever:114625,fever_dep_00157
fever:207000,fever_dep_00057
fever:28930,fever_dep_00583
fever:20191,fever_dep_00647
fever:79984,fever_dep_00061
fever:127306,fever_dep_00561
fever:64786,fever_dep_00752
fever:18768,fever_dep_00826
fever:142888,fever_dep_00558
fever:64486,fever_dep_00861
fever:154241,fever_dep_00691
fever:44061,fever_dep_00629
fever:91387,fever_dep_00524
fever:111943,fever_dep_00985
fever:42300,fever_dep_00604
fever:79264,fever_dep_00985
fever:106600,fever_dep_00787
fever:192016,fever_dep_00883
fever:53214,fever_dep_00725
fever:96765,fever_dep_00633
fever:50048,fever_dep_00015
fever:43516,fever_dep_00528
fever:158915,fever_dep_00909
fever:130248,fever_dep_00949
fever:193531,fever_dep_00827
fever:101027,fever_dep_00911
fever:29364,fever_dep_00349
fever:216780,fever_dep_00714
fever:72813,fever_dep_01027
fever:85653,fever_dep_00945
fever:66393,fever_dep_00712
fever:142120,fever_dep_00916
fever:183450,fever_dep_00588
fever:16080,fever_dep_00575
fever:128385,fever_dep_01040
fever:134950,fever_dep_00965
fever:160431,fever_dep_00217
fever:76285,fever_dep_00854
fever:77520,fever_dep_00684
fever:224186,fever_dep_00592
fever:53475,fever_dep_00738
fever:222654,fever_dep_00730
fever:64898,fever_dep_01023
fever:193524,fever_dep_00827
fever:183447,fever_dep_00588
fever:81480,fever_dep_00758
fever:21728,fever_dep_00113
fever:127128,fever_dep_00265
fever:96723,fever_dep_00628
fever:224115,fever_dep_00625
fever:174616,fever_dep_00821
fever:24795,fever_dep_00617
fever:95358,fever_dep_00878
fever:11539,fever_dep_00529
fever:45018,fever_dep_00724
fever:93726,fever_dep_00579
fever:17841,fever_dep_00217
fever:112940,fever_dep_00845
fever:50703,fever_dep_00778
fever:99102,fever_dep_00919
fever:72279,fever_dep_01037
fever:4100,fever_dep_01029
fever:122970,fever_dep_00440
fever:191890,fever_dep_01007
fever:205122,fever_dep_00917
fever:118593,fever_dep_00894
fever:51238,fever_dep_00715
fever:222767,fever_dep_00868
fever:194567,fever_dep_00682
fever:139762,fever_dep_00899
fever:136658,fever_dep_00703
fever:25504,fever_dep_00872
fever:108548,fever_dep_00538
fever:50607,fever_dep_00775
fever:84959,fever_dep_00660
fever:198426,fever_dep_00997
fever:163833,fever_dep_01003
fever:58155,fever_dep_00618
fever:90236,fever_dep_00556
fever:196162,fever_dep_00881
fever:14819,fever_dep_00877
fever:154314,fever_dep_00728
fever:81191,fever_dep_01030
fever:115460,fever_dep_00509
fever:198090,fever_dep_00844
fever:55645,fever_dep_00924
fever:84132,fever_dep_00676
fever:59001,fever_dep_00831
fever:77982,fever_dep_00974
fever:49451,fever_dep_00900
fever:29534,fever_dep_01024
fever:104205,fever_dep_00961
fever:108957,fever_dep_00808
fever:143009,fever_dep_00217
fever:59149,fever_dep_00677
fever:21253,fever_dep_00582
fever:223278,fever_dep_00601
fever:14900,fever_dep_00744
fever:102789,fever_dep_00862
fever:26382,fever_dep_01016
fever:77277,fever_dep_00655
fever:78179,fever_dep_00905
fever:80516,fever_dep_00577
fever:71444,fever_dep_00894
fever:146587,fever_dep_00797
fever:93137,fever_dep_01027
fever:222759,fever_dep_00868
fever:117948,fever_dep_00861
fever:194580,fever_dep_00682
fever:5951,fever_dep_00759
fever:91973,fever_dep_00799
fever:73971,fever_dep_00967
fever:119993,fever_dep_00943
fever:173037,fever_dep_00623
fever:123364,fever_dep_00560
fever:182034,fever_dep_00840
fever:137738,fever_dep_00609
fever:118111,fever_dep_00893
fever:22639,fever_dep_00793
fever:162048,fever_dep_00745
fever:126560,fever_dep_00829
fever:183448,fever_dep_00588
fever:73269,fever_dep_00642
fever:164522,fever_dep_00933
fever:19766,fever_dep_00061
fever:128121,fever_dep_00593
fever:162830,fever_dep_00690
fever:194228,fever_dep_00880
fever:91721,fever_dep_00511
fever:214787,fever_dep_00605
fever:92580,fever_dep_00526
fever:69798,fever_dep_00556
fever:7982,fever_dep_00775
fever:136928,fever_dep_00622
fever:19412,fever_dep_00568
fever:173663,fever_dep_00747
fever:99435,fever_dep_00146
fever:97606,fever_dep_00704
fever:118800,fever_dep_00768
fever:48083,fever_dep_00091
fever:33197,fever_dep_00561
fever:223271,fever_dep_00601
fever:88361,fever_dep_00587
fever:155934,fever_dep_00693
fever:58355,fever_dep_00722
fever:61172,fever_dep_00991
fever:192594,fever_dep_00960
fever:154498,fever_dep_00122
fever:72722,fever_dep_00127
fever:141971,fever_dep_00810
fever:81467,fever_dep_00974
fever:62637,fever_dep_00871
fever:142854,fever_dep_00792
fever:177525,fever_dep_00817
fever:27461,fever_dep_00958
fever:106016,fever_dep_00906
fever:93857,fever_dep_00781
fever:141885,fever_dep_00838
fever:57058,fever_dep_00650
fever:43468,fever_dep_00711
fever:173930,fever_dep_00741
fever:99635,fever_dep_00772
fever:1916,fever_dep_00776
fever:86749,fever_dep_00769
fever:106404,fever_dep_00512
fever:170097,fever_dep_00777
fever:179105,fever_dep_00782
fever:24646,fever_dep_00217
fever:79644,fever_dep_00995
fever:161904,fever_dep_00863
fever:207007,fever_dep_00057
fever:223274,fever_dep_00601
fever:25564,fever_dep_00774
fever:121875,fever_dep_00255
fever:228086,fever_dep_01002
fever:88152,fever_dep_00563
fever:1423,fever_dep_00524
fever:92419,fever_dep_00865
fever:43535,fever_dep_00677
fever:104547,fever_dep_00943
fever:104031,fever_dep_00518
fever:112573,fever_dep_00770
fever:228080,fever_dep_01002
fever:81121,fever_dep_00656
fever:77012,fever_dep_00529
fever:125829,fever_dep_00795
fever:61585,fever_dep_00956
fever:53025,fever_dep_01011
fever:125117,fever_dep_01004
fever:180710,fever_dep_01014
fever:142498,fever_dep_00517
fever:144309,fever_dep_00614
fever:75999,fever_dep_00548
fever:20202,fever_dep_00894
fever:131375,fever_dep_00724
fever:36350,fever_dep_01034
fever:11989,fever_dep_00944
fever:174883,fever_dep_00217
fever:28495,fever_dep_00614
fever:96688,fever_dep_01008
fever:119287,fever_dep_00591
fever:161771,fever_dep_00915
fever:5037,fever_dep_00906
fever:93383,fever_dep_00877
fever:174878,fever_dep_00217
fever:123785,fever_dep_01013
fever:51354,fever_dep_00786
fever:188979,fever_dep_00783
fever:54700,fever_dep_00570
fever:38117,fever_dep_00599
fever:60566,fever_dep_00644
fever:115211,fever_dep_00924
fever:62779,fever_dep_00788
fever:22615,fever_dep_00600
fever:4500,fever_dep_00905
fever:12639,fever_dep_00523
fever:129878,fever_dep_00871
fever:63603,fever_dep_00708
fever:29556,fever_dep_00810
fever:131250,fever_dep_00967
fever:117605,fever_dep_00792
fever:41728,fever_dep_00836
fever:640,fever_dep_00939
fever:88910,fever_dep_00628
fever:148922,fever_dep_00816
fever:131735,fever_dep_00614
fever:21281,fever_dep_00084
fever:152859,fever_dep_00583
fever:39175,fever_dep_00934
fever:91340,fever_dep_00898
fever:4090,fever_dep_00816
fever:41441,fever_dep_00952
fever:18333,fever_dep_00562
fever:72646,fever_dep_00554
fever:148205,fever_dep_00228
fever:224131,fever_dep_00625
fever:191656,fever_dep_01031
fever:121362,fever_dep_00935
fever:13588,fever_dep_00756
fever:93147,fever_dep_00700
fever:93740,fever_dep_00951
fever:129391,fever_dep_00866
fever:198087,fever_dep_00844
fever:222875,fever_dep_00372
fever:70005,fever_dep_00843
fever:14990,fever_dep_00525
fever:151498,fever_dep_00910
fever:121496,fever_dep_00647
fever:101565,fever_dep_00061
fever:102003,fever_dep_00668
fever:71570,fever_dep_00524
fever:194450,fever_dep_00384
fever:126561,fever_dep_00901
fever:154808,fever_dep_00939
fever:171892,fever_dep_00912
fever:192759,fever_dep_00207
fever:129767,fever_dep_00856
fever:164886,fever_dep_00514
fever:171492,fever_dep_00663
fever:150399,fever_dep_01020
fever:84052,fever_dep_00281
fever:60144,fever_dep_00221
fever:201459,fever_dep_00990
fever:86539,fever_dep_00725
fever:155946,fever_dep_00873
fever:38898,fever_dep_01020
fever:118917,fever_dep_00618
fever:100261,fever_dep_00534
fever:40641,fever_dep_00705
fever:1520,fever_dep_00691
fever:144800,fever_dep_00999
fever:146493,fever_dep_00644
fever:103709,fever_dep_00866
fever:181255,fever_dep_00867
fever:99386,fever_dep_00728
fever:48602,fever_dep_00518
fever:8867,fever_dep_00540
fever:150614,fever_dep_00563
fever:5241,fever_dep_00836
fever:160467,fever_dep_00217
fever:199265,fever_dep_00434
fever:60431,fever_dep_00700
fever:160887,fever_dep_00979
fever:166951,fever_dep_00913
fever:12990,fever_dep_01032
fever:198900,fever_dep_00955
fever:203042,fever_dep_00811
fever:49836,fever_dep_00590
fever:144500,fever_dep_00902
fever:106019,fever_dep_00921
fever:7624,fever_dep_00589
fever:194262,fever_dep_00983
fever:40444,fever_dep_00838
fever:182919,fever_dep_00584
fever:211007,fever_dep_00543
fever:118139,fever_dep_00217
fever:38925,fever_dep_00688
fever:73879,fever_dep_00898
fever:106030,fever_dep_01004
fever:138752,fever_dep_00699
fever:157984,fever_dep_00563
fever:58206,fever_dep_00203
fever:93087,fever_dep_00744
fever:73158,fever_dep_01023
fever:31367,fever_dep_00595
fever:105313,fever_dep_00786
fever:83090,fever_dep_00797
fever:155639,fever_dep_00836
fever:226850,fever_dep_00760
fever:75836,fever_dep_00820
fever:164097,fever_dep_00875
fever:26878,fever_dep_00916
fever:155282,fever_dep_00771
fever:205102,fever_dep_00917
fever:95842,fever_dep_00831
fever:146030,fever_dep_00666
fever:175460,fever_dep_00530
fever:42027,fever_dep_00862
fever:81439,fever_dep_00934
fever:13801,fever_dep_00764
fever:221126,fever_dep_00576
fever:88589,fever_dep_01030
fever:7810,fever_dep_00556
fever:68844,fever_dep_00936
fever:916,fever_dep_00865
fever:31723,fever_dep_00535
fever:55028,fever_dep_00545
fever:24312,fever_dep_00984
fever:222735,fever_dep_00789
fever:72987,fever_dep_00692
fever:130289,fever_dep_00187
fever:98911,fever_dep_00524
fever:72218,fever_dep_00609
fever:80273,fever_dep_00515
fever:180689,fever_dep_01014
fever:153367,fever_dep_00934
fever:78691,fever_dep_00113
fever:141032,fever_dep_00963
fever:2938,fever_dep_00787
fever:1032,fever_dep_00701
fever:178214,fever_dep_00547
fever:119422,fever_dep_00968
fever:108919,fever_dep_00979
fever:224133,fever_dep_00625
fever:43696,fever_dep_00736
fever:13881,fever_dep_00217
fever:8823,fever_dep_00662
fever:86439,fever_dep_01000
fever:78410,fever_dep_00554
fever:9100,fever_dep_00278
fever:127822,fever_dep_00554
fever:22266,fever_dep_00692
fever:53733,fever_dep_00941
fever:202751,fever_dep_00860
fever:152471,fever_dep_00713
fever:17914,fever_dep_00713
fever:74533,fever_dep_00217
fever:8483,fever_dep_00998
fever:127098,fever_dep_00562
fever:132225,fever_dep_00941
fever:67319,fever_dep_00866
fever:32609,fever_dep_00618
fever:6334,fever_dep_00700
fever:80258,fever_dep_00725
fever:123434,fever_dep_00566
fever:138392,fever_dep_00639
fever:169316,fever_dep_00749
fever:75056,fever_dep_00634
fever:189716,fever_dep_00842
fever:129554,fever_dep_00938
fever:81058,fever_dep_00217
fever:17064,fever_dep_00638
fever:46641,fever_dep_00662
fever:73811,fever_dep_00900
fever:108198,fever_dep_00658
fever:125925,fever_dep_00531
fever:61563,fever_dep_00771
fever:103051,fever_dep_00795
fever:65598,fever_dep_00873
fever:101142,fever_dep_00786
fever:143144,fever_dep_01037
fever:66683,fever_dep_00692
fever:17145,fever_dep_00563
fever:62828,fever_dep_00995
fever:183917,fever_dep_00751
fever:61002,fever_dep_00557
fever:135150,fever_dep_00836
fever:148211,fever_dep_00891
fever:134314,fever_dep_00792
fever:155484,fever_dep_00738
fever:200039,fever_dep_00721
fever:74436,fever_dep_00260
fever:192212,fever_dep_00851
fever:228062,fever_dep_01002
fever:7000,fever_dep_00833
fever:37625,fever_dep_01030
fever:15831,fever_dep_00217
fever:105257,fever_dep_00633
fever:123762,fever_dep_00616
fever:224569,fever_dep_00794
fever:64966,fever_dep_00828
fever:30968,fever_dep_00563
fever:107273,fever_dep_00826
fever:106928,fever_dep_00927
fever:198067,fever_dep_00844
fever:198088,fever_dep_00844
fever:173657,fever_dep_00747
fever:47524,fever_dep_00957
fever:159335,fever_dep_00664
fever:125309,fever_dep_00675
fever:5545,fever_dep_00650
fever:99135,fever_dep_00676
fever:107064,fever_dep_00628
fever:29113,fever_dep_00819
fever:208924,fever_dep_00393
fever:55930,fever_dep_00942
fever:24595,fever_dep_00521
fever:39873,fever_dep_00992
fever:195201,fever_dep_00541
fever:164516,fever_dep_00933
fever:92498,fever_dep_00819
fever:18481,fever_dep_00938
fever:194219,fever_dep_00880
fever:41316,fever_dep_00974
fever:153450,fever_dep_00621
fever:17628,fever_dep_01023
fever:128584,fever_dep_00596
fever:97036,fever_dep_00524
fever:32338,fever_dep_00523
fever:194176,fever_dep_00606
fever:124118,fever_dep_00255
fever:180702,fever_dep_01014
fever:137298,fever_dep_00822
fever:160726,fever_dep_00217
fever:164417,fever_dep_00697
fever:124620,fever_dep_00797
fever:164049,fever_dep_00835
fever:152163,fever_dep_00748
fever:182051,fever_dep_00840
fever:110379,fever_dep_00629
fever:158904,fever_dep_00909
fever:177958,fever_dep_00750
fever:9101,fever_dep_00785
fever:69035,fever_dep_00125
fever:139873,fever_dep_00203
fever:72132,fever_dep_00879
fever:145789,fever_dep_01017
fever:139302,fever_dep_00898
fever:123488,fever_dep_00797
fever:48147,fever_dep_00646
fever:49926,fever_dep_00996
fever:54384,fever_dep_00203
fever:45581,fever_dep_00217
fever:23330,fever_dep_00634
fever:124244,fever_dep_00995
fever:112585,fever_dep_00268
fever:20458,fever_dep_00810
fever:50076,fever_dep_00755
fever:188630,fever_dep_00217
fever:136019,fever_dep_00515
fever:157213,fever_dep_00793
fever:154691,fever_dep_00711
fever:112592,fever_dep_00146
fever:60039,fever_dep_00788
fever:1232,fever_dep_00939
fever:46200,fever_dep_00511
fever:133803,fever_dep_00796
fever:54951,fever_dep_00609
fever:182920,fever_dep_00584
fever:209117,fever_dep_00552
fever:104926,fever_dep_00661
fever:48183,fever_dep_00691
fever:101008,fever_dep_00828
fever:92625,fever_dep_00853
fever:40417,fever_dep_01017
fever:85764,fever_dep_00899
fever:205120,fever_dep_00917
fever:106206,fever_dep_00704
fever:78448,fever_dep_00998
fever:105298,fever_dep_01016
fever:167181,fever_dep_00531
fever:27073,fever_dep_00924
fever:23153,fever_dep_00982
fever:162205,fever_dep_00546
fever:90981,fever_dep_00481
fever:177478,fever_dep_00784
fever:1368,fever_dep_00934
fever:28867,fever_dep_00622
fever:117552,fever_dep_00788
fever:159330,fever_dep_00664
fever:58230,fever_dep_00307
fever:147246,fever_dep_00853
fever:213453,fever_dep_00626
fever:38210,fever_dep_00574
fever:133418,fever_dep_00538
fever:25740,fever_dep_00015
fever:111514,fever_dep_00725
fever:104426,fever_dep_00708
fever:125315,fever_dep_00125
fever:185786,fever_dep_00988
fever:60702,fever_dep_00629
fever:76129,fever_dep_00061
fever:39539,fever_dep_01024
fever:194170,fever_dep_00606
fever:211010,fever_dep_00543
fever:206465,fever_dep_00888
fever:225267,fever_dep_00217
fever:57507,fever_dep_00876
fever:107320,fever_dep_00644
fever:134118,fever_dep_00620
fever:160597,fever_dep_00930
fever:69999,fever_dep_00563
fever:5187,fever_dep_00859
fever:218097,fever_dep_00732
fever:118842,fever_dep_00907
fever:195933,fever_dep_00739
fever:6387,fever_dep_00820
fever:168918,fever_dep_00645
fever:123112,fever_dep_00769
fever:58708,fever_dep_00696
fever:134617,fever_dep_00686
fever:116177,fever_dep_01015
fever:53470,fever_dep_00643
fever:116209,fever_dep_00615
fever:121921,fever_dep_00147
fever:102876,fever_dep_01000
fever:40443,fever_dep_00838
fever:161905,fever_dep_00863
fever:94760,fever_dep_00982
fever:18222,fever_dep_00579
fever:48735,fever_dep_01010
fever:46759,fever_dep_00653
fever:30133,fever_dep_00559
fever:87783,fever_dep_00998
fever:65959,fever_dep_00775
fever:143123,fever_dep_00440
fever:42026,fever_dep_00579
fever:34156,fever_dep_00671
fever:164878,fever_dep_00514
fever:111976,fever_dep_00952
fever:39536,fever_dep_01034
fever:173666,fever_dep_00747
fever:220952,fever_dep_00763
fever:111213,fever_dep_00753
fever:123108,fever_dep_00898
fever:127045,fever_dep_00785
fever:56559,fever_dep_00583
fever:101795,fever_dep_00268
fever:124959,fever_dep_00673
fever:49908,fever_dep_00165
fever:142236,fever_dep_00524
fever:149912,fever_dep_00843
fever:44617,fever_dep_00604
fever:8290,fever_dep_00611
fever:104530,fever_dep_00752
fever:111069,fever_dep_00509
fever:64448,fever_dep_00265
fever:14100,fever_dep_00901
fever:81849,fever_dep_00713
fever:46127,fever_dep_00544
fever:75277,fever_dep_00802
fever:168927,fever_dep_00645
fever:204548,fever_dep_00513
fever:140661,fever_dep_01024
fever:130721,fever_dep_01023
fever:164893,fever_dep_00514
fever:206992,fever_dep_00057
fever:87918,fever_dep_00268
fever:56262,fever_dep_00545
fever:71269,fever_dep_00877
fever:16056,fever_dep_00945
fever:180691,fever_dep_01014
fever:52068,fever_dep_00658
fever:56574,fever_dep_00567
fever:22419,fever_dep_01020
fever:149950,fever_dep_00125
fever:158340,fever_dep_01020
fever:34695,fever_dep_00901
fever:35309,fever_dep_00568
fever:14286,fever_dep_00935
fever:192034,fever_dep_00709
fever:10504,fever_dep_00686
fever:222715,fever_dep_00789
fever:105651,fever_dep_00125
fever:126912,fever_dep_01027
fever:83598,fever_dep_00655
fever:219205,fever_dep_00564
fever:205099,fever_dep_00917
fever:30014,fever_dep_00579
fever:162662,fever_dep_00804
fever:78973,fever_dep_00604
fever:36448,fever_dep_00781
fever:73689,fever_dep_01012
fever:225792,fever_dep_00598
fever:168937,fever_dep_00645
fever:156128,fever_dep_00532
fever:47607,fever_dep_00715
fever:45603,fever_dep_00281
fever:188135,fever_dep_00986
fever:79392,fever_dep_00529
fever:60232,fever_dep_00647
fever:43008,fever_dep_00281
fever:2150,fever_dep_00792
fever:78889,fever_dep_00563
fever:81772,fever_dep_00618
fever:195135,fever_dep_00565
fever:97549,fever_dep_00707
fever:162212,fever_dep_00546
fever:103375,fever_dep_00971
fever:70545,fever_dep_00879
fever:8581,fever_dep_00967
fever:29544,fever_dep_00972
fever:5900,fever_dep_00036
fever:75838,fever_dep_00928
fever:161803,fever_dep_00915
fever:11688,fever_dep_00591
fever:42964,fever_dep_00729
fever:182913,fever_dep_00584
fever:113297,fever_dep_00936
fever:80590,fever_dep_00855
fever:38384,fever_dep_00550
fever:3160,fever_dep_00923
fever:149842,fever_dep_00641
fever:91002,fever_dep_00587
fever:70604,fever_dep_00876
fever:104380,fever_dep_00521
fever:136578,fever_dep_00125
fever:40621,fever_dep_00696
fever:205121,fever_dep_00917
fever:37929,fever_dep_01029
fever:224125,fever_dep_00625
fever:79354,fever_dep_00084
fever:177533,fever_dep_00817
fever:38939,fever_dep_00569
fever:110538,fever_dep_00184
fever:81756,fever_dep_00555
fever:26549,fever_dep_00873
fever:226440,fever_dep_00619
fever:53188,fever_dep_00785
fever:113882,fever_dep_00221
fever:8149,fever_dep_00836
fever:53957,fever_dep_00966
fever:32092,fever_dep_00953
fever:112302,fever_dep_00948
fever:89615,fever_dep_00725
fever:202743,fever_dep_00860
fever:217181,fever_dep_00803
fever:218096,fever_dep_00732
fever:34823,fever_dep_00621
fever:128837,fever_dep_00715
fever:125464,fever_dep_00638
fever:2983,fever_dep_00008
fever:76436,fever_dep_00717
fever:112048,fever_dep_00823
fever:42922,fever_dep_00265
fever:16325,fever_dep_00654
fever:99170,fever_dep_00879
fever:106084,fever_dep_00978
fever:133767,fever_dep_00696
fever:98916,fever_dep_00574
fever:128035,fever_dep_00719
fever:31114,fever_dep_00602
fever:160626,fever_dep_00639
fever:39188,fever_dep_00696
fever:58711,fever_dep_00778
fever:140242,fever_dep_00993
fever:184292,fever_dep_00551
fever:147033,fever_dep_01037
fever:65564,fever_dep_00542
fever:76549,fever_dep_01030
fever:104811,fever_dep_00770
fever:54383,fever_dep_00187
fever:49542,fever_dep_00793
fever:11689,fever_dep_00591
fever:133539,fever_dep_00550
fever:64142,fever_dep_00602
fever:189873,fever_dep_00553
fever:224191,fever_dep_00592
fever:24094,fever_dep_00618
fever:37052,fever_dep_00861
fever:189876,fever_dep_00553
fever:95032,fever_dep_00785
fever:37923,fever_dep_00832
fever:166934,fever_dep_00913
fever:225281,fever_dep_00217
fever:150192,fever_dep_00633
fever:131520,fever_dep_00647
fever:78957,fever_dep_00562
fever:152016,fever_dep_01018
fever:10674,fever_dep_00809
fever:29581,fever_dep_00770
fever:222896,fever_dep_00372
fever:178908,fever_dep_00732
fever:196154,fever_dep_00881
fever:200050,fever_dep_00721
fever:92429,fever_dep_01024
fever:23588,fever_dep_00667
fever:55924,fever_dep_00882
fever:204568,fever_dep_00513
fever:50681,fever_dep_00786
fever:41049,fever_dep_00600
fever:61803,fever_dep_00653
fever:3215,fever_dep_00746
fever:5745,fever_dep_00146
fever:24675,fever_dep_00833
fever:54701,fever_dep_00570
fever:143749,fever_dep_00603
fever:94168,fever_dep_00732
fever:112545,fever_dep_00711
fever:27417,fever_dep_00923
fever:153534,fever_dep_00544
fever:193547,fever_dep_00827
fever:133295,fever_dep_00711
fever:86222,fever_dep_00978
fever:206988,fever_dep_00057
fever:91868,fever_dep_00691
fever:17583,fever_dep_00521
fever:193539,fever_dep_00827
fever:4445,fever_dep_00738
fever:85702,fever_dep_00700
fever:127973,fever_dep_00758
fever:112701,fever_dep_00620
fever:122288,fever_dep_00618
fever:220248,fever_dep_00767
fever:193550,fever_dep_00827
fever:10262,fever_dep_00854
fever:20703,fever_dep_00965
fever:72090,fever_dep_00705
fever:64660,fever_dep_00890
fever:3967,fever_dep_00952
fever:4134,fever_dep_00700
fever:120077,fever_dep_00642
fever:106966,fever_dep_00550
fever:148779,fever_dep_00700
fever:105928,fever_dep_00610
fever:12820,fever_dep_00665
fever:46612,fever_dep_00520
fever:19413,fever_dep_00568
fever:185766,fever_dep_00988
fever:183478,fever_dep_00852
fever:27595,fever_dep_00616
fever:84431,fever_dep_00734
fever:50502,fever_dep_01020
fever:79172,fever_dep_00941
fever:33130,fever_dep_00717
fever:66539,fever_dep_00184
fever:225722,fever_dep_00672
fever:43078,fever_dep_00661
fever:111060,fever_dep_00678
fever:112087,fever_dep_00680
fever:178254,fever_dep_00959
fever:195147,fever_dep_00565
fever:69354,fever_dep_01030
fever:80676,fever_dep_00614
fever:219674,fever_dep_00516
fever:62816,fever_dep_00755
fever:26852,fever_dep_00593
fever:25933,fever_dep_00091
fever:71458,fever_dep_00217
fever:53016,fever_dep_00700
fever:119250,fever_dep_00957
fever:94055,fever_dep_00015
fever:20497,fever_dep_00523
fever:209107,fever_dep_00552
fever:23753,fever_dep_00848
fever:167163,fever_dep_00531
fever:177529,fever_dep_00817
fever:123614,fever_dep_00616
fever:42258,fever_dep_00689
fever:93173,fever_dep_00602
fever:113103,fever_dep_00716
fever:112950,fever_dep_00941
fever:83351,fever_dep_00648
fever:91976,fever_dep_00916
fever:57150,fever_dep_00562
fever:164497,fever_dep_00933
fever:10324,fever_dep_00753
fever:134944,fever_dep_00746
fever:218099,fever_dep_00732
fever:4592,fever_dep_00987
fever:160052,fever_dep_00847
fever:174875,fever_dep_00217
fever:130955,fever_dep_00563
fever:32145,fever_dep_00587
fever:136376,fever_dep_00998
fever:199682,fever_dep_00892
fever:111893,fever_dep_00962
fever:108756,fever_dep_00642
fever:174615,fever_dep_00821
fever:5080,fever_dep_00587
fever:168636,fever_dep_00010
fever:112757,fever_dep_00899
fever:198538,fever_dep_00573
fever:4595,fever_dep_00862
fever:120422,fever_dep_00671
fever:155476,fever_dep_00558
fever:115143,fever_dep_00349
fever:104922,fever_dep_00563
fever:78055,fever_dep_00655
fever:222888,fever_dep_00372
fever:153543,fever_dep_00557
fever:90980,fever_dep_00660
fever:62149,fever_dep_00966
fever:56051,fever_dep_00764
fever:19327,fever_dep_00591
fever:209352,fever_dep_00706
fever:46218,fever_dep_00787
fever:9152,fever_dep_00519
fever:6210,fever_dep_00932
fever:102020,fever_dep_00534
fever:69883,fever_dep_00752
fever:225739,fever_dep_00672
fever:47792,fever_dep_00732
fever:201606,fever_dep_00947
fever:55860,fever_dep_00932
fever:15621,fever_dep_00973
fever:23679,fever_dep_00460
fever:71672,fever_dep_00910
fever:72498,fever_dep_01011
fever:96262,fever_dep_00664
fever:100145,fever_dep_00946
fever:57585,fever_dep_00609
fever:12852,fever_dep_00824
fever:72585,fever_dep_00944
fever:219686,fever_dep_00516
fever:477,fever_dep_00916
fever:143011,fever_dep_01037
fever:195134,fever_dep_00565
fever:93725,fever_dep_00807
fever:72738,fever_dep_00718
fever:125524,fever_dep_00966
fever:143832,fever_dep_01000
fever:188570,fever_dep_00733
fever:86495,fever_dep_00228
fever:420,fever_dep_00122
fever:138188,fever_dep_00554
fever:69136,fever_dep_00675
fever:205100,fever_dep_00917
fever:183456,fever_dep_00588
fever:125971,fever_dep_00673
fever:68413,fever_dep_00802
fever:23012,fever_dep_00617
fever:74274,fever_dep_00590
fever:135802,fever_dep_00260
fever:41820,fever_dep_01025
fever:135832,fever_dep_00850
fever:26322,fever_dep_01036
fever:42669,fever_dep_00716
fever:69892,fever_dep_00969
fever:86361,fever_dep_00688
fever:73861,fever_dep_01029
fever:36399,fever_dep_00795
fever:174891,fever_dep_00217
fever:25470,fever_dep_00728
fever:135642,fever_dep_00743
fever:69422,fever_dep_00705
fever:9041,fever_dep_00670
fever:69843,fever_dep_00349
fever:149436,fever_dep_00853
fever:117129,fever_dep_00091
fever:143882,fever_dep_00061
fever:89739,fever_dep_00581
fever:205114,fever_dep_00917
fever:117038,fever_dep_00147
fever:129558,fever_dep_00686
fever:45345,fever_dep_01006
fever:178855,fever_dep_00732
fever:183468,fever_dep_00588
fever:178240,fever_dep_00959
fever:13769,fever_dep_00255
fever:97807,fever_dep_00738
fever:54533,fever_dep_00678
fever:164093,fever_dep_00875
fever:115002,fever_dep_00084
fever:20429,fever_dep_00808
fever:149901,fever_dep_00809
fever:208918,fever_dep_00393
fever:109582,fever_dep_00535
fever:79923,fever_dep_00542
fever:141911,fever_dep_00798
fever:31192,fever_dep_00559
fever:72267,fever_dep_00545
fever:145061,fever_dep_00907
fever:97655,fever_dep_00958
fever:208896,fever_dep_00393
fever:12059,fever_dep_00958
fever:4433,fever_dep_00255
fever:163812,fever_dep_00508
fever:192789,fever_dep_00980
fever:227779,fever_dep_00674
fever:105301,fever_dep_00692
fever:185777,fever_dep_00988
fever:48217,fever_dep_00567
fever:200034,fever_dep_00721
fever:169319,fever_dep_00749
fever:128931,fever_dep_00798
fever:204555,fever_dep_00513
fever:108814,fever_dep_00460
fever:66540,fever_dep_00184
fever:11674,fever_dep_00608
fever:83431,fever_dep_00771
fever:177850,fever_dep_00010
fever:211866,fever_dep_00896
fever:188147,fever_dep_00986
fever:153136,fever_dep_00952
fever:223288,fever_dep_00601
fever:74074,fever_dep_00667
fever:224553,fever_dep_00794
fever:85470,fever_dep_00577
fever:225826,fever_dep_00598
fever:127773,fever_dep_00596
fever:122794,fever_dep_00704
fever:19752,fever_dep_00642
fever:216790,fever_dep_00714
fever:17933,fever_dep_00956
fever:29205,fever_dep_00949
fever:194252,fever_dep_00983
fever:77113,fever_dep_00700
fever:25921,fever_dep_00624
fever:139749,fever_dep_00764
fever:68327,fever_dep_01040
fever:184307,fever_dep_00551
fever:168612,fever_dep_00010
fever:204980,fever_dep_00869
fever:139365,fever_dep_00520
fever:59384,fever_dep_00713
fever:13829,fever_dep_00786
fever:194742,fever_dep_00897
fever:178900,fever_dep_00732
fever:191647,fever_dep_01031
fever:123896,fever_dep_00721
fever:108755,fever_dep_00642
fever:20440,fever_dep_00809
fever:72341,fever_dep_00595
fever:61401,fever_dep_00618
fever:128827,fever_dep_00184
fever:121897,fever_dep_01037
fever:6,fever_dep_00681
fever:19161,fever_dep_00594
fever:184287,fever_dep_00551
fever:68632,fever_dep_00882
fever:75210,fever_dep_00665
fever:187556,fever_dep_00737
fever:90356,fever_dep_00519
fever:19160,fever_dep_00594
fever:18794,fever_dep_00758
fever:119389,fever_dep_00604
fever:132619,fever_dep_00574
fever:125227,fever_dep_00634
fever:58234,fever_dep_00726
fever:90777,fever_dep_01010
fever:146416,fever_dep_00590
fever:143277,fever_dep_00036
fever:93062,fever_dep_01029
fever:139145,fever_dep_00517
fever:48242,fever_dep_00524
fever:21566,fever_dep_00718
fever:216783,fever_dep_00714
fever:61720,fever_dep_00752
fever:191653,fever_dep_01031
fever:48385,fever_dep_00349
fever:18004,fever_dep_00855
fever:183481,fever_dep_00852
fever:51584,fever_dep_00260
fever:185784,fever_dep_00988
fever:76433,fever_dep_00656
fever:144509,fever_dep_00948
fever:76213,fever_dep_00529
fever:18159,fever_dep_00643
fever:38486,fever_dep_00678
fever:14731,fever_dep_00891
fever:62831,fever_dep_00187
fever:105693,fever_dep_00586
fever:77126,fever_dep_00122
fever:101619,fever_dep_00768
fever:141925,fever_dep_00677
fever:201454,fever_dep_00990
fever:55101,fever_dep_00349
fever:19576,fever_dep_00910
fever:196158,fever_dep_00881
fever:133599,fever_dep_00837
fever:224139,fever_dep_00625
fever:67340,fever_dep_00826
fever:150258,fever_dep_00542
fever:130683,fever_dep_00642
fever:120126,fever_dep_00597
fever:60979,fever_dep_00585
fever:3475,fever_dep_01029
fever:113008,fever_dep_00946
fever:89573,fever_dep_00653
fever:24372,fever_dep_00810
fever:226851,fever_dep_00760
fever:18051,fever_dep_00802
fever:14101,fever_dep_00901
fever:122657,fever_dep_00578
fever:70159,fever_dep_00521
fever:129921,fever_dep_00517
fever:207328,fever_dep_00839
fever:205081,fever_dep_00679
fever:155156,fever_dep_00217
fever:209356,fever_dep_00706
fever:48416,fever_dep_00694
fever:29750,fever_dep_00630
fever:850,fever_dep_00699
fever:93493,fever_dep_00656
fever:190074,fever_dep_01026
fever:154761,fever_dep_00613
fever:211872,fever_dep_00896
fever:172308,fever_dep_01001
fever:47656,fever_dep_00738
fever:96841,fever_dep_00660
fever:446,fever_dep_00574
fever:206434,fever_dep_00888
fever:19236,fever_dep_00615
fever:171897,fever_dep_00912
fever:78349,fever_dep_00962
fever:1602,fever_dep_00609
fever:116686,fever_dep_00856
fever:95018,fever_dep_00879
fever:23729,fever_dep_00647
fever:54771,fever_dep_00554
fever:135024,fever_dep_00919
fever:93600,fever_dep_00604
fever:71072,fever_dep_00864
fever:160542,fever_dep_00927
fever:23794,fever_dep_00807
fever:123179,fever_dep_00855
fever:169922,fever_dep_00571
fever:12420,fever_dep_00956
fever:181250,fever_dep_00867
fever:131139,fever_dep_01021
fever:220461,fever_dep_00814
fever:128230,fever_dep_00084
fever:182923,fever_dep_00584
fever:29551,fever_dep_00675
fever:128078,fever_dep_00281
fever:226857,fever_dep_00760
fever:20603,fever_dep_00624
fever:158036,fever_dep_00831
fever:93099,fever_dep_00965
fever:162742,fever_dep_01033
fever:128319,fever_dep_00627
fever:178225,fever_dep_00547
fever:8576,fever_dep_00647
fever:56038,fever_dep_00964
fever:63185,fever_dep_00577
fever:222645,fever_dep_00730
fever:43141,fever_dep_00712
fever:123142,fever_dep_00518
fever:50198,fever_dep_00708
fever:161790,fever_dep_00915
fever:117199,fever_dep_00740
fever:175862,fever_dep_00384
fever:197645,fever_dep_00669
fever:36952,fever_dep_00608
fever:69626,fever_dep_00945
fever:147530,fever_dep_00577
fever:158908,fever_dep_00909
fever:42998,fever_dep_00738
fever:188652,fever_dep_00217
fever:164103,fever_dep_00875
fever:222754,fever_dep_00868
fever:182904,fever_dep_00584
fever:93331,fever_dep_00574
fever:206998,fever_dep_00057
fever:132554,fever_dep_00857
fever:114770,fever_dep_00008
fever:11915,fever_dep_01010
fever:35858,fever_dep_00562
fever:208908,fever_dep_00393
fever:78087,fever_dep_00649
fever:39414,fever_dep_01037
fever:101300,fever_dep_00084
fever:97419,fever_dep_00577
fever:96576,fever_dep_00765
fever:98890,fever_dep_00962
fever:12454,fever_dep_00266
fever:193835,fever_dep_00727
fever:177865,fever_dep_00010
fever:60541,fever_dep_00704
fever:73756,fever_dep_00805
fever:101528,fever_dep_00798
fever:219202,fever_dep_00564
fever:13369,fever_dep_01023
fever:39612,fever_dep_00583
fever:226441,fever_dep_00619
fever:54257,fever_dep_00764
fever:115320,fever_dep_00639
fever:87993,fever_dep_00511
fever:70310,fever_dep_00349
fever:92374,fever_dep_00533
fever:72871,fever_dep_00526
fever:118594,fever_dep_00719
fever:6216,fever_dep_00729
fever:12172,fever_dep_00525
fever:12319,fever_dep_00883
fever:7287,fever_dep_00617
fever:207332,fever_dep_00839
fever:162042,fever_dep_00745
fever:154156,fever_dep_00713
fever:76086,fever_dep_00865
fever:114609,fever_dep_00590
fever:157491,fever_dep_00349
fever:124277,fever_dep_00688
fever:105788,fever_dep_00939
fever:179827,fever_dep_00527
fever:135340,fever_dep_00833
fever:193554,fever_dep_00827
fever:139077,fever_dep_00786
fever:7137,fever_dep_00746
fever:478,fever_dep_00916
fever:206457,fever_dep_00888
fever:74430,fever_dep_00036
fever:160898,fever_dep_00673
fever:55732,fever_dep_00898
fever:1251,fever_dep_00894
fever:216771,fever_dep_00714
fever:122977,fever_dep_00519
fever:75016,fever_dep_00970
fever:36775,fever_dep_00587
fever:77398,fever_dep_00665
fever:214976,fever_dep_00981
fever:50413,fever_dep_00995
fever:38750,fever_dep_00841
fever:39983,fever_dep_00992
fever:208912,fever_dep_00393
fever:59158,fever_dep_00792
fever:222660,fever_dep_00730
fever:99039,fever_dep_00972
fever:39400,fever_dep_00481
fever:192778,fever_dep_00980
fever:103503,fever_dep_00255
fever:137674,fever_dep_01028
fever:210212,fever_dep_00744
fever:212237,fever_dep_00147
fever:121065,fever_dep_00255
fever:209350,fever_dep_00706
fever:120259,fever_dep_00719
fever:50143,fever_dep_00856
fever:75897,fever_dep_00805
fever:5093,fever_dep_00864
fever:180706,fever_dep_01014
fever:24074,fever_dep_00255
fever:202316,fever_dep_00510
fever:106855,fever_dep_00746
fever:216774,fever_dep_00714
fever:73372,fever_dep_00934
fever:63693,fever_dep_00061
fever:219189,fever_dep_00564
fever:18032,fever_dep_00683
fever:59532,fever_dep_00555
fever:191662,fever_dep_01031
fever:8190,fever_dep_00978
fever:123023,fever_dep_00460
fever:164411,fever_dep_00697
fever:73126,fever_dep_00872
fever:132681,fever_dep_00641
fever:35881,fever_dep_00935
fever:17907,fever_dep_00525
fever:206038,fever_dep_00549
fever:135459,fever_dep_00673
fever:73439,fever_dep_00203
fever:171890,fever_dep_00912
fever:191888,fever_dep_01007
fever:90476,fever_dep_00008
fever:183419,fever_dep_00631
fever:116860,fever_dep_00512
fever:195492,fever_dep_00754
fever:188885,fever_dep_00920
fever:116737,fever_dep_00807
fever:215274,fever_dep_00496
fever:135336,fever_dep_00715
fever:152243,fever_dep_00769
fever:108107,fever_dep_01035
fever:53832,fever_dep_00649
fever:99146,fever_dep_00969
fever:100487,fever_dep_00985
fever:29104,fever_dep_00517
fever:191641,fever_dep_01031
fever:46964,fever_dep_00855
fever:102417,fever_dep_00544
fever:77499,fever_dep_00772
fever:141683,fever_dep_00644
fever:33196,fever_dep_00561
fever:192595,fever_dep_00960
fever:153678,fever_dep_00734
fever:99118,fever_dep_00772
fever:6834,fever_dep_00752
fever:225817,fever_dep_00598
fever:8304,fever_dep_00255
fever:107725,fever_dep_00667
fever:28914,fever_dep_00987
fever:183496,fever_dep_00852
fever:224197,fever_dep_00592
fever:108352,fever_dep_01021
fever:205065,fever_dep_00679
fever:130400,fever_dep_00718
fever:160850,fever_dep_00673
fever:118708,fever_dep_00671
fever:95212,fever_dep_00713
fever:157048,fever_dep_00091
fever:119358,fever_dep_00604
fever:28246,fever_dep_00742
fever:148173,fever_dep_00748
fever:105540,fever_dep_00633
fever:31960,fever_dep_00725
fever:13226,fever_dep_00146
fever:171509,fever_dep_00663
fever:532,fever_dep_00807
fever:154633,fever_dep_01011
fever:21405,fever_dep_00560
fever:115659,fever_dep_00600
fever:21211,fever_dep_00998
fever:17274,fever_dep_00603
fever:131255,fever_dep_00569
fever:21376,fever_dep_00604
fever:114062,fever_dep_01041
fever:161787,fever_dep_00915
fever:63907,fever_dep_00640
fever:91752,fever_dep_01015
fever:150429,fever_dep_00992
fever:194189,fever_dep_00606
fever:139289,fever_dep_00196
fever:50210,fever_dep_00936
fever:3728,fever_dep_00977
fever:43009,fever_dep_00281
fever:93550,fever_dep_00217
fever:216791,fever_dep_00714
fever:174981,fever_dep_00580
fever:26556,fever_dep_00585
fever:23590,fever_dep_00125
fever:68677,fever_dep_01016
fever:75978,fever_dep_00738
fever:72250,fever_dep_00122
fever:132160,fever_dep_00918
fever:223693,fever_dep_00780
fever:96850,fever_dep_00961
fever:8834,fever_dep_00613
fever:221120,fever_dep_00576
fever:60442,fever_dep_00157
fever:77686,fever_dep_00752
fever:136290,fever_dep_00971
fever:66440,fever_dep_00872
fever:49399,fever_dep_00717
fever:75393,fever_dep_00534
fever:149944,fever_dep_00971
fever:62301,fever_dep_00550
fever:79079,fever_dep_00923
fever:47296,fever_dep_00562
fever:146288,fever_dep_00899
fever:173050,fever_dep_00623
fever:76535,fever_dep_00846
fever:152133,fever_dep_00647
fever:183404,fever_dep_00631
fever:209122,fever_dep_00552
fever:49113,fever_dep_01037
fever:35523,fever_dep_00590
fever:122180,fever_dep_00899
fever:76759,fever_dep_00566
fever:40450,fever_dep_00951
fever:132331,fever_dep_00949
fever:175448,fever_dep_00530
fever:25490,fever_dep_01040
fever:183452,fever_dep_00588
fever:184308,fever_dep_00551
fever:11853,fever_dep_00965
fever:218094,fever_dep_00732
fever:6833,fever_dep_00752
fever:155574,fever_dep_00796
fever:155610,fever_dep_00585
fever:52456,fever_dep_00984
fever:183932,fever_dep_00751
fever:23939,fever_dep_00722
fever:136131,fever_dep_00587
fever:175863,fever_dep_00384
fever:27807,fever_dep_00628
fever:211857,fever_dep_00896
fever:78883,fever_dep_00678
fever:220464,fever_dep_00814
fever:48684,fever_dep_00748
fever:32153,fever_dep_00928
fever:173923,fever_dep_00741
fever:27980,fever_dep_00799
fever:155228,fever_dep_00636
fever:77549,fever_dep_00568
fever:172320,fever_dep_01001
fever:50939,fever_dep_00729
fever:102038,fever_dep_00710
fever:64091,fever_dep_00658
fever:65957,fever_dep_00607
fever:97181,fever_dep_00964
fever:196170,fever_dep_00881
fever:159326,fever_dep_00664
fever:71441,fever_dep_00694
fever:1220,fever_dep_00577
fever:214789,fever_dep_00605
fever:52620,fever_dep_00916
fever:83425,fever_dep_00819
fever:13201,fever_dep_00517
fever:101118,fever_dep_00666
fever:119080,fever_dep_00550
fever:195923,fever_dep_00739
fever:42397,fever_dep_00696
fever:11237,fever_dep_00612
fever:48891,fever_dep_00705
fever:138181,fever_dep_00810
fever:131163,fever_dep_00806
fever:84329,fever_dep_00440
fever:151226,fever_dep_00203
fever:204557,fever_dep_00513
fever:193546,fever_dep_00827
fever:26389,fever_dep_00532
fever:100781,fever_dep_00816
fever:137968,fever_dep_00597
fever:101702,fever_dep_00015
fever:18542,fever_dep_00620
fever:114829,fever_dep_00691
fever:21072,fever_dep_01018
fever:198421,fever_dep_00997
fever:78080,fever_dep_00694
fever:192197,fever_dep_00851
fever:109036,fever_dep_00650
fever:14730,fever_dep_00891
fever:66692,fever_dep_00217
fever:149296,fever_dep_00203
fever:148551,fever_dep_00556
fever:224202,fever_dep_00592
fever:222730,fever_dep_00789
fever:1598,fever_dep_00544
fever:123248,fever_dep_00758
fever:78344,fever_dep_00525
fever:65158,fever_dep_00585
fever:144641,fever_dep_00217
fever:8725,fever_dep_01029
fever:151118,fever_dep_00826
fever:75276,fever_dep_00802
fever:207317,fever_dep_00839
fever:194583,fever_dep_00682
fever:22370,fever_dep_00902
fever:206991,fever_dep_00057
fever:222881,fever_dep_00372
fever:113210,fever_dep_00084
fever:37878,fever_dep_00957
fever:171490,fever_dep_00663
fever:157316,fever_dep_00015
fever:105600,fever_dep_00793
fever:113936,fever_dep_00577
fever:221135,fever_dep_00576
fever:127981,fever_dep_00524
fever:123591,fever_dep_00906
fever:105614,fever_dep_00534
fever:35822,fever_dep_00689
fever:212216,fever_dep_00147
fever:160051,fever_dep_00847
fever:21784,fever_dep_00936
fever:225803,fever_dep_00598
fever:181273,fever_dep_00867
fever:126926,fever_dep_00654
fever:219171,fever_dep_00564
fever:2042,fever_dep_00061
fever:148335,fever_dep_00563
fever:140923,fever_dep_00440
fever:92988,fever_dep_00924
fever:209341,fever_dep_00706
fever:153427,fever_dep_00570
fever:215861,fever_dep_00800
fever:59358,fever_dep_00522
fever:206024,fever_dep_00549
fever:178906,fever_dep_00732
fever:113267,fever_dep_00061
fever:188640,fever_dep_00217
fever:150316,fever_dep_00647
fever:109564,fever_dep_00729
fever:169924,fever_dep_00571
fever:178229,fever_dep_00547
fever:95431,fever_dep_00826
fever:81002,fever_dep_00616
fever:34213,fever_dep_00825
fever:197655,fever_dep_00669
fever:47267,fever_dep_00586
fever:45143,fever_dep_00525
fever:92127,fever_dep_01021
fever:59573,fever_dep_00217
fever:125496,fever_dep_00579
fever:204306,fever_dep_00985
fever:140750,fever_dep_00515
fever:77449,fever_dep_00998
fever:72177,fever_dep_00928
fever:137909,fever_dep_00819
fever:171899,fever_dep_00912
fever:222772,fever_dep_00868
fever:58302,fever_dep_00906
fever:216197,fever_dep_00874
fever:74163,fever_dep_00781
fever:105128,fever_dep_00677
fever:147455,fever_dep_00520
fever:58550,fever_dep_00776
fever:53329,fever_dep_00935
fever:45637,fever_dep_00838
fever:191889,fever_dep_01007
fever:119122,fever_dep_00966
fever:177867,fever_dep_00010
fever:74588,fever_dep_00683
fever:199275,fever_dep_00434
fever:79378,fever_dep_00544
fever:188969,fever_dep_00783
fever:16996,fever_dep_00575
fever:201439,fever_dep_00990
fever:3809,fever_dep_01029
fever:136731,fever_dep_00667
fever:162650,fever_dep_01022
fever:110831,fever_dep_00607
fever:125900,fever_dep_00924
fever:80185,fever_dep_00524
fever:108325,fever_dep_00735
fever:67818,fever_dep_00707
fever:52472,fever_dep_01011
fever:93645,fever_dep_00946
fever:162200,fever_dep_00546
fever:221256,fever_dep_00884
fever:78175,fever_dep_00898
fever:225726,fever_dep_00672
fever:7884,fever_dep_00971
fever:22201,fever_dep_00946
fever:29543,fever_dep_00972
fever:76774,fever_dep_00265
fever:191664,fever_dep_01031
fever:127490,fever_dep_00687
fever:3013,fever_dep_00555
fever:69652,fever_dep_00558
fever:85015,fever_dep_00758
fever:2937,fever_dep_00787
fever:48142,fever_dep_00885
fever:27778,fever_dep_00802
fever:117380,fever_dep_00757
fever:101111,fever_dep_00517
fever:153836,fever_dep_00828
fever:118411,fever_dep_00942
fever:117003,fever_dep_00837
fever:51163,fever_dep_00823
fever:30234,fever_dep_00688
fever:67707,fever_dep_00577
fever:163805,fever_dep_00508
fever:146606,fever_dep_00624
fever:88865,fever_dep_00255
fever:111414,fever_dep_00667
fever:92128,fever_dep_00726
fever:183482,fever_dep_00852
fever:137210,fever_dep_00748
fever:149220,fever_dep_00969
fever:109499,fever_dep_00710
fever:71639,fever_dep_00918
fever:24110,fever_dep_00943
fever:168924,fever_dep_00645
fever:23172,fever_dep_00985
fever:217168,fever_dep_00803
fever:76775,fever_dep_00113
fever:169936,fever_dep_00571
fever:74645,fever_dep_00522
fever:57622,fever_dep_00265
fever:17593,fever_dep_00975
fever:191892,fever_dep_01007
fever:3667,fever_dep_00957
fever:141942,fever_dep_00196
fever:94059,fever_dep_00582
fever:58482,fever_dep_00705
fever:82106,fever_dep_00264
fever:195493,fever_dep_00754
fever:131318,fever_dep_00957
fever:211025,fever_dep_00543
fever:74135,fever_dep_00832
fever:209358,fever_dep_00706
fever:156372,fever_dep_00928
fever:52470,fever_dep_00593
fever:37153,fever_dep_00125
fever:35720,fever_dep_00808
fever:206458,fever_dep_00888
fever:61221,fever_dep_00729
fever:81305,fever_dep_00973
fever:188888,fever_dep_00920
fever:202302,fever_dep_00510
fever:45829,fever_dep_00618
fever:169918,fever_dep_00571
fever:139097,fever_dep_01040
fever:128539,fever_dep_00793
fever:61148,fever_dep_00061
fever:206040,fever_dep_00549
fever:49405,fever_dep_01024
fever:70815,fever_dep_01024
fever:152694,fever_dep_00615
fever:187386,fever_dep_00822
fever:90911,fever_dep_00683
fever:119205,fever_dep_00349
fever:9680,fever_dep_00556
fever:20161,fever_dep_00653
fever:35494,fever_dep_00902
fever:140664,fever_dep_00927
fever:107305,fever_dep_00515
fever:143288,fever_dep_01000
fever:34881,fever_dep_00641
fever:57670,fever_dep_00586
fever:156401,fever_dep_00914
fever:84328,fever_dep_00440
fever:14837,fever_dep_00905
fever:30062,fever_dep_00165
fever:166939,fever_dep_00913
fever:115128,fever_dep_00545
fever:150340,fever_dep_00610
fever:212228,fever_dep_00147
fever:211021,fever_dep_00543
fever:34162,fever_dep_00696
fever:2358,fever_dep_00725
fever:126916,fever_dep_00722
fever:180697,fever_dep_01014
fever:31163,fever_dep_00536
fever:170109,fever_dep_00777
fever:41811,fever_dep_00540
fever:17374,fever_dep_00711
fever:148329,fever_dep_00719
fever:160050,fever_dep_00847
fever:55633,fever_dep_00773
fever:166919,fever_dep_00913
fever:172324,fever_dep_01001
fever:134830,fever_dep_00785
fever:63044,fever_dep_00122
fever:34111,fever_dep_00919
fever:151450,fever_dep_00994
fever:23459,fever_dep_00876
fever:117998,fever_dep_00773
fever:134854,fever_dep_00636
fever:100467,fever_dep_00991
fever:130854,fever_dep_00948
fever:104703,fever_dep_00061
fever:90957,fever_dep_00707
fever:43806,fever_dep_00624
fever:198552,fever_dep_00573
fever:129137,fever_dep_00704
fever:56088,fever_dep_00964
fever:169315,fever_dep_00749
fever:205093,fever_dep_00679
fever:125385,fever_dep_00753
fever:188148,fever_dep_00986
fever:25025,fever_dep_00953
fever:182936,fever_dep_00584
fever:171504,fever_dep_00663
fever:23230,fever_dep_00923
fever:69972,fever_dep_00734
fever:205083,fever_dep_00679
fever:222717,fever_dep_00789
fever:52747,fever_dep_01012
fever:25842,fever_dep_00091
fever:107060,fever_dep_00535
fever:5053,fever_dep_00685
fever:13515,fever_dep_00886
fever:227097,fever_dep_00830
fever:60425,fever_dep_00929
fever:78311,fever_dep_00511
fever:129369,fever_dep_00255
fever:47308,fever_dep_00217
fever:139271,fever_dep_00593
fever:59686,fever_dep_01027
fever:88641,fever_dep_00635
fever:23173,fever_dep_00985
fever:118217,fever_dep_00203
fever:108803,fever_dep_00956
fever:71120,fever_dep_00559
fever:2374,fever_dep_00995
fever:191875,fever_dep_01007
fever:22744,fever_dep_00946
fever:118117,fever_dep_00146
fever:27973,fever_dep_00617
fever:152929,fever_dep_00681
fever:69185,fever_dep_00266
fever:135215,fever_dep_00590
fever:139694,fever_dep_00966
fever:113032,fever_dep_01000
fever:103535,fever_dep_00705
fever:82594,fever_dep_00946
fever:26525,fever_dep_00662
fever:28832,fever_dep_00671
fever:117154,fever_dep_00945
fever:126794,fever_dep_00806
fever:158906,fever_dep_00909
fever:222170,fever_dep_00999
fever:33166,fever_dep_00956
fever:146157,fever_dep_00807
fever:17218,fever_dep_00878
fever:84123,fever_dep_00608
fever:125333,fever_dep_00987
fever:100060,fever_dep_00666
fever:65720,fever_dep_00918
fever:52799,fever_dep_00722
fever:165691,fever_dep_00922
fever:14596,fever_dep_00744
fever:23766,fever_dep_00890
fever:71230,fever_dep_00278
fever:155659,fever_dep_00701
fever:29594,fever_dep_00748
fever:125533,fever_dep_00974
fever:131663,fever_dep_00689
fever:76776,fever_dep_00113
fever:57941,fever_dep_00579
fever:135928,fever_dep_00857
fever:38745,fever_dep_00061
fever:80227,fever_dep_00260
fever:224566,fever_dep_00794
fever:113912,fever_dep_00978
fever:108079,fever_dep_00548
fever:48404,fever_dep_00642
fever:126559,fever_dep_00829
fever:177845,fever_dep_00010
fever:100318,fever_dep_00728
fever:6317,fever_dep_00698
fever:107347,fever_dep_00927
fever:63315,fever_dep_00684
fever:114778,fever_dep_00825
fever:17214,fever_dep_00687
fever:169307,fever_dep_00749
fever:14984,fever_dep_00918
fever:76118,fever_dep_00659
fever:87456,fever_dep_00558
fever:21138,fever_dep_00774
fever:202301,fever_dep_00510
fever:34454,fever_dep_00936
fever:52644,fever_dep_00084
fever:182680,fever_dep_00632
fever:57245,fever_dep_00809
fever:90230,fever_dep_00440
fever:150040,fever_dep_00590
fever:12403,fever_dep_00700
fever:103758,fever_dep_00857
fever:80984,fever_dep_00774
fever:21716,fever_dep_00828
fever:169317,fever_dep_00749
fever:157052,fever_dep_00946
fever:225810,fever_dep_00598
fever:53998,fever_dep_00734
fever:11315,fever_dep_00525
fever:22805,fever_dep_00540
fever:97522,fever_dep_00538
fever:83984,fever_dep_00307
fever:174611,fever_dep_00821
fever:86279,fever_dep_00855
fever:183492,fever_dep_00852
fever:166376,fever_dep_01039
fever:19765,fever_dep_00061
fever:33334,fever_dep_00720
fever:23080,fever_dep_00661
fever:26404,fever_dep_00932
fever:194747,fever_dep_00897
fever:94019,fever_dep_00650
fever:68160,fever_dep_00536
fever:220975,fever_dep_00763
fever:116423,fever_dep_00577
fever:127240,fever_dep_00725
fever:107322,fever_dep_00534
fever:48961,fever_dep_00744
fever:54915,fever_dep_00770
fever:143684,fever_dep_00829
fever:34073,fever_dep_00585
fever:33009,fever_dep_00752
fever:20492,fever_dep_00644
fever:136947,fever_dep_00702
fever:202747,fever_dep_00860
fever:115773,fever_dep_00264
fever:59674,fever_dep_00826
fever:11290,fever_dep_00961
fever:192788,fever_dep_00980
fever:183491,fever_dep_00852
fever:113686,fever_dep_00941
fever:143303,fever_dep_00599
fever:223219,fever_dep_00762
fever:66903,fever_dep_00797
fever:52139,fever_dep_00678
fever:57421,fever_dep_01025
fever:68283,fever_dep_00539
fever:131440,fever_dep_00642
fever:76126,fever_dep_00928
fever:29849,fever_dep_00894
fever:28754,fever_dep_00533
fever:224141,fever_dep_00625
fever:63436,fever_dep_00203
fever:5313,fever_dep_00620
fever:103398,fever_dep_00577
fever:116723,fever_dep_00775
fever:183476,fever_dep_00852
fever:37067,fever_dep_01032
fever:49950,fever_dep_00660
fever:138743,fever_dep_00818
fever:161709,fever_dep_00117
fever:228689,fever_dep_00683
fever:102884,fever_dep_00924
fever:154439,fever_dep_00278
fever:79034,fever_dep_00084
fever:25906,fever_dep_00613
fever:27806,fever_dep_00628
fever:204571,fever_dep_00513
fever:74581,fever_dep_00744
fever:211011,fever_dep_00543
fever:104423,fever_dep_00585
fever:96578,fever_dep_00673
fever:77763,fever_dep_01020
fever:117966,fever_dep_00776
fever:50799,fever_dep_00818
fever:3370,fever_dep_00542
fever:66004,fever_dep_00600
fever:21274,fever_dep_00849
fever:57049,fever_dep_00967
fever:192774,fever_dep_00980
fever:132214,fever_dep_00952
fever:142802,fever_dep_01024
fever:40305,fever_dep_00985
fever:174526,fever_dep_00815
fever:37325,fever_dep_00996
fever:213435,fever_dep_00626
fever:227093,fever_dep_00830
fever:105526,fever_dep_00982
fever:168923,fever_dep_00645
fever:127658,fever_dep_00696
fever:173665,fever_dep_00747
fever:194174,fever_dep_00606
fever:161795,fever_dep_00915
fever:141777,fever_dep_00746
fever:136427,fever_dep_00829
fever:14051,fever_dep_00061
fever:157870,fever_dep_00255
fever:22355,fever_dep_00686
fever:82492,fever_dep_00566
fever:48227,fever_dep_00440
fever:120846,fever_dep_00966
fever:103941,fever_dep_00856
fever:131149,fever_dep_00519
fever:56322,fever_dep_00822
fever:50428,fever_dep_00820
fever:531,fever_dep_00801
fever:32734,fever_dep_00668
fever:142527,fever_dep_00984
fever:87581,fever_dep_00832
fever:190085,fever_dep_01026
fever:83048,fever_dep_00734
fever:103583,fever_dep_00113
fever:219691,fever_dep_00516
fever:45192,fever_dep_00769
fever:14123,fever_dep_00668
fever:79881,fever_dep_00627
fever:162835,fever_dep_00690
fever:124971,fever_dep_00976
fever:173046,fever_dep_00623
fever:178856,fever_dep_00732
fever:26820,fever_dep_00562
fever:102418,fever_dep_00544
fever:33465,fever_dep_00984
fever:90220,fever_dep_00758
fever:94321,fever_dep_00522
fever:171523,fever_dep_00779
fever:104206,fever_dep_00593
fever:69655,fever_dep_00967
fever:9824,fever_dep_00773
fever:153914,fever_dep_00511
fever:166935,fever_dep_00913
fever:43920,fever_dep_00825
fever:18030,fever_dep_00795
fever:2223,fever_dep_00856
fever:32918,fever_dep_00942
fever:205095,fever_dep_00679
fever:129352,fever_dep_00791
fever:83989,fever_dep_00711
fever:20640,fever_dep_00511
fever:168632,fever_dep_00010
fever:25358,fever_dep_00628
fever:96121,fever_dep_00829
fever:125865,fever_dep_00574
fever:17993,fever_dep_00791
fever:59984,fever_dep_00801
fever:91317,fever_dep_00970
fever:124719,fever_dep_00536
fever:47791,fever_dep_00732
fever:191886,fever_dep_01007
fever:65702,fever_dep_00738
fever:60995,fever_dep_01036
fever:201575,fever_dep_00947
fever:90865,fever_dep_00929
fever:7297,fever_dep_00667
fever:101985,fever_dep_00812
fever:33447,fever_dep_00610
fever:74479,fever_dep_00611
fever:217091,fever_dep_00766
fever:162842,fever_dep_00690
fever:17336,fever_dep_00964
fever:10455,fever_dep_00755
fever:164061,fever_dep_00835
fever:161902,fever_dep_00863
fever:142313,fever_dep_00752
fever:117192,fever_dep_00265
fever:183502,fever_dep_00852
fever:79505,fever_dep_00528
fever:6496,fever_dep_00536
fever:195122,fever_dep_00565
fever:74806,fever_dep_00720
fever:131314,fever_dep_00756
fever:205286,fever_dep_00873
fever:156511,fever_dep_00681
fever:149392,fever_dep_00853
fever:174881,fever_dep_00217
fever:51066,fever_dep_00600
fever:114387,fever_dep_00683
fever:2389,fever_dep_00587
fever:87828,fever_dep_00738
fever:32429,fever_dep_00574
fever:13869,fever_dep_00608
fever:163829,fever_dep_01003
fever:116715,fever_dep_00910
fever:156601,fever_dep_01038
fever:304,fever_dep_00550
fever:214973,fever_dep_00981
fever:120290,fever_dep_00620
fever:164102,fever_dep_00875
fever:185182,fever_dep_00637
fever:185783,fever_dep_00988
fever:1494,fever_dep_00217
fever:33671,fever_dep_00758
fever:182917,fever_dep_00584
fever:76867,fever_dep_00675
fever:3656,fever_dep_00711
fever:6390,fever_dep_00554
fever:164898,fever_dep_00514
fever:107585,fever_dep_00683
fever:148304,fever_dep_00973
fever:171497,fever_dep_00663
fever:193837,fever_dep_00727
fever:70022,fever_dep_00902
fever:55208,fever_dep_00886
fever:195503,fever_dep_00754
fever:37718,fever_dep_00742
fever:23861,fever_dep_00911
fever:85066,fever_dep_00600
fever:122615,fever_dep_00968
fever:1248,fever_dep_00589
fever:178909,fever_dep_00732
fever:20807,fever_dep_00221
fever:208898,fever_dep_00393
fever:202730,fever_dep_00860
fever:224193,fever_dep_00592
fever:83541,fever_dep_00805
fever:182676,fever_dep_00632
fever:10451,fever_dep_00837
fever:96551,fever_dep_00985
fever:183411,fever_dep_00631
fever:61781,fever_dep_00577
fever:37739,fever_dep_00540
fever:31232,fever_dep_00260
fever:97028,fever_dep_00642
fever:134692,fever_dep_00738
fever:7757,fever_dep_00938
fever:41337,fever_dep_00778
fever:163798,fever_dep_00508
fever:157273,fever_dep_00929
fever:39664,fever_dep_00816
fever:192050,fever_dep_00709
fever:141522,fever_dep_00147
fever:112242,fever_dep_00850
fever:69790,fever_dep_01004
fever:121757,fever_dep_00524
fever:37924,fever_dep_00832
fever:164399,fever_dep_00697
fever:172325,fever_dep_01001
fever:22371,fever_dep_00902
fever:185177,fever_dep_00637
fever:31020,fever_dep_00440
fever:164400,fever_dep_00697
fever:80551,fever_dep_00854
fever:108736,fever_dep_00278
fever:23251,fever_dep_00560
fever:175868,fever_dep_00384
fever:24782,fever_dep_00091
fever:157022,fever_dep_00894
fever:60854,fever_dep_00604
fever:157878,fever_dep_01016
fever:40469,fever_dep_00593
fever:133523,fever_dep_00113
fever:54949,fever_dep_01009
fever:209355,fever_dep_00706
fever:74583,fever_dep_00613
fever:64024,fever_dep_00610
fever:81806,fever_dep_00952
fever:199668,fever_dep_00892
fever:158227,fever_dep_00967
fever:89583,fever_dep_00568
fever:65949,fever_dep_00889
fever:170010,fever_dep_00761
fever:217167,fever_dep_00803
fever:170089,fever_dep_00777
fever:128467,fever_dep_00968
fever:6462,fever_dep_00716
fever:200042,fever_dep_00721
fever:162745,fever_dep_01033
fever:46381,fever_dep_00770
fever:137825,fever_dep_00691
fever:195199,fever_dep_00541
fever:21785,fever_dep_00936
fever:145802,fever_dep_00655
fever:26341,fever_dep_00725
fever:122006,fever_dep_00654
fever:17273,fever_dep_00603
fever:54029,fever_dep_00665
fever:119867,fever_dep_00768
fever:149746,fever_dep_00699
fever:203067,fever_dep_00811
fever:123816,fever_dep_00707
fever:3668,fever_dep_00957
fever:12693,fever_dep_00943
fever:170006,fever_dep_00761
fever:217027,fever_dep_01019
fever:101932,fever_dep_00681
fever:205074,fever_dep_00679
fever:162840,fever_dep_00690
fever:106078,fever_dep_00855
fever:71232,fever_dep_00878
fever:62126,fever_dep_00611
fever:86783,fever_dep_00561
fever:22804,fever_dep_00540
fever:215279,fever_dep_00496
fever:139466,fever_dep_00944
fever:168925,fever_dep_00645
fever:202733,fever_dep_00860
fever:131650,fever_dep_00307
fever:184303,fever_dep_00551
fever:86559,fever_dep_00832
fever:194243,fever_dep_00983
fever:151460,fever_dep_00979
fever:75232,fever_dep_00924
fever:193848,fever_dep_00727
fever:188636,fever_dep_00217
fever:188647,fever_dep_00217
fever:35405,fever_dep_00641
fever:103084,fever_dep_00524
fever:94288,fever_dep_00770
fever:217094,fever_dep_00766
fever:32652,fever_dep_00700
fever:222647,fever_dep_00730
fever:137678,fever_dep_00217
fever:121121,fever_dep_00675
fever:54411,fever_dep_00649
fever:181264,fever_dep_00867
fever:25828,fever_dep_00228
fever:27657,fever_dep_00887
fever:129241,fever_dep_00644
fever:131690,fever_dep_00647
fever:92161,fever_dep_00713
fever:115898,fever_dep_00260
fever:48810,fever_dep_00774
fever:41656,fever_dep_00460
fever:129531,fever_dep_00533
fever:226855,fever_dep_00760
fever:143965,fever_dep_00613
fever:76324,fever_dep_00532
fever:48754,fever_dep_00834
fever:98711,fever_dep_00791
fever:82559,fever_dep_00886
fever:29142,fever_dep_00061
fever:212035,fever_dep_00723
fever:19951,fever_dep_00307
fever:223204,fever_dep_00762
fever:98042,fever_dep_00440
fever:99395,fever_dep_00113
fever:222755,fever_dep_00868
fever:132996,fever_dep_00857
fever:116315,fever_dep_00265
fever:81391,fever_dep_00849
fever:227090,fever_dep_00830
fever:76838,fever_dep_00702
fever:34791,fever_dep_00586
fever:109447,fever_dep_00460
fever:171525,fever_dep_00779
fever:19052,fever_dep_00611
fever:70393,fever_dep_00260
fever:192035,fever_dep_00709
fever:16701,fever_dep_00481
fever:160054,fever_dep_00847
fever:184304,fever_dep_00551
fever:172328,fever_dep_01001
fever:195230,fever_dep_00541
fever:13815,fever_dep_00718
fever:33739,fever_dep_00608
fever:116269,fever_dep_00146
fever:1369,fever_dep_00921
fever:192583,fever_dep_00960
fever:77911,fever_dep_00602
fever:91751,fever_dep_00735
fever:152680,fever_dep_00946
fever:63949,fever_dep_00524
fever:187382,fever_dep_00822
fever:136914,fever_dep_00705
fever:88914,fever_dep_00643
fever:220243,fever_dep_00767
fever:154312,fever_dep_00770
fever:179832,fever_dep_00527
fever:160555,fever_dep_00523
fever:83454,fever_dep_00577
fever:141758,fever_dep_00698
fever:10118,fever_dep_00595
fever:162216,fever_dep_00546
fever:9817,fever_dep_00570
fever:219188,fever_dep_00564
fever:44899,fever_dep_00972
fever:60535,fever_dep_00255
fever:72366,fever_dep_00771
fever:103050,fever_dep_00796
fever:54760,fever_dep_00806
fever:95236,fever_dep_01008
fever:209098,fever_dep_00552
fever:127456,fever_dep_00872
fever:89049,fever_dep_00523
fever:79419,fever_dep_00615
fever:158322,fever_dep_00902
fever:37727,fever_dep_00575
fever:77011,fever_dep_00685
fever:175459,fever_dep_00530
fever:126828,fever_dep_00670
fever:910,fever_dep_00756
fever:185168,fever_dep_00637
fever:195245,fever_dep_00541
fever:101125,fever_dep_00898
fever:140390,fever_dep_00849
fever:222748,fever_dep_00868
fever:85780,fever_dep_00517
fever:7041,fever_dep_00895
fever:145369,fever_dep_00084
fever:3349,fever_dep_00641
fever:168634,fever_dep_00010
fever:22724,fever_dep_00544
fever:208919,fever_dep_00393
fever:200044,fever_dep_00721
fever:189868,fever_dep_00553
fever:121716,fever_dep_01037
fever:97930,fever_dep_00617
fever:89681,fever_dep_00855
fever:134582,fever_dep_00778
fever:80361,fever_dep_00991
fever:99696,fever_dep_00147
fever:212206,fever_dep_00147
fever:129093,fever_dep_00962
fever:65902,fever_dep_00550
fever:132471,fever_dep_01017
fever:129051,fever_dep_00710
fever:225748,fever_dep_00672
fever:61922,fever_dep_00694
fever:7922,fever_dep_00961
fever:92415,fever_dep_00774
fever:205129,fever_dep_00917
fever:16114,fever_dep_00942
fever:50743,fever_dep_00217
fever:220447,fever_dep_00814
fever:110489,fever_dep_00929
fever:145537,fever_dep_00555
fever:213449,fever_dep_00626
fever:166922,fever_dep_00913
fever:214977,fever_dep_00981
fever:51260,fever_dep_00965
fever:21719,fever_dep_00613
fever:192174,fever_dep_00851
fever:32596,fever_dep_00627
fever:107036,fever_dep_00729
fever:174882,fever_dep_00217
fever:13668,fever_dep_00887
fever:84154,fever_dep_00725
fever:16997,fever_dep_00926
fever:88401,fever_dep_00929
fever:201460,fever_dep_00990
fever:178230,fever_dep_00959
fever:108208,fever_dep_00587
fever:75621,fever_dep_00680
fever:199814,fever_dep_00790
fever:74732,fever_dep_00945
fever:164096,fever_dep_00875
fever:198895,fever_dep_00955
fever:137094,fever_dep_00855
fever:38950,fever_dep_00570
fever:98108,fever_dep_00859
fever:82450,fever_dep_00792
fever:10052,fever_dep_00618
fever:46268,fever_dep_00853
fever:178912,fever_dep_00732
fever:88023,fever_dep_00818
fever:172312,fever_dep_01001
fever:40527,fever_dep_00642
fever:127013,fever_dep_00943
fever:53204,fever_dep_00879
fever:114574,fever_dep_00726
fever:179100,fever_dep_00782
fever:90717,fever_dep_00987
fever:89876,fever_dep_00801
fever:123087,fever_dep_00666
fever:99251,fever_dep_00648
fever:4458,fever_dep_00872
fever:216798,fever_dep_00714
fever:191876,fever_dep_01007
fever:227775,fever_dep_00674
fever:160832,fever_dep_00639
fever:162628,fever_dep_01022
fever:180695,fever_dep_01014
fever:110280,fever_dep_00281
fever:218109,fever_dep_00732
fever:214975,fever_dep_00981
fever:23949,fever_dep_00891
fever:41330,fever_dep_00627
fever:164501,fever_dep_00933
fever:220977,fever_dep_00763
fever:46712,fever_dep_00798
fever:16790,fever_dep_00802
fever:222169,fever_dep_00999
fever:14693,fever_dep_00992
fever:14972,fever_dep_00914
fever:41848,fever_dep_00911
fever:113963,fever_dep_00855
fever:180709,fever_dep_01014
fever:147605,fever_dep_00537
fever:49117,fever_dep_00255
fever:84895,fever_dep_00894
fever:42184,fever_dep_00846
fever:144456,fever_dep_00715
fever:51757,fever_dep_01017
fever:15495,fever_dep_00778
fever:180711,fever_dep_01014
fever:48466,fever_dep_00985
fever:3598,fever_dep_00517
fever:72182,fever_dep_00255
fever:88480,fever_dep_00710
fever:9515,fever_dep_00961
fever:19484,fever_dep_00577
fever:198419,fever_dep_00997
fever:15341,fever_dep_00125
fever:1599,fever_dep_00544
fever:194178,fever_dep_00606
fever:93974,fever_dep_00823
fever:132649,fever_dep_00589
fever:11917,fever_dep_00558
fever:78795,fever_dep_00147
fever:112167,fever_dep_01040
fever:61552,fever_dep_00691
fever:161312,fever_dep_00927
fever:225872,fever_dep_00572
fever:78982,fever_dep_00877
fever:92891,fever_dep_00628
fever:38275,fever_dep_00522
fever:178227,fever_dep_00547
fever:194744,fever_dep_00897
fever:85011,fever_dep_00686
fever:201603,fever_dep_00947
fever:55931,fever_dep_00942
fever:134119,fever_dep_00918
fever:74188,fever_dep_00764
fever:120297,fever_dep_00904
fever:187552,fever_dep_00908
fever:10051,fever_dep_00618
fever:108345,fever_dep_00653
fever:124730,fever_dep_00511
fever:142558,fever_dep_00807
fever:136214,fever_dep_00683
fever:144242,fever_dep_00147
fever:204309,fever_dep_00985
fever:137040,fever_dep_00203
fever:26450,fever_dep_00511
fever:225791,fever_dep_00598
fever:187379,fever_dep_00822
fever:38141,fever_dep_00705
fever:164529,fever_dep_00933
fever:217381,fever_dep_00940
fever:1567,fever_dep_00609
fever:127376,fever_dep_00569
fever:172707,fever_dep_00657
fever:45805,fever_dep_01016
fever:143003,fever_dep_00675
fever:78831,fever_dep_00113
fever:7811,fever_dep_00556
fever:203054,fever_dep_00811
fever:222760,fever_dep_00868
fever:187555,fever_dep_00908
fever:164894,fever_dep_00514
fever:150099,fever_dep_00721
fever:104017,fever_dep_00911
fever:94686,fever_dep_00911
fever:24910,fever_dep_00799
fever:143046,fever_dep_00841
fever:100615,fever_dep_00805
fever:212030,fever_dep_00723
fever:125164,fever_dep_00481
fever:106732,fever_dep_00563
fever:65306,fever_dep_00620
fever:66980,fever_dep_00599
fever:155629,fever_dep_00661
fever:46090,fever_dep_00579
fever:45604,fever_dep_00281
fever:20572,fever_dep_00603
fever:130007,fever_dep_00665
fever:85800,fever_dep_00607
fever:74035,fever_dep_00854
fever:135055,fever_dep_00125
fever:164896,fever_dep_00514
fever:107547,fever_dep_00608
fever:11479,fever_dep_00799
fever:48148,fever_dep_00646
fever:102173,fever_dep_00877
fever:195484,fever_dep_00754
fever:79340,fever_dep_00820
fever:97183,fever_dep_00579
fever:189878,fever_dep_00553
fever:113712,fever_dep_00091
fever:147769,fever_dep_00579
fever:4675,fever_dep_00550
fever:183470,fever_dep_00588
fever:46322,fever_dep_01010
fever:90279,fever_dep_00544
fever:194574,fever_dep_00682
fever:106191,fever_dep_00061
fever:31470,fever_dep_01018
fever:188565,fever_dep_00733
fever:104135,fever_dep_00838
fever:47768,fever_dep_00907
fever:119829,fever_dep_00692
fever:109831,fever_dep_00568
fever:55538,fever_dep_00820
fever:60577,fever_dep_00941
fever:178902,fever_dep_00732
fever:222728,fever_dep_00789
fever:28833,fever_dep_00671
fever:47785,fever_dep_00084
fever:34936,fever_dep_01017
fever:25717,fever_dep_00658
fever:6959,fever_dep_00538
fever:194249,fever_dep_00983
fever:121260,fever_dep_00862
fever:188889,fever_dep_00920
fever:135302,fever_dep_00828
fever:32080,fever_dep_00738
fever:157902,fever_dep_00894
fever:33222,fever_dep_00832
fever:191648,fever_dep_01031
fever:61977,fever_dep_00769
fever:151206,fever_dep_00925
fever:178858,fever_dep_00732
fever:15429,fever_dep_00985
fever:162741,fever_dep_01033
fever:84828,fever_dep_00792
fever:111138,fever_dep_01008
fever:131660,fever_dep_00976
fever:21493,fever_dep_00255
fever:105584,fever_dep_00975
fever:146453,fever_dep_00976
fever:114050,fever_dep_00700
fever:205086,fever_dep_00679
fever:24975,fever_dep_00928
fever:112180,fever_dep_00675
fever:45180,fever_dep_00612
fever:89150,fever_dep_00440
fever:58618,fever_dep_00281
fever:90480,fever_dep_00866
fever:52039,fever_dep_00648
fever:197635,fever_dep_00669
fever:221152,fever_dep_00576
fever:1536,fever_dep_00905
fever:48737,fever_dep_00668
fever:178250,fever_dep_00959
fever:204307,fever_dep_00985
fever:142972,fever_dep_00534
fever:198565,fever_dep_00573
fever:215285,fever_dep_00496
fever:150654,fever_dep_00797
fever:73166,fever_dep_00725
fever:5483,fever_dep_00685
fever:63731,fever_dep_00873
fever:2359,fever_dep_00725
fever:94793,fever_dep_00281
fever:44864,fever_dep_00692
fever:34195,fever_dep_01005
fever:191891,fever_dep_01007
fever:144200,fever_dep_00660
fever:221250,fever_dep_00884
fever:143905,fever_dep_00778
fever:30640,fever_dep_00591
fever:14285,fever_dep_00935
fever:166383,fever_dep_01039
fever:17554,fever_dep_00918
fever:26217,fever_dep_00971
fever:33339,fever_dep_00681
fever:8538,fever_dep_00858
fever:145641,fever_dep_00127
fever:87517,fever_dep_00755
fever:81957,fever_dep_00563
