query_uid,et3,qpp5
fever:100030,ce100,ce100
fever:100038,bm25,bm25
fever:100060,ce20,ce100
fever:100083,ce100,ce100
fever:100088,ce100,ce100
fever:100145,ce20,ce100
fever:100169,ce20,bm25
fever:100194,ce100,ce100
fever:100200,ce100,ce100
fever:100204,ce20,ce100
fever:100234,ce100,ce100
fever:100243,ce20,bm25
fever:100245,ce20,ce100
fever:100261,ce100,ce100
fever:100271,ce100,ce100
fever:100280,ce100,ce100
fever:100318,ce20,ce100
fever:100320,ce100,ce100
fever:100358,bm25,bm25
fever:100366,ce20,bm25
fever:10040,ce20,bm25
fever:100400,ce20,ce100
fever:100407,ce20,ce100
fever:10041,ce20,ce100
fever:100429,ce100,ce100
fever:100446,ce20,bm25
fever:100467,ce100,ce100
fever:100487,ce100,ce100
fever:100505,ce20,ce100
fever:10051,ce20,ce100
fever:10052,ce20,ce100
fever:100584,ce20,ce100
fever:100615,ce20,bm25
fever:100617,ce20,ce100
fever:100659,ce100,ce100
fever:100683,ce100,ce100
fever:100684,ce100,ce100
fever:100771,ce100,ce100
fever:100781,ce20,ce100
fever:100782,ce20,ce100
fever:100785,ce100,ce100
fever:100788,ce100,ce100
fever:100795,ce20,bm25
fever:100802,ce20,ce100
fever:10082,ce100,ce100
fever:100821,ce20,ce100
fever:100832,ce100,ce100
fever:100836,ce20,ce100
fever:100852,bm25,bm25
fever:100893,ce100,ce100
fever:100919,ce20,bm25
fever:100938,ce100,ce100
fever:100958,ce100,ce100
fever:100967,bm25,bm25
fever:10100,ce100,ce100
fever:101008,bm25,bm25
fever:101012,ce20,ce100
fever:101014,ce20,ce100
fever:101017,ce100,ce100
fever:101027,ce100,ce100
fever:10103,ce20,bm25
fever:101042,ce20,ce100
fever:101062,ce20,bm25
fever:101101,ce20,ce100
fever:101109,ce20,ce100
fever:101111,ce100,ce100
fever:101118,ce20,ce100
fever:101125,ce100,ce100
fever:101142,ce20,ce100
fever:10117,ce20,ce100
fever:101176,bm25,bm25
fever:10118,ce20,ce100
fever:101183,ce100,ce100
fever:101212,ce100,ce100
fever:101224,ce20,bm25
fever:101300,ce100,ce100
fever:101322,ce20,ce100
fever:101340,ce100,ce100
fever:101434,ce20,ce100
fever:10146,ce100,ce100
fever:101462,ce100,ce100
fever:10147,ce100,ce100
fever:101473,ce20,ce100
fever:101482,ce20,ce100
fever:101506,bm25,bm25
fever:10151,ce100,ce100
fever:10152,ce20,ce100
fever:101528,bm25,bm25
fever:101552,ce100,ce100
fever:101553,ce100,ce100
fever:101558,ce20,ce100
fever:101565,ce100,ce100
fever:10158,ce20,bm25
fever:101583,ce100,ce100
fever:101604,ce20,bm25
fever:101618,bm25,bm25
fever:101619,bm25,bm25
fever:101638,ce100,ce100
fever:10164,ce100,ce100
fever:101641,ce100,ce100
fever:101656,ce100,ce100
fever:101661,ce100,ce100
fever:101668,ce100,ce100
fever:101680,ce100,ce100
fever:101683,ce20,ce100
fever:101702,ce20,ce100
fever:101708,bm25,bm25
fever:101715,ce100,ce100
fever:101716,ce100,ce100
fever:101722,ce20,ce100
fever:101759,ce100,ce100
fever:101771,ce100,ce100
fever:101773,ce20,ce100
fever:101795,ce20,ce100
fever:101808,ce100,ce100
fever:101812,ce100,ce100
fever:101821,ce20,bm25
fever:101839,ce20,ce100
fever:101845,ce20,ce100
fever:101883,ce100,ce100
fever:101898,ce100,ce100
fever:101906,ce100,ce100
fever:101932,ce20,ce100
fever:101985,ce20,ce100
fever:102001,ce20,ce100
fever:102003,ce100,ce100
fever:102014,ce20,ce100
fever:102019,ce20,ce100
fever:102020,ce100,ce100
fever:102035,bm25,bm25
fever:102038,ce20,bm25
fever:10204,ce100,ce100
fever:10205,ce100,ce100
fever:102079,ce20,bm25
fever:102080,ce20,ce100
fever:102120,ce100,ce100
fever:102142,ce100,ce100
fever:102151,ce20,ce100
fever:102161,ce100,ce100
fever:102173,ce20,ce100
fever:102175,ce20,ce100
fever:102209,ce100,ce100
fever:102297,bm25,bm25
fever:102303,ce100,ce100
fever:102346,ce100,ce100
fever:102352,ce100,ce100
fever:102355,ce20,ce100
fever:102393,bm25,bm25
fever:102417,ce100,ce100
fever:102418,ce100,ce100
fever:102445,ce100,ce100
fever:102448,ce20,ce100
fever:102487,ce20,bm25
fever:102523,ce100,ce100
fever:102528,ce100,ce100
fever:102540,ce100,ce100
fever:102547,ce20,ce100
fever:102583,ce20,ce100
fever:102594,ce100,ce100
fever:102600,ce20,ce100
fever:102605,ce100,ce100
fever:10261,ce100,ce100
fever:10262,ce100,ce100
fever:102627,ce100,ce100
fever:102636,ce20,ce100
fever:102714,ce20,ce100
fever:10272,ce20,ce100
fever:102721,ce100,ce100
fever:102741,ce100,ce100
fever:102745,ce100,ce100
fever:102751,ce100,ce100
fever:10277,ce20,bm25
fever:10278,ce20,ce100
fever:102784,bm25,bm25
fever:102789,ce20,ce100
fever:102793,bm25,bm25
fever:102797,ce100,ce100
fever:102818,ce20,ce100
fever:102832,ce100,ce100
fever:102872,ce100,ce100
fever:102875,ce100,ce100
fever:102876,ce100,ce100
fever:102884,ce20,ce100
fever:102892,ce100,ce100
fever:102911,ce20,ce100
fever:102913,ce100,ce100
fever:102920,ce100,ce100
fever:102932,ce100,ce100
fever:102986,ce100,ce100
fever:102990,ce20,ce100
fever:10300,ce100,ce100
fever:103003,ce20,ce100
fever:103005,ce20,bm25
fever:103014,ce20,ce100
fever:103040,ce20,ce100
fever:103050,ce100,ce100
fever:103051,ce20,bm25
fever:103060,ce100,ce100
fever:103063,ce100,ce100
fever:103084,ce20,ce100
fever:103098,ce20,bm25
fever:103111,ce100,ce100
fever:103116,bm25,bm25
fever:103118,bm25,bm25
fever:10312,ce20,ce100
fever:103154,ce20,ce100
fever:103158,ce20,ce100
fever:103167,ce100,ce100
fever:103173,ce20,ce100
fever:1032,bm25,bm25
fever:103221,ce100,ce100
fever:103234,ce100,ce100
fever:10324,ce100,ce100
fever:10327,bm25,bm25
fever:10328,bm25,bm25
fever:103298,ce100,ce100
fever:103307,ce100,ce100
fever:103325,ce100,ce100
fever:103357,ce100,ce100
fever:103375,ce100,ce100
fever:103398,ce20,ce100
fever:103402,ce100,ce100
fever:103451,ce100,ce100
fever:103456,ce20,ce100
fever:103484,ce20,bm25
fever:1035,ce20,ce100
fever:103503,ce20,ce100
fever:103509,ce20,bm25
fever:103511,ce100,ce100
fever:103535,ce20,ce100
fever:103545,ce100,ce100
fever:103562,ce20,bm25
fever:103568,ce100,ce100
fever:10357,ce100,ce100
fever:103583,ce100,ce100
fever:103643,ce20,bm25
fever:103663,ce20,ce100
fever:103665,ce20,bm25
fever:103709,ce20,ce100
fever:103717,ce20,ce100
fever:103742,ce100,ce100
fever:103745,ce20,ce100
fever:103757,ce100,ce100
fever:103758,ce20,bm25
fever:103767,ce100,ce100
fever:103773,ce100,ce100
fever:10378,bm25,bm25
fever:103786,ce20,ce100
fever:10379,bm25,bm25
fever:103809,ce100,ce100
fever:103816,ce100,ce100
fever:103833,bm25,bm25
fever:103840,ce100,ce100
fever:103862,ce100,ce100
fever:103863,ce20,ce100
fever:103872,ce20,ce100
fever:103893,ce20,ce100
fever:103914,ce20,ce100
fever:103934,ce20,ce100
fever:103941,bm25,bm25
fever:103947,ce100,ce100
fever:103948,ce100,ce100
fever:103951,ce100,ce100
fever:103964,ce20,ce100
fever:103994,ce100,ce100
fever:104017,ce100,ce100
fever:104021,bm25,bm25
fever:104031,ce100,ce100
fever:104036,ce100,ce100
fever:104075,ce20,ce100
fever:104129,ce100,ce100
fever:104135,ce20,ce100
fever:104150,ce20,ce100
fever:104152,ce20,ce100
fever:104178,ce20,ce100
fever:104205,bm25,bm25
fever:104206,ce20,ce100
fever:104221,ce20,ce100
fever:104241,ce20,ce100
fever:104244,ce20,bm25
fever:104249,ce20,ce100
fever:104255,ce20,ce100
fever:104298,ce100,ce100
fever:104308,ce20,ce100
fever:104332,ce20,ce100
fever:104365,ce100,ce100
fever:104380,ce100,ce100
fever:104386,ce20,ce100
fever:104423,bm25,bm25
fever:104426,ce20,ce100
fever:104427,ce20,ce100
fever:104438,ce20,ce100
fever:104458,ce20,bm25
fever:104472,ce20,ce100
fever:104495,ce20,ce100
fever:104499,ce20,ce100
fever:10450,ce20,bm25
fever:10451,ce20,ce100
fever:10452,ce20,bm25
fever:10453,bm25,bm25
fever:104530,ce100,ce100
fever:104547,ce100,ce100
fever:10455,ce100,ce100
fever:104553,ce20,bm25
fever:104555,ce20,ce100
fever:104594,ce100,ce100
fever:10460,ce20,ce100
fever:10461,ce100,ce100
fever:104617,bm25,bm25
fever:104631,ce20,ce100
fever:104632,ce20,ce100
fever:104650,ce20,ce100
fever:104677,ce100,ce100
fever:10468,ce20,bm25
fever:104697,ce20,ce100
fever:104703,ce100,ce100
fever:104710,ce20,bm25
fever:104729,ce100,ce100
fever:104735,bm25,bm25
fever:104747,ce20,bm25
fever:104798,ce20,ce100
fever:104808,ce100,ce100
fever:104811,bm25,bm25
fever:104847,ce100,ce100
fever:104913,ce20,ce100
fever:104922,ce20,ce100
fever:104926,ce20,ce100
fever:104930,bm25,bm25
fever:10496,ce20,ce100
fever:104970,ce100,ce100
fever:104982,ce20,bm25
fever:104983,ce100,ce100
fever:104988,ce100,ce100
fever:105025,ce20,ce100
fever:105038,ce20,ce100
fever:10504,ce100,ce100
fever:105049,ce20,ce100
fever:105059,bm25,bm25
fever:105060,ce100,ce100
fever:105077,ce100,ce100
fever:105095,ce20,ce100
fever:105123,bm25,bm25
fever:105128,ce20,ce100
fever:105134,ce20,ce100
fever:105176,ce20,ce100
fever:105216,bm25,bm25
fever:105236,ce20,bm25
fever:105256,ce20,ce100
fever:105257,bm25,bm25
fever:105298,ce20,ce100
fever:105299,ce20,ce100
fever:10530,ce20,ce100
fever:105301,ce20,ce100
fever:105304,ce20,bm25
fever:105310,ce20,bm25
fever:105313,bm25,bm25
fever:105361,ce100,ce100
fever:105383,ce100,ce100
fever:105401,ce20,ce100
fever:105419,ce100,ce100
fever:105432,ce100,ce100
fever:105437,ce100,ce100
fever:105526,ce20,ce100
fever:105530,ce20,ce100
fever:105540,bm25,bm25
fever:105558,ce100,ce100
fever:105584,ce20,ce100
fever:105594,ce20,bm25
fever:105600,ce20,ce100
fever:105614,ce100,ce100
fever:105634,ce100,ce100
fever:105645,ce20,ce100
fever:105651,ce100,ce100
fever:105664,ce100,ce100
fever:10567,ce100,ce100
fever:105693,ce20,ce100
fever:105702,ce20,ce100
fever:105719,ce20,ce100
fever:105724,ce20,ce100
fever:105788,ce20,ce100
fever:105806,ce20,ce100
fever:105813,bm25,bm25
fever:105835,ce20,bm25
fever:105842,ce20,bm25
fever:105896,ce100,ce100
fever:105928,ce20,ce100
fever:105931,ce20,ce100
fever:105933,bm25,bm25
fever:105954,ce100,ce100
fever:105997,ce20,ce100
fever:106010,ce20,ce100
fever:106016,ce20,ce100
fever:106019,ce100,ce100
fever:106023,ce20,ce100
fever:106030,bm25,bm25
fever:106044,ce20,bm25
fever:106071,ce20,ce100
fever:106078,ce100,ce100
fever:106084,ce20,bm25
fever:106114,bm25,bm25
fever:106115,bm25,bm25
fever:106132,ce20,ce100
fever:106144,bm25,bm25
fever:106162,ce20,ce100
fever:106176,ce100,ce100
fever:106191,bm25,bm25
fever:106206,ce20,ce100
fever:106209,ce100,ce100
fever:106211,ce100,ce100
fever:106236,bm25,bm25
fever:106288,bm25,bm25
fever:106296,ce100,ce100
fever:106308,ce100,ce100
fever:10634,ce100,ce100
fever:10635,ce100,ce100
fever:106359,ce20,ce100
fever:106369,bm25,bm25
fever:106387,bm25,bm25
fever:106392,ce20,ce100
fever:106404,bm25,bm25
fever:106458,ce100,ce100
fever:106478,ce20,ce100
fever:106481,ce20,ce100
fever:106496,ce20,ce100
fever:106498,ce100,ce100
fever:10650,ce20,bm25
fever:106513,ce100,ce100
fever:106526,ce100,ce100
fever:10654,bm25,bm25
fever:10655,bm25,bm25
fever:106557,ce100,ce100
fever:106600,ce20,ce100
fever:106615,ce20,ce100
fever:106627,ce20,ce100
fever:106646,ce20,ce100
fever:106668,ce100,ce100
fever:106683,ce100,ce100
fever:10670,ce100,ce100
fever:10671,ce100,ce100
fever:106732,ce20,bm25
fever:10674,ce100,ce100
fever:10675,ce100,ce100
fever:106802,ce20,ce100
fever:106809,ce100,ce100
fever:106826,ce100,ce100
fever:106832,bm25,bm25
fever:106836,ce100,ce100
fever:106851,ce20,ce100
fever:106855,ce20,ce100
fever:106859,ce100,ce100
fever:106870,ce100,ce100
fever:10688,ce100,ce100
fever:10689,ce100,ce100
fever:106912,ce100,ce100
fever:10692,ce20,ce100
fever:106921,bm25,bm25
fever:106926,ce20,ce100
fever:106928,ce20,ce100
fever:106929,ce100,ce100
fever:106940,ce20,ce100
fever:106966,ce100,ce100
fever:10698,ce20,ce100
fever:106981,ce20,ce100
fever:106996,ce20,ce100
fever:107005,ce20,ce100
fever:107035,ce20,ce100
fever:107036,ce100,ce100
fever:107042,ce20,ce100
fever:10706,ce20,ce100
fever:107060,ce20,bm25
fever:107064,ce20,ce100
fever:107067,ce100,ce100
fever:10707,ce20,ce100
fever:107073,ce100,ce100
fever:107119,ce100,ce100
fever:10712,ce20,ce100
fever:107124,ce20,ce100
fever:10713,ce20,ce100
fever:107135,ce20,ce100
fever:107163,ce100,ce100
fever:107185,ce20,ce100
fever:107192,ce20,bm25
fever:10721,ce100,ce100
fever:107258,ce20,bm25
fever:107273,bm25,bm25
fever:107285,ce20,ce100
fever:107287,ce100,ce100
fever:107305,bm25,bm25
fever:107307,ce20,ce100
fever:107308,ce20,ce100
fever:107320,ce20,bm25
fever:107322,ce20,ce100
fever:107335,ce100,ce100
fever:107347,ce100,ce100
fever:107362,ce20,ce100
fever:107364,ce100,ce100
fever:10738,ce20,ce100
fever:107384,ce20,ce100
fever:107413,ce100,ce100
fever:107419,ce20,ce100
fever:107438,ce20,ce100
fever:107465,ce20,ce100
fever:107470,bm25,bm25
fever:107480,ce20,bm25
fever:107503,ce20,ce100
fever:107510,ce20,ce100
fever:107511,ce20,ce100
fever:107520,ce100,ce100
fever:107543,ce100,ce100
fever:107547,bm25,bm25
fever:107583,ce20,ce100
fever:107585,ce20,ce100
fever:107589,ce100,ce100
fever:1076,ce100,ce100
fever:107600,ce20,ce100
fever:107611,ce20,bm25
fever:10765,ce100,ce100
fever:107654,ce20,ce100
fever:107667,ce20,ce100
fever:107699,ce100,ce100
fever:1077,ce100,ce100
fever:107725,bm25,bm25
fever:107731,ce100,ce100
fever:107749,ce100,ce100
fever:107764,bm25,bm25
fever:107783,ce100,ce100
fever:107786,ce100,ce100
fever:107793,ce100,ce100
fever:107816,ce20,ce100
fever:107833,ce20,ce100
fever:107856,ce100,ce100
fever:107878,ce20,ce100
fever:107910,ce100,ce100
fever:107926,ce20,ce100
fever:107928,ce20,ce100
fever:107968,ce100,ce100
fever:107977,ce100,ce100
fever:10798,ce100,ce100
fever:108003,ce100,ce100
fever:108031,ce100,ce100
fever:108034,ce20,ce100
fever:108079,ce20,ce100
fever:108085,ce100,ce100
fever:10810,bm25,bm25
fever:108104,ce20,bm25
fever:108107,bm25,bm25
fever:108115,ce100,ce100
fever:108119,ce100,ce100
fever:108122,ce100,ce100
fever:10814,ce20,ce100
fever:108145,ce20,ce100
fever:108162,ce100,ce100
fever:108171,ce100,ce100
fever:108198,ce100,ce100
fever:108201,ce20,ce100
fever:108202,ce20,ce100
fever:108208,ce100,ce100
fever:108267,bm25,bm25
fever:108279,ce20,ce100
fever:108281,ce20,ce100
fever:108297,ce100,ce100
fever:108301,ce100,ce100
fever:108315,ce100,ce100
fever:108325,ce20,bm25
fever:108326,ce20,ce100
fever:108345,ce100,ce100
fever:108352,ce20,ce100
fever:108376,ce100,ce100
fever:10838,ce100,ce100
fever:108420,ce100,ce100
fever:108426,ce20,ce100
fever:108434,ce20,bm25
fever:10844,ce100,ce100
fever:108444,ce20,ce100
fever:108456,ce20,ce100
fever:108481,ce100,ce100
fever:108486,ce100,ce100
fever:108498,ce100,ce100
fever:108510,ce100,ce100
fever:108518,ce100,ce100
fever:108525,ce100,ce100
fever:108547,ce100,ce100
fever:108548,ce100,ce100
fever:108567,ce100,ce100
fever:108598,ce100,ce100
fever:108618,ce100,ce100
fever:108634,ce20,ce100
fever:108646,bm25,bm25
fever:108663,ce100,ce100
fever:108705,bm25,bm25
fever:108727,ce20,ce100
fever:108734,ce100,ce100
fever:108736,ce20,ce100
fever:108739,ce20,ce100
fever:108752,ce20,ce100
fever:108753,ce20,ce100
fever:108755,ce100,ce100
fever:108756,ce100,ce100
fever:108767,ce20,ce100
fever:108772,ce20,ce100
fever:108791,ce20,bm25
fever:108803,ce20,bm25
fever:108814,bm25,bm25
fever:108836,ce20,ce100
fever:108837,ce100,ce100
fever:108839,ce20,ce100
fever:108859,ce20,ce100
fever:108868,ce100,ce100
fever:108880,ce100,ce100
fever:108882,bm25,bm25
fever:108889,ce20,ce100
fever:108894,ce20,ce100
fever:10890,ce100,ce100
fever:108917,ce100,ce100
fever:108919,bm25,bm25
fever:108920,ce20,ce100
fever:108937,ce20,ce100
fever:108940,ce100,ce100
fever:108947,ce100,ce100
fever:108950,ce20,ce100
fever:108956,ce20,ce100
fever:108957,ce20,bm25
fever:108997,ce100,ce100
fever:109024,ce20,ce100
fever:109036,ce100,ce100
fever:109073,ce20,ce100
fever:109128,ce20,bm25
fever:109129,ce20,bm25
fever:109140,ce100,ce100
fever:109142,ce20,ce100
fever:109145,ce20,ce100
fever:109162,bm25,bm25
fever:109171,ce100,ce100
fever:109195,ce20,ce100
fever:109210,ce20,ce100
fever:10923,ce20,bm25
fever:109234,ce100,ce100
fever:109246,ce100,ce100
fever:109288,ce20,ce100
fever:109293,bm25,bm25
fever:1093,ce20,ce100
fever:109368,ce20,ce100
fever:109373,ce100,ce100
fever:1094,ce20,ce100
fever:109408,bm25,bm25
fever:10942,bm25,bm25
fever:109431,bm25,bm25
fever:109447,ce20,bm25
fever:109461,ce20,ce100
fever:10947,ce20,ce100
fever:109499,ce20,ce100
fever:109522,ce20,bm25
fever:10954,ce20,bm25
fever:109563,ce100,ce100
fever:109564,ce100,ce100
fever:109566,ce20,ce100
fever:109582,bm25,bm25
fever:109623,ce100,ce100
fever:109701,ce100,ce100
fever:109719,ce100,ce100
fever:109728,ce20,ce100
fever:109737,ce20,ce100
fever:109744,ce100,ce100
fever:109785,ce100,ce100
fever:109786,ce100,ce100
fever:109793,ce20,ce100
fever:109817,ce100,ce100
fever:109831,ce100,ce100
fever:109834,ce100,ce100
fever:109876,ce20,ce100
fever:109877,ce20,ce100
fever:109878,ce100,ce100
fever:109898,ce20,ce100
fever:109933,ce20,bm25
fever:109941,ce100,ce100
fever:110008,ce100,ce100
fever:110011,ce100,ce100
fever:110012,ce100,ce100
fever:11002,ce20,ce100
fever:110035,ce100,ce100
fever:110040,ce100,ce100
fever:110059,ce20,ce100
fever:11009,ce20,ce100
fever:110106,ce20,ce100
fever:110110,ce100,ce100
fever:110133,ce100,ce100
fever:110147,ce20,ce100
fever:110175,ce100,ce100
fever:110197,bm25,bm25
fever:110205,ce20,ce100
fever:110209,ce100,ce100
fever:110221,ce20,ce100
fever:110242,ce100,ce100
fever:110274,ce20,ce100
fever:110276,ce100,ce100
fever:110280,ce100,ce100
fever:110294,ce20,bm25
fever:110334,ce100,ce100
fever:110351,ce20,ce100
fever:110357,ce20,ce100
fever:110376,ce100,ce100
fever:110379,ce20,ce100
fever:110394,ce20,ce100
fever:110396,ce100,ce100
fever:110420,ce20,ce100
fever:110429,ce100,ce100
fever:110489,ce20,bm25
fever:110504,ce20,ce100
fever:110506,ce100,ce100
fever:110514,ce20,ce100
fever:110534,ce100,ce100
fever:110538,ce100,ce100
fever:110571,ce20,ce100
fever:110581,ce20,ce100
fever:110585,ce100,ce100
fever:110599,bm25,bm25
fever:110602,ce20,ce100
fever:110635,ce20,ce100
fever:110645,ce20,ce100
fever:110647,ce100,ce100
fever:110652,ce100,ce100
fever:110672,ce100,ce100
fever:110681,ce20,bm25
fever:110683,ce20,ce100
fever:110703,ce100,ce100
fever:110717,ce100,ce100
fever:110731,ce20,ce100
fever:110749,ce20,bm25
fever:110760,ce20,ce100
fever:110761,ce20,ce100
fever:110762,ce20,ce100
fever:110770,ce100,ce100
fever:110772,ce20,ce100
fever:110815,ce100,ce100
fever:110831,ce20,ce100
fever:110839,bm25,bm25
fever:110873,ce100,ce100
fever:110887,ce20,bm25
fever:11090,ce100,ce100
fever:11091,ce100,ce100
fever:110925,ce100,ce100
fever:110933,ce20,ce100
fever:110998,ce20,ce100
fever:111004,ce20,ce100
fever:111005,ce100,ce100
fever:111049,ce20,bm25
fever:111060,bm25,bm25
fever:111069,ce100,ce100
fever:111074,ce20,ce100
fever:1111,ce20,ce100
fever:111113,ce20,ce100
fever:111121,ce100,ce100
fever:111138,bm25,bm25
fever:111151,ce20,ce100
fever:111153,ce20,ce100
fever:111176,ce20,bm25
fever:111185,ce100,ce100
fever:1112,ce20,ce100
fever:111203,ce20,ce100
fever:111206,ce20,ce100
fever:111213,ce100,ce100
fever:111285,ce100,ce100
fever:111302,ce100,ce100
fever:111321,ce20,ce100
fever:111325,ce100,ce100
fever:111363,ce100,ce100
fever:111408,ce20,ce100
fever:111414,bm25,bm25
fever:111424,ce100,ce100
fever:111428,ce20,ce100
fever:11145,ce100,ce100
fever:11146,ce100,ce100
fever:111462,ce20,ce100
fever:111503,ce20,ce100
fever:11151,ce20,bm25
fever:111510,ce20,ce100
fever:111514,ce100,ce100
fever:111590,ce20,ce100
fever:111594,ce100,ce100
fever:111620,ce20,ce100
fever:111646,ce100,ce100
fever:111662,bm25,bm25
fever:111685,ce100,ce100
fever:111713,ce20,ce100
fever:111717,ce20,ce100
fever:111719,ce100,ce100
fever:111721,ce100,ce100
fever:111764,ce100,ce100
fever:111769,ce100,ce100
fever:11178,ce20,ce100
fever:111823,ce20,bm25
fever:11184,ce100,ce100
fever:111850,ce20,bm25
fever:111893,ce100,ce100
fever:111897,ce100,ce100
fever:111938,ce100,ce100
fever:11194,ce100,ce100
fever:111943,ce100,ce100
fever:111976,ce20,ce100
fever:111980,ce100,ce100
fever:111993,ce100,ce100
fever:112048,ce100,ce100
fever:112064,ce20,ce100
fever:112082,ce20,bm25
fever:112087,ce100,ce100
fever:112137,ce20,ce100
fever:112163,ce100,ce100
fever:112166,ce20,ce100
fever:112167,ce20,ce100
fever:112180,ce100,ce100
fever:112222,ce20,ce100
fever:112242,ce20,ce100
fever:112270,bm25,bm25
fever:112277,ce20,ce100
fever:112295,ce20,ce100
fever:112301,bm25,bm25
fever:112302,ce100,ce100
fever:112315,ce20,ce100
fever:112316,ce20,ce100
fever:112320,bm25,bm25
fever:112326,ce20,bm25
fever:112329,ce100,ce100
fever:112334,ce100,ce100
fever:112341,ce20,ce100
fever:112345,ce20,bm25
fever:112362,ce20,ce100
fever:11237,ce20,ce100
fever:112371,ce20,ce100
fever:112394,bm25,bm25
fever:112396,ce100,ce100
fever:112416,ce20,ce100
fever:112423,ce100,ce100
fever:112427,bm25,bm25
fever:112438,ce20,bm25
fever:112454,ce20,ce100
fever:112471,bm25,bm25
fever:112488,ce20,bm25
fever:112489,ce20,bm25
fever:112495,ce20,ce100
fever:112506,ce100,ce100
fever:11253,ce20,bm25
fever:112545,ce100,ce100
fever:112565,ce20,bm25
fever:112568,ce20,ce100
fever:112573,ce20,ce100
fever:112585,ce20,ce100
fever:112592,ce20,ce100
fever:1126,bm25,bm25
fever:112650,ce100,ce100
fever:112668,ce20,ce100
fever:11269,ce20,ce100
fever:112698,ce100,ce100
fever:112701,ce100,ce100
fever:112725,ce20,ce100
fever:112757,ce20,bm25
fever:112773,ce100,ce100
fever:112777,ce20,ce100
fever:112782,ce20,ce100
fever:112790,ce100,ce100
fever:112842,ce20,ce100
fever:112877,ce20,ce100
fever:112890,ce100,ce100
fever:11290,bm25,bm25
fever:112906,ce20,ce100
fever:112911,ce20,ce100
fever:112933,ce100,ce100
fever:112934,ce100,ce100
fever:112940,ce20,ce100
fever:112950,ce100,ce100
fever:112965,ce100,ce100
fever:112981,ce20,ce100
fever:112986,ce20,bm25
fever:112990,ce20,bm25
fever:113008,ce100,ce100
fever:113010,ce20,bm25
fever:113032,ce100,ce100
fever:113047,bm25,bm25
fever:113068,ce20,ce100
fever:113080,bm25,bm25
fever:113098,bm25,bm25
fever:11310,ce20,ce100
fever:113103,ce20,ce100
fever:113106,ce20,bm25
fever:11312,ce20,ce100
fever:113127,ce100,ce100
fever:11315,bm25,bm25
fever:113150,ce100,ce100
fever:113188,ce20,ce100
fever:113210,ce100,ce100
fever:113212,ce100,ce100
fever:113214,ce20,ce100
fever:113235,ce20,ce100
fever:113247,ce100,ce100
fever:113260,ce20,ce100
fever:113267,ce20,ce100
fever:113275,ce20,ce100
fever:113279,ce100,ce100
fever:113297,ce100,ce100
fever:113302,ce20,bm25
fever:113333,ce20,ce100
fever:113341,ce100,ce100
fever:113343,ce20,ce100
fever:113349,ce20,ce100
fever:113357,ce100,ce100
fever:113361,ce20,ce100
fever:113374,ce20,ce100
fever:113381,ce100,ce100
fever:113422,ce100,ce100
fever:11345,bm25,bm25
fever:11346,ce20,ce100
fever:113467,ce100,ce100
fever:113476,ce20,bm25
fever:113488,bm25,bm25
fever:113505,ce100,ce100
fever:113518,ce100,ce100
fever:11352,ce100,ce100
fever:113560,bm25,bm25
fever:1136,ce20,ce100
fever:113613,ce100,ce100
fever:113664,ce100,ce100
fever:113679,ce20,ce100
fever:113686,ce100,ce100
fever:113688,ce20,ce100
fever:11369,ce100,ce100
fever:113691,ce20,ce100
fever:113712,ce100,ce100
fever:113754,ce100,ce100
fever:113780,ce100,ce100
fever:113824,ce100,ce100
fever:113882,ce20,ce100
fever:113884,ce20,ce100
fever:113889,ce20,bm25
fever:1139,bm25,bm25
fever:113912,ce20,ce100
fever:113927,ce20,ce100
fever:113936,ce100,ce100
fever:113944,ce20,ce100
fever:113953,ce100,ce100
fever:113963,ce100,ce100
fever:11398,ce20,ce100
fever:113990,ce100,ce100
fever:114000,ce100,ce100
fever:114010,ce100,ce100
fever:114012,ce20,ce100
fever:11404,ce100,ce100
fever:11405,ce100,ce100
fever:114050,bm25,bm25
fever:114062,ce100,ce100
fever:114066,ce20,ce100
fever:114093,ce20,ce100
fever:114122,ce100,ce100
fever:11414,bm25,bm25
fever:114158,bm25,bm25
fever:11418,ce20,bm25
fever:114188,ce100,ce100
fever:114200,ce20,ce100
fever:114249,ce100,ce100
fever:114251,ce100,ce100
fever:11431,ce20,bm25
fever:11432,ce20,ce100
fever:114360,ce100,ce100
fever:114387,ce100,ce100
fever:11441,bm25,bm25
fever:114422,bm25,bm25
fever:11443,ce20,ce100
fever:114463,ce20,ce100
fever:114469,ce100,ce100
fever:114475,ce100,ce100
fever:11449,ce20,bm25
fever:114495,bm25,bm25
fever:11451,ce100,ce100
fever:114523,ce20,ce100
fever:114538,bm25,bm25
fever:114567,ce100,ce100
fever:114574,ce100,ce100
fever:114588,ce20,ce100
fever:114609,ce100,ce100
fever:114620,ce20,ce100
fever:114625,ce20,ce100
fever:114640,ce20,bm25
fever:114659,ce20,bm25
fever:114720,ce100,ce100
fever:114735,ce20,ce100
fever:114739,ce20,ce100
fever:114748,ce20,bm25
fever:114770,ce100,ce100
fever:114778,ce20,bm25
fever:11478,ce100,ce100
fever:11479,ce20,ce100
fever:114792,ce20,ce100
fever:114795,ce100,ce100
fever:114829,bm25,bm25
fever:114857,ce20,ce100
fever:114896,ce100,ce100
fever:114897,ce20,ce100
fever:114900,ce100,ce100
fever:11491,ce20,ce100
fever:114912,bm25,bm25
fever:114936,ce100,ce100
fever:11497,ce20,ce100
fever:114974,ce100,ce100
fever:114984,ce100,ce100
fever:115002,ce100,ce100
fever:115004,ce100,ce100
fever:115020,ce20,bm25
fever:115028,ce100,ce100
fever:115062,ce20,ce100
fever:115079,ce100,ce100
fever:115108,ce100,ce100
fever:115128,ce20,ce100
fever:115131,ce100,ce100
fever:115132,ce20,ce100
fever:115143,ce20,ce100
fever:115153,ce100,ce100
fever:115173,bm25,bm25
fever:115175,ce100,ce100
fever:115181,ce20,ce100
fever:115183,ce100,ce100
fever:115185,ce20,bm25
fever:115211,ce20,ce100
fever:115234,ce100,ce100
fever:115244,ce20,bm25
fever:115257,ce100,ce100
fever:11528,ce20,bm25
fever:115283,ce100,ce100
fever:115294,ce20,ce100
fever:115305,ce100,ce100
fever:115320,ce20,ce100
fever:11538,ce20,ce100
fever:115386,ce100,ce100
fever:115388,ce20,ce100
fever:11539,ce20,ce100
fever:115397,ce20,ce100
fever:115430,ce20,ce100
fever:115460,ce100,ce100
fever:115473,ce20,ce100
fever:115518,ce100,ce100
fever:115528,ce100,ce100
fever:11553,ce20,ce100
fever:11554,ce100,ce100
fever:115594,ce100,ce100
fever:115628,ce20,bm25
fever:115632,ce100,ce100
fever:115659,bm25,bm25
fever:115678,ce20,ce100
fever:11570,ce20,ce100
fever:115705,ce100,ce100
fever:11572,ce20,ce100
fever:115720,bm25,bm25
fever:115752,ce100,ce100
fever:115760,ce20,ce100
fever:115773,ce100,ce100
fever:115782,bm25,bm25
fever:115788,ce100,ce100
fever:115789,ce20,ce100
fever:115799,ce100,ce100
fever:115807,bm25,bm25
fever:115832,ce20,ce100
fever:115861,ce20,ce100
fever:115863,ce100,ce100
fever:115898,ce20,ce100
fever:115920,ce100,ce100
fever:115940,ce20,bm25
fever:115957,bm25,bm25
fever:115976,ce100,ce100
fever:115985,ce100,ce100
fever:115989,ce20,ce100
fever:115993,ce20,ce100
fever:116019,ce20,bm25
fever:116026,ce20,ce100
fever:116103,ce100,ce100
fever:116113,ce20,ce100
fever:116125,ce20,ce100
fever:116129,ce20,bm25
fever:116148,ce20,ce100
fever:116159,ce20,ce100
fever:116177,ce20,ce100
fever:11620,ce100,ce100
fever:116209,ce20,ce100
fever:116244,ce20,ce100
fever:116269,ce20,ce100
fever:116278,ce100,ce100
fever:116315,ce20,ce100
fever:116319,bm25,bm25
fever:116321,ce100,ce100
fever:116349,ce20,ce100
fever:116366,ce100,ce100
fever:11637,bm25,bm25
fever:116391,bm25,bm25
fever:116398,ce20,ce100
fever:116423,ce20,ce100
fever:116424,ce20,ce100
fever:116433,ce20,ce100
fever:116446,ce20,ce100
fever:116464,ce100,ce100
fever:116502,bm25,bm25
fever:116527,ce100,ce100
fever:11656,ce20,ce100
fever:116565,ce20,ce100
fever:11658,ce20,ce100
fever:116588,bm25,bm25
fever:116604,ce100,ce100
fever:116619,ce20,ce100
fever:11666,ce100,ce100
fever:116668,ce20,ce100
fever:116673,ce20,ce100
fever:116676,ce100,ce100
fever:116686,ce100,ce100
fever:116711,ce20,ce100
fever:116715,ce100,ce100
fever:116723,ce20,ce100
fever:116737,ce100,ce100
fever:11674,bm25,bm25
fever:116786,ce20,ce100
fever:116789,ce100,ce100
fever:116795,bm25,bm25
fever:116801,ce20,ce100
fever:116812,ce100,ce100
fever:116832,ce100,ce100
fever:116860,bm25,bm25
fever:116870,ce100,ce100
fever:11688,ce20,bm25
fever:11689,ce20,ce100
fever:116890,bm25,bm25
fever:116891,ce100,ce100
fever:116918,ce20,ce100
fever:116920,ce100,ce100
fever:116937,ce100,ce100
fever:116991,ce20,bm25
fever:116998,ce20,ce100
fever:117000,ce100,ce100
fever:117001,ce20,ce100
fever:117003,ce20,ce100
fever:117023,ce100,ce100
fever:117038,ce20,ce100
fever:117043,ce100,ce100
fever:117046,ce20,ce100
fever:117056,bm25,bm25
fever:117061,ce20,ce100
fever:117063,ce20,ce100
fever:117065,bm25,bm25
fever:117114,ce100,ce100
fever:117126,ce100,ce100
fever:117129,ce100,ce100
fever:117154,ce100,ce100
fever:117186,ce100,ce100
fever:117192,ce100,ce100
fever:117199,bm25,bm25
fever:11721,ce100,ce100
fever:117251,ce20,ce100
fever:117278,ce20,ce100
fever:11730,ce100,ce100
fever:117305,ce20,ce100
fever:117316,ce20,ce100
fever:117351,ce100,ce100
fever:117369,ce100,ce100
fever:117374,ce100,ce100
fever:117380,ce20,ce100
fever:117398,ce100,ce100
fever:117409,ce20,bm25
fever:117416,ce100,ce100
fever:117439,ce20,ce100
fever:117447,ce100,ce100
fever:117495,ce100,ce100
fever:117520,ce20,bm25
fever:117540,ce100,ce100
fever:117552,ce20,bm25
fever:117555,ce20,bm25
fever:117604,ce20,ce100
fever:117605,ce100,ce100
fever:117636,ce20,bm25
fever:117656,ce100,ce100
fever:117658,ce20,ce100
fever:117699,ce20,bm25
fever:117767,ce20,ce100
fever:117840,ce20,ce100
fever:117842,ce20,ce100
fever:117862,ce100,ce100
fever:117869,ce20,ce100
fever:117889,ce20,bm25
fever:117900,bm25,bm25
fever:117948,ce20,ce100
fever:117966,ce20,ce100
fever:117967,ce100,ce100
fever:117998,ce20,ce100
fever:1180,bm25,bm25
fever:118044,bm25,bm25
fever:118048,ce20,ce100
fever:118057,ce20,ce100
fever:118068,ce100,ce100
fever:118071,ce20,ce100
fever:118072,ce20,ce100
fever:118081,bm25,bm25
fever:118091,ce100,ce100
fever:118099,ce20,ce100
fever:118104,ce20,ce100
fever:118111,ce100,ce100
fever:118115,ce20,ce100
fever:118117,ce100,ce100
fever:118126,ce100,ce100
fever:118127,ce20,ce100
fever:118139,ce100,ce100
fever:118160,ce100,ce100
fever:118195,ce20,ce100
fever:118200,ce100,ce100
fever:118208,ce100,ce100
fever:118217,ce100,ce100
fever:11823,ce100,ce100
fever:118272,ce20,ce100
fever:11830,ce100,ce100
fever:118333,ce100,ce100
fever:118395,ce20,ce100
fever:118411,bm25,bm25
fever:118414,ce100,ce100
fever:118430,bm25,bm25
fever:118434,ce100,ce100
fever:118442,ce100,ce100
fever:118446,ce20,bm25
fever:118448,ce20,ce100
fever:118481,bm25,bm25
fever:118515,bm25,bm25
fever:11853,bm25,bm25
fever:118545,ce100,ce100
fever:118552,ce20,ce100
fever:118593,ce20,ce100
fever:118594,ce20,ce100
fever:118603,ce20,ce100
fever:118632,ce20,ce100
fever:118651,ce20,ce100
fever:118664,ce100,ce100
fever:118696,ce20,ce100
fever:118708,ce20,bm25
fever:118736,ce20,ce100
fever:1188,ce100,ce100
fever:118800,ce20,bm25
fever:118806,ce20,ce100
fever:118810,ce100,ce100
fever:118833,ce20,ce100
fever:118840,ce20,ce100
fever:118842,ce20,bm25
fever:118844,ce100,ce100
fever:118885,ce20,ce100
fever:118917,ce20,ce100
fever:118940,ce20,ce100
fever:118943,ce100,ce100
fever:119047,bm25,bm25
fever:119048,ce100,ce100
fever:119066,ce20,ce100
fever:119080,bm25,bm25
fever:119081,ce100,ce100
fever:119089,ce100,ce100
fever:119122,ce20,ce100
fever:119126,ce100,ce100
fever:119132,ce100,ce100
fever:11914,ce100,ce100
fever:11915,ce20,ce100
fever:119165,ce20,ce100
fever:11917,ce100,ce100
fever:119193,ce100,ce100
fever:119201,bm25,bm25
fever:119205,ce20,ce100
fever:119212,ce100,ce100
fever:119215,ce100,ce100
fever:119219,ce100,ce100
fever:119221,ce20,ce100
fever:119227,ce100,ce100
fever:119250,bm25,bm25
fever:119253,ce20,ce100
fever:119267,ce20,ce100
fever:11928,ce20,ce100
fever:119287,ce20,ce100
fever:119288,ce20,bm25
fever:119298,ce20,ce100
fever:119358,ce100,ce100
fever:119362,ce20,ce100
fever:11937,ce100,ce100
fever:119389,ce20,ce100
fever:11940,ce20,ce100
fever:119405,ce100,ce100
fever:119422,ce100,ce100
fever:119428,bm25,bm25
fever:119437,bm25,bm25
fever:119448,ce20,ce100
fever:119493,bm25,bm25
fever:119515,ce100,ce100
fever:119516,ce20,ce100
fever:119519,ce100,ce100
fever:119528,ce100,ce100
fever:119549,ce20,ce100
fever:119557,ce20,bm25
fever:119558,ce20,ce100
fever:119580,ce20,ce100
fever:119606,ce100,ce100
fever:119624,ce100,ce100
fever:119630,ce20,ce100
fever:119681,ce100,ce100
fever:119687,ce100,ce100
fever:119695,ce20,ce100
fever:119738,ce100,ce100
fever:119765,ce100,ce100
fever:119794,ce20,bm25
fever:119829,ce20,ce100
fever:119831,ce20,bm25
fever:119857,ce20,bm25
fever:119863,ce20,ce100
fever:119867,ce20,bm25
fever:119870,ce20,ce100
fever:119875,ce20,bm25
fever:119878,ce20,ce100
fever:119884,ce20,ce100
fever:11989,ce100,ce100
fever:119891,ce100,ce100
fever:119911,ce100,ce100
fever:119915,ce20,bm25
fever:119918,ce20,bm25
fever:119935,ce20,ce100
fever:119940,ce100,ce100
fever:119989,bm25,bm25
fever:119992,ce100,ce100
fever:119993,ce100,ce100
fever:12,ce100,ce100
fever:120000,ce100,ce100
fever:120026,ce100,ce100
fever:120046,ce100,ce100
fever:120060,ce100,ce100
fever:120069,ce20,bm25
fever:120077,ce100,ce100
fever:120126,ce20,ce100
fever:120133,ce20,ce100
fever:120140,bm25,bm25
fever:12015,ce100,ce100
fever:12016,ce100,ce100
fever:120173,ce20,bm25
fever:120185,ce100,ce100
fever:120190,ce20,ce100
fever:120210,ce20,ce100
fever:120242,ce20,ce100
fever:120259,ce20,bm25
fever:120277,ce20,ce100
fever:120290,ce100,ce100
fever:120297,ce20,ce100
fever:120315,ce20,bm25
fever:120319,ce100,ce100
fever:120364,ce20,bm25
fever:120372,ce100,ce100
fever:120422,ce20,ce100
fever:120442,ce100,ce100
fever:120461,ce20,ce100
fever:120480,ce20,ce100
fever:120520,ce100,ce100
fever:120558,ce100,ce100
fever:12059,ce100,ce100
fever:120591,ce20,ce100
fever:120630,ce20,ce100
fever:120644,ce100,ce100
fever:120655,ce20,ce100
fever:120664,ce100,ce100
fever:120678,ce20,ce100
fever:120681,ce20,ce100
fever:120684,ce20,ce100
fever:120704,bm25,bm25
fever:120735,bm25,bm25
fever:120737,ce20,ce100
fever:120759,ce100,ce100
fever:120778,ce100,ce100
fever:120781,ce20,ce100
fever:120817,ce20,ce100
fever:120836,ce20,bm25
fever:12084,ce20,ce100
fever:120846,ce20,ce100
fever:120866,ce20,ce100
fever:120873,ce20,bm25
fever:12088,ce20,ce100
fever:12089,ce20,ce100
fever:120971,ce100,ce100
fever:120983,ce100,ce100
fever:120997,bm25,bm25
fever:12105,ce100,ce100
fever:121052,ce100,ce100
fever:121065,ce20,ce100
fever:121090,ce20,bm25
fever:121093,ce20,ce100
fever:121094,ce20,ce100
fever:121119,ce20,ce100
fever:121121,ce100,ce100
fever:121139,ce20,ce100
fever:121157,ce20,bm25
fever:12118,ce100,ce100
fever:121189,ce100,ce100
fever:12119,ce100,ce100
fever:12120,bm25,bm25
fever:121202,ce20,ce100
fever:12121,bm25,bm25
fever:121218,ce20,ce100
fever:121238,ce20,ce100
fever:121242,ce100,ce100
fever:121251,ce20,ce100
fever:121260,ce20,ce100
fever:121280,bm25,bm25
fever:121283,ce100,ce100
fever:121313,ce100,ce100
fever:121338,ce20,ce100
fever:121362,ce20,ce100
fever:121370,bm25,bm25
fever:121398,ce100,ce100
fever:121427,ce20,bm25
fever:121431,ce20,ce100
fever:121454,ce100,ce100
fever:121468,ce20,ce100
fever:121472,ce100,ce100
fever:121486,bm25,bm25
fever:121496,ce20,ce100
fever:121517,ce20,ce100
fever:121522,ce20,ce100
fever:121541,ce20,bm25
fever:121545,ce20,ce100
fever:121548,ce100,ce100
fever:121562,ce100,ce100
fever:121634,ce100,ce100
fever:121636,ce100,ce100
fever:121645,ce20,bm25
fever:121646,ce100,ce100
fever:121662,ce100,ce100
fever:121668,ce20,ce100
fever:121683,ce100,ce100
fever:121702,ce20,ce100
fever:121709,ce20,ce100
fever:121716,ce20,ce100
fever:121718,ce20,ce100
fever:12172,ce20,bm25
fever:121723,ce20,bm25
fever:121757,bm25,bm25
fever:121765,ce100,ce100
fever:12178,ce100,ce100
fever:121786,ce20,ce100
fever:121817,ce20,ce100
fever:121833,bm25,bm25
fever:121847,ce100,ce100
fever:121852,ce100,ce100
fever:121854,ce100,ce100
fever:121875,ce20,ce100
fever:121880,ce20,ce100
fever:121897,bm25,bm25
fever:1219,ce20,ce100
fever:121902,ce20,ce100
fever:121913,ce20,ce100
fever:121921,ce20,ce100
fever:121923,bm25,bm25
fever:121936,ce20,ce100
fever:12199,ce20,ce100
fever:121994,ce100,ce100
fever:1220,bm25,bm25
fever:122000,ce20,ce100
fever:122006,ce100,ce100
fever:12204,ce20,ce100
fever:122095,ce20,ce100
fever:122111,ce100,ce100
fever:122159,bm25,bm25
fever:122169,ce100,ce100
fever:122180,ce20,bm25
fever:122204,ce100,ce100
fever:122207,ce20,bm25
fever:122239,ce20,ce100
fever:122252,ce20,ce100
fever:12227,ce20,ce100
fever:122285,ce20,ce100
fever:122288,ce100,ce100
fever:122343,ce100,ce100
fever:122348,ce100,ce100
fever:122351,ce100,ce100
fever:122358,ce100,ce100
fever:122375,ce100,ce100
fever:122391,ce20,ce100
fever:122396,ce20,ce100
fever:122457,ce20,ce100
fever:122463,ce100,ce100
fever:122465,ce20,ce100
fever:122477,ce100,ce100
fever:122507,ce100,ce100
fever:12252,ce100,ce100
fever:122530,ce20,bm25
fever:122572,ce20,ce100
fever:122583,ce20,ce100
fever:122596,ce20,ce100
fever:122614,ce100,ce100
fever:122615,ce20,ce100
fever:12264,ce100,ce100
fever:122650,ce20,ce100
fever:122652,ce20,bm25
fever:122657,ce100,ce100
fever:122673,ce100,ce100
fever:122683,ce20,ce100
fever:122692,bm25,bm25
fever:122744,ce100,ce100
fever:122745,ce100,ce100
fever:12275,ce100,ce100
fever:122767,bm25,bm25
fever:122772,ce20,ce100
fever:122776,ce100,ce100
fever:122794,ce20,ce100
fever:122812,ce100,ce100
fever:122828,ce20,bm25
fever:122878,ce100,ce100
fever:122887,ce100,ce100
fever:122891,ce100,ce100
fever:122922,ce20,bm25
fever:122950,ce100,ce100
fever:122970,ce20,ce100
fever:122977,ce20,ce100
fever:123023,bm25,bm25
fever:123031,ce100,ce100
fever:123051,ce20,ce100
fever:12306,ce100,ce100
fever:123080,ce100,ce100
fever:123087,ce20,ce100
fever:123100,ce20,bm25
fever:123108,ce100,ce100
fever:123112,ce100,ce100
fever:123121,ce100,ce100
fever:123141,ce100,ce100
fever:123142,ce20,ce100
fever:123179,ce100,ce100
fever:123189,ce100,ce100
fever:12319,bm25,bm25
fever:123193,ce20,ce100
fever:1232,ce100,ce100
fever:123203,ce100,ce100
fever:123226,ce20,bm25
fever:123236,ce20,ce100
fever:123238,ce100,ce100
fever:123248,ce20,ce100
fever:123276,ce20,ce100
fever:123285,ce20,ce100
fever:123296,ce100,ce100
fever:1233,ce20,ce100
fever:123364,ce100,ce100
fever:123375,ce100,ce100
fever:123411,ce100,ce100
fever:123416,ce100,ce100
fever:123434,ce20,ce100
fever:123446,ce20,ce100
fever:123447,ce100,ce100
fever:123452,ce100,ce100
fever:123477,ce100,ce100
fever:123479,ce100,ce100
fever:123488,ce100,ce100
fever:123544,ce20,bm25
fever:123561,bm25,bm25
fever:123576,ce20,ce100
fever:123591,ce20,ce100
fever:123612,ce100,ce100
fever:123614,ce20,bm25
fever:123647,ce20,ce100
fever:123675,ce20,ce100
fever:12369,ce20,ce100
fever:12372,ce100,ce100
fever:123753,ce100,ce100
fever:123756,ce100,ce100
fever:123762,ce20,bm25
fever:123777,ce100,ce100
fever:123785,ce20,ce100
fever:123794,ce100,ce100
fever:123816,ce20,ce100
fever:123823,ce20,ce100
fever:123826,ce100,ce100
fever:123831,ce100,ce100
fever:123833,ce100,ce100
fever:123889,ce20,ce100
fever:123896,ce20,bm25
fever:123925,ce100,ce100
fever:123942,ce20,bm25
fever:123947,ce20,ce100
fever:123956,ce100,ce100
fever:123958,ce20,ce100
fever:124011,ce20,ce100
fever:124021,ce100,ce100
fever:124022,bm25,bm25
fever:12403,bm25,bm25
fever:124042,ce20,ce100
fever:124045,bm25,bm25
fever:124049,ce20,ce100
fever:124050,ce100,ce100
fever:124077,ce20,ce100
fever:124087,bm25,bm25
fever:124088,ce20,ce100
fever:124118,ce20,ce100
fever:124138,ce100,ce100
fever:124189,ce20,bm25
fever:12419,ce20,ce100
fever:124190,ce100,ce100
fever:12420,bm25,bm25
fever:124203,ce20,bm25
fever:12421,ce20,ce100
fever:124215,ce100,ce100
fever:124240,ce100,ce100
fever:124243,bm25,bm25
fever:124244,ce20,ce100
fever:124264,ce20,ce100
fever:124268,ce20,bm25
fever:124277,ce20,ce100
fever:124295,ce100,ce100
fever:124339,ce20,bm25
fever:124341,ce20,bm25
fever:124353,ce20,ce100
fever:124355,bm25,bm25
fever:124363,ce20,ce100
fever:1244,ce100,ce100
fever:124400,bm25,bm25
fever:12443,ce100,ce100
fever:124443,ce100,ce100
fever:124472,bm25,bm25
fever:124476,ce20,ce100
fever:124479,ce100,ce100
fever:124492,ce20,ce100
fever:12450,ce100,ce100
fever:12453,ce100,ce100
fever:12454,ce20,ce100
fever:124540,ce100,ce100
fever:124565,ce100,ce100
fever:124578,ce20,ce100
fever:124597,ce20,ce100
fever:124614,ce20,ce100
fever:124618,ce20,bm25
fever:124620,ce100,ce100
fever:124622,ce20,bm25
fever:124629,ce20,ce100
fever:12466,ce20,ce100
fever:124662,ce20,ce100
fever:124663,ce100,ce100
fever:124667,bm25,bm25
fever:124669,ce100,ce100
fever:12467,ce20,ce100
fever:124677,ce20,ce100
fever:12469,ce20,ce100
fever:124707,bm25,bm25
fever:124717,ce100,ce100
fever:124719,ce100,ce100
fever:124720,bm25,bm25
fever:124723,bm25,bm25
fever:124730,ce100,ce100
fever:124736,ce100,ce100
fever:1248,ce100,ce100
fever:124805,ce100,ce100
fever:124817,ce20,ce100
fever:124819,ce20,bm25
fever:12482,ce20,ce100
fever:124823,ce100,ce100
fever:12483,ce20,bm25
fever:124862,ce20,ce100
fever:124872,ce20,ce100
fever:124875,ce20,ce100
fever:12488,ce20,bm25
fever:124881,ce20,ce100
fever:124904,ce20,ce100
fever:124905,ce20,ce100
fever:124934,ce100,ce100
fever:124938,ce20,ce100
fever:124959,ce20,ce100
fever:124967,ce100,ce100
fever:124971,ce100,ce100
fever:124984,ce100,ce100
fever:124986,ce100,ce100
fever:124993,ce100,ce100
fever:125009,ce20,bm25
fever:125010,bm25,bm25
fever:125024,ce20,ce100
fever:125031,ce20,bm25
fever:125037,ce20,ce100
fever:1251,ce100,ce100
fever:125117,bm25,bm25
fever:125131,ce20,ce100
fever:125146,ce20,ce100
fever:125156,ce20,bm25
fever:125164,ce20,ce100
fever:125185,ce100,ce100
fever:125197,bm25,bm25
fever:125223,ce100,ce100
fever:125225,ce100,ce100
fever:125227,ce100,ce100
fever:125275,ce100,ce100
fever:125287,bm25,bm25
fever:125292,ce100,ce100
fever:125304,ce20,bm25
fever:125309,ce100,ce100
fever:125315,ce100,ce100
fever:125317,ce100,ce100
fever:125322,ce100,ce100
fever:125333,ce100,ce100
fever:125334,bm25,bm25
fever:125369,ce100,ce100
fever:12537,ce20,ce100
fever:125385,ce100,ce100
fever:125388,ce20,bm25
fever:125398,ce100,ce100
fever:125437,ce100,ce100
fever:125440,bm25,bm25
fever:125449,ce20,ce100
fever:125458,ce20,ce100
fever:125464,ce100,ce100
fever:125478,ce100,ce100
fever:125491,ce20,ce100
fever:125496,ce20,ce100
fever:125513,ce100,ce100
fever:125524,ce20,ce100
fever:12553,ce20,bm25
fever:125533,ce20,bm25
fever:125537,ce100,ce100
fever:125550,ce20,ce100
fever:125557,ce100,ce100
fever:125577,ce100,ce100
fever:125630,bm25,bm25
fever:125673,bm25,bm25
fever:125695,ce100,ce100
fever:125749,ce100,ce100
fever:125760,ce20,ce100
fever:125763,bm25,bm25
fever:125780,ce100,ce100
fever:125803,ce100,ce100
fever:125829,ce20,ce100
fever:125865,ce100,ce100
fever:125900,ce20,ce100
fever:125912,ce20,ce100
fever:125925,bm25,bm25
fever:125930,ce100,ce100
fever:125971,ce20,ce100
fever:125982,ce20,ce100
fever:125989,ce100,ce100
fever:126009,bm25,bm25
fever:126045,ce100,ce100
fever:126055,ce100,ce100
fever:126079,ce100,ce100
fever:12610,ce20,ce100
fever:12612,bm25,bm25
fever:126157,ce100,ce100
fever:126172,ce100,ce100
fever:126206,ce100,ce100
fever:126220,ce100,ce100
fever:126228,ce20,ce100
fever:126229,ce20,ce100
fever:126235,ce100,ce100
fever:126292,ce100,ce100
fever:126296,ce100,ce100
fever:126300,ce20,bm25
fever:126380,ce20,bm25
fever:12639,ce20,ce100
fever:126423,ce100,ce100
fever:126455,ce100,ce100
fever:126466,ce20,ce100
fever:126474,ce20,bm25
fever:12649,ce20,ce100
fever:126496,ce100,ce100
fever:126509,ce100,ce100
fever:126533,ce20,ce100
fever:126551,ce20,ce100
fever:126559,ce100,ce100
fever:126560,bm25,bm25
fever:126561,ce20,ce100
fever:126568,ce100,ce100
fever:126590,ce20,ce100
fever:126652,ce20,ce100
fever:126678,ce100,ce100
fever:126693,ce100,ce100
fever:126705,ce100,ce100
fever:126728,bm25,bm25
fever:126740,ce20,ce100
fever:126747,ce20,ce100
fever:126773,ce20,ce100
fever:126775,ce20,ce100
fever:12678,ce20,ce100
fever:126794,ce100,ce100
fever:126795,ce100,ce100
fever:126799,ce100,ce100
fever:12681,ce20,ce100
fever:126814,ce100,ce100
fever:126818,ce100,ce100
fever:12682,ce20,ce100
fever:126823,ce20,ce100
fever:126828,ce20,ce100
fever:12683,ce100,ce100
fever:12684,ce100,ce100
fever:126856,ce100,ce100
fever:126878,ce20,ce100
fever:126882,ce100,ce100
fever:12691,ce20,ce100
fever:126912,ce20,ce100
fever:126915,ce20,ce100
fever:126916,bm25,bm25
fever:126926,ce100,ce100
fever:12693,ce20,ce100
fever:126933,ce20,ce100
fever:126936,ce100,ce100
fever:126942,ce20,ce100
fever:126958,ce100,ce100
fever:126962,ce20,ce100
fever:126963,ce20,bm25
fever:126973,ce100,ce100
fever:126982,ce20,ce100
fever:127013,ce20,ce100
fever:127015,ce100,ce100
fever:127045,ce20,bm25
fever:127048,ce20,bm25
fever:127088,ce20,bm25
fever:127090,ce20,ce100
fever:127098,ce20,ce100
fever:127118,bm25,bm25
fever:127128,ce20,ce100
fever:127133,bm25,bm25
fever:127166,ce100,ce100
fever:127180,ce20,ce100
fever:127197,ce100,ce100
fever:1272,bm25,bm25
fever:127225,ce20,ce100
fever:127233,ce100,ce100
fever:127240,ce100,ce100
fever:127244,ce100,ce100
fever:127306,ce20,bm25
fever:127340,ce100,ce100
fever:127359,ce20,ce100
fever:127363,ce20,bm25
fever:127366,ce20,ce100
fever:127369,ce20,ce100
fever:127376,ce100,ce100
fever:12738,ce20,ce100
fever:127402,ce100,ce100
fever:127403,ce20,bm25
fever:127408,ce20,ce100
fever:127415,ce20,ce100
fever:127416,ce20,bm25
fever:127419,ce20,ce100
fever:127438,ce20,ce100
fever:127456,ce100,ce100
fever:12747,ce100,ce100
fever:127472,ce100,ce100
fever:12748,ce100,ce100
fever:127482,ce100,ce100
fever:127490,ce20,ce100
fever:1275,ce20,ce100
fever:127539,ce100,ce100
fever:127540,ce100,ce100
fever:127573,ce20,ce100
fever:127576,bm25,bm25
fever:127583,ce20,bm25
fever:127596,ce20,ce100
fever:12762,bm25,bm25
fever:127651,ce100,ce100
fever:127658,ce20,ce100
fever:127659,ce100,ce100
fever:127665,ce20,bm25
fever:127682,ce20,ce100
fever:127697,ce20,ce100
fever:12772,ce20,ce100
fever:127722,ce20,ce100
fever:127731,ce100,ce100
fever:127772,bm25,bm25
fever:127773,ce20,bm25
fever:127777,ce20,ce100
fever:127808,ce20,bm25
fever:127814,ce100,ce100
fever:127819,ce100,ce100
fever:127820,bm25,bm25
fever:127822,ce100,ce100
fever:127869,ce20,ce100
fever:127870,ce100,ce100
fever:127872,ce20,ce100
fever:127876,ce20,ce100
fever:127894,ce20,ce100
fever:127955,ce20,ce100
fever:127956,ce20,ce100
fever:127957,ce20,ce100
fever:127969,ce20,ce100
fever:127973,ce20,ce100
fever:127981,bm25,bm25
fever:128004,ce20,ce100
fever:128005,bm25,bm25
fever:128027,ce100,ce100
fever:128035,ce20,ce100
fever:128045,ce20,ce100
fever:128071,ce20,ce100
fever:128078,ce20,ce100
fever:128115,ce100,ce100
fever:128121,ce20,ce100
fever:128123,ce100,ce100
fever:128141,ce100,ce100
fever:128154,ce20,ce100
fever:128175,ce100,ce100
fever:12820,ce100,ce100
fever:128204,ce20,ce100
fever:128229,ce100,ce100
fever:128230,ce100,ce100
fever:128243,ce20,ce100
fever:128248,ce20,ce100
fever:128258,ce100,ce100
fever:128268,ce20,ce100
fever:128278,ce100,ce100
fever:12829,bm25,bm25
fever:128295,ce20,ce100
fever:128297,ce20,ce100
fever:12831,ce100,ce100
fever:128319,ce100,ce100
fever:128322,ce20,ce100
fever:128332,bm25,bm25
fever:128336,bm25,bm25
fever:128356,ce100,ce100
fever:128370,ce100,ce100
fever:128385,ce100,ce100
fever:128406,ce100,ce100
fever:128415,ce20,bm25
fever:128418,ce100,ce100
fever:12843,ce100,ce100
fever:12844,ce100,ce100
fever:128454,ce20,ce100
fever:128459,bm25,bm25
fever:128461,ce100,ce100
fever:128467,ce100,ce100
fever:128497,ce20,ce100
fever:12852,ce20,bm25
fever:128532,ce100,ce100
fever:128538,ce20,ce100
fever:128539,ce20,bm25
fever:128551,ce100,ce100
fever:128575,ce20,ce100
fever:128584,ce20,bm25
fever:128601,ce100,ce100
fever:128606,ce100,ce100
fever:128631,ce20,bm25
fever:128642,ce20,ce100
fever:128676,ce20,ce100
fever:128686,ce20,ce100
fever:128709,ce20,ce100
fever:128720,ce20,ce100
fever:128723,bm25,bm25
fever:128741,ce100,ce100
fever:128744,ce20,ce100
fever:128760,ce20,ce100
fever:128768,ce100,ce100
fever:128793,ce100,ce100
fever:128807,ce100,ce100
fever:128826,ce100,ce100
fever:128827,ce100,ce100
fever:128837,ce100,ce100
fever:128843,ce20,bm25
fever:128844,ce100,ce100
fever:128856,ce100,ce100
fever:128870,ce100,ce100
fever:128888,ce100,ce100
fever:128896,ce100,ce100
fever:128909,ce20,ce100
fever:128931,bm25,bm25
fever:128967,ce20,bm25
fever:128975,ce100,ce100
fever:129006,ce20,ce100
fever:129011,ce20,ce100
fever:129026,ce20,ce100
fever:129051,ce100,ce100
fever:129063,ce20,bm25
fever:129066,ce20,bm25
fever:129071,ce100,ce100
fever:129088,ce20,ce100
fever:129093,ce20,ce100
fever:129108,ce100,ce100
fever:129137,ce20,ce100
fever:129171,ce20,ce100
fever:129180,ce20,ce100
fever:129221,bm25,bm25
fever:129239,ce100,ce100
fever:129241,ce20,ce100
fever:129248,ce20,ce100
fever:129254,bm25,bm25
fever:129255,ce20,bm25
fever:129305,ce20,ce100
fever:129352,ce20,ce100
fever:12936,ce20,ce100
fever:129369,ce100,ce100
fever:129378,ce20,ce100
fever:129391,ce20,ce100
fever:129412,ce100,ce100
fever:129419,ce100,ce100
fever:129420,ce20,ce100
fever:129426,ce20,ce100
fever:12943,ce20,ce100
fever:129439,ce20,ce100
fever:129441,ce100,ce100
fever:129460,ce20,bm25
fever:129462,ce20,ce100
fever:129463,ce20,ce100
fever:12948,ce20,bm25
fever:129517,ce100,ce100
fever:129531,ce20,ce100
fever:129554,ce100,ce100
fever:129557,ce20,ce100
fever:129558,ce100,ce100
fever:129570,bm25,bm25
fever:129575,ce20,ce100
fever:129578,ce100,ce100
fever:129601,ce20,ce100
fever:129632,ce20,ce100
fever:129634,ce100,ce100
fever:129650,ce100,ce100
fever:129654,ce100,ce100
fever:12967,ce100,ce100
fever:129672,ce20,ce100
fever:129698,ce20,ce100
fever:129710,bm25,bm25
fever:129729,ce20,ce100
fever:129736,ce20,ce100
fever:129752,ce20,ce100
fever:129753,ce100,ce100
fever:129767,ce100,ce100
fever:129780,ce20,ce100
fever:129805,ce100,ce100
fever:129816,ce100,ce100
fever:129818,ce100,ce100
fever:129819,ce20,ce100
fever:129820,ce100,ce100
fever:129829,ce100,ce100
fever:129835,ce20,ce100
fever:129878,ce20,ce100
fever:12990,ce100,ce100
fever:129907,ce20,ce100
fever:129909,ce20,ce100
fever:129921,ce20,ce100
fever:129932,ce20,bm25
fever:129996,bm25,bm25
fever:130007,ce100,ce100
fever:13001,ce100,ce100
fever:130010,ce20,ce100
fever:130027,bm25,bm25
fever:130048,ce100,ce100
fever:130052,ce100,ce100
fever:130059,ce100,ce100
fever:130077,ce100,ce100
fever:130108,bm25,bm25
fever:130146,ce20,bm25
fever:130147,ce20,ce100
fever:130151,ce100,ce100
fever:130158,ce100,ce100
fever:130181,ce100,ce100
fever:130204,ce20,ce100
fever:130220,ce100,ce100
fever:130226,ce20,ce100
fever:130248,ce100,ce100
fever:130289,ce20,ce100
fever:130301,ce20,ce100
fever:130317,ce100,ce100
fever:130325,ce20,ce100
fever:130332,ce20,ce100
fever:130338,ce100,ce100
fever:130400,ce100,ce100
fever:130406,ce20,bm25
fever:130415,ce100,ce100
fever:130501,ce20,ce100
fever:130561,ce100,ce100
fever:130593,ce100,ce100
fever:130611,ce20,ce100
fever:130614,ce20,ce100
fever:130631,bm25,bm25
fever:130637,bm25,bm25
fever:130683,ce100,ce100
fever:13069,ce100,ce100
fever:130703,ce20,ce100
fever:130717,ce100,ce100
fever:130721,bm25,bm25
fever:130726,ce100,ce100
fever:130727,bm25,bm25
fever:13076,ce20,ce100
fever:130763,ce20,ce100
fever:13079,bm25,bm25
fever:130820,bm25,bm25
fever:130833,ce20,ce100
fever:130849,ce20,ce100
fever:13085,ce100,ce100
fever:130854,ce100,ce100
fever:13086,ce100,ce100
fever:130871,ce100,ce100
fever:130920,ce20,ce100
fever:130923,ce20,ce100
fever:130932,ce20,bm25
fever:130946,ce20,ce100
fever:130948,ce20,ce100
fever:130955,ce20,ce100
fever:130959,ce100,ce100
fever:130963,ce20,bm25
fever:130978,bm25,bm25
fever:130998,ce20,bm25
fever:131006,ce100,ce100
fever:131009,ce100,ce100
fever:131056,ce20,ce100
fever:131060,ce20,ce100
fever:131072,bm25,bm25
fever:131087,bm25,bm25
fever:131105,ce20,bm25
fever:131139,ce20,ce100
fever:131149,ce20,ce100
fever:131163,ce100,ce100
fever:131174,ce100,ce100
fever:131244,ce20,bm25
fever:131250,ce20,bm25
fever:131251,bm25,bm25
fever:131255,ce100,ce100
fever:13126,ce100,ce100
fever:131268,ce100,ce100
fever:13127,ce100,ce100
fever:131277,ce20,ce100
fever:131295,ce20,ce100
fever:1313,ce100,ce100
fever:131309,ce100,ce100
fever:131314,ce100,ce100
fever:131318,ce100,ce100
fever:13132,ce100,ce100
fever:131337,ce20,ce100
fever:131373,ce100,ce100
fever:131375,ce100,ce100
fever:131376,ce100,ce100
fever:13138,ce100,ce100
fever:131396,ce20,ce100
fever:131409,ce20,ce100
fever:131411,ce20,bm25
fever:131416,ce100,ce100
fever:131417,ce20,ce100
fever:131422,ce100,ce100
fever:131440,ce20,ce100
fever:131477,ce100,ce100
fever:131487,ce100,ce100
fever:131495,ce100,ce100
fever:131512,ce100,ce100
fever:131513,ce100,ce100
fever:131520,ce20,ce100
fever:131529,ce20,bm25
fever:131530,ce20,bm25
fever:131540,ce20,ce100
fever:131547,ce100,ce100
fever:13155,ce20,bm25
fever:131576,ce20,ce100
fever:131584,ce100,ce100
fever:131591,ce100,ce100
fever:131594,ce20,ce100
fever:131597,ce20,ce100
fever:131625,ce20,ce100
fever:131634,ce20,ce100
fever:131650,ce100,ce100
fever:131660,ce100,ce100
fever:131663,bm25,bm25
fever:131670,ce20,ce100
fever:131690,bm25,bm25
fever:131701,ce100,ce100
fever:131703,ce20,ce100
fever:131728,bm25,bm25
fever:131735,ce20,ce100
fever:131756,ce100,ce100
fever:131765,ce100,ce100
fever:131782,ce100,ce100
fever:131786,ce20,ce100
fever:131823,ce100,ce100
fever:131839,ce20,ce100
fever:131865,ce20,ce100
fever:131931,ce100,ce100
fever:131965,ce20,ce100
fever:131969,ce100,ce100
fever:131971,ce20,bm25
fever:13200,ce100,ce100
fever:13201,ce100,ce100
fever:132025,ce20,ce100
fever:132093,ce100,ce100
fever:13210,ce20,ce100
fever:132101,ce100,ce100
fever:13211,ce100,ce100
fever:13212,ce100,ce100
fever:132132,ce20,bm25
fever:132133,ce100,ce100
fever:132134,bm25,bm25
fever:132151,bm25,bm25
fever:132159,ce20,bm25
fever:132160,ce100,ce100
fever:13217,ce20,ce100
fever:132214,ce20,bm25
fever:132225,ce20,ce100
fever:132243,ce20,ce100
fever:13226,ce100,ce100
fever:132273,ce20,ce100
fever:132294,ce100,ce100
fever:13230,bm25,bm25
fever:132312,bm25,bm25
fever:132313,bm25,bm25
fever:132317,ce100,ce100
fever:132331,ce100,ce100
fever:132352,ce100,ce100
fever:132355,ce20,bm25
fever:13236,ce100,ce100
fever:13239,ce100,ce100
fever:132401,ce20,ce100
fever:13242,ce20,ce100
fever:132420,ce20,ce100
fever:132447,ce100,ce100
fever:132471,bm25,bm25
fever:132473,ce100,ce100
fever:132495,ce20,ce100
fever:1325,ce100,ce100
fever:132516,ce20,ce100
fever:132524,ce100,ce100
fever:132528,ce100,ce100
fever:132554,bm25,bm25
fever:132600,ce20,ce100
fever:132619,ce100,ce100
fever:132620,bm25,bm25
fever:132647,bm25,bm25
fever:132649,ce100,ce100
fever:132679,ce20,ce100
fever:132681,ce20,ce100
fever:132700,bm25,bm25
fever:132705,ce20,ce100
fever:132716,ce100,ce100
fever:132762,ce100,ce100
fever:132766,ce20,ce100
fever:132775,ce100,ce100
fever:132786,bm25,bm25
fever:132789,ce100,ce100
fever:132806,ce100,ce100
fever:132858,ce100,ce100
fever:132865,bm25,bm25
fever:132874,ce100,ce100
fever:132883,ce20,bm25
fever:132900,ce20,ce100
fever:132902,ce100,ce100
fever:132990,ce100,ce100
fever:132996,ce20,ce100
fever:133021,ce100,ce100
fever:133029,ce20,ce100
fever:13312,ce20,ce100
fever:133169,bm25,bm25
fever:133176,ce100,ce100
fever:133186,ce20,ce100
fever:133233,ce20,ce100
fever:133234,ce20,ce100
fever:133251,ce20,ce100
fever:13327,ce20,ce100
fever:133282,ce100,ce100
fever:133284,ce20,ce100
fever:133295,ce100,ce100
fever:133360,ce20,bm25
fever:133374,ce20,bm25
fever:133395,ce100,ce100
fever:133407,ce100,ce100
fever:133418,ce100,ce100
fever:133441,ce20,ce100
fever:133446,ce20,ce100
fever:133456,ce100,ce100
fever:133461,ce100,ce100
fever:133476,ce20,bm25
fever:133512,ce20,bm25
fever:133523,ce100,ce100
fever:133529,ce100,ce100
fever:133539,bm25,bm25
fever:133564,ce20,ce100
fever:133599,ce100,ce100
fever:13362,ce20,bm25
fever:133650,ce20,ce100
fever:133680,ce20,ce100
fever:133686,ce20,ce100
fever:13369,ce20,ce100
fever:133704,ce20,ce100
fever:133707,ce20,ce100
fever:133767,bm25,bm25
fever:133783,ce100,ce100
fever:133797,ce20,bm25
fever:133803,ce100,ce100
fever:133840,ce20,bm25
fever:133843,ce20,ce100
fever:133910,ce20,ce100
fever:133948,bm25,bm25
fever:13395,ce20,ce100
fever:13396,ce20,bm25
fever:133963,ce100,ce100
fever:134070,ce100,ce100
fever:134076,bm25,bm25
fever:134086,bm25,bm25
fever:134097,ce20,ce100
fever:134099,ce100,ce100
fever:134101,ce100,ce100
fever:134118,ce100,ce100
fever:134119,ce20,ce100
fever:134126,ce20,ce100
fever:134135,ce100,ce100
fever:134179,ce100,ce100
fever:134188,bm25,bm25
fever:134200,ce20,ce100
fever:134212,ce20,bm25
fever:134242,ce100,ce100
fever:134314,ce100,ce100
fever:134344,ce100,ce100
fever:134346,bm25,bm25
fever:134349,ce100,ce100
fever:134384,ce100,ce100
fever:134387,ce20,ce100
fever:134401,ce100,ce100
fever:134422,ce20,ce100
fever:134425,ce20,bm25
fever:134438,ce20,ce100
fever:134442,ce20,ce100
fever:13446,ce20,bm25
fever:134464,ce100,ce100
fever:134473,ce100,ce100
fever:134498,ce20,bm25
fever:134501,bm25,bm25
fever:134563,ce100,ce100
fever:134566,ce100,ce100
fever:134582,ce100,ce100
fever:134592,ce100,ce100
fever:134612,ce100,ce100
fever:134615,ce20,ce100
fever:134617,ce100,ce100
fever:134670,ce20,bm25
fever:134680,ce100,ce100
fever:134682,ce20,ce100
fever:134692,ce20,bm25
fever:134696,ce20,ce100
fever:134710,ce20,ce100
fever:13473,ce100,ce100
fever:13474,ce20,bm25
fever:134744,ce100,ce100
fever:134787,ce100,ce100
fever:134825,ce100,ce100
fever:134828,ce100,ce100
fever:134830,bm25,bm25
fever:134848,ce100,ce100
fever:134850,ce100,ce100
fever:134854,ce20,ce100
fever:134889,ce20,ce100
fever:134894,ce100,ce100
fever:134908,ce100,ce100
fever:134916,bm25,bm25
fever:134927,ce20,ce100
fever:134944,ce100,ce100
fever:134950,ce20,bm25
fever:134983,ce100,ce100
fever:134995,ce20,ce100
fever:134997,ce20,ce100
fever:135008,ce20,ce100
fever:135020,ce100,ce100
fever:135024,ce20,bm25
fever:13503,ce100,ce100
fever:135035,ce100,ce100
fever:13504,ce20,ce100
fever:135055,ce100,ce100
fever:135113,bm25,ce100
fever:13515,bm25,bm25
fever:135150,ce100,ce100
fever:135151,ce20,ce100
fever:135159,ce100,ce100
fever:135160,ce20,ce100
fever:135180,ce20,bm25
fever:135212,ce100,ce100
fever:135215,ce100,ce100
fever:135291,ce20,ce100
fever:135302,ce20,bm25
fever:135311,ce20,bm25
fever:135322,ce20,ce100
fever:135327,ce20,ce100
fever:135336,ce100,ce100
fever:135338,ce20,ce100
fever:135340,ce20,bm25
fever:135341,ce20,bm25
fever:135369,ce100,ce100
fever:135420,ce20,ce100
fever:135459,ce100,ce100
fever:135468,bm25,bm25
fever:135477,ce100,ce100
fever:135485,ce100,ce100
fever:135499,ce100,ce100
fever:135519,ce100,ce100
fever:135552,bm25,bm25
fever:135572,ce100,ce100
fever:135583,bm25,bm25
fever:135589,ce100,ce100
fever:13560,ce20,ce100
fever:135642,ce20,bm25
fever:135647,ce20,ce100
fever:135680,ce20,ce100
fever:135684,ce100,ce100
fever:1357,bm25,bm25
fever:135740,ce20,bm25
fever:135802,ce20,ce100
fever:135813,ce20,ce100
fever:135832,ce100,ce100
fever:135836,ce20,ce100
fever:13588,ce100,ce100
fever:135910,ce20,bm25
fever:135921,ce20,ce100
fever:135928,ce20,bm25
fever:135930,ce20,ce100
fever:135939,ce20,ce100
fever:135951,ce100,ce100
fever:135962,ce20,ce100
fever:135964,ce100,ce100
fever:135966,ce100,ce100
fever:135968,ce20,ce100
fever:136019,ce20,ce100
fever:136031,ce100,ce100
fever:136040,ce100,ce100
fever:136045,ce100,ce100
fever:136062,ce20,ce100
fever:136089,ce20,ce100
fever:136093,ce20,bm25
fever:1361,ce20,bm25
fever:136131,ce100,ce100
fever:136153,ce20,ce100
fever:136192,ce20,ce100
fever:1362,ce20,ce100
fever:136205,ce100,ce100
fever:136213,ce20,ce100
fever:136214,ce100,ce100
fever:136274,ce20,ce100
fever:136282,ce100,ce100
fever:13629,ce20,ce100
fever:136290,ce20,ce100
fever:13630,ce20,ce100
fever:136325,ce100,ce100
fever:136331,ce20,ce100
fever:136335,ce100,ce100
fever:136376,ce100,ce100
fever:136427,ce20,ce100
fever:136463,ce20,ce100
fever:136530,ce100,ce100
fever:136578,ce100,ce100
fever:136588,ce100,ce100
fever:136594,ce100,ce100
fever:136604,ce100,ce100
fever:13663,bm25,bm25
fever:136658,ce20,ce100
fever:136665,ce100,ce100
fever:13668,ce20,ce100
fever:136704,ce100,ce100
fever:136719,ce20,ce100
fever:136725,ce100,ce100
fever:136731,bm25,bm25
fever:1368,ce20,ce100
fever:136840,ce20,ce100
fever:136841,bm25,bm25
fever:136848,ce20,bm25
fever:136853,ce100,ce100
fever:136862,ce20,ce100
fever:136865,ce100,ce100
fever:13688,ce100,ce100
fever:1369,ce100,ce100
fever:136909,ce100,ce100
fever:136914,ce20,ce100
fever:136918,ce20,ce100
fever:136928,ce100,ce100
fever:136946,ce100,ce100
fever:136947,ce20,ce100
fever:13696,ce20,ce100
fever:13697,ce20,ce100
fever:136976,ce100,ce100
fever:1370,ce100,ce100
fever:137011,ce20,ce100
fever:137038,ce20,bm25
fever:137040,ce20,ce100
fever:137094,ce100,ce100
fever:137126,ce100,ce100
fever:137142,ce20,ce100
fever:137149,ce100,ce100
fever:137159,ce100,ce100
fever:137173,ce20,ce100
fever:137198,ce20,ce100
fever:137201,ce100,ce100
fever:137210,ce100,ce100
fever:137266,ce100,ce100
fever:137267,ce20,ce100
fever:137276,ce20,ce100
fever:13728,bm25,bm25
fever:137298,ce20,ce100
fever:137334,bm25,bm25
fever:137335,bm25,bm25
fever:137360,ce20,bm25
fever:137370,ce20,bm25
fever:137376,ce20,ce100
fever:137384,ce20,ce100
fever:137385,ce20,ce100
fever:137391,ce100,ce100
fever:137401,bm25,bm25
fever:137414,ce100,ce100
fever:137416,ce100,ce100
fever:137417,ce100,ce100
fever:137429,ce20,bm25
fever:137436,ce20,bm25
fever:137438,ce20,ce100
fever:137453,ce20,ce100
fever:137464,ce20,ce100
fever:137498,ce20,ce100
fever:137508,ce20,ce100
fever:137531,ce100,ce100
fever:13757,ce20,bm25
fever:137577,ce20,ce100
fever:13758,ce20,ce100
fever:137665,ce20,ce100
fever:137674,ce20,ce100
fever:137678,bm25,bm25
fever:13768,ce20,ce100
fever:13769,ce20,ce100
fever:137706,ce100,ce100
fever:137715,ce100,ce100
fever:137725,ce20,ce100
fever:13773,ce20,ce100
fever:137733,ce100,ce100
fever:137738,ce100,ce100
fever:137741,bm25,bm25
fever:137788,ce20,ce100
fever:137790,ce20,ce100
fever:137809,ce100,ce100
fever:137813,ce100,ce100
fever:137825,ce20,ce100
fever:137842,ce100,ce100
fever:137888,ce20,ce100
fever:137907,ce20,bm25
fever:137909,ce100,ce100
fever:137956,ce100,ce100
fever:137963,ce100,ce100
fever:137968,ce100,ce100
fever:13801,ce20,ce100
fever:138023,ce100,ce100
fever:138033,ce100,ce100
fever:138047,ce100,ce100
fever:138067,ce100,ce100
fever:138095,ce100,ce100
fever:138114,ce20,ce100
fever:138118,ce20,ce100
fever:13815,ce100,ce100
fever:138159,ce100,ce100
fever:138161,ce20,ce100
fever:138181,ce20,ce100
fever:138188,ce100,ce100
fever:138204,ce100,ce100
fever:138206,ce20,bm25
fever:138213,ce100,ce100
fever:138248,ce20,ce100
fever:138252,ce20,ce100
fever:138263,ce100,ce100
fever:138271,ce20,bm25
fever:138273,ce20,ce100
fever:13829,ce20,ce100
fever:13830,ce20,ce100
fever:138301,ce20,bm25
fever:138355,bm25,bm25
fever:138356,bm25,bm25
fever:138357,ce100,ce100
fever:138373,bm25,bm25
fever:138375,bm25,bm25
fever:138377,ce20,ce100
fever:138392,ce100,ce100
fever:138435,ce100,ce100
fever:138436,ce100,ce100
fever:138475,ce100,ce100
fever:138498,ce20,bm25
fever:138500,ce100,ce100
fever:138501,bm25,ce100
fever:138514,bm25,bm25
fever:138563,ce100,ce100
fever:138565,ce20,ce100
fever:138593,ce20,ce100
fever:138622,ce100,ce100
fever:138632,ce20,bm25
fever:138636,ce100,ce100
fever:138664,ce100,ce100
fever:13868,ce20,ce100
fever:13869,ce100,ce100
fever:138708,ce100,ce100
fever:138714,ce100,ce100
fever:13872,ce100,ce100
fever:138743,ce100,ce100
fever:13875,ce100,ce100
fever:138752,ce20,ce100
fever:138758,ce20,ce100
fever:138759,ce100,ce100
fever:13876,ce100,ce100
fever:13881,ce100,ce100
fever:138814,ce20,ce100
fever:13882,ce100,ce100
fever:138821,ce100,ce100
fever:138832,ce100,ce100
fever:138849,ce100,ce100
fever:13885,ce100,ce100
fever:138865,ce20,ce100
fever:138884,ce100,ce100
fever:138887,ce100,ce100
fever:138910,ce100,ce100
fever:13894,ce20,ce100
fever:138949,ce20,ce100
fever:138958,ce20,ce100
fever:138974,ce20,ce100
fever:138985,ce100,ce100
fever:138986,ce20,ce100
fever:139030,ce100,ce100
fever:139037,ce20,ce100
fever:139059,bm25,bm25
fever:13907,ce100,ce100
fever:139077,ce20,ce100
fever:139090,ce100,ce100
fever:139097,bm25,bm25
fever:139103,ce20,ce100
fever:139116,ce100,ce100
fever:139118,bm25,bm25
fever:139145,ce20,ce100
fever:139147,ce100,ce100
fever:139159,ce20,bm25
fever:139174,ce100,ce100
fever:139220,ce20,ce100
fever:139259,ce100,ce100
fever:139271,ce20,ce100
fever:13928,ce100,ce100
fever:139284,ce20,ce100
fever:139289,ce100,ce100
fever:13929,ce100,ce100
fever:139302,ce100,ce100
fever:139306,ce20,ce100
fever:139317,ce100,ce100
fever:139330,bm25,bm25
fever:13934,ce100,ce100
fever:139348,ce20,ce100
fever:139365,ce20,bm25
fever:139407,ce20,bm25
fever:13942,ce20,ce100
fever:139427,ce100,ce100
fever:139429,ce100,ce100
fever:139433,ce100,ce100
fever:139445,ce100,ce100
fever:139466,ce100,ce100
fever:139484,ce100,ce100
fever:13949,ce100,ce100
fever:139493,ce100,ce100
fever:1395,ce100,ce100
fever:13951,ce20,ce100
fever:139522,ce100,ce100
fever:13956,ce100,ce100
fever:139563,bm25,bm25
fever:139569,ce100,ce100
fever:139636,ce20,ce100
fever:139650,ce20,ce100
fever:139661,ce100,ce100
fever:139666,ce20,ce100
fever:139670,ce100,ce100
fever:139694,ce20,ce100
fever:139714,ce20,ce100
fever:139717,ce20,ce100
fever:139728,ce100,ce100
fever:139730,ce100,ce100
fever:139749,ce20,bm25
fever:139762,ce100,ce100
fever:139820,ce100,ce100
fever:139831,ce20,ce100
fever:139848,ce100,ce100
fever:139849,ce100,ce100
fever:139863,bm25,bm25
fever:139873,ce20,ce100
fever:139876,ce100,ce100
fever:139910,ce100,ce100
fever:139946,ce100,ce100
fever:139961,ce100,ce100
fever:139967,ce20,ce100
fever:139994,ce100,ce100
fever:140005,ce20,ce100
fever:140010,ce100,ce100
fever:140018,ce20,ce100
fever:140032,ce20,bm25
fever:140036,ce100,ce100
fever:140044,ce20,bm25
fever:140050,ce20,ce100
fever:140051,ce100,ce100
fever:140067,bm25,bm25
fever:140070,bm25,bm25
fever:140072,bm25,bm25
fever:140083,ce100,ce100
fever:140104,ce20,ce100
fever:140139,ce100,ce100
fever:140140,ce20,ce100
fever:14018,ce20,bm25
fever:14019,ce20,ce100
fever:140193,ce20,bm25
fever:140196,ce20,ce100
fever:140231,ce20,ce100
fever:140233,ce100,ce100
fever:140242,ce20,ce100
fever:140254,ce100,ce100
fever:140286,ce100,ce100
fever:140292,ce100,ce100
fever:140299,ce100,ce100
fever:140316,ce20,ce100
fever:140330,ce100,ce100
fever:140337,ce20,ce100
fever:140353,ce100,ce100
fever:140354,ce20,ce100
fever:140359,ce100,ce100
fever:140377,ce100,ce100
fever:140390,ce100,ce100
fever:140391,ce100,ce100
fever:140399,ce100,ce100
fever:140417,ce100,ce100
fever:140430,ce100,ce100
fever:140442,ce20,ce100
fever:140443,ce20,ce100
fever:140461,ce100,ce100
fever:140462,ce100,ce100
fever:140463,ce20,ce100
fever:140492,ce100,ce100
fever:14051,ce100,ce100
fever:140517,ce100,ce100
fever:140522,ce100,ce100
fever:140536,ce20,ce100
fever:140580,ce20,ce100
fever:140589,ce100,ce100
fever:140612,bm25,bm25
fever:140645,ce20,ce100
fever:140660,ce20,ce100
fever:140661,ce20,ce100
fever:140663,ce20,ce100
fever:140664,ce100,ce100
fever:14069,ce20,bm25
fever:140691,ce100,ce100
fever:14073,ce100,ce100
fever:140750,bm25,bm25
fever:140758,ce20,ce100
fever:140762,ce20,ce100
fever:140764,ce100,ce100
fever:140776,ce20,ce100
fever:14078,bm25,bm25
fever:140820,ce100,ce100
fever:140869,ce20,ce100
fever:140923,ce100,ce100
fever:14096,bm25,bm25
fever:140967,ce20,ce100
fever:140968,bm25,bm25
fever:14100,ce20,bm25
fever:141006,ce100,ce100
fever:14101,ce20,ce100
fever:141012,ce100,ce100
fever:141032,ce100,ce100
fever:141058,ce100,ce100
fever:141072,ce100,ce100
fever:14112,ce20,bm25
fever:141126,bm25,bm25
fever:14113,ce20,ce100
fever:141134,ce20,ce100
fever:141159,ce100,ce100
fever:141188,ce100,ce100
fever:141189,ce100,ce100
fever:141204,bm25,bm25
fever:14123,ce100,ce100
fever:141268,ce100,ce100
fever:141271,ce20,ce100
fever:141282,ce100,ce100
fever:141284,ce20,ce100
fever:141328,ce20,bm25
fever:141344,ce20,bm25
fever:141348,ce100,ce100
fever:141353,ce100,ce100
fever:141370,ce20,ce100
fever:141434,ce100,ce100
fever:141466,ce20,ce100
fever:141476,ce20,ce100
fever:141477,ce20,ce100
fever:1415,bm25,bm25
fever:141522,ce20,ce100
fever:141535,ce100,ce100
fever:141547,ce100,ce100
fever:141561,ce100,ce100
fever:141587,ce100,ce100
fever:141600,ce20,ce100
fever:141613,ce20,ce100
fever:141632,ce20,bm25
fever:141641,ce20,ce100
fever:141663,ce100,ce100
fever:141668,ce20,ce100
fever:141683,ce20,ce100
fever:141746,ce20,ce100
fever:141749,ce20,ce100
fever:141758,bm25,bm25
fever:141777,ce20,ce100
fever:141798,ce20,ce100
fever:141801,ce20,ce100
fever:141812,ce100,ce100
fever:141838,ce20,ce100
fever:141846,ce100,ce100
fever:141870,ce100,ce100
fever:141885,ce20,ce100
fever:141894,ce100,ce100
fever:141911,bm25,bm25
fever:141925,ce20,ce100
fever:141932,ce20,bm25
fever:141942,ce20,ce100
fever:141966,ce20,ce100
fever:141970,ce20,ce100
fever:141971,ce20,ce100
fever:142025,ce100,ce100
fever:14203,ce20,ce100
fever:142043,ce100,ce100
fever:142055,ce20,ce100
fever:142120,ce100,ce100
fever:142127,ce100,ce100
fever:142129,ce100,ce100
fever:142130,ce20,ce100
fever:142135,ce20,bm25
fever:142161,ce100,ce100
fever:142224,ce100,ce100
fever:14223,ce20,ce100
fever:142236,ce100,ce100
fever:142250,ce20,ce100
fever:14226,ce20,ce100
fever:14227,ce100,ce100
fever:142286,ce20,ce100
fever:142294,ce100,ce100
fever:1423,ce20,bm25
fever:14231,ce100,ce100
fever:142313,ce100,ce100
fever:142438,ce20,ce100
fever:142448,ce100,ce100
fever:142454,ce100,ce100
fever:142462,ce100,ce100
fever:142490,ce100,ce100
fever:142498,ce20,ce100
fever:142527,ce20,ce100
fever:142556,ce100,ce100
fever:142558,ce100,ce100
fever:142585,ce100,ce100
fever:142603,ce100,ce100
fever:142620,ce100,ce100
fever:142631,ce20,bm25
fever:142638,ce20,ce100
fever:142668,ce20,bm25
fever:142687,ce100,ce100
fever:142700,ce20,ce100
fever:142701,ce20,bm25
fever:142717,ce20,ce100
fever:142728,ce100,ce100
fever:142729,ce100,ce100
fever:142735,ce100,ce100
fever:142750,ce100,ce100
fever:142758,ce100,ce100
fever:142765,ce20,bm25
fever:142802,ce20,bm25
fever:142839,bm25,bm25
fever:14285,ce20,ce100
fever:142854,ce100,ce100
fever:142855,ce20,bm25
fever:14286,ce20,ce100
fever:142863,ce20,ce100
fever:142873,ce100,ce100
fever:142888,ce100,ce100
fever:142891,ce20,ce100
fever:142899,bm25,bm25
fever:142923,ce20,ce100
fever:142942,ce20,ce100
fever:142948,ce20,ce100
fever:142951,ce20,ce100
fever:142966,ce20,ce100
fever:142972,ce20,ce100
fever:142984,ce20,ce100
fever:143003,ce100,ce100
fever:143009,ce100,ce100
fever:143011,ce20,ce100
fever:143020,ce100,ce100
fever:143028,ce20,ce100
fever:143029,ce100,ce100
fever:143041,ce100,ce100
fever:143042,ce20,ce100
fever:143046,bm25,bm25
fever:143048,ce100,ce100
fever:143054,ce20,ce100
fever:143060,ce20,ce100
fever:143063,ce100,ce100
fever:143075,ce20,bm25
fever:143094,ce100,ce100
fever:143097,ce20,ce100
fever:1431,ce100,ce100
fever:14310,ce20,ce100
fever:143105,ce100,ce100
fever:143123,ce20,ce100
fever:143144,bm25,bm25
fever:143157,ce20,ce100
fever:143205,ce100,ce100
fever:143222,ce20,bm25
fever:143242,ce20,ce100
fever:143264,ce20,ce100
fever:143277,ce100,ce100
fever:14328,ce20,ce100
fever:143283,bm25,bm25
fever:143287,ce100,ce100
fever:143288,ce100,ce100
fever:143300,bm25,bm25
fever:143301,ce100,ce100
fever:143303,ce20,ce100
fever:143387,ce100,ce100
fever:143417,ce100,ce100
fever:143429,ce100,ce100
fever:143457,ce20,ce100
fever:143488,ce100,ce100
fever:143494,ce100,ce100
fever:143495,ce100,ce100
fever:143500,ce20,ce100
fever:143515,ce20,ce100
fever:143526,ce100,ce100
fever:143533,ce100,ce100
fever:143534,ce20,ce100
fever:143556,ce20,ce100
fever:143593,bm25,bm25
fever:14366,ce20,ce100
fever:14367,ce20,ce100
fever:143684,ce100,ce100
fever:143686,ce100,ce100
fever:143712,ce100,ce100
fever:143728,ce20,ce100
fever:143749,ce20,ce100
fever:14375,ce100,ce100
fever:143788,ce20,ce100
fever:143803,ce100,ce100
fever:143807,ce100,ce100
fever:143832,ce100,ce100
fever:143847,ce100,ce100
fever:143852,ce100,ce100
fever:143867,ce20,ce100
fever:143872,ce20,ce100
fever:143875,ce100,ce100
fever:14388,ce20,bm25
fever:143882,ce100,ce100
fever:143895,ce100,ce100
fever:143905,ce100,ce100
fever:143951,ce20,ce100
fever:143965,ce100,ce100
fever:143974,ce100,ce100
fever:144018,ce20,ce100
fever:144049,ce100,ce100
fever:14406,ce20,ce100
fever:14407,bm25,bm25
fever:14408,ce20,ce100
fever:144087,ce20,ce100
fever:144102,ce100,ce100
fever:144130,ce20,ce100
fever:14415,ce20,bm25
fever:144167,ce20,ce100
fever:144168,ce20,ce100
fever:144169,ce20,ce100
fever:144170,ce100,ce100
fever:144173,ce20,ce100
fever:144183,bm25,bm25
fever:144188,ce100,ce100
fever:144199,ce20,ce100
fever:144200,ce100,ce100
fever:144222,ce100,ce100
fever:144242,ce100,ce100
fever:14428,ce100,ce100
fever:144293,ce20,ce100
fever:144296,ce20,bm25
fever:14430,bm25,bm25
fever:144302,ce100,ce100
fever:144309,ce20,ce100
fever:14431,bm25,bm25
fever:144380,ce20,ce100
fever:144386,ce100,ce100
fever:144391,ce100,ce100
fever:144418,ce20,ce100
fever:144456,ce100,ce100
fever:14448,ce100,ce100
fever:144487,ce100,ce100
fever:144489,ce20,ce100
fever:14449,ce20,ce100
fever:144497,ce20,bm25
fever:144500,ce20,ce100
fever:144506,ce100,ce100
fever:144509,ce100,ce100
fever:144527,ce100,ce100
fever:144542,ce100,ce100
fever:144570,ce100,ce100
fever:144589,ce100,ce100
fever:144596,ce20,ce100
fever:144602,ce100,ce100
fever:144611,ce20,bm25
fever:144641,ce100,ce100
fever:144649,ce20,bm25
fever:144658,ce100,ce100
fever:144669,ce20,bm25
fever:144682,ce20,ce100
fever:144715,ce20,ce100
fever:144723,ce100,ce100
fever:144725,ce20,ce100
fever:144769,ce20,ce100
fever:144800,ce20,bm25
fever:144806,ce20,ce100
fever:144809,ce20,bm25
fever:144815,ce20,ce100
fever:144819,ce20,ce100
fever:144823,ce20,ce100
fever:144897,ce20,ce100
fever:144899,bm25,bm25
fever:144922,ce100,ce100
fever:144964,ce100,ce100
fever:144978,ce100,ce100
fever:144983,ce20,ce100
fever:144993,ce100,ce100
fever:14501,ce100,ce100
fever:145012,ce20,bm25
fever:145013,ce20,ce100
fever:145041,bm25,bm25
fever:145061,ce20,bm25
fever:145079,bm25,bm25
fever:145120,ce100,ce100
fever:145130,ce20,ce100
fever:145293,ce20,ce100
fever:145306,bm25,bm25
fever:145339,ce20,ce100
fever:145369,ce100,ce100
fever:145389,ce100,ce100
fever:145403,ce100,ce100
fever:145424,ce100,ce100
fever:145446,ce20,bm25
fever:145465,ce100,ce100
fever:145470,ce20,ce100
fever:145474,ce100,ce100
fever:145491,ce100,ce100
fever:145508,ce20,ce100
fever:145512,ce100,ce100
fever:145516,ce20,ce100
fever:145533,ce100,ce100
fever:145537,ce100,ce100
fever:145549,ce20,ce100
fever:145558,ce20,ce100
fever:145562,ce100,ce100
fever:145570,ce100,ce100
fever:145572,ce100,ce100
fever:145588,ce20,ce100
fever:145616,ce20,ce100
fever:145617,bm25,bm25
fever:145624,ce20,ce100
fever:145641,ce20,ce100
fever:145662,ce20,ce100
fever:145672,ce100,ce100
fever:145705,ce20,ce100
fever:145707,bm25,bm25
fever:145710,ce100,ce100
fever:145723,ce100,ce100
fever:145735,ce100,ce100
fever:145749,ce20,ce100
fever:145769,ce20,ce100
fever:145784,bm25,bm25
fever:145789,ce100,ce100
fever:145797,ce20,ce100
fever:145802,ce20,ce100
fever:145848,ce100,ce100
fever:145849,ce100,ce100
fever:145866,ce100,ce100
fever:145926,ce20,bm25
fever:145938,ce20,ce100
fever:145941,ce100,ce100
fever:145956,ce100,ce100
fever:14596,bm25,bm25
fever:145967,ce100,ce100
fever:145972,ce20,bm25
fever:146011,ce100,ce100
fever:146015,ce20,ce100
fever:146030,ce20,ce100
fever:146055,ce100,ce100
fever:14610,ce20,ce100
fever:146109,ce20,ce100
fever:146132,ce20,ce100
fever:146157,ce100,ce100
fever:146189,ce20,ce100
fever:146225,ce20,ce100
fever:146231,ce100,ce100
fever:146260,ce20,ce100
fever:146272,ce20,ce100
fever:146288,ce20,bm25
fever:146300,ce20,ce100
fever:146317,bm25,bm25
fever:146348,ce100,ce100
fever:146359,ce20,bm25
fever:146361,ce100,ce100
fever:146389,ce100,ce100
fever:146394,ce20,ce100
fever:146399,ce20,ce100
fever:146416,ce100,ce100
fever:146438,ce100,ce100
fever:146453,ce100,ce100
fever:146455,ce20,ce100
fever:146456,ce100,ce100
fever:146485,ce20,ce100
fever:146493,ce20,ce100
fever:146507,ce100,ce100
fever:146513,ce20,ce100
fever:146518,ce100,ce100
fever:146578,ce20,ce100
fever:146582,ce20,ce100
fever:146587,ce20,ce100
fever:146606,ce100,ce100
fever:146639,ce20,ce100
fever:146669,bm25,bm25
fever:146671,ce100,ce100
fever:146679,ce20,ce100
fever:146792,ce100,ce100
fever:146831,ce20,ce100
fever:146837,ce20,ce100
fever:146910,ce20,ce100
fever:146912,ce20,ce100
fever:14692,bm25,bm25
fever:146923,ce100,ce100
fever:14693,bm25,bm25
fever:146935,ce20,ce100
fever:147033,ce20,ce100
fever:147041,ce20,ce100
fever:147045,ce100,ce100
fever:147056,ce100,ce100
fever:147059,ce20,ce100
fever:147088,ce100,ce100
fever:147118,ce20,ce100
fever:147158,ce100,ce100
fever:147199,ce100,ce100
fever:147207,ce100,ce100
fever:147211,ce20,ce100
fever:147235,ce100,ce100
fever:147246,ce20,ce100
fever:147255,ce100,ce100
fever:147260,ce100,ce100
fever:14730,ce20,ce100
fever:147304,ce100,ce100
fever:147305,ce100,ce100
fever:14731,ce20,ce100
fever:147344,ce20,bm25
fever:147352,ce20,ce100
fever:147411,ce20,ce100
fever:147427,ce100,ce100
fever:147435,ce100,ce100
fever:147455,bm25,bm25
fever:147477,ce100,ce100
fever:147486,ce100,ce100
fever:147493,bm25,bm25
fever:147526,ce100,ce100
fever:147530,ce100,ce100
fever:147577,ce20,bm25
fever:147600,ce20,ce100
fever:147605,ce100,ce100
fever:147609,ce20,ce100
fever:147627,bm25,bm25
fever:147632,ce100,ce100
fever:14767,bm25,bm25
fever:147696,ce20,bm25
fever:147718,ce20,ce100
fever:147720,ce100,ce100
fever:147721,ce100,ce100
fever:147730,ce20,ce100
fever:147742,ce100,ce100
fever:147762,ce20,ce100
fever:147769,bm25,bm25
fever:147781,ce100,ce100
fever:147831,ce20,ce100
fever:147845,ce100,ce100
fever:14790,ce20,ce100
fever:147935,ce100,ce100
fever:147936,ce20,ce100
fever:147952,ce20,ce100
fever:147979,ce20,ce100
fever:14799,ce20,ce100
fever:1480,ce20,bm25
fever:14800,ce100,ce100
fever:148036,ce100,ce100
fever:148055,ce100,ce100
fever:148057,ce100,ce100
fever:1481,ce20,ce100
fever:148121,ce100,ce100
fever:148140,ce20,ce100
fever:148149,ce100,ce100
fever:148152,ce100,ce100
fever:148164,ce20,ce100
fever:148167,ce20,ce100
fever:148171,ce20,ce100
fever:148173,ce20,ce100
fever:148180,ce20,bm25
fever:14819,ce20,ce100
fever:14820,ce20,ce100
fever:148205,ce20,ce100
fever:148211,ce100,ce100
fever:148234,ce20,ce100
fever:148244,ce20,ce100
fever:148255,ce20,ce100
fever:148263,ce100,ce100
fever:148295,ce100,ce100
fever:148304,bm25,bm25
fever:148309,bm25,bm25
fever:148329,bm25,bm25
fever:148335,ce100,ce100
fever:148362,ce20,ce100
fever:14837,bm25,bm25
fever:148376,ce20,ce100
fever:148377,ce20,ce100
fever:148388,ce20,ce100
fever:1484,bm25,bm25
fever:148437,ce20,bm25
fever:14847,ce20,ce100
fever:148471,ce100,ce100
fever:148484,ce20,ce100
fever:148534,ce100,ce100
fever:148541,ce100,ce100
fever:14855,ce20,ce100
fever:148551,ce20,ce100
fever:148569,ce100,ce100
fever:148595,ce20,ce100
fever:148599,ce20,ce100
fever:148610,ce100,ce100
fever:148616,ce20,ce100
fever:148632,ce100,ce100
fever:148642,bm25,bm25
fever:148650,ce20,ce100
fever:148655,ce20,ce100
fever:148661,ce20,ce100
fever:148674,ce100,ce100
fever:148689,ce20,ce100
fever:148696,ce100,ce100
fever:148735,ce20,bm25
fever:148750,ce100,ce100
fever:148755,ce100,ce100
fever:148776,ce20,ce100
fever:148779,bm25,bm25
fever:14879,ce100,ce100
fever:148798,ce100,ce100
fever:148830,ce20,ce100
fever:148844,ce20,ce100
fever:148882,ce20,ce100
fever:148922,ce100,ce100
fever:148929,ce100,ce100
fever:148947,ce100,ce100
fever:148966,ce20,ce100
fever:148979,ce20,ce100
fever:148981,ce100,ce100
fever:14900,ce20,ce100
fever:14901,ce100,ce100
fever:149033,ce20,ce100
fever:149038,ce20,ce100
fever:149042,ce100,ce100
fever:149051,ce100,ce100
fever:149063,ce100,ce100
fever:149087,ce100,ce100
fever:149130,ce20,ce100
fever:149134,ce20,ce100
fever:149144,ce20,ce100
fever:14915,ce100,ce100
fever:149156,ce20,ce100
fever:149159,ce100,ce100
fever:149160,ce20,ce100
fever:149173,ce20,ce100
fever:149179,ce20,ce100
fever:14922,ce20,ce100
fever:149220,ce100,ce100
fever:149272,ce20,ce100
fever:149284,ce20,ce100
fever:149286,bm25,bm25
fever:149296,ce100,ce100
fever:149347,ce20,bm25
fever:149369,bm25,bm25
fever:14939,ce100,ce100
fever:149392,bm25,bm25
fever:1494,ce100,ce100
fever:14940,ce100,ce100
fever:149418,ce100,ce100
fever:149436,ce100,ce100
fever:149448,ce100,ce100
fever:149457,ce100,ce100
fever:149460,bm25,bm25
fever:149489,bm25,bm25
fever:149492,ce20,ce100
fever:149501,ce20,ce100
fever:149502,ce100,ce100
fever:149577,bm25,bm25
fever:149587,ce20,ce100
fever:149607,ce100,ce100
fever:149612,ce100,ce100
fever:149622,ce100,ce100
fever:149644,ce100,ce100
fever:149648,ce100,ce100
fever:149649,ce20,ce100
fever:149663,ce100,ce100
fever:14972,ce100,ce100
fever:149728,bm25,bm25
fever:149746,ce20,ce100
fever:149752,ce100,ce100
fever:149756,bm25,bm25
fever:14977,ce20,ce100
fever:149787,bm25,bm25
fever:149792,ce20,ce100
fever:14984,ce20,ce100
fever:149842,ce20,bm25
fever:14990,bm25,bm25
fever:149901,ce100,ce100
fever:149902,ce100,ce100
fever:149906,ce20,bm25
fever:149912,ce100,ce100
fever:14994,ce100,ce100
fever:149944,ce100,ce100
fever:149950,ce100,ce100
fever:149973,bm25,bm25
fever:149991,ce100,ce100
fever:15004,ce20,ce100
fever:150040,ce100,ce100
fever:150044,bm25,bm25
fever:15005,ce20,ce100
fever:15006,ce20,bm25
fever:150083,ce20,ce100
fever:150096,ce100,ce100
fever:150098,ce20,ce100
fever:150099,ce100,ce100
fever:150148,ce20,ce100
fever:150192,ce20,ce100
fever:150217,bm25,bm25
fever:150221,ce20,ce100
fever:150258,ce20,ce100
fever:150261,ce100,ce100
fever:150311,ce100,ce100
fever:150313,ce20,bm25
fever:150316,ce20,bm25
fever:150321,ce20,ce100
fever:150340,ce20,ce100
fever:150357,ce20,ce100
fever:150366,ce100,ce100
fever:150374,ce100,ce100
fever:150396,ce20,bm25
fever:150399,ce20,ce100
fever:150412,ce20,bm25
fever:150429,bm25,bm25
fever:150524,ce20,ce100
fever:150536,ce100,ce100
fever:150565,ce20,bm25
fever:150571,ce20,ce100
fever:15058,bm25,bm25
fever:150607,ce100,ce100
fever:150614,ce20,ce100
fever:150630,ce100,ce100
fever:150636,ce20,ce100
fever:150648,ce20,ce100
fever:150654,ce100,ce100
fever:150655,ce100,ce100
fever:150656,ce100,ce100
fever:150669,ce20,ce100
fever:150672,ce20,bm25
fever:150693,ce100,ce100
fever:150736,ce20,ce100
fever:150751,ce100,ce100
fever:150763,ce20,bm25
fever:150765,ce20,bm25
fever:1508,ce100,ce100
fever:150820,ce100,ce100
fever:150829,ce100,ce100
fever:150834,ce100,ce100
fever:15084,ce100,ce100
fever:150885,ce20,ce100
fever:150905,ce20,bm25
fever:150916,ce20,ce100
fever:150920,ce20,bm25
fever:150925,ce100,ce100
fever:150946,bm25,bm25
fever:150964,ce100,ce100
fever:150981,ce100,ce100
fever:151070,ce20,ce100
fever:151071,ce20,ce100
fever:151104,ce100,ce100
fever:151118,ce20,ce100
fever:151125,ce20,ce100
fever:151128,ce100,ce100
fever:151156,ce100,ce100
fever:151157,ce20,ce100
fever:151163,ce20,ce100
fever:151206,ce100,ce100
fever:151207,ce20,ce100
fever:151226,ce100,ce100
fever:151241,ce100,ce100
fever:151247,ce20,bm25
fever:151253,bm25,bm25
fever:151264,ce100,ce100
fever:151294,bm25,bm25
fever:151295,ce100,ce100
fever:151333,ce100,ce100
fever:151354,ce20,ce100
fever:151357,ce100,ce100
fever:151374,bm25,bm25
fever:151393,ce100,ce100
fever:151399,ce20,ce100
fever:151403,ce100,ce100
fever:151425,ce20,ce100
fever:151427,ce20,ce100
fever:151428,bm25,bm25
fever:151440,ce20,ce100
fever:151450,ce20,ce100
fever:151460,ce100,ce100
fever:151474,ce20,ce100
fever:151476,ce100,ce100
fever:151483,ce20,bm25
fever:151484,ce20,bm25
fever:151498,ce100,ce100
fever:151500,ce20,ce100
fever:151510,ce100,ce100
fever:151529,ce20,ce100
fever:15155,ce20,ce100
fever:151576,ce20,ce100
fever:151579,ce100,ce100
fever:151635,ce100,ce100
fever:151642,ce100,ce100
fever:151650,ce100,ce100
fever:15167,ce100,ce100
fever:151680,ce20,ce100
fever:151747,ce20,ce100
fever:151774,ce20,ce100
fever:151846,ce20,ce100
fever:15186,ce20,ce100
fever:151880,ce20,ce100
fever:151935,ce100,ce100
fever:151957,ce100,ce100
fever:151963,ce100,ce100
fever:15197,bm25,bm25
fever:151996,ce20,ce100
fever:1520,ce20,bm25
fever:152008,ce20,ce100
fever:152011,ce20,bm25
fever:152016,ce100,ce100
fever:152021,ce20,ce100
fever:152054,ce100,ce100
fever:152079,ce20,ce100
fever:152117,ce100,ce100
fever:152128,ce20,bm25
fever:152133,bm25,bm25
fever:152140,ce20,ce100
fever:152163,ce20,ce100
fever:15217,ce100,ce100
fever:152176,ce20,ce100
fever:152187,bm25,bm25
fever:152219,ce100,ce100
fever:152243,ce20,ce100
fever:152286,ce20,ce100
fever:152316,ce20,bm25
fever:152327,ce20,ce100
fever:152347,ce100,ce100
fever:152414,ce20,ce100
fever:152422,ce20,ce100
fever:152461,ce100,ce100
fever:15247,ce100,ce100
fever:152471,bm25,bm25
fever:152605,ce20,ce100
fever:152616,ce20,ce100
fever:152634,ce100,ce100
fever:152637,ce20,ce100
fever:152641,ce100,ce100
fever:152680,ce20,ce100
fever:152682,ce100,ce100
fever:152694,ce20,ce100
fever:152730,ce100,ce100
fever:152752,bm25,bm25
fever:152802,ce100,ce100
fever:152811,ce20,ce100
fever:15284,ce100,ce100
fever:152850,ce20,ce100
fever:152859,bm25,bm25
fever:152861,ce100,ce100
fever:152870,ce100,ce100
fever:152880,ce100,ce100
fever:152898,ce20,ce100
fever:152916,ce100,ce100
fever:152918,ce100,ce100
fever:152929,ce100,ce100
fever:152955,ce20,ce100
fever:152968,ce100,ce100
fever:152984,ce100,ce100
fever:153018,ce100,ce100
fever:15307,ce20,ce100
fever:15310,ce100,ce100
fever:153101,ce100,ce100
fever:153104,ce100,ce100
fever:153113,bm25,bm25
fever:153129,bm25,bm25
fever:153136,ce20,ce100
fever:153147,ce20,ce100
fever:153148,ce20,ce100
fever:153247,ce100,ce100
fever:153261,ce100,ce100
fever:153270,ce20,ce100
fever:153298,ce100,ce100
fever:153302,ce100,ce100
fever:153303,ce20,ce100
fever:153341,ce20,ce100
fever:153361,ce100,ce100
fever:153367,ce20,ce100
fever:153372,ce20,ce100
fever:153393,ce100,ce100
fever:15341,ce100,ce100
fever:153414,ce100,ce100
fever:153427,ce20,ce100
fever:153432,ce100,ce100
fever:153437,ce100,ce100
fever:153440,bm25,bm25
fever:153450,ce100,ce100
fever:153522,ce100,ce100
fever:153534,ce20,ce100
fever:153539,bm25,bm25
fever:153543,ce20,ce100
fever:153581,ce20,ce100
fever:1536,ce20,ce100
fever:153601,ce20,ce100
fever:153638,ce100,ce100
fever:153654,ce20,ce100
fever:153678,ce100,ce100
fever:153685,ce100,ce100
fever:153736,ce100,ce100
fever:153803,ce100,ce100
fever:153808,ce20,ce100
fever:153819,ce100,ce100
fever:153831,ce20,ce100
fever:153836,ce20,bm25
fever:153851,ce100,ce100
fever:15389,ce20,bm25
fever:153900,ce20,bm25
fever:153914,ce100,ce100
fever:153923,bm25,bm25
fever:153998,ce100,ce100
fever:154001,ce100,ce100
fever:154009,ce20,ce100
fever:15406,ce20,ce100
fever:154067,ce20,ce100
fever:154072,ce100,ce100
fever:154086,ce20,bm25
fever:154125,ce20,bm25
fever:154144,ce100,ce100
fever:154156,ce20,ce100
fever:154190,ce100,ce100
fever:154228,ce20,ce100
fever:154236,ce20,ce100
fever:154239,ce20,ce100
fever:154241,ce20,ce100
fever:15425,ce20,ce100
fever:154252,ce100,ce100
fever:154253,ce100,ce100
fever:15429,ce100,ce100
fever:154303,ce100,ce100
fever:154307,ce20,bm25
fever:154312,ce20,ce100
fever:154314,ce20,ce100
fever:154336,ce20,bm25
fever:154339,ce100,ce100
fever:154364,ce20,ce100
fever:154383,ce20,bm25
fever:154393,ce100,ce100
fever:154399,ce100,ce100
fever:1544,ce20,ce100
fever:154417,ce20,ce100
fever:154423,ce100,ce100
fever:154439,ce100,ce100
fever:154470,ce20,ce100
fever:154490,ce20,ce100
fever:154494,ce100,ce100
fever:154498,ce100,ce100
fever:15452,ce20,ce100
fever:154542,bm25,bm25
fever:154608,ce100,ce100
fever:154613,ce100,ce100
fever:154633,ce100,ce100
fever:154659,ce100,ce100
fever:154691,ce20,ce100
fever:154719,ce20,ce100
fever:154744,ce100,ce100
fever:154761,ce100,ce100
fever:154767,bm25,bm25
fever:154808,ce20,ce100
fever:154809,ce100,ce100
fever:154811,ce100,ce100
fever:154812,ce100,ce100
fever:154815,ce20,ce100
fever:15482,ce100,ce100
fever:15483,ce100,ce100
fever:154859,ce20,ce100
fever:154884,bm25,bm25
fever:15489,ce20,ce100
fever:154905,ce100,ce100
fever:154917,ce20,ce100
fever:154919,bm25,bm25
fever:154933,bm25,bm25
fever:154940,ce100,ce100
fever:154942,ce20,ce100
fever:15495,ce100,ce100
fever:154952,ce100,ce100
fever:154984,bm25,bm25
fever:154989,ce20,ce100
fever:155006,bm25,bm25
fever:155035,ce20,ce100
fever:155046,ce100,ce100
fever:15508,ce20,ce100
fever:155125,ce100,ce100
fever:155145,bm25,bm25
fever:155156,ce20,ce100
fever:155173,ce20,ce100
fever:155185,bm25,bm25
fever:155212,ce20,ce100
fever:155228,ce100,ce100
fever:155282,ce100,ce100
fever:155284,ce20,ce100
fever:155290,ce20,ce100
fever:155321,ce100,ce100
fever:155357,ce20,ce100
fever:155373,ce20,ce100
fever:155383,ce20,ce100
fever:155390,ce100,ce100
fever:155413,ce20,bm25
fever:15542,ce20,ce100
fever:155431,ce100,ce100
fever:155467,ce20,ce100
fever:155476,ce100,ce100
fever:155484,ce100,ce100
fever:155551,ce100,ce100
fever:155574,ce20,ce100
fever:15559,ce100,ce100
fever:155610,ce20,bm25
fever:155629,ce100,ce100
fever:155639,ce20,ce100
fever:155647,ce20,ce100
fever:155648,ce20,bm25
fever:155657,ce20,bm25
fever:155659,bm25,bm25
fever:155704,ce20,ce100
fever:155722,ce100,ce100
fever:155725,ce20,ce100
fever:155807,ce100,ce100
fever:155811,ce20,ce100
fever:155814,ce100,ce100
fever:155837,ce20,ce100
fever:155839,ce100,ce100
fever:155860,ce20,bm25
fever:155865,ce20,ce100
fever:155868,bm25,bm25
fever:155872,ce20,ce100
fever:155899,ce100,ce100
fever:155911,bm25,bm25
fever:155920,ce20,bm25
fever:155930,ce100,ce100
fever:155934,ce100,ce100
fever:155946,ce100,ce100
fever:155955,ce100,ce100
fever:155989,ce20,ce100
fever:155995,ce100,ce100
fever:156020,ce100,ce100
fever:156025,ce100,ce100
fever:156026,ce100,ce100
fever:156057,ce100,ce100
fever:156071,ce20,ce100
fever:156075,ce100,ce100
fever:156076,ce20,ce100
fever:156098,ce100,ce100
fever:156102,ce20,bm25
fever:156106,ce20,ce100
fever:156117,ce20,ce100
fever:156128,ce20,ce100
fever:156157,ce20,ce100
fever:156188,ce100,ce100
fever:156199,bm25,bm25
fever:156204,ce100,ce100
fever:156208,ce100,ce100
fever:15621,bm25,bm25
fever:156222,ce20,ce100
fever:156282,ce20,ce100
fever:156304,bm25,bm25
fever:156316,ce20,ce100
fever:156323,ce100,ce100
fever:156325,ce100,ce100
fever:156372,ce100,ce100
fever:156374,ce100,ce100
fever:156398,ce20,ce100
fever:156401,ce20,ce100
fever:156405,ce20,bm25
fever:156412,ce20,ce100
fever:156440,ce100,ce100
fever:15645,bm25,bm25
fever:156477,ce20,ce100
fever:156493,ce100,ce100
fever:156511,ce100,ce100
fever:156514,ce20,ce100
fever:156525,ce100,ce100
fever:156541,ce20,ce100
fever:156559,ce100,ce100
fever:156560,ce20,ce100
fever:156601,bm25,bm25
fever:156609,ce100,ce100
fever:156656,ce20,ce100
fever:156664,ce20,ce100
fever:156686,ce100,ce100
fever:156693,ce100,ce100
fever:156694,ce100,ce100
fever:156698,ce20,ce100
fever:1567,ce20,ce100
fever:15674,ce20,bm25
fever:156803,bm25,bm25
fever:156816,ce20,ce100
fever:156831,ce20,ce100
fever:156836,ce100,ce100
fever:156861,bm25,bm25
fever:156901,ce100,ce100
fever:156903,ce20,ce100
fever:156915,ce100,ce100
fever:156917,ce100,ce100
fever:156943,bm25,bm25
fever:156950,bm25,bm25
fever:156977,ce20,ce100
fever:156981,ce20,ce100
fever:157002,ce20,ce100
fever:157015,ce100,ce100
fever:157022,ce100,ce100
fever:157048,ce100,ce100
fever:157052,ce20,ce100
fever:157098,ce100,ce100
fever:157183,ce20,ce100
fever:157190,ce100,ce100
fever:157196,ce20,ce100
fever:157199,ce100,ce100
fever:157213,ce20,ce100
fever:157273,ce100,ce100
fever:157277,ce100,ce100
fever:157292,bm25,bm25
fever:157303,bm25,bm25
fever:157316,ce100,ce100
fever:157320,ce20,ce100
fever:15733,bm25,bm25
fever:15734,ce20,ce100
fever:157400,ce20,ce100
fever:157426,ce20,ce100
fever:157434,ce20,bm25
fever:157435,ce20,ce100
fever:157452,ce20,ce100
fever:157460,ce20,ce100
fever:15747,ce100,ce100
fever:157485,ce100,ce100
fever:157491,ce20,ce100
fever:157492,ce100,ce100
fever:157502,ce20,ce100
fever:157517,ce20,ce100
fever:157546,ce20,ce100
fever:157551,ce100,ce100
fever:157569,ce100,ce100
fever:157576,ce100,ce100
fever:157589,ce20,bm25
fever:157597,ce20,ce100
fever:157622,ce20,ce100
fever:157640,ce20,bm25
fever:157641,ce100,ce100
fever:157652,ce20,ce100
fever:157678,ce20,ce100
fever:157685,ce20,bm25
fever:1577,ce20,ce100
fever:15773,ce20,ce100
fever:157743,ce100,ce100
fever:157752,ce100,ce100
fever:157777,ce100,ce100
fever:157783,ce100,ce100
fever:157790,ce100,ce100
fever:157794,ce100,ce100
fever:157813,ce20,ce100
fever:157817,ce20,ce100
fever:157821,ce100,ce100
fever:157826,ce100,ce100
fever:157870,ce20,ce100
fever:157878,ce20,bm25
fever:157902,ce20,ce100
fever:157927,ce20,bm25
fever:157949,ce100,ce100
fever:157977,ce20,ce100
fever:157984,ce20,ce100
fever:158012,ce100,ce100
fever:158017,ce100,ce100
fever:158036,ce100,ce100
fever:15806,ce20,ce100
fever:158124,ce20,ce100
fever:15819,ce20,ce100
fever:158190,ce100,ce100
fever:158201,bm25,bm25
fever:158208,ce100,ce100
fever:158227,ce100,ce100
fever:158244,ce100,ce100
fever:158265,ce20,ce100
fever:15827,ce100,ce100
fever:15830,ce100,ce100
fever:158306,ce100,ce100
fever:15831,ce100,ce100
fever:158322,ce100,ce100
fever:15834,ce100,ce100
fever:158340,ce20,ce100
fever:158361,ce20,ce100
fever:158383,bm25,bm25
fever:158419,bm25,bm25
fever:158421,ce20,ce100
fever:158422,ce20,ce100
fever:158425,ce100,ce100
fever:158426,ce20,ce100
fever:158428,ce20,ce100
fever:158433,bm25,bm25
fever:158436,ce20,bm25
fever:158438,ce20,ce100
fever:15851,ce100,ce100
fever:15855,ce100,ce100
fever:158635,bm25,bm25
fever:158636,bm25,bm25
fever:158639,bm25,bm25
fever:158640,bm25,bm25
fever:158641,bm25,bm25
fever:158644,bm25,bm25
fever:158648,ce20,bm25
fever:158654,bm25,bm25
fever:15883,bm25,bm25
fever:158895,ce20,bm25
fever:158897,ce20,bm25
fever:158901,ce20,bm25
fever:158903,ce20,bm25
fever:158904,bm25,bm25
fever:158906,ce20,ce100
fever:158907,ce20,bm25
fever:158908,ce20,bm25
fever:158909,ce20,bm25
fever:158912,bm25,bm25
fever:158915,ce20,bm25
fever:15899,ce100,ce100
fever:159075,ce100,ce100
fever:159080,ce100,ce100
fever:159085,ce100,ce100
fever:159086,ce100,ce100
fever:159091,ce100,ce100
fever:159092,ce20,ce100
fever:159093,ce20,ce100
fever:15913,ce20,bm25
fever:159315,ce20,ce100
fever:159321,ce20,ce100
fever:159322,ce20,ce100
fever:159323,ce20,bm25
fever:159324,ce20,ce100
fever:159326,ce100,ce100
fever:159330,ce20,bm25
fever:159331,ce20,ce100
fever:159335,ce100,ce100
fever:159338,ce100,ce100
fever:15941,ce20,ce100
fever:15955,ce100,ce100
fever:159563,ce20,ce100
fever:159567,ce20,ce100
fever:159570,ce20,ce100
fever:159572,ce20,ce100
fever:159573,ce20,ce100
fever:159574,ce20,ce100
fever:159575,ce20,ce100
fever:159578,ce20,ce100
fever:159580,ce20,ce100
fever:159584,ce20,ce100
fever:159585,ce20,ce100
fever:159587,ce20,ce100
fever:159594,bm25,bm25
fever:1596,ce100,ce100
fever:15963,ce20,bm25
fever:159689,ce100,ce100
fever:159692,ce20,ce100
fever:159693,ce100,ce100
fever:159694,ce100,ce100
fever:159696,ce100,ce100
fever:159698,ce100,ce100
fever:1597,ce100,ce100
fever:159700,ce100,ce100
fever:159701,ce100,ce100
fever:159702,ce100,ce100
fever:159704,ce100,ce100
fever:159706,ce100,ce100
fever:159707,ce100,ce100
fever:159708,ce20,ce100
fever:159709,ce100,ce100
fever:159710,ce100,ce100
fever:159711,ce100,ce100
fever:159714,ce100,ce100
fever:159715,ce100,ce100
fever:159716,ce100,ce100
fever:159722,ce20,ce100
fever:15979,ce20,ce100
fever:1598,ce20,ce100
fever:15980,ce20,ce100
fever:15982,ce20,ce100
fever:1599,ce100,ce100
fever:159932,ce20,ce100
fever:159936,ce20,ce100
fever:159940,ce20,ce100
fever:159944,ce20,ce100
fever:159947,ce20,ce100
fever:159949,ce20,ce100
fever:159950,ce20,ce100
fever:159951,ce20,ce100
fever:160050,ce100,ce100
fever:160051,ce100,ce100
fever:160052,bm25,bm25
fever:160053,ce100,ce100
fever:160054,ce20,bm25
fever:160055,ce20,ce100
fever:160058,ce20,ce100
fever:160060,ce20,bm25
fever:160064,ce20,ce100
fever:160065,ce20,ce100
fever:160067,bm25,bm25
fever:16007,ce100,ce100
fever:16008,ce100,ce100
fever:1602,ce20,ce100
fever:16025,ce20,bm25
fever:160304,ce20,bm25
fever:160315,ce100,ce100
fever:160337,bm25,bm25
fever:160345,ce20,ce100
fever:160348,ce100,ce100
fever:160350,ce100,ce100
fever:160362,ce100,ce100
fever:160379,ce100,ce100
fever:160391,ce20,ce100
fever:160414,ce20,ce100
fever:160431,ce20,ce100
fever:160467,ce20,ce100
fever:160481,ce100,ce100
fever:160483,ce20,ce100
fever:160508,ce20,ce100
fever:160524,ce20,ce100
fever:160525,ce20,bm25
fever:160534,ce20,bm25
fever:160542,ce20,ce100
fever:16055,ce20,ce100
fever:160551,ce100,ce100
fever:160555,ce20,ce100
fever:16056,ce100,ce100
fever:160593,ce100,ce100
fever:160595,ce20,ce100
fever:160597,ce100,ce100
fever:1606,ce100,ce100
fever:160626,ce100,ce100
fever:16070,ce20,ce100
fever:160715,ce20,ce100
fever:160726,ce100,ce100
fever:160764,ce20,ce100
fever:160775,ce20,ce100
fever:16079,ce20,ce100
fever:160795,ce100,ce100
fever:16080,ce20,ce100
fever:160814,ce100,ce100
fever:160815,ce100,ce100
fever:160823,ce20,bm25
fever:160825,ce20,ce100
fever:160832,ce100,ce100
fever:16084,ce100,ce100
fever:160843,ce100,ce100
fever:160850,ce20,ce100
fever:160857,ce100,ce100
fever:160864,ce20,ce100
fever:160887,ce20,ce100
fever:160898,ce20,ce100
fever:160899,ce100,ce100
fever:160919,bm25,bm25
fever:160927,ce100,ce100
fever:160932,ce20,ce100
fever:160961,ce20,ce100
fever:160984,ce20,ce100
fever:160985,ce100,ce100
fever:161,ce20,ce100
fever:161007,bm25,bm25
fever:161047,ce100,ce100
fever:161091,ce100,ce100
fever:161094,ce100,ce100
fever:161099,ce20,bm25
fever:161101,ce20,ce100
fever:161106,ce20,bm25
fever:16114,ce20,bm25
fever:16115,bm25,bm25
fever:161151,ce100,ce100
fever:161171,ce100,ce100
fever:161185,ce20,bm25
fever:161195,bm25,bm25
fever:161206,ce20,ce100
fever:161220,ce20,ce100
fever:161222,ce20,bm25
fever:161234,ce20,ce100
fever:161277,ce20,ce100
fever:161310,ce20,ce100
fever:161312,ce20,ce100
fever:161361,ce20,bm25
fever:161527,ce20,bm25
fever:161530,ce20,bm25
fever:161534,ce20,ce100
fever:161542,ce20,ce100
fever:161547,ce20,ce100
fever:161556,ce20,ce100
fever:161560,ce20,ce100
fever:161570,bm25,bm25
fever:161571,ce20,bm25
fever:161572,ce20,ce100
fever:161574,bm25,bm25
fever:161575,ce20,bm25
fever:161578,ce20,ce100
fever:161580,ce100,ce100
fever:16161,ce20,ce100
fever:161709,ce100,ce100
fever:161710,ce20,ce100
fever:161713,ce100,ce100
fever:161716,ce20,ce100
fever:161719,ce20,ce100
fever:161771,bm25,bm25
fever:161778,ce20,bm25
fever:161780,ce20,bm25
fever:161784,bm25,bm25
fever:161787,ce20,ce100
fever:161790,ce20,bm25
fever:161795,ce20,ce100
fever:161801,ce20,ce100
fever:161803,ce20,ce100
fever:161805,bm25,bm25
fever:161808,bm25,bm25
fever:161810,bm25,bm25
fever:161842,ce20,ce100
fever:161843,ce100,ce100
fever:161846,ce100,ce100
fever:161848,ce100,ce100
fever:161856,ce100,ce100
fever:161861,ce20,ce100
fever:161862,ce100,ce100
fever:161863,ce20,ce100
fever:161864,ce20,ce100
fever:161865,ce100,ce100
fever:161901,bm25,bm25
fever:161902,bm25,bm25
fever:161903,bm25,bm25
fever:161904,ce20,ce100
fever:161905,ce20,ce100
fever:161906,ce20,ce100
fever:161911,ce20,ce100
fever:161915,ce20,ce100
fever:161919,ce20,ce100
fever:161921,ce20,ce100
fever:162,ce20,ce100
fever:162035,ce20,ce100
fever:162036,ce20,bm25
fever:162040,ce20,ce100
fever:162041,ce20,ce100
fever:162042,ce20,ce100
fever:162044,ce20,ce100
fever:162046,ce100,ce100
fever:162048,ce20,ce100
fever:162200,bm25,bm25
fever:162201,bm25,bm25
fever:162202,bm25,bm25
fever:162205,bm25,bm25
fever:162206,ce20,bm25
fever:162212,bm25,bm25
fever:162213,bm25,bm25
fever:162216,bm25,bm25
fever:162218,bm25,bm25
fever:16224,bm25,bm25
fever:162408,ce100,ce100
fever:162409,ce20,ce100
fever:162417,ce100,ce100
fever:162421,ce20,ce100
fever:162425,ce20,ce100
fever:16250,ce20,ce100
fever:16259,ce100,ce100
fever:162628,ce20,bm25
fever:162641,ce20,ce100
fever:162650,ce20,bm25
fever:162652,ce20,ce100
fever:162655,ce20,bm25
fever:162657,ce100,ce100
fever:162659,ce20,ce100
fever:162662,ce20,ce100
fever:162664,ce20,ce100
fever:162665,ce20,ce100
fever:162668,ce20,bm25
fever:162680,ce20,ce100
fever:162741,ce100,ce100
fever:162742,ce20,ce100
fever:162743,ce100,ce100
fever:162745,ce100,ce100
fever:162752,ce100,ce100
fever:162830,ce100,ce100
fever:162832,ce20,ce100
fever:162834,ce100,ce100
fever:162835,ce100,ce100
fever:162836,ce100,ce100
fever:162837,ce100,ce100
fever:162838,ce100,ce100
fever:162840,ce100,ce100
fever:162841,ce100,ce100
fever:162842,ce100,ce100
fever:162881,bm25,bm25
fever:162885,ce20,bm25
fever:162895,ce20,bm25
fever:16325,ce20,ce100
fever:16329,bm25,bm25
fever:16336,ce100,ce100
fever:16376,bm25,bm25
fever:16378,ce100,ce100
fever:163795,ce20,ce100
fever:163798,ce100,ce100
fever:163803,ce100,ce100
fever:163805,ce100,ce100
fever:163808,ce20,ce100
fever:163810,ce100,ce100
fever:163811,ce100,ce100
fever:163812,ce20,ce100
fever:163815,ce100,ce100
fever:163818,ce100,ce100
fever:16382,ce100,ce100
fever:163820,ce100,ce100
fever:163821,ce100,ce100
fever:163829,ce100,ce100
fever:163833,ce100,ce100
fever:163836,ce100,ce100
fever:16387,ce20,ce100
fever:16392,bm25,bm25
fever:16394,ce20,ce100
fever:163959,bm25,bm25
fever:163963,bm25,bm25
fever:163967,ce20,ce100
fever:163970,ce20,ce100
fever:163971,ce20,ce100
fever:163975,ce20,ce100
fever:163977,ce20,ce100
fever:163980,ce20,ce100
fever:163982,ce20,ce100
fever:163985,ce20,ce100
fever:163987,ce20,ce100
fever:163988,ce20,ce100
fever:163991,bm25,bm25
fever:163993,ce20,ce100
fever:164045,ce100,ce100
fever:164046,ce20,ce100
fever:164048,ce100,ce100
fever:164049,ce100,ce100
fever:164056,ce100,ce100
fever:164057,ce100,ce100
fever:164060,ce20,ce100
fever:164061,ce100,ce100
fever:164092,ce100,ce100
fever:164093,ce100,ce100
fever:164094,ce100,ce100
fever:164096,ce100,ce100
fever:164097,ce100,ce100
fever:164101,ce100,ce100
fever:164102,ce100,ce100
fever:164103,ce100,ce100
fever:164105,ce100,ce100
fever:16420,ce20,ce100
fever:16425,ce20,ce100
fever:16437,ce20,ce100
fever:164399,ce20,ce100
fever:164400,ce20,ce100
fever:164402,ce20,ce100
fever:164403,ce20,ce100
fever:164406,ce100,ce100
fever:164407,ce100,ce100
fever:164408,ce20,ce100
fever:164411,ce20,ce100
fever:164414,ce20,ce100
fever:164417,ce20,ce100
fever:164419,ce20,ce100
fever:164420,ce20,ce100
fever:164497,ce20,ce100
fever:164501,ce100,ce100
fever:164504,ce100,ce100
fever:164506,ce20,ce100
fever:164508,ce100,ce100
fever:164516,ce100,ce100
fever:164522,ce100,ce100
fever:164529,ce100,ce100
fever:164631,ce20,bm25
fever:164636,ce20,ce100
fever:164639,ce100,ce100
fever:164643,ce100,ce100
fever:164647,ce100,ce100
fever:16474,ce20,bm25
fever:16482,ce100,ce100
fever:164878,ce20,ce100
fever:164881,ce20,ce100
fever:164882,ce100,ce100
fever:164883,ce20,ce100
fever:164885,ce20,ce100
fever:164886,ce20,ce100
fever:164888,ce100,ce100
fever:164893,ce20,ce100
fever:164894,ce20,ce100
fever:164896,ce20,ce100
fever:164897,ce20,ce100
fever:164898,ce20,ce100
fever:164904,ce20,ce100
fever:164982,bm25,bm25
fever:164983,bm25,bm25
fever:164985,bm25,bm25
fever:164986,ce20,ce100
fever:164995,ce20,ce100
fever:164996,ce20,bm25
fever:164997,ce20,bm25
fever:164998,bm25,bm25
fever:164999,ce20,bm25
fever:165000,ce20,ce100
fever:16507,ce20,ce100
fever:16508,ce20,ce100
fever:165110,ce20,ce100
fever:165111,ce20,ce100
fever:165112,ce20,ce100
fever:165116,ce20,ce100
fever:165117,ce20,ce100
fever:165118,ce20,ce100
fever:165119,ce20,bm25
fever:165121,ce100,ce100
fever:165127,ce20,ce100
fever:165128,ce20,ce100
fever:165134,ce20,bm25
fever:165137,ce20,ce100
fever:165138,ce20,ce100
fever:16519,ce20,ce100
fever:165226,ce20,ce100
fever:165230,ce20,ce100
fever:165231,ce100,ce100
fever:165233,ce20,ce100
fever:165235,ce100,ce100
fever:165238,ce100,ce100
fever:165242,ce100,ce100
fever:165244,ce100,ce100
fever:165245,ce100,ce100
fever:165246,ce100,ce100
fever:165248,ce100,ce100
fever:165251,ce20,ce100
fever:165258,ce100,ce100
fever:165266,ce100,ce100
fever:165267,ce100,ce100
fever:16527,ce20,ce100
fever:165641,ce20,ce100
fever:165643,ce20,ce100
fever:165645,ce20,ce100
fever:165652,ce20,ce100
fever:165653,ce100,ce100
fever:165657,ce20,ce100
fever:165658,ce20,ce100
fever:165659,ce100,ce100
fever:165660,ce100,ce100
fever:165663,ce100,ce100
fever:165664,ce20,ce100
fever:165665,ce20,ce100
fever:165666,ce100,ce100
fever:165667,ce20,ce100
fever:165669,ce20,ce100
fever:165670,ce100,ce100
fever:165686,ce100,ce100
fever:165687,ce20,ce100
fever:165688,ce20,ce100
fever:165691,ce100,ce100
fever:165693,ce100,ce100
fever:165694,ce20,ce100
fever:165699,ce100,ce100
fever:165702,ce100,ce100
fever:165703,ce20,ce100
fever:165705,ce20,ce100
fever:165712,ce100,ce100
fever:16581,ce20,bm25
fever:165860,ce100,ce100
fever:165864,ce100,ce100
fever:165865,ce20,ce100
fever:165866,ce100,ce100
fever:165867,ce100,ce100
fever:165870,ce100,ce100
fever:165873,ce100,ce100
fever:165875,ce20,ce100
fever:165876,ce100,ce100
fever:16588,ce20,ce100
fever:165880,ce100,ce100
fever:165881,ce100,ce100
fever:165882,ce20,bm25
fever:165887,ce20,ce100
fever:165889,ce20,ce100
fever:165890,ce100,ce100
fever:165891,ce100,ce100
fever:165892,ce100,ce100
fever:165896,ce20,ce100
fever:165898,ce100,ce100
fever:165901,ce100,ce100
fever:165904,ce100,ce100
fever:165916,ce100,ce100
fever:165921,ce100,ce100
fever:16604,ce100,ce100
fever:16629,ce20,ce100
fever:166376,ce100,ce100
fever:166381,ce100,ce100
fever:166383,ce100,ce100
fever:16646,ce20,ce100
fever:166474,ce100,ce100
fever:166475,ce100,ce100
fever:166482,ce100,ce100
fever:166483,ce100,ce100
fever:166484,ce100,ce100
fever:166485,ce100,ce100
fever:166487,ce100,ce100
fever:166490,ce100,ce100
fever:166501,ce100,ce100
fever:166502,ce20,ce100
fever:166506,ce20,ce100
fever:166508,ce20,ce100
fever:1666,ce20,ce100
fever:166629,ce100,ce100
fever:166632,ce100,ce100
fever:166633,ce100,ce100
fever:166634,ce100,ce100
fever:166635,ce100,ce100
fever:166637,ce100,ce100
fever:166638,ce100,ce100
fever:166639,ce100,ce100
fever:166640,ce20,ce100
fever:166644,ce100,ce100
fever:166645,ce100,ce100
fever:166646,ce100,ce100
fever:166647,ce100,ce100
fever:166648,ce100,ce100
fever:166650,ce100,ce100
fever:166651,ce100,ce100
fever:166654,ce100,ce100
fever:166658,ce100,ce100
fever:166659,ce100,ce100
fever:1667,ce20,ce100
fever:166840,ce20,ce100
fever:166841,ce20,ce100
fever:166842,ce20,ce100
fever:166844,ce20,ce100
fever:166845,ce20,ce100
fever:166846,ce20,ce100
fever:166847,ce20,ce100
fever:166848,ce20,ce100
fever:166851,ce20,ce100
fever:166853,ce100,ce100
fever:166854,ce100,ce100
fever:166864,ce20,ce100
fever:166866,ce20,ce100
fever:166899,bm25,bm25
fever:166912,bm25,bm25
fever:166913,bm25,bm25
fever:166915,ce20,bm25
fever:166916,bm25,bm25
fever:166918,bm25,bm25
fever:166919,ce20,bm25
fever:166921,bm25,bm25
fever:166922,bm25,bm25
fever:166923,ce20,ce100
fever:166925,ce20,ce100
fever:16693,ce20,ce100
fever:166931,bm25,bm25
fever:166934,ce20,ce100
fever:166935,ce20,ce100
fever:166936,ce20,bm25
fever:166939,ce20,ce100
fever:16694,ce20,bm25
fever:166940,ce20,ce100
fever:166949,ce20,ce100
fever:166950,ce20,ce100
fever:166951,ce20,ce100
fever:16698,ce20,ce100
fever:16701,ce20,ce100
fever:167161,ce20,bm25
fever:167163,ce20,bm25
fever:167164,ce20,bm25
fever:167166,bm25,bm25
fever:167170,bm25,bm25
fever:167171,ce20,ce100
fever:167172,bm25,bm25
fever:167174,ce20,ce100
fever:167178,ce20,bm25
fever:167179,ce20,bm25
fever:167181,bm25,bm25
fever:16721,ce20,bm25
fever:167447,ce20,ce100
fever:167448,ce100,ce100
fever:167453,ce20,ce100
fever:167455,ce20,bm25
fever:167456,ce20,ce100
fever:167457,ce20,ce100
fever:167460,ce100,ce100
fever:167464,ce20,bm25
fever:167468,ce100,ce100
fever:167470,ce100,ce100
fever:167471,ce20,ce100
fever:167472,ce20,ce100
fever:167473,ce20,bm25
fever:16780,ce100,ce100
fever:16782,ce100,ce100
fever:16790,ce20,ce100
fever:167970,bm25,bm25
fever:167974,ce20,ce100
fever:167977,ce20,ce100
fever:167981,ce20,ce100
fever:167984,ce20,ce100
fever:167987,ce20,ce100
fever:167988,ce20,ce100
fever:167995,ce20,ce100
fever:168003,ce20,ce100
fever:168011,ce100,ce100
fever:168015,ce100,ce100
fever:168040,ce20,ce100
fever:168041,ce20,ce100
fever:168042,ce20,ce100
fever:168045,ce20,ce100
fever:168047,ce20,ce100
fever:168055,ce20,ce100
fever:168060,ce20,ce100
fever:168062,ce20,ce100
fever:168064,ce20,ce100
fever:168066,ce20,ce100
fever:168068,ce20,ce100
fever:16807,ce20,ce100
fever:168073,ce20,ce100
fever:168075,ce100,ce100
fever:168076,bm25,bm25
fever:168079,ce20,ce100
fever:168082,ce100,ce100
fever:168083,ce20,ce100
fever:168086,ce20,ce100
fever:16809,ce20,ce100
fever:168090,ce20,ce100
fever:168091,ce20,ce100
fever:16811,ce20,bm25
fever:168529,bm25,bm25
fever:168530,bm25,bm25
fever:168535,bm25,bm25
fever:168536,bm25,bm25
fever:168537,ce20,bm25
fever:168538,ce20,ce100
fever:168539,ce20,bm25
fever:168540,ce20,bm25
fever:168543,ce20,bm25
fever:168546,ce20,ce100
fever:168547,ce20,ce100
fever:168548,ce20,ce100
fever:168549,ce20,ce100
fever:168608,ce20,ce100
fever:168612,ce20,ce100
fever:168622,ce20,ce100
fever:168631,ce20,ce100
fever:168632,ce20,ce100
fever:168634,ce20,ce100
fever:168636,ce20,ce100
fever:168637,ce20,ce100
fever:168638,ce20,ce100
fever:16864,ce100,ce100
fever:16865,ce100,ce100
fever:16880,ce20,ce100
fever:168918,bm25,bm25
fever:168919,bm25,bm25
fever:168920,ce20,ce100
fever:168922,ce20,ce100
fever:168923,ce20,ce100
fever:168924,ce20,ce100
fever:168925,bm25,bm25
fever:168927,bm25,bm25
fever:168929,ce20,ce100
fever:168931,ce100,ce100
fever:168932,bm25,bm25
fever:168935,ce20,ce100
fever:168937,ce20,ce100
fever:168961,ce100,ce100
fever:168968,ce100,ce100
fever:168969,ce100,ce100
fever:168970,ce100,ce100
fever:168971,ce100,ce100
fever:168974,ce100,ce100
fever:168975,ce100,ce100
fever:168976,ce100,ce100
fever:168978,ce20,bm25
fever:168980,ce100,ce100
fever:168981,ce100,ce100
fever:168982,ce100,ce100
fever:168983,ce100,ce100
fever:168987,ce20,bm25
fever:168999,ce20,bm25
fever:169000,bm25,bm25
fever:169002,ce20,ce100
fever:169003,ce20,ce100
fever:169009,ce100,ce100
fever:169011,ce20,ce100
fever:169018,ce100,ce100
fever:169032,ce20,ce100
fever:169037,ce20,ce100
fever:169049,ce20,ce100
fever:169307,ce20,ce100
fever:169313,ce20,ce100
fever:169315,ce20,ce100
fever:169316,ce20,ce100
fever:169317,ce20,ce100
fever:169319,ce20,ce100
fever:169322,ce20,ce100
fever:169323,ce100,ce100
fever:169324,ce100,ce100
fever:169326,ce100,ce100
fever:169327,ce20,bm25
fever:169333,ce100,ce100
fever:16951,ce100,ce100
fever:169571,ce20,ce100
fever:169578,ce100,ce100
fever:169583,ce100,ce100
fever:169915,ce100,ce100
fever:169916,ce100,ce100
fever:169918,ce100,ce100
fever:169922,ce100,ce100
fever:169924,ce20,ce100
fever:169928,ce100,ce100
fever:169930,ce20,ce100
fever:169931,ce100,ce100
fever:169934,ce20,ce100
fever:169935,ce20,ce100
fever:169936,ce100,ce100
fever:169941,ce100,ce100
fever:16996,ce20,bm25
fever:16997,ce100,ce100
fever:169984,ce20,ce100
fever:169985,ce20,ce100
fever:169992,ce20,bm25
fever:169993,ce20,ce100
fever:169995,ce20,ce100
fever:169997,ce20,ce100
fever:170000,ce20,ce100
fever:170004,ce20,ce100
fever:170005,bm25,bm25
fever:170006,ce20,ce100
fever:170009,ce20,ce100
fever:170010,ce20,ce100
fever:170015,bm25,bm25
fever:170016,ce20,ce100
fever:170018,ce20,ce100
fever:170089,ce20,ce100
fever:170091,bm25,bm25
fever:170097,ce20,bm25
fever:170100,bm25,bm25
fever:170104,bm25,bm25
fever:170109,ce20,ce100
fever:170114,ce20,ce100
fever:170116,ce20,bm25
fever:17024,ce20,bm25
fever:17030,ce20,bm25
fever:17031,bm25,bm25
fever:170396,ce20,ce100
fever:170398,ce100,ce100
fever:170400,ce20,ce100
fever:170403,ce100,ce100
fever:170406,ce20,ce100
fever:170413,ce100,ce100
fever:170414,ce100,ce100
fever:170417,ce20,ce100
fever:170419,ce20,ce100
fever:170420,ce20,ce100
fever:170423,ce20,ce100
fever:170424,ce100,ce100
fever:170430,ce100,ce100
fever:17054,ce20,ce100
fever:17063,ce100,ce100
fever:17064,ce100,ce100
fever:1709,ce100,ce100
fever:17090,ce20,bm25
fever:170937,bm25,bm25
fever:170938,bm25,bm25
fever:170941,bm25,bm25
fever:170942,bm25,bm25
fever:170944,bm25,bm25
fever:170946,bm25,bm25
fever:170947,bm25,bm25
fever:170949,bm25,bm25
fever:170953,bm25,bm25
fever:170954,ce20,bm25
fever:171061,ce20,ce100
fever:171062,ce20,ce100
fever:171064,ce20,ce100
fever:171065,ce20,ce100
fever:171066,ce20,ce100
fever:171067,ce20,ce100
fever:171069,ce20,bm25
fever:171075,ce20,ce100
fever:171082,ce20,ce100
fever:171084,ce20,ce100
fever:171086,ce20,ce100
fever:171087,ce20,ce100
fever:17123,ce20,ce100
fever:17124,ce20,ce100
fever:17129,ce20,ce100
fever:17131,ce100,ce100
fever:17145,ce20,bm25
fever:171479,ce20,ce100
fever:171480,ce100,ce100
fever:171490,ce20,ce100
fever:171491,ce20,ce100
fever:171492,ce20,bm25
fever:171496,ce100,ce100
fever:171497,ce100,ce100
fever:171498,ce20,ce100
fever:171500,ce20,ce100
fever:171502,ce100,ce100
fever:171503,bm25,bm25
fever:171504,ce100,ce100
fever:171508,ce100,ce100
fever:171509,ce100,ce100
fever:171511,ce100,ce100
fever:171512,ce100,ce100
fever:171519,ce100,ce100
fever:171521,ce100,ce100
fever:171523,ce100,ce100
fever:171525,ce100,ce100
fever:171529,ce20,ce100
fever:171534,ce100,ce100
fever:17156,ce100,ce100
fever:171594,bm25,bm25
fever:171595,ce100,ce100
fever:171597,bm25,bm25
fever:171600,ce20,ce100
fever:171603,bm25,bm25
fever:171604,ce100,ce100
fever:171605,ce20,bm25
fever:171610,bm25,bm25
fever:171611,bm25,bm25
fever:171613,ce100,ce100
fever:171614,ce20,ce100
fever:171615,ce20,ce100
fever:171616,ce100,ce100
fever:171621,ce20,ce100
fever:171622,ce20,ce100
fever:171624,ce100,ce100
fever:171625,ce100,ce100
fever:171627,ce100,ce100
fever:171628,ce20,ce100
fever:171629,ce20,ce100
fever:171631,ce20,ce100
fever:171632,ce100,ce100
fever:171634,ce20,ce100
fever:171635,ce100,ce100
fever:171637,ce20,ce100
fever:171638,ce20,ce100
fever:171639,ce20,ce100
fever:171643,ce100,ce100
fever:171647,ce20,ce100
fever:171890,ce100,ce100
fever:171892,ce100,ce100
fever:171897,ce100,ce100
fever:171899,ce100,ce100
fever:171901,ce100,ce100
fever:171904,ce100,ce100
fever:171906,ce100,ce100
fever:172089,ce100,ce100
fever:172090,ce100,ce100
fever:172091,ce20,ce100
fever:172093,ce100,ce100
fever:172095,ce20,ce100
fever:172096,ce20,ce100
fever:172100,ce20,ce100
fever:172102,ce20,ce100
fever:172104,ce100,ce100
fever:172106,ce20,ce100
fever:172107,ce100,ce100
fever:172108,ce100,ce100
fever:17213,ce100,ce100
fever:17214,ce100,ce100
fever:17218,bm25,bm25
fever:172278,ce100,ce100
fever:172279,ce100,ce100
fever:172280,ce100,ce100
fever:172286,ce100,ce100
fever:172290,ce20,ce100
fever:172292,ce100,ce100
fever:172293,ce20,ce100
fever:172295,ce100,ce100
fever:17230,ce20,ce100
fever:172300,ce20,ce100
fever:172301,ce100,ce100
fever:172302,ce100,ce100
fever:172306,ce100,ce100
fever:172308,ce100,ce100
fever:172309,ce100,ce100
fever:172312,ce100,ce100
fever:172318,ce100,ce100
fever:172320,ce100,ce100
fever:172324,ce100,ce100
fever:172325,ce100,ce100
fever:172326,ce100,ce100
fever:172328,ce100,ce100
fever:172460,ce20,ce100
fever:172461,ce100,ce100
fever:172465,ce20,ce100
fever:172466,ce20,ce100
fever:172468,ce20,ce100
fever:172469,ce20,ce100
fever:172471,ce100,ce100
fever:172472,ce20,ce100
fever:172474,ce100,ce100
fever:172478,ce20,ce100
fever:172479,ce20,ce100
fever:17248,ce20,ce100
fever:172481,ce20,ce100
fever:172482,ce20,ce100
fever:172483,ce20,ce100
fever:172484,ce20,ce100
fever:172485,ce20,ce100
fever:172487,ce20,ce100
fever:172491,bm25,bm25
fever:172507,ce20,ce100
fever:172508,ce20,ce100
fever:172512,ce100,ce100
fever:172514,ce100,ce100
fever:172516,ce100,ce100
fever:172519,ce20,ce100
fever:172521,ce100,ce100
fever:172522,ce100,ce100
fever:172523,ce100,ce100
fever:172524,ce20,ce100
fever:172701,ce20,ce100
fever:172704,ce100,ce100
fever:172707,ce100,ce100
fever:172709,ce100,ce100
fever:172710,ce100,ce100
fever:172713,ce20,ce100
fever:172716,ce100,ce100
fever:172717,ce100,ce100
fever:172720,ce100,ce100
fever:17273,ce20,ce100
fever:17274,ce20,ce100
fever:172743,ce20,ce100
fever:172746,ce100,ce100
fever:172747,ce100,ce100
fever:172748,ce100,ce100
fever:172749,ce100,ce100
fever:172750,ce100,ce100
fever:172751,ce100,ce100
fever:172753,ce20,ce100
fever:172754,ce100,ce100
fever:172757,ce20,ce100
fever:172762,ce100,ce100
fever:172763,ce100,ce100
fever:172765,ce100,ce100
fever:172766,ce100,ce100
fever:172767,ce100,ce100
fever:172768,ce100,ce100
fever:172771,ce20,ce100
fever:172776,ce100,ce100
fever:17278,ce20,ce100
fever:17283,ce20,ce100
fever:1729,ce100,ce100
fever:173030,ce100,ce100
fever:173035,ce100,ce100
fever:173037,ce20,ce100
fever:173045,ce100,ce100
fever:173046,ce100,ce100
fever:173049,ce100,ce100
fever:173050,ce100,ce100
fever:173051,ce100,ce100
fever:173055,ce100,ce100
fever:173056,ce100,ce100
fever:173114,ce20,ce100
fever:173116,ce20,ce100
fever:173118,ce20,ce100
fever:173121,ce20,ce100
fever:173122,ce20,ce100
fever:173126,ce100,ce100
fever:173129,ce20,ce100
fever:173130,ce20,ce100
fever:173135,ce20,ce100
fever:173137,ce20,bm25
fever:173138,ce100,ce100
fever:17314,ce100,ce100
fever:173140,ce20,ce100
fever:17320,ce20,ce100
fever:17333,ce20,ce100
fever:17334,ce20,ce100
fever:17335,ce20,ce100
fever:17336,ce100,ce100
fever:173490,bm25,bm25
fever:173492,bm25,bm25
fever:173493,bm25,bm25
fever:173494,ce20,ce100
fever:173495,bm25,bm25
fever:173496,ce20,ce100
fever:173498,ce20,ce100
fever:173499,ce20,bm25
fever:173500,ce20,ce100
fever:173501,ce20,ce100
fever:173505,ce20,bm25
fever:173506,ce20,ce100
fever:173507,ce20,ce100
fever:173508,bm25,bm25
fever:173509,ce20,ce100
fever:173511,ce20,ce100
fever:173596,ce100,ce100
fever:173598,ce100,ce100
fever:173604,ce100,ce100
fever:173613,ce100,ce100
fever:173614,ce100,ce100
fever:173619,ce100,ce100
fever:173655,ce20,ce100
fever:173657,ce20,bm25
fever:173663,bm25,bm25
fever:173665,ce20,bm25
fever:173666,bm25,bm25
fever:173670,ce20,bm25
fever:173675,bm25,bm25
fever:173707,ce20,ce100
fever:173712,ce20,ce100
fever:173713,ce20,ce100
fever:173714,ce20,ce100
fever:173717,ce100,ce100
fever:173718,ce100,ce100
fever:173719,ce100,ce100
fever:173724,ce20,ce100
fever:173725,ce100,ce100
fever:173727,ce100,ce100
fever:173729,ce20,ce100
fever:173730,ce20,ce100
fever:17374,ce20,ce100
fever:17376,ce100,ce100
fever:173919,ce100,ce100
fever:173921,ce100,ce100
fever:173922,ce100,ce100
fever:173923,ce100,ce100
fever:173924,ce100,ce100
fever:173925,ce100,ce100
fever:173928,ce20,ce100
fever:173929,ce100,ce100
fever:173930,ce20,ce100
fever:173931,ce100,ce100
fever:173933,ce100,ce100
fever:17399,ce20,ce100
fever:174012,ce20,ce100
fever:174013,ce20,ce100
fever:174016,ce100,ce100
fever:174018,ce20,ce100
fever:174020,ce20,ce100
fever:174022,ce100,ce100
fever:174024,ce20,ce100
fever:174025,ce20,ce100
fever:174026,ce100,ce100
fever:174027,ce100,ce100
fever:174028,ce20,ce100
fever:174029,ce20,ce100
fever:174030,ce100,ce100
fever:174031,ce100,ce100
fever:174032,ce20,ce100
fever:174033,ce20,ce100
fever:174034,ce100,ce100
fever:174035,ce100,ce100
fever:174036,ce100,ce100
fever:174037,ce100,ce100
fever:174038,ce100,ce100
fever:17410,ce20,ce100
fever:174508,ce20,bm25
fever:174509,ce20,bm25
fever:17451,ce100,ce100
fever:174510,ce100,ce100
fever:174513,ce100,ce100
fever:174514,ce100,ce100
fever:174515,ce20,ce100
fever:174518,ce20,ce100
fever:17452,ce100,ce100
fever:174520,ce20,bm25
fever:174523,ce100,ce100
fever:174524,ce100,ce100
fever:174526,ce100,ce100
fever:174578,ce20,ce100
fever:174580,ce100,ce100
fever:174585,ce20,ce100
fever:174586,ce20,ce100
fever:174590,ce20,ce100
fever:174592,ce20,ce100
fever:174593,ce100,ce100
fever:174594,ce20,ce100
fever:174595,ce20,ce100
fever:174597,bm25,bm25
fever:174599,bm25,bm25
fever:1746,ce100,ce100
fever:174601,ce20,ce100
fever:174602,bm25,bm25
fever:174604,ce100,ce100
fever:174606,ce20,bm25
fever:174607,ce20,ce100
fever:174609,bm25,bm25
fever:174611,ce100,ce100
fever:174615,ce100,ce100
fever:174616,ce100,ce100
fever:174618,ce20,ce100
fever:174624,ce100,ce100
fever:174628,ce100,ce100
fever:174630,ce100,ce100
fever:1748,ce20,ce100
fever:174871,ce20,bm25
fever:174872,ce20,bm25
fever:174875,ce20,ce100
fever:174878,ce20,ce100
fever:174881,ce20,bm25
fever:174882,bm25,bm25
fever:174883,ce20,bm25
fever:174891,bm25,bm25
fever:174893,bm25,bm25
fever:174900,ce20,ce100
fever:174974,ce20,ce100
fever:174978,ce20,bm25
fever:174981,bm25,bm25
fever:174986,ce20,ce100
fever:174987,bm25,bm25
fever:174990,ce20,ce100
fever:174991,ce20,bm25
fever:175434,ce100,ce100
fever:175435,ce100,ce100
fever:175436,ce100,ce100
fever:175438,ce20,ce100
fever:175441,ce20,bm25
fever:175443,ce100,ce100
fever:175444,ce100,ce100
fever:175448,ce20,ce100
fever:175458,ce100,ce100
fever:175459,ce100,ce100
fever:175460,ce100,ce100
fever:175462,ce20,ce100
fever:175464,ce20,bm25
fever:175465,ce20,ce100
fever:175468,ce20,bm25
fever:175470,ce20,bm25
fever:175471,ce20,bm25
fever:175472,ce20,ce100
fever:175475,ce20,bm25
fever:175476,ce20,ce100
fever:175478,ce20,ce100
fever:175480,ce20,bm25
fever:175485,ce20,bm25
fever:175486,ce20,bm25
fever:17554,ce20,ce100
fever:17555,ce20,ce100
fever:175631,ce100,ce100
fever:175632,ce20,bm25
fever:175633,ce100,ce100
fever:175636,ce20,ce100
fever:175638,bm25,bm25
fever:175639,ce100,ce100
fever:175641,ce20,bm25
fever:175642,ce20,ce100
fever:175643,ce100,ce100
fever:175645,ce20,ce100
fever:175652,bm25,bm25
fever:175656,ce20,ce100
fever:175658,bm25,bm25
fever:175721,ce20,ce100
fever:175722,ce20,ce100
fever:175725,ce20,ce100
fever:175730,ce20,ce100
fever:175734,ce100,ce100
fever:175735,ce20,ce100
fever:175736,ce20,ce100
fever:175737,ce20,ce100
fever:175739,ce20,ce100
fever:175740,ce20,ce100
fever:175741,ce20,ce100
fever:175742,ce100,ce100
fever:175743,ce20,ce100
fever:175744,ce20,ce100
fever:17583,ce100,ce100
fever:175862,ce20,ce100
fever:175863,ce100,ce100
fever:175864,ce20,ce100
fever:175865,ce20,ce100
fever:175867,ce20,ce100
fever:175868,ce20,ce100
fever:175873,ce100,ce100
fever:175874,ce20,ce100
fever:175876,ce20,ce100
fever:175877,ce20,ce100
fever:175879,ce20,ce100
fever:175880,bm25,bm25
fever:175921,ce20,ce100
fever:175924,bm25,bm25
fever:175926,ce100,ce100
fever:17593,ce20,ce100
fever:175930,ce100,ce100
fever:175931,ce20,ce100
fever:175932,ce20,ce100
fever:175933,bm25,bm25
fever:175937,ce20,ce100
fever:17600,ce100,ce100
fever:17616,ce20,ce100
fever:17628,ce20,ce100
fever:17634,ce20,ce100
fever:176628,bm25,bm25
fever:176636,ce20,ce100
fever:177138,bm25,bm25
fever:177142,bm25,bm25
fever:177143,bm25,bm25
fever:177148,ce100,ce100
fever:177150,ce20,ce100
fever:177152,bm25,bm25
fever:177157,ce100,ce100
fever:177158,bm25,bm25
fever:177160,ce20,ce100
fever:177161,bm25,bm25
fever:177163,bm25,bm25
fever:177165,bm25,bm25
fever:177167,bm25,bm25
fever:177168,bm25,bm25
fever:177171,bm25,bm25
fever:177172,ce100,ce100
fever:177175,bm25,bm25
fever:177179,ce20,ce100
fever:17718,ce20,bm25
fever:177181,ce100,ce100
fever:177185,ce100,ce100
fever:177186,ce20,ce100
fever:177188,ce100,ce100
fever:177191,ce20,ce100
fever:177196,ce100,ce100
fever:1772,ce20,ce100
fever:17731,ce20,ce100
fever:17732,ce20,ce100
fever:1774,ce100,ce100
fever:17744,ce20,ce100
fever:17745,ce100,ce100
fever:177468,ce100,ce100
fever:177478,ce20,ce100
fever:177479,ce20,ce100
fever:177481,ce20,ce100
fever:177487,ce20,ce100
fever:177488,bm25,bm25
fever:177489,ce100,ce100
fever:177491,ce100,ce100
fever:177494,ce20,ce100
fever:177524,ce20,ce100
fever:177525,ce20,ce100
fever:177529,ce20,bm25
fever:177532,ce100,ce100
fever:177533,ce100,ce100
fever:177543,ce20,ce100
fever:17783,bm25,bm25
fever:177835,ce100,ce100
fever:177836,ce20,ce100
fever:177837,ce100,ce100
fever:177838,ce100,ce100
fever:177842,ce100,ce100
fever:177845,ce100,ce100
fever:177847,ce100,ce100
fever:177850,ce100,ce100
fever:177853,ce20,ce100
fever:177855,ce100,ce100
fever:177856,ce100,ce100
fever:177858,ce20,ce100
fever:177864,ce100,ce100
fever:177865,ce100,ce100
fever:177867,bm25,bm25
fever:177957,ce20,ce100
fever:177958,bm25,bm25
fever:177963,ce20,bm25
fever:177964,ce20,ce100
fever:177970,ce20,ce100
fever:177973,ce20,ce100
fever:177974,bm25,bm25
fever:177978,ce20,ce100
fever:17807,ce20,ce100
fever:178150,ce20,ce100
fever:178153,ce100,ce100
fever:178157,ce100,ce100
fever:178158,ce100,ce100
fever:178159,ce100,ce100
fever:178166,ce100,ce100
fever:178167,ce100,ce100
fever:178168,ce100,ce100
fever:178169,ce100,ce100
fever:178171,ce100,ce100
fever:178172,ce100,ce100
fever:178210,ce20,ce100
fever:178213,ce100,ce100
fever:178214,ce20,ce100
fever:178216,bm25,bm25
fever:178219,ce20,ce100
fever:178223,ce20,ce100
fever:178225,ce20,ce100
fever:178227,ce20,ce100
fever:178229,ce20,ce100
fever:178230,ce100,ce100
fever:178233,ce20,ce100
fever:178237,ce100,ce100
fever:178240,ce100,ce100
fever:178241,ce20,ce100
fever:178250,ce100,ce100
fever:178254,ce100,ce100
fever:178255,ce100,ce100
fever:178328,ce20,bm25
fever:178330,ce20,bm25
fever:178331,ce20,ce100
fever:178334,ce20,ce100
fever:178337,bm25,bm25
fever:178341,ce100,ce100
fever:178342,ce20,ce100
fever:178344,ce20,ce100
fever:178348,ce20,ce100
fever:17840,bm25,bm25
fever:17841,bm25,bm25
fever:17847,ce100,ce100
fever:17855,ce100,ce100
fever:17865,ce100,ce100
fever:17866,ce100,ce100
fever:178855,ce20,ce100
fever:178856,ce20,ce100
fever:178858,ce20,ce100
fever:178859,ce20,ce100
fever:178874,ce20,ce100
fever:178880,ce20,ce100
fever:178892,ce20,ce100
fever:178893,ce100,ce100
fever:178896,ce20,ce100
fever:178898,ce20,ce100
fever:178899,ce20,ce100
fever:178900,ce20,ce100
fever:178902,ce20,ce100
fever:178904,ce20,ce100
fever:178906,ce20,ce100
fever:178908,ce20,ce100
fever:178909,ce20,ce100
fever:178911,ce20,ce100
fever:178912,ce20,ce100
fever:179004,ce100,ce100
fever:179007,ce20,ce100
fever:179009,ce100,ce100
fever:179016,ce20,ce100
fever:179017,ce100,ce100
fever:179025,ce20,ce100
fever:179029,ce20,ce100
fever:179035,bm25,bm25
fever:179036,ce20,bm25
fever:179038,bm25,bm25
fever:179039,bm25,bm25
fever:179040,ce20,bm25
fever:179042,bm25,bm25
fever:179046,ce20,ce100
fever:17907,ce20,bm25
fever:179087,ce100,ce100
fever:179088,ce100,ce100
fever:179089,ce20,ce100
fever:179091,ce100,ce100
fever:179100,ce20,bm25
fever:179103,ce100,ce100
fever:179105,ce100,ce100
fever:179109,ce20,ce100
fever:179112,ce20,ce100
fever:17914,ce20,bm25
fever:179266,bm25,bm25
fever:179268,bm25,bm25
fever:179270,ce20,ce100
fever:179276,bm25,bm25
fever:179280,ce20,ce100
fever:179286,ce20,ce100
fever:179287,ce20,ce100
fever:179289,ce20,ce100
fever:179302,ce20,ce100
fever:179305,ce100,ce100
fever:179306,ce100,ce100
fever:179308,ce20,ce100
fever:179310,ce20,ce100
fever:179313,ce100,ce100
fever:179314,ce100,ce100
fever:179316,ce20,ce100
fever:179317,bm25,bm25
fever:179320,ce20,ce100
fever:179326,ce100,ce100
fever:179328,ce100,ce100
fever:17933,bm25,bm25
fever:179332,ce20,ce100
fever:179340,ce100,ce100
fever:179342,ce100,ce100
fever:179343,ce100,ce100
fever:179352,ce100,ce100
fever:17946,ce100,ce100
fever:17947,ce20,ce100
fever:17973,ce20,bm25
fever:179732,bm25,bm25
fever:179735,bm25,bm25
fever:179738,bm25,bm25
fever:179741,bm25,bm25
fever:179743,ce20,bm25
fever:179744,bm25,bm25
fever:179745,bm25,bm25
fever:179748,bm25,bm25
fever:179751,bm25,bm25
fever:179754,ce20,bm25
fever:179758,bm25,bm25
fever:179762,bm25,bm25
fever:179763,bm25,bm25
fever:179815,ce20,bm25
fever:179816,ce20,bm25
fever:179817,ce20,ce100
fever:179819,ce20,ce100
fever:179821,ce20,ce100
fever:179825,ce20,bm25
fever:179827,ce20,ce100
fever:179831,ce20,ce100
fever:179832,ce20,bm25
fever:179834,ce20,ce100
fever:179835,ce20,ce100
fever:179836,ce20,ce100
fever:179841,ce20,ce100
fever:1799,ce20,ce100
fever:17993,ce20,ce100
fever:17994,ce20,ce100
fever:18004,ce100,ce100
fever:18030,ce100,ce100
fever:18031,ce20,ce100
fever:18032,ce100,ce100
fever:18037,ce20,ce100
fever:18051,ce20,ce100
fever:180563,ce20,ce100
fever:180564,ce100,ce100
fever:180566,bm25,bm25
fever:180572,ce20,ce100
fever:180573,ce20,ce100
fever:180574,ce20,ce100
fever:180577,bm25,bm25
fever:180578,ce100,ce100
fever:180579,ce20,ce100
fever:180581,ce20,ce100
fever:180582,bm25,bm25
fever:180589,bm25,bm25
fever:18064,ce20,bm25
fever:18065,ce20,ce100
fever:18066,ce20,ce100
fever:180689,ce20,ce100
fever:180691,ce20,ce100
fever:180695,ce20,ce100
fever:180697,ce100,ce100
fever:180699,ce20,ce100
fever:180702,ce20,ce100
fever:180706,ce100,ce100
fever:180707,ce100,ce100
fever:180709,ce20,ce100
fever:180710,ce20,ce100
fever:180711,ce20,ce100
fever:180714,ce20,ce100
fever:180716,bm25,bm25
fever:180717,bm25,bm25
fever:180721,bm25,bm25
fever:180722,bm25,bm25
fever:180723,bm25,bm25
fever:180724,ce20,ce100
fever:180726,bm25,bm25
fever:180730,bm25,bm25
fever:180732,bm25,bm25
fever:180733,bm25,bm25
fever:180734,bm25,bm25
fever:180735,bm25,bm25
fever:180736,bm25,bm25
fever:18079,ce20,ce100
fever:181114,ce100,ce100
fever:181115,ce100,ce100
fever:181118,ce100,ce100
fever:181125,ce100,ce100
fever:181127,ce100,ce100
fever:181128,ce100,ce100
fever:181132,ce100,ce100
fever:181133,ce100,ce100
fever:181182,ce20,ce100
fever:181183,ce20,ce100
fever:181184,ce20,bm25
fever:181185,ce100,ce100
fever:181186,ce20,ce100
fever:181187,ce100,ce100
fever:181188,ce100,ce100
fever:181190,ce100,ce100
fever:181197,ce100,ce100
fever:181199,ce100,ce100
fever:181201,ce100,ce100
fever:181202,ce20,ce100
fever:181205,ce20,ce100
fever:181206,ce100,ce100
fever:181209,ce20,ce100
fever:181210,ce20,ce100
fever:181211,ce100,ce100
fever:181213,ce100,ce100
fever:181216,ce100,ce100
fever:181250,bm25,bm25
fever:181255,ce20,ce100
fever:181262,bm25,bm25
fever:181264,ce100,ce100
fever:181265,ce20,ce100
fever:181266,ce20,ce100
fever:181267,ce20,ce100
fever:181269,bm25,bm25
fever:181270,ce20,ce100
fever:181271,ce20,ce100
fever:181273,ce20,ce100
fever:181274,ce20,ce100
fever:18142,ce100,ce100
fever:18159,ce100,ce100
fever:181598,ce20,ce100
fever:181604,ce20,ce100
fever:181606,ce20,ce100
fever:181619,ce20,ce100
fever:181620,ce100,ce100
fever:181621,ce20,ce100
fever:181624,ce100,ce100
fever:181627,ce100,ce100
fever:181628,ce100,ce100
fever:181629,ce100,ce100
fever:181630,ce100,ce100
fever:181631,ce100,ce100
fever:181633,ce100,ce100
fever:181634,ce100,ce100
fever:181637,ce100,ce100
fever:181638,ce100,ce100
fever:181640,ce100,ce100
fever:181642,ce100,ce100
fever:181643,ce100,ce100
fever:18179,ce100,ce100
fever:181823,ce20,ce100
fever:181824,ce100,ce100
fever:181826,ce100,ce100
fever:181827,ce100,ce100
fever:181837,ce100,ce100
fever:181843,ce100,ce100
fever:181869,ce20,ce100
fever:181871,ce20,ce100
fever:181873,ce20,ce100
fever:181880,ce20,ce100
fever:181881,ce20,ce100
fever:181882,ce20,ce100
fever:181883,ce20,ce100
fever:181884,ce20,ce100
fever:18197,ce20,ce100
fever:181976,ce20,ce100
fever:181978,ce20,bm25
fever:181980,ce20,bm25
fever:181982,ce100,ce100
fever:181983,ce20,ce100
fever:181986,ce20,ce100
fever:181992,ce20,ce100
fever:181994,ce20,ce100
fever:182032,ce100,ce100
fever:182033,ce100,ce100
fever:182034,ce100,ce100
fever:182035,ce100,ce100
fever:182036,ce100,ce100
fever:182039,ce100,ce100
fever:182040,ce100,ce100
fever:182041,ce100,ce100
fever:182042,ce100,ce100
fever:182043,ce100,ce100
fever:182044,ce100,ce100
fever:182051,ce100,ce100
fever:18222,ce100,ce100
fever:182267,ce100,ce100
fever:182268,ce100,ce100
fever:182269,ce20,ce100
fever:182271,ce20,ce100
fever:182272,ce20,ce100
fever:182274,bm25,bm25
fever:182276,ce20,ce100
fever:182278,ce100,ce100
fever:182279,ce100,ce100
fever:182281,ce20,ce100
fever:182282,ce100,ce100
fever:182283,ce20,ce100
fever:182286,ce20,bm25
fever:182288,ce100,ce100
fever:182442,ce20,ce100
fever:182443,ce100,ce100
fever:182445,ce20,ce100
fever:182447,ce20,ce100
fever:182454,ce20,ce100
fever:182456,ce20,bm25
fever:182675,ce20,ce100
fever:182676,ce20,ce100
fever:182679,ce20,bm25
fever:182680,ce20,bm25
fever:182685,ce20,ce100
fever:182686,ce20,ce100
fever:182687,ce20,ce100
fever:182689,ce20,bm25
fever:182700,bm25,bm25
fever:182701,ce20,bm25
fever:182705,ce20,ce100
fever:182902,ce20,ce100
fever:182904,ce100,ce100
fever:182906,bm25,bm25
fever:182907,bm25,bm25
fever:182908,ce20,bm25
fever:182909,ce20,ce100
fever:182911,ce20,ce100
fever:182913,ce20,bm25
fever:182914,ce20,ce100
fever:182915,ce20,ce100
fever:182917,ce20,ce100
fever:182918,ce20,ce100
fever:182919,ce20,ce100
fever:182920,bm25,bm25
fever:182923,ce20,ce100
fever:182926,ce20,ce100
fever:182928,ce20,ce100
fever:182930,ce100,ce100
fever:182931,ce20,ce100
fever:182933,ce20,ce100
fever:182934,ce20,ce100
fever:182936,ce20,ce100
fever:18294,ce20,ce100
fever:18295,ce20,ce100
fever:1830,ce100,ce100
fever:1831,ce100,ce100
fever:183127,ce20,ce100
fever:183134,ce20,ce100
fever:183138,ce20,ce100
fever:183139,ce20,ce100
fever:183143,ce20,ce100
fever:183152,ce20,ce100
fever:18316,ce20,ce100
fever:18333,ce20,ce100
fever:183404,bm25,bm25
fever:183405,bm25,bm25
fever:183411,bm25,bm25
fever:183415,bm25,bm25
fever:183416,bm25,bm25
fever:183417,bm25,bm25
fever:183418,bm25,bm25
fever:183419,bm25,bm25
fever:183420,bm25,bm25
fever:183423,bm25,bm25
fever:183447,ce100,ce100
fever:183448,ce100,ce100
fever:183450,ce100,ce100
fever:183452,ce100,ce100
fever:183453,ce20,ce100
fever:183456,ce20,ce100
fever:183458,ce100,ce100
fever:183459,ce20,ce100
fever:18346,ce20,ce100
fever:183460,ce20,ce100
fever:183461,ce100,ce100
fever:183462,ce20,ce100
fever:183463,ce20,ce100
fever:183464,ce20,ce100
fever:183468,ce100,ce100
fever:183469,ce20,ce100
fever:183470,ce100,ce100
fever:183473,ce100,ce100
fever:183476,ce20,ce100
fever:183478,ce20,ce100
fever:183481,ce20,ce100
fever:183482,ce20,ce100
fever:183487,ce20,ce100
fever:183489,ce100,ce100
fever:183491,ce20,ce100
fever:183492,ce20,ce100
fever:183496,ce20,ce100
fever:183498,ce20,ce100
fever:183502,ce20,ce100
fever:183506,ce20,bm25
fever:183507,ce20,ce100
fever:18355,ce20,ce100
fever:183583,ce20,ce100
fever:183586,ce100,ce100
fever:183587,bm25,bm25
fever:183588,ce20,bm25
fever:183589,ce100,ce100
fever:183593,ce100,ce100
fever:183594,ce20,ce100
fever:183597,ce100,ce100
fever:183611,ce100,ce100
fever:183614,ce100,ce100
fever:183615,ce100,ce100
fever:183618,ce20,ce100
fever:183619,ce100,ce100
fever:183620,ce100,ce100
fever:183623,bm25,bm25
fever:183624,ce100,ce100
fever:183627,ce100,ce100
fever:183628,ce100,ce100
fever:183629,ce100,ce100
fever:183631,ce100,ce100
fever:183633,ce20,bm25
fever:183915,ce20,bm25
fever:183917,bm25,bm25
fever:183918,bm25,bm25
fever:183925,ce20,bm25
fever:183926,ce20,bm25
fever:183929,ce20,bm25
fever:183932,ce20,bm25
fever:183934,ce20,bm25
fever:183935,bm25,bm25
fever:183937,ce20,ce100
fever:183938,ce20,bm25
fever:18397,ce100,ce100
fever:184049,ce100,ce100
fever:184050,ce100,ce100
fever:184052,ce20,ce100
fever:184054,ce100,ce100
fever:184059,ce20,bm25
fever:184060,ce20,ce100
fever:184064,ce20,bm25
fever:184066,ce20,bm25
fever:184067,ce20,ce100
fever:184069,ce20,ce100
fever:184071,ce20,bm25
fever:184073,ce20,ce100
fever:184076,ce100,ce100
fever:184078,ce100,ce100
fever:184081,bm25,bm25
fever:184083,ce20,bm25
fever:184085,ce20,bm25
fever:184089,ce100,ce100
fever:184091,ce20,bm25
fever:184093,ce20,ce100
fever:184094,ce20,bm25
fever:184095,bm25,bm25
fever:184098,ce20,ce100
fever:184099,ce20,bm25
fever:184100,ce20,bm25
fever:184101,ce20,ce100
fever:184102,ce20,bm25
fever:184106,ce20,ce100
fever:184285,ce20,ce100
fever:184287,ce20,ce100
fever:184290,ce20,ce100
fever:184291,ce20,ce100
fever:184292,ce20,ce100
fever:184293,bm25,bm25
fever:184294,ce100,ce100
fever:184295,ce100,ce100
fever:184296,ce20,ce100
fever:184303,ce20,ce100
fever:184304,ce20,ce100
fever:184307,ce20,ce100
fever:184308,ce20,ce100
fever:184310,ce100,ce100
fever:184413,bm25,bm25
fever:184415,bm25,bm25
fever:184418,bm25,bm25
fever:184420,bm25,bm25
fever:184421,ce100,ce100
fever:184426,ce100,ce100
fever:18443,ce20,ce100
fever:184430,bm25,bm25
fever:184431,ce100,ce100
fever:184432,ce100,ce100
fever:184433,bm25,bm25
fever:18464,ce100,ce100
fever:18477,ce20,ce100
fever:18481,ce20,ce100
fever:18483,ce20,ce100
fever:18487,ce100,ce100
fever:18496,ce20,ce100
fever:18497,ce20,ce100
fever:18507,ce20,ce100
fever:185167,ce20,ce100
fever:185168,ce100,ce100
fever:185169,ce20,bm25
fever:185172,ce20,ce100
fever:185173,ce100,ce100
fever:185174,ce20,ce100
fever:185177,ce20,ce100
fever:185178,ce20,ce100
fever:185180,ce20,bm25
fever:185182,ce20,ce100
fever:185184,ce20,ce100
fever:185188,ce100,ce100
fever:185192,ce20,ce100
fever:185193,ce100,ce100
fever:185194,ce100,ce100
fever:185201,ce100,ce100
fever:185202,ce100,ce100
fever:185205,ce100,ce100
fever:185206,ce100,ce100
fever:185212,ce100,ce100
fever:185213,ce100,ce100
fever:185214,ce100,ce100
fever:185215,ce100,ce100
fever:185217,ce100,ce100
fever:185218,ce100,ce100
fever:185220,ce100,ce100
fever:185228,ce100,ce100
fever:18523,ce20,ce100
fever:185231,ce100,ce100
fever:185234,ce100,ce100
fever:18524,ce100,ce100
fever:185284,ce20,bm25
fever:185287,ce100,ce100
fever:185288,bm25,bm25
fever:185289,bm25,bm25
fever:185296,bm25,bm25
fever:185300,ce20,bm25
fever:185301,ce20,ce100
fever:185303,ce20,bm25
fever:185310,bm25,bm25
fever:185382,ce20,ce100
fever:185384,ce100,ce100
fever:185385,ce100,ce100
fever:185388,ce100,ce100
fever:185389,ce100,ce100
fever:185390,ce100,ce100
fever:185396,ce100,ce100
fever:185402,ce100,ce100
fever:185405,ce100,ce100
fever:185406,ce100,ce100
fever:185407,ce20,ce100
fever:185408,ce100,ce100
fever:185411,ce100,ce100
fever:185412,ce20,ce100
fever:185413,ce100,ce100
fever:185415,ce100,ce100
fever:185416,ce100,ce100
fever:185417,ce100,ce100
fever:185418,ce100,ce100
fever:18542,ce100,ce100
fever:185422,ce100,ce100
fever:185423,ce100,ce100
fever:185424,ce100,ce100
fever:185426,ce100,ce100
fever:185429,ce100,ce100
fever:18565,ce100,ce100
fever:185726,ce20,ce100
fever:185727,ce100,ce100
fever:185729,ce20,ce100
fever:185733,bm25,bm25
fever:185736,bm25,bm25
fever:18574,ce20,ce100
fever:185758,ce20,bm25
fever:185766,ce20,ce100
fever:185772,bm25,bm25
fever:185776,ce100,ce100
fever:185777,ce100,ce100
fever:185783,ce20,bm25
fever:185784,ce100,ce100
fever:185786,bm25,bm25
fever:18589,ce20,ce100
fever:18590,ce20,ce100
fever:185991,ce20,ce100
fever:185999,ce20,bm25
fever:186003,ce20,ce100
fever:186004,ce20,ce100
fever:186005,ce20,ce100
fever:186008,ce20,bm25
fever:18614,ce20,ce100
fever:18623,ce100,ce100
fever:186318,ce100,ce100
fever:186320,ce100,ce100
fever:186323,ce100,ce100
fever:186324,ce20,bm25
fever:186325,ce100,ce100
fever:186326,ce100,ce100
fever:186328,ce100,ce100
fever:186335,ce100,ce100
fever:186588,ce100,ce100
fever:186590,bm25,bm25
fever:186591,ce20,ce100
fever:186592,ce100,ce100
fever:186595,ce100,ce100
fever:186596,ce100,ce100
fever:186597,ce20,ce100
fever:186598,bm25,bm25
fever:186599,ce20,ce100
fever:186600,ce100,ce100
fever:186602,ce100,ce100
fever:186609,ce20,ce100
fever:186610,ce100,ce100
fever:18665,ce100,ce100
fever:18666,ce20,ce100
fever:186871,ce20,ce100
fever:186874,ce100,ce100
fever:186876,ce20,ce100
fever:186879,ce20,ce100
fever:186882,ce20,ce100
fever:186884,ce20,ce100
fever:186920,ce100,ce100
fever:186921,ce100,ce100
fever:186924,ce100,ce100
fever:186927,ce100,ce100
fever:186928,ce20,ce100
fever:186929,ce100,ce100
fever:186932,ce100,ce100
fever:186938,ce100,ce100
fever:186939,ce100,ce100
fever:186941,ce20,ce100
fever:186976,bm25,bm25
fever:186977,bm25,bm25
fever:186978,ce20,ce100
fever:186979,ce20,ce100
fever:186987,ce20,ce100
fever:186988,ce100,ce100
fever:186990,ce20,bm25
fever:186994,ce20,ce100
fever:186995,ce20,ce100
fever:186996,ce20,ce100
fever:186998,ce20,ce100
fever:187000,ce20,ce100
fever:18707,ce100,ce100
fever:18708,ce20,ce100
fever:187104,ce20,ce100
fever:187106,ce20,ce100
fever:187108,ce100,ce100
fever:187109,ce100,ce100
fever:187112,ce100,ce100
fever:187114,ce100,ce100
fever:187117,ce100,ce100
fever:187119,ce100,ce100
fever:187120,ce100,ce100
fever:187122,ce100,ce100
fever:187207,ce20,ce100
fever:187208,ce20,bm25
fever:187209,bm25,bm25
fever:187212,ce20,ce100
fever:187213,ce20,ce100
fever:187216,ce100,ce100
fever:187220,bm25,bm25
fever:187222,bm25,bm25
fever:187223,ce100,ce100
fever:18723,ce20,bm25
fever:187314,ce100,ce100
fever:187315,ce100,ce100
fever:187318,ce100,ce100
fever:187321,ce20,ce100
fever:187323,ce20,ce100
fever:187324,bm25,bm25
fever:18736,ce100,ce100
fever:187375,ce20,bm25
fever:187378,ce20,ce100
fever:187379,ce20,bm25
fever:187382,ce20,ce100
fever:187386,ce20,bm25
fever:187388,ce20,bm25
fever:187390,ce20,bm25
fever:187395,ce20,ce100
fever:18752,ce20,bm25
fever:187537,ce20,ce100
fever:187541,ce100,ce100
fever:187546,ce20,bm25
fever:187552,ce20,bm25
fever:187555,ce100,ce100
fever:187556,ce20,ce100
fever:187557,ce20,ce100
fever:187560,ce100,ce100
fever:187564,ce20,ce100
fever:187565,ce20,ce100
fever:187566,ce100,ce100
fever:187567,ce20,ce100
fever:187571,ce20,ce100
fever:187572,ce100,ce100
fever:187574,ce100,ce100
fever:187577,ce100,ce100
fever:187579,ce100,ce100
fever:187580,ce20,ce100
fever:18768,bm25,bm25
fever:187775,ce20,bm25
fever:187776,ce20,ce100
fever:187777,ce20,ce100
fever:187783,ce20,ce100
fever:187785,ce20,ce100
fever:187788,ce20,bm25
fever:187789,ce20,bm25
fever:187791,ce20,bm25
fever:187792,ce20,ce100
fever:187795,ce20,bm25
fever:187796,ce100,ce100
fever:187797,ce20,bm25
fever:187800,ce20,bm25
fever:18794,ce20,ce100
fever:188129,ce20,ce100
fever:188131,bm25,bm25
fever:188135,ce20,bm25
fever:188136,ce20,bm25
fever:188140,ce20,ce100
fever:188141,ce20,ce100
fever:188142,ce20,bm25
fever:188145,ce20,bm25
fever:188147,ce20,ce100
fever:188148,ce100,ce100
fever:18822,ce100,ce100
fever:18823,ce100,ce100
fever:18835,ce100,ce100
fever:188564,ce100,ce100
fever:188565,ce100,ce100
fever:188568,ce20,ce100
fever:188569,ce20,ce100
fever:188570,ce20,bm25
fever:188571,ce20,ce100
fever:188572,ce20,ce100
fever:188576,ce20,ce100
fever:188577,ce100,ce100
fever:188579,ce20,ce100
fever:188581,ce100,ce100
fever:188582,ce100,ce100
fever:188624,bm25,bm25
fever:188630,ce20,ce100
fever:188635,bm25,bm25
fever:188636,bm25,bm25
fever:188639,ce20,bm25
fever:188640,ce20,ce100
fever:188641,ce20,bm25
fever:188645,ce20,bm25
fever:188646,ce20,ce100
fever:188647,ce20,ce100
fever:188652,ce100,ce100
fever:188877,ce20,ce100
fever:188885,bm25,bm25
fever:188887,bm25,bm25
fever:188888,ce100,ce100
fever:188889,ce20,bm25
fever:188967,ce100,ce100
fever:188969,ce100,ce100
fever:188971,ce100,ce100
fever:188976,ce100,ce100
fever:188977,ce100,ce100
fever:188979,ce100,ce100
fever:188984,ce100,ce100
fever:188987,ce20,ce100
fever:188994,ce100,ce100
fever:189436,ce20,ce100
fever:189437,ce100,ce100
fever:189438,ce100,ce100
fever:189444,bm25,bm25
fever:189447,ce100,ce100
fever:189448,ce20,ce100
fever:189449,bm25,bm25
fever:189450,ce100,ce100
fever:189452,ce20,ce100
fever:189453,ce100,ce100
fever:189454,ce100,ce100
fever:189458,ce100,ce100
fever:189459,ce20,ce100
fever:189465,ce20,ce100
fever:18951,ce100,ce100
fever:189710,ce20,bm25
fever:189711,ce20,ce100
fever:189714,ce20,ce100
fever:189715,ce20,ce100
fever:189716,bm25,bm25
fever:189717,ce20,ce100
fever:189762,ce20,ce100
fever:189768,ce20,ce100
fever:189771,ce100,ce100
fever:189772,ce100,ce100
fever:189773,ce100,ce100
fever:189774,ce20,ce100
fever:189776,ce20,ce100
fever:189866,bm25,bm25
fever:189867,bm25,bm25
fever:189868,bm25,bm25
fever:189871,bm25,bm25
fever:189873,bm25,bm25
fever:189874,ce20,ce100
fever:189876,bm25,bm25
fever:189878,bm25,bm25
fever:189883,bm25,bm25
fever:189885,bm25,bm25
fever:189888,bm25,bm25
fever:189892,ce20,ce100
fever:189894,bm25,bm25
fever:190072,ce100,ce100
fever:190074,ce20,ce100
fever:190077,ce100,ce100
fever:190081,bm25,bm25
fever:190085,ce20,bm25
fever:190089,ce100,ce100
fever:190090,ce20,ce100
fever:190148,bm25,bm25
fever:190153,bm25,bm25
fever:190164,bm25,bm25
fever:190167,bm25,bm25
fever:190168,ce100,ce100
fever:190169,bm25,bm25
fever:190170,ce20,ce100
fever:190171,ce20,ce100
fever:190172,ce20,ce100
fever:190173,ce20,ce100
fever:19052,ce20,ce100
fever:190664,ce100,ce100
fever:190669,ce20,ce100
fever:19068,ce20,ce100
fever:19074,ce100,ce100
fever:190750,ce20,ce100
fever:190751,ce20,ce100
fever:190753,ce20,ce100
fever:190755,ce20,ce100
fever:19087,ce20,ce100
fever:19097,ce100,ce100
fever:19098,ce100,ce100
fever:19111,ce20,ce100
fever:19112,ce20,ce100
fever:19117,ce100,ce100
fever:191246,ce20,ce100
fever:191248,ce20,ce100
fever:191249,ce20,ce100
fever:191253,ce20,ce100
fever:191255,ce20,bm25
fever:191256,ce20,ce100
fever:191258,ce20,ce100
fever:191261,ce20,ce100
fever:191263,ce20,ce100
fever:19140,ce20,ce100
fever:19141,ce20,ce100
fever:191415,ce100,ce100
fever:191416,ce100,ce100
fever:191420,ce100,ce100
fever:191425,ce100,ce100
fever:191426,ce20,ce100
fever:191428,ce100,ce100
fever:191430,ce100,ce100
fever:191433,ce100,ce100
fever:191435,ce20,ce100
fever:191439,ce100,ce100
fever:191440,ce20,ce100
fever:191441,ce100,ce100
fever:191442,ce20,ce100
fever:191443,ce20,ce100
fever:191445,ce100,ce100
fever:191446,ce100,ce100
fever:1916,ce100,ce100
fever:19160,ce20,ce100
fever:19161,ce20,bm25
fever:191641,ce100,ce100
fever:191642,ce100,ce100
fever:191645,ce100,ce100
fever:191647,ce20,ce100
fever:191648,ce20,ce100
fever:191653,ce20,ce100
fever:191654,ce100,ce100
fever:191656,ce100,ce100
fever:191659,ce20,ce100
fever:191660,ce100,ce100
fever:191662,ce20,ce100
fever:191664,ce100,ce100
fever:19169,ce20,bm25
fever:1917,bm25,bm25
fever:19176,ce20,ce100
fever:19177,ce100,ce100
fever:19184,ce20,ce100
fever:191875,ce100,ce100
fever:191876,ce100,ce100
fever:191877,bm25,bm25
fever:191881,bm25,bm25
fever:191884,ce100,ce100
fever:191886,ce100,ce100
fever:191888,ce100,ce100
fever:191889,ce100,ce100
fever:191890,ce100,ce100
fever:191891,ce100,ce100
fever:191892,ce20,ce100
fever:19190,ce20,bm25
fever:19193,ce20,ce100
fever:19194,ce20,ce100
fever:19197,ce20,ce100
fever:192016,bm25,bm25
fever:192017,ce100,ce100
fever:192020,ce100,ce100
fever:192021,ce20,ce100
fever:192024,ce100,ce100
fever:192029,ce100,ce100
fever:192030,ce100,ce100
fever:192031,bm25,bm25
fever:192034,ce100,ce100
fever:192035,ce100,ce100
fever:192037,ce100,ce100
fever:19204,bm25,bm25
fever:192040,ce100,ce100
fever:192043,ce100,ce100
fever:192044,ce100,ce100
fever:192045,ce100,ce100
fever:192050,ce100,ce100
fever:192053,ce100,ce100
fever:192174,bm25,bm25
fever:192190,ce100,ce100
fever:192193,ce20,ce100
fever:192196,ce20,ce100
fever:192197,ce20,ce100
fever:192198,ce100,ce100
fever:192199,ce20,ce100
fever:192203,ce20,ce100
fever:192204,ce20,ce100
fever:192205,ce100,ce100
fever:192212,ce100,ce100
fever:19236,ce20,ce100
fever:192582,ce100,ce100
fever:192583,ce20,bm25
fever:192584,ce20,ce100
fever:192585,ce20,bm25
fever:192587,bm25,bm25
fever:192591,ce20,ce100
fever:192592,ce20,bm25
fever:192594,ce100,ce100
fever:192595,ce100,ce100
fever:192597,ce100,ce100
fever:192706,ce20,ce100
fever:192708,ce100,ce100
fever:192709,ce100,ce100
fever:192713,ce20,ce100
fever:192714,ce100,ce100
fever:192715,bm25,bm25
fever:192718,ce100,ce100
fever:192725,ce20,ce100
fever:192748,ce20,ce100
fever:192750,ce20,ce100
fever:192751,ce20,ce100
fever:192752,ce20,ce100
fever:192754,ce100,ce100
fever:192759,ce20,ce100
fever:192760,ce20,ce100
fever:192761,bm25,bm25
fever:192769,bm25,bm25
fever:192774,bm25,ce100
fever:192775,ce100,ce100
fever:192776,bm25,bm25
fever:192778,bm25,bm25
fever:192788,ce100,ce100
fever:192789,ce100,ce100
fever:192790,ce100,ce100
fever:192792,ce100,ce100
fever:192793,ce100,ce100
fever:192795,ce100,ce100
fever:192824,ce20,ce100
fever:192825,ce20,ce100
fever:192832,ce20,ce100
fever:192835,ce100,ce100
fever:192837,ce20,ce100
fever:192839,ce20,ce100
fever:192841,ce20,ce100
fever:192842,ce20,ce100
fever:192843,ce100,ce100
fever:192849,ce20,ce100
fever:192853,ce20,ce100
fever:192856,ce100,ce100
fever:192857,ce100,ce100
fever:192858,ce20,ce100
fever:192894,ce20,bm25
fever:192896,ce20,ce100
fever:192898,ce20,ce100
fever:192903,ce20,ce100
fever:192904,ce20,ce100
fever:192910,ce20,ce100
fever:192920,ce20,ce100
fever:192921,ce20,ce100
fever:192959,bm25,bm25
fever:192961,ce20,ce100
fever:192965,bm25,bm25
fever:192966,ce20,ce100
fever:192971,ce20,ce100
fever:192972,bm25,bm25
fever:192973,ce20,ce100
fever:192975,ce20,ce100
fever:192981,ce20,ce100
fever:19302,ce100,ce100
fever:1931,bm25,bm25
fever:19310,ce100,ce100
fever:19326,ce20,ce100
fever:19327,ce20,ce100
fever:1933,ce20,ce100
fever:1934,ce20,ce100
fever:193409,ce100,ce100
fever:193411,ce100,ce100
fever:193416,ce100,ce100
fever:193419,ce100,ce100
fever:193421,ce20,ce100
fever:193422,ce100,ce100
fever:193444,ce20,ce100
fever:193448,bm25,bm25
fever:193449,bm25,bm25
fever:193450,ce20,ce100
fever:193458,bm25,bm25
fever:193460,bm25,bm25
fever:193524,bm25,bm25
fever:193525,ce100,ce100
fever:193531,ce20,ce100
fever:193532,ce20,bm25
fever:193539,ce100,ce100
fever:193540,ce20,bm25
fever:193546,ce100,ce100
fever:193547,ce20,ce100
fever:193549,ce100,ce100
fever:193550,ce20,ce100
fever:193554,ce20,ce100
fever:193558,ce20,ce100
fever:19382,ce20,bm25
fever:193831,bm25,bm25
fever:193834,bm25,bm25
fever:193835,ce20,bm25
fever:193836,bm25,bm25
fever:193837,ce20,bm25
fever:193844,bm25,bm25
fever:193848,bm25,bm25
fever:193849,ce20,ce100
fever:193852,ce20,ce100
fever:193854,ce20,ce100
fever:193855,ce20,ce100
fever:193860,ce20,ce100
fever:193862,ce100,ce100
fever:193866,ce100,ce100
fever:193873,ce20,ce100
fever:193874,ce20,ce100
fever:193876,ce20,ce100
fever:193877,ce100,ce100
fever:193880,ce20,ce100
fever:193883,bm25,bm25
fever:193884,ce20,ce100
fever:193886,ce100,ce100
fever:193893,ce20,ce100
fever:193894,bm25,bm25
fever:193895,ce20,ce100
fever:193902,ce100,ce100
fever:193903,ce20,ce100
fever:193904,ce20,ce100
fever:193907,ce20,ce100
fever:193908,ce20,ce100
fever:193910,ce20,ce100
fever:193911,ce20,ce100
fever:194014,ce20,bm25
fever:194018,ce100,ce100
fever:194019,ce100,ce100
fever:194020,ce20,ce100
fever:194021,ce20,ce100
fever:194022,ce20,bm25
fever:194023,ce100,ce100
fever:194024,ce20,ce100
fever:194025,ce20,ce100
fever:194027,ce20,ce100
fever:194029,ce20,bm25
fever:19412,ce20,ce100
fever:19413,ce20,ce100
fever:19417,ce100,ce100
fever:194170,ce20,ce100
fever:194172,ce20,ce100
fever:194174,ce20,ce100
fever:194175,ce100,ce100
fever:194176,ce20,ce100
fever:194178,ce100,ce100
fever:19418,ce100,ce100
fever:194182,ce100,ce100
fever:194183,ce100,ce100
fever:194184,ce100,ce100
fever:194187,ce20,ce100
fever:194189,ce100,ce100
fever:194190,ce100,ce100
fever:194192,ce20,ce100
fever:1942,ce100,ce100
fever:194214,ce20,ce100
fever:194219,ce100,ce100
fever:194221,ce100,ce100
fever:194222,ce100,ce100
fever:194226,ce20,ce100
fever:194228,ce100,ce100
fever:194231,ce100,ce100
fever:194237,ce100,ce100
fever:194238,ce100,ce100
fever:194241,ce20,ce100
fever:194242,ce20,ce100
fever:194243,ce20,ce100
fever:194245,ce20,ce100
fever:194247,ce20,ce100
fever:194249,ce20,ce100
fever:194251,ce20,ce100
fever:194252,ce20,ce100
fever:194254,ce100,ce100
fever:194259,ce20,ce100
fever:194260,ce20,ce100
fever:194261,ce20,ce100
fever:194262,ce20,ce100
fever:194341,ce20,bm25
fever:194342,ce20,ce100
fever:194343,ce20,ce100
fever:194344,bm25,bm25
fever:194345,ce20,bm25
fever:194346,ce20,ce100
fever:194349,bm25,bm25
fever:194350,bm25,bm25
fever:194354,bm25,bm25
fever:194355,ce20,bm25
fever:194357,ce20,ce100
fever:194358,bm25,bm25
fever:194359,ce20,bm25
fever:194361,ce20,ce100
fever:194362,ce20,ce100
fever:194363,ce100,ce100
fever:194365,ce20,bm25
fever:194367,bm25,bm25
fever:194368,ce20,ce100
fever:194370,ce20,ce100
fever:194371,ce20,ce100
fever:194432,ce20,ce100
fever:194439,ce100,ce100
fever:194442,ce100,ce100
fever:194446,bm25,bm25
fever:194447,ce100,ce100
fever:194450,ce20,ce100
fever:194451,ce100,ce100
fever:194454,ce20,ce100
fever:194455,ce20,ce100
fever:194456,ce20,ce100
fever:194458,ce20,ce100
fever:194459,ce20,ce100
fever:194461,ce20,ce100
fever:194465,ce20,ce100
fever:194466,ce20,ce100
fever:194469,ce20,ce100
fever:194470,ce20,ce100
fever:194472,ce20,ce100
fever:194476,ce20,ce100
fever:194480,ce20,ce100
fever:194484,ce20,ce100
fever:194486,ce20,ce100
fever:194564,ce20,ce100
fever:194565,ce20,ce100
fever:194567,ce20,ce100
fever:194572,ce20,ce100
fever:194574,ce20,ce100
fever:194580,ce20,ce100
fever:194583,ce20,ce100
fever:1947,ce20,ce100
fever:194740,ce20,ce100
fever:194742,ce100,ce100
fever:194744,ce20,ce100
fever:194745,ce20,ce100
fever:194746,ce100,ce100
fever:194747,ce100,ce100
fever:194748,ce20,ce100
fever:194753,ce20,ce100
fever:194754,ce20,bm25
fever:194758,ce20,bm25
fever:194760,ce20,ce100
fever:194761,ce20,bm25
fever:194764,ce20,bm25
fever:194765,ce20,ce100
fever:194767,ce20,ce100
fever:194771,ce20,ce100
fever:194774,ce20,ce100
fever:194775,ce20,ce100
fever:194780,ce20,bm25
fever:194781,ce20,ce100
fever:194789,ce20,bm25
fever:194790,bm25,bm25
fever:194792,ce20,ce100
fever:194793,ce20,ce100
fever:194795,ce100,ce100
fever:194796,ce20,ce100
fever:194798,ce100,ce100
fever:194799,bm25,bm25
fever:194800,ce100,ce100
fever:19484,ce20,ce100
fever:194882,ce100,ce100
fever:194892,ce20,bm25
fever:194893,ce100,ce100
fever:194897,ce100,ce100
fever:194902,ce100,ce100
fever:194904,ce20,ce100
fever:194905,ce100,ce100
fever:194906,ce20,ce100
fever:194908,ce20,ce100
fever:194910,ce100,ce100
fever:194912,ce20,ce100
fever:194914,ce20,ce100
fever:194915,ce20,ce100
fever:194917,ce100,ce100
fever:194922,ce100,ce100
fever:194923,ce100,ce100
fever:19494,ce100,ce100
fever:19496,ce20,ce100
fever:195006,bm25,bm25
fever:195008,ce100,ce100
fever:195011,ce100,ce100
fever:195020,ce20,ce100
fever:195022,ce100,ce100
fever:195028,ce100,ce100
fever:195029,bm25,bm25
fever:195030,ce100,ce100
fever:195031,ce100,ce100
fever:195033,ce100,ce100
fever:195036,ce100,ce100
fever:195038,ce20,ce100
fever:195040,ce100,ce100
fever:195056,bm25,bm25
fever:195057,ce20,bm25
fever:195058,ce20,bm25
fever:195060,ce20,ce100
fever:195067,ce20,bm25
fever:195071,ce20,ce100
fever:195073,bm25,bm25
fever:195074,ce20,ce100
fever:195077,bm25,bm25
fever:195078,ce20,ce100
fever:195082,bm25,bm25
fever:195083,bm25,bm25
fever:195085,ce20,ce100
fever:195088,ce20,ce100
fever:195122,ce20,bm25
fever:195124,ce20,bm25
fever:195127,ce20,ce100
fever:195129,bm25,bm25
fever:195134,ce100,ce100
fever:195135,ce20,ce100
fever:195139,ce20,ce100
fever:195144,bm25,bm25
fever:195147,ce20,ce100
fever:195149,ce20,ce100
fever:195199,ce20,bm25
fever:195201,ce20,ce100
fever:195202,ce20,ce100
fever:195203,ce20,ce100
fever:195208,ce100,ce100
fever:195219,ce20,ce100
fever:195229,ce20,bm25
fever:195230,ce100,ce100
fever:195236,ce20,ce100
fever:195238,ce100,ce100
fever:195243,ce100,ce100
fever:195244,ce20,ce100
fever:195245,ce20,ce100
fever:195366,ce20,ce100
fever:195370,ce100,ce100
fever:195374,ce100,ce100
fever:195376,ce20,ce100
fever:195381,ce100,ce100
fever:195382,ce100,ce100
fever:19543,ce100,ce100
fever:195480,ce20,bm25
fever:195481,ce20,ce100
fever:195483,ce20,ce100
fever:195484,ce100,ce100
fever:195491,ce20,ce100
fever:195492,ce20,ce100
fever:195493,ce20,bm25
fever:195497,ce20,bm25
fever:195502,bm25,bm25
fever:195503,ce20,ce100
fever:19576,ce100,ce100
fever:195812,ce20,bm25
fever:195814,ce20,bm25
fever:195815,bm25,bm25
fever:195817,ce20,bm25
fever:195818,ce20,bm25
fever:195821,ce20,bm25
fever:195823,bm25,bm25
fever:195825,bm25,bm25
fever:195831,ce20,bm25
fever:195835,ce20,bm25
fever:195843,ce20,bm25
fever:195845,ce20,bm25
fever:195902,ce100,ce100
fever:195904,ce20,ce100
fever:195906,ce100,ce100
fever:195912,ce100,ce100
fever:195914,ce20,ce100
fever:19592,bm25,bm25
fever:195921,ce20,ce100
fever:195922,ce20,ce100
fever:195923,ce20,ce100
fever:195924,ce20,ce100
fever:195925,ce20,ce100
fever:195928,ce20,ce100
fever:195931,ce20,ce100
fever:195933,ce20,ce100
fever:195940,ce20,bm25
fever:195943,ce20,ce100
fever:196154,ce20,ce100
fever:196158,ce20,ce100
fever:196159,ce20,ce100
fever:196162,ce20,ce100
fever:196163,ce20,ce100
fever:196170,ce20,ce100
fever:19655,ce20,bm25
fever:19663,ce100,ce100
fever:19671,ce100,ce100
fever:196730,ce100,ce100
fever:196735,ce100,ce100
fever:196740,ce100,ce100
fever:196743,ce100,ce100
fever:196744,ce20,ce100
fever:196749,ce100,ce100
fever:196750,ce100,ce100
fever:196752,ce100,ce100
fever:196755,ce20,bm25
fever:196757,ce100,ce100
fever:196759,ce100,ce100
fever:196762,ce100,ce100
fever:19687,ce20,ce100
fever:196959,ce20,bm25
fever:196960,bm25,bm25
fever:196961,bm25,bm25
fever:196964,ce100,ce100
fever:196967,ce20,ce100
fever:196971,bm25,bm25
fever:196978,ce20,ce100
fever:196986,bm25,bm25
fever:196992,ce100,ce100
fever:19711,ce20,ce100
fever:19719,ce20,bm25
fever:19721,ce100,ce100
fever:197338,ce20,ce100
fever:197340,ce20,ce100
fever:197342,ce20,ce100
fever:197345,ce20,ce100
fever:197349,ce20,ce100
fever:197357,ce100,ce100
fever:197363,ce20,ce100
fever:197364,ce100,ce100
fever:197366,ce20,ce100
fever:197368,ce20,ce100
fever:197373,ce100,ce100
fever:197376,ce100,ce100
fever:197377,ce20,ce100
fever:197380,ce100,ce100
fever:197381,ce100,ce100
fever:197384,ce20,ce100
fever:197386,ce20,ce100
fever:197388,ce100,ce100
fever:197389,ce100,ce100
fever:19752,ce100,ce100
fever:19756,ce100,ce100
fever:197631,ce20,ce100
fever:197632,ce20,ce100
fever:197633,ce20,bm25
fever:197635,ce20,ce100
fever:197636,ce20,ce100
fever:197637,ce20,ce100
fever:197641,ce20,ce100
fever:197643,ce20,ce100
fever:197645,ce20,ce100
fever:19765,ce100,ce100
fever:197655,ce20,ce100
fever:197656,ce100,ce100
fever:19766,ce100,ce100
fever:197661,ce100,ce100
fever:19774,ce100,ce100
fever:198008,bm25,bm25
fever:198013,ce20,bm25
fever:198015,ce20,ce100
fever:198025,bm25,bm25
fever:198029,bm25,bm25
fever:198035,ce20,ce100
fever:198037,ce20,bm25
fever:198041,ce20,bm25
fever:198065,ce100,ce100
fever:198066,ce20,ce100
fever:198067,ce100,ce100
fever:198068,ce100,ce100
fever:198070,ce100,ce100
fever:198072,ce100,ce100
fever:198082,ce100,ce100
fever:198084,ce20,ce100
fever:198085,ce100,ce100
fever:198087,ce100,ce100
fever:198088,ce100,ce100
fever:198090,ce100,ce100
fever:198208,ce20,ce100
fever:198210,ce20,ce100
fever:198216,ce20,ce100
fever:198217,ce20,ce100
fever:198218,ce100,ce100
fever:198221,ce20,ce100
fever:198225,ce100,ce100
fever:198226,ce100,ce100
fever:198227,ce100,ce100
fever:198231,ce20,ce100
fever:198234,ce20,ce100
fever:198419,ce20,ce100
fever:198420,ce20,ce100
fever:198421,ce20,ce100
fever:198422,ce20,ce100
fever:198425,ce20,ce100
fever:198426,ce20,ce100
fever:198427,ce20,ce100
fever:198431,ce20,ce100
fever:198432,ce20,ce100
fever:198434,ce100,ce100
fever:198435,ce20,ce100
fever:198438,ce20,ce100
fever:19853,ce20,bm25
fever:198532,ce20,ce100
fever:198534,ce20,ce100
fever:198537,ce20,bm25
fever:198538,ce20,ce100
fever:198541,ce100,ce100
fever:198544,bm25,bm25
fever:198545,ce20,bm25
fever:198552,ce100,ce100
fever:198554,bm25,bm25
fever:198558,ce20,ce100
fever:198559,ce20,ce100
fever:198565,ce20,ce100
fever:19865,ce20,ce100
fever:19866,ce20,ce100
fever:198888,ce20,ce100
fever:198893,ce20,ce100
fever:198895,ce20,ce100
fever:198896,ce20,ce100
fever:198899,ce20,ce100
fever:1989,ce20,ce100
fever:198900,ce20,bm25
fever:198901,ce20,ce100
fever:19898,ce20,bm25
fever:19902,ce20,ce100
fever:19915,ce100,ce100
fever:199260,ce20,ce100
fever:199263,ce20,bm25
fever:199264,ce20,ce100
fever:199265,ce20,ce100
fever:199275,ce20,ce100
fever:199276,ce100,ce100
fever:199403,ce20,bm25
fever:199408,ce20,ce100
fever:199410,ce20,ce100
fever:199413,bm25,bm25
fever:199414,ce100,ce100
fever:199416,ce20,ce100
fever:199418,ce20,ce100
fever:199419,ce20,ce100
fever:199420,ce20,ce100
fever:199421,ce20,ce100
fever:199423,ce20,ce100
fever:199428,ce20,ce100
fever:19951,ce100,ce100
fever:199662,ce20,ce100
fever:199668,ce20,ce100
fever:199669,ce20,ce100
fever:199670,ce20,ce100
fever:199674,ce20,ce100
fever:199676,ce20,ce100
fever:199681,ce20,ce100
fever:199682,ce20,ce100
fever:199732,ce100,ce100
fever:199734,ce100,ce100
fever:199735,ce20,ce100
fever:199738,ce100,ce100
fever:199741,ce20,bm25
fever:199742,ce20,ce100
fever:199745,ce100,ce100
fever:199746,ce100,ce100
fever:199750,ce100,ce100
fever:199753,ce100,ce100
fever:199755,ce100,ce100
fever:199757,ce100,ce100
fever:199758,ce100,ce100
fever:199759,ce100,ce100
fever:199761,ce100,ce100
fever:199763,ce20,ce100
fever:199805,ce20,bm25
fever:199807,bm25,bm25
fever:199809,bm25,bm25
fever:199812,bm25,bm25
fever:199814,bm25,bm25
fever:199815,ce20,bm25
fever:199817,bm25,bm25
fever:199818,ce20,bm25
fever:199819,bm25,bm25
fever:19983,ce20,ce100
fever:19994,ce20,bm25
fever:200032,ce100,ce100
fever:200033,ce20,bm25
fever:200034,bm25,bm25
fever:200035,ce20,ce100
fever:200039,ce100,ce100
fever:200041,ce100,ce100
fever:200042,ce100,ce100
fever:200044,ce20,ce100
fever:200045,ce100,ce100
fever:200050,ce100,ce100
fever:200051,ce100,ce100
fever:20026,ce20,bm25
fever:200260,ce20,ce100
fever:200261,ce20,ce100
fever:200262,ce20,ce100
fever:200278,ce100,ce100
fever:200279,bm25,bm25
fever:200282,ce20,ce100
fever:200285,bm25,bm25
fever:200289,bm25,bm25
fever:200290,bm25,bm25
fever:200291,ce20,ce100
fever:200293,ce20,bm25
fever:200296,bm25,bm25
fever:200297,bm25,bm25
fever:200298,ce20,ce100
fever:200300,bm25,bm25
fever:20032,bm25,bm25
fever:200366,ce20,ce100
fever:200368,ce20,ce100
fever:200370,ce20,ce100
fever:200371,ce20,ce100
fever:200382,ce100,ce100
fever:200387,ce20,ce100
fever:200390,ce20,bm25
fever:200391,ce20,ce100
fever:200395,ce100,ce100
fever:200396,ce100,ce100
fever:20049,ce100,ce100
fever:20060,ce20,bm25
fever:201060,bm25,bm25
fever:201064,ce100,ce100
fever:201065,ce100,ce100
fever:201066,bm25,bm25
fever:201076,ce100,ce100
fever:201079,ce20,ce100
fever:201083,bm25,bm25
fever:201086,ce20,bm25
fever:201090,ce20,ce100
fever:201094,ce20,ce100
fever:201095,ce20,ce100
fever:201098,ce20,ce100
fever:201105,ce100,ce100
fever:201110,ce20,ce100
fever:201112,ce20,bm25
fever:201114,ce20,bm25
fever:201115,ce100,ce100
fever:201116,ce20,ce100
fever:20112,ce100,ce100
fever:20120,ce20,ce100
fever:20121,ce20,ce100
fever:201364,bm25,bm25
fever:201365,bm25,bm25
fever:201372,ce20,ce100
fever:201374,ce20,bm25
fever:201375,ce20,ce100
fever:201377,ce20,bm25
fever:201378,ce20,ce100
fever:201379,ce20,ce100
fever:201388,ce20,ce100
fever:201389,ce20,ce100
fever:201391,ce100,ce100
fever:201438,ce100,ce100
fever:201439,ce100,ce100
fever:201441,ce20,bm25
fever:201446,ce20,ce100
fever:201454,ce20,ce100
fever:201457,ce20,ce100
fever:201459,ce20,ce100
fever:201460,ce100,ce100
fever:201573,ce100,ce100
fever:201574,ce100,ce100
fever:201575,ce100,ce100
fever:201576,ce100,ce100
fever:201583,ce20,ce100
fever:201587,ce20,ce100
fever:201592,ce20,ce100
fever:201596,ce100,ce100
fever:201598,ce100,ce100
fever:201600,ce20,ce100
fever:201602,ce100,ce100
fever:201603,ce20,ce100
fever:201606,ce20,ce100
fever:20161,ce100,ce100
fever:201738,ce100,ce100
fever:201739,ce100,ce100
fever:201740,ce100,ce100
fever:201743,ce100,ce100
fever:201744,ce100,ce100
fever:201745,bm25,bm25
fever:201747,ce20,ce100
fever:201748,ce100,ce100
fever:201749,ce100,ce100
fever:201751,ce100,ce100
fever:201756,ce100,ce100
fever:201757,ce100,ce100
fever:201793,ce100,ce100
fever:201795,ce100,ce100
fever:201796,ce100,ce100
fever:201797,ce100,ce100
fever:201798,ce100,ce100
fever:201799,ce100,ce100
fever:201801,ce20,bm25
fever:201808,ce20,ce100
fever:201813,ce20,ce100
fever:201823,ce100,ce100
fever:201826,ce20,ce100
fever:201827,ce100,ce100
fever:201833,ce20,ce100
fever:20191,bm25,bm25
fever:20202,ce100,ce100
fever:202025,ce20,ce100
fever:202026,ce20,ce100
fever:202027,ce20,bm25
fever:202032,ce20,bm25
fever:202037,ce20,ce100
fever:202039,bm25,bm25
fever:202044,ce20,ce100
fever:202049,ce20,ce100
fever:202050,ce20,ce100
fever:202051,ce20,ce100
fever:202053,ce20,ce100
fever:202054,ce20,ce100
fever:202056,ce20,ce100
fever:202059,ce20,ce100
fever:202297,ce20,ce100
fever:202298,ce20,ce100
fever:202301,ce20,bm25
fever:202302,ce20,ce100
fever:202303,ce20,ce100
fever:202308,ce20,ce100
fever:202313,ce20,ce100
fever:202314,ce20,ce100
fever:202316,ce20,ce100
fever:202317,ce20,ce100
fever:202320,ce20,ce100
fever:202436,ce20,bm25
fever:202439,ce20,ce100
fever:202441,ce20,ce100
fever:202445,ce20,ce100
fever:202448,ce20,ce100
fever:202450,ce20,ce100
fever:202454,ce20,ce100
fever:202460,ce20,ce100
fever:202461,ce20,ce100
fever:202468,ce20,ce100
fever:202470,ce20,ce100
fever:202472,ce20,ce100
fever:202475,ce20,bm25
fever:202477,ce20,ce100
fever:20261,ce20,ce100
fever:202729,ce100,ce100
fever:202730,ce20,ce100
fever:202733,ce100,ce100
fever:202736,ce100,ce100
fever:202737,ce100,ce100
fever:202738,ce100,ce100
fever:202743,ce100,ce100
fever:202747,ce100,ce100
fever:202751,ce20,ce100
fever:202752,ce100,ce100
fever:202754,ce20,ce100
fever:202756,bm25,bm25
fever:202759,ce20,ce100
fever:202760,ce20,ce100
fever:202762,ce20,ce100
fever:202764,ce100,ce100
fever:202765,ce20,ce100
fever:202766,ce100,ce100
fever:202772,bm25,bm25
fever:202773,ce20,ce100
fever:202776,ce20,ce100
fever:202780,ce100,ce100
fever:202783,ce20,ce100
fever:202786,ce100,ce100
fever:202788,ce20,ce100
fever:202789,ce20,ce100
fever:20279,ce100,ce100
fever:202791,ce100,ce100
fever:202792,ce20,bm25
fever:202793,ce20,ce100
fever:202794,ce100,ce100
fever:20280,ce100,ce100
fever:20288,ce20,ce100
fever:20291,ce20,ce100
fever:202922,ce20,ce100
fever:202926,ce100,ce100
fever:202927,ce100,ce100
fever:202928,ce100,ce100
fever:202930,ce100,ce100
fever:202932,ce20,ce100
fever:202935,ce100,ce100
fever:202936,ce100,ce100
fever:202937,ce20,ce100
fever:202940,ce100,ce100
fever:202941,ce100,ce100
fever:202942,ce100,ce100
fever:202949,ce20,ce100
fever:202950,ce20,ce100
fever:202953,ce100,ce100
fever:202956,ce20,ce100
fever:202979,ce20,ce100
fever:202995,ce100,ce100
fever:203000,ce20,ce100
fever:203002,ce20,ce100
fever:203004,ce100,ce100
fever:203008,ce100,ce100
fever:203009,ce20,bm25
fever:203011,ce100,ce100
fever:203034,bm25,bm25
fever:203038,bm25,bm25
fever:203042,ce20,bm25
fever:203044,ce100,ce100
fever:203053,ce100,ce100
fever:203054,ce100,ce100
fever:203058,ce20,ce100
fever:203067,bm25,bm25
fever:203153,ce100,ce100
fever:203154,ce100,ce100
fever:203155,ce100,ce100
fever:203156,ce20,ce100
fever:203157,ce20,ce100
fever:20316,ce100,ce100
fever:203160,ce20,ce100
fever:203161,ce100,ce100
fever:203165,ce20,ce100
fever:203178,ce100,ce100
fever:203181,ce100,ce100
fever:203369,ce20,ce100
fever:203370,ce100,ce100
fever:203373,bm25,bm25
fever:203374,ce100,ce100
fever:203376,ce100,ce100
fever:203377,ce20,ce100
fever:203384,bm25,bm25
fever:203386,bm25,bm25
fever:203389,ce100,ce100
fever:203392,ce20,ce100
fever:203393,ce100,ce100
fever:203395,ce20,bm25
fever:203607,bm25,bm25
fever:203610,bm25,bm25
fever:203613,ce20,ce100
fever:203614,ce20,ce100
fever:203615,bm25,bm25
fever:203617,ce20,ce100
fever:203621,ce100,ce100
fever:203622,bm25,bm25
fever:203623,bm25,bm25
fever:203625,ce20,bm25
fever:203627,bm25,bm25
fever:203695,bm25,bm25
fever:203696,ce20,ce100
fever:203701,ce20,ce100
fever:203994,bm25,bm25
fever:203995,bm25,bm25
fever:203996,ce20,ce100
fever:203997,ce20,bm25
fever:203998,bm25,bm25
fever:204002,bm25,bm25
fever:204003,ce20,bm25
fever:204008,bm25,bm25
fever:204010,bm25,bm25
fever:204015,ce20,bm25
fever:204017,ce20,ce100
fever:204020,ce100,ce100
fever:204022,ce100,ce100
fever:204024,ce100,ce100
fever:204025,ce100,ce100
fever:204026,ce100,ce100
fever:204027,ce100,ce100
fever:204030,ce100,ce100
fever:204032,ce100,ce100
fever:204033,ce20,ce100
fever:204035,ce100,ce100
fever:204037,ce100,ce100
fever:2042,ce100,ce100
fever:20424,ce100,ce100
fever:20428,bm25,bm25
fever:20429,ce20,bm25
fever:2043,ce100,ce100
fever:204300,ce100,ce100
fever:204301,ce20,ce100
fever:204302,ce20,ce100
fever:204305,ce100,ce100
fever:204306,ce100,ce100
fever:204307,ce20,ce100
fever:204309,ce20,ce100
fever:204310,ce100,ce100
fever:204312,ce20,ce100
fever:204316,ce100,ce100
fever:204321,ce100,ce100
fever:204325,ce100,ce100
fever:204326,ce100,ce100
fever:204330,ce100,ce100
fever:204331,ce100,ce100
fever:204333,ce20,bm25
fever:204334,ce20,bm25
fever:204341,ce100,ce100
fever:204342,ce20,ce100
fever:204343,ce100,ce100
fever:204344,ce20,ce100
fever:204347,ce20,ce100
fever:204349,ce100,ce100
fever:204351,ce100,ce100
fever:204352,ce100,ce100
fever:204355,ce20,ce100
fever:204356,ce100,ce100
fever:204361,ce100,ce100
fever:20440,ce100,ce100
fever:204413,ce20,ce100
fever:204415,ce20,ce100
fever:204419,ce20,ce100
fever:204421,ce20,bm25
fever:204425,bm25,bm25
fever:204431,ce20,ce100
fever:204432,ce20,bm25
fever:204436,ce20,bm25
fever:204437,ce20,ce100
fever:204440,bm25,bm25
fever:204443,ce20,bm25
fever:204444,ce20,ce100
fever:204449,ce20,bm25
fever:204450,ce20,ce100
fever:204454,bm25,bm25
fever:204457,bm25,bm25
fever:204458,bm25,bm25
fever:204545,ce100,ce100
fever:204548,ce100,ce100
fever:204549,ce20,ce100
fever:204551,ce20,ce100
fever:204555,ce100,ce100
fever:204556,ce100,ce100
fever:204557,ce100,ce100
fever:204560,ce20,ce100
fever:204563,ce20,ce100
fever:204566,ce100,ce100
fever:204568,ce20,ce100
fever:20457,ce20,ce100
fever:204571,ce100,ce100
fever:204572,ce20,ce100
fever:204575,ce20,ce100
fever:204577,ce100,ce100
fever:20458,ce20,ce100
fever:20461,ce100,ce100
fever:204627,ce20,ce100
fever:204630,ce100,ce100
fever:204631,ce20,ce100
fever:204636,ce100,ce100
fever:204637,ce20,ce100
fever:204640,ce100,ce100
fever:204641,ce20,ce100
fever:204643,ce20,ce100
fever:204645,ce20,ce100
fever:204646,ce20,ce100
fever:204647,ce20,ce100
fever:204650,ce100,ce100
fever:204651,ce100,ce100
fever:204652,ce20,ce100
fever:204653,ce20,ce100
fever:204654,ce100,ce100
fever:20492,ce20,ce100
fever:20493,ce20,ce100
fever:20497,ce20,ce100
fever:204980,ce100,ce100
fever:204981,ce100,ce100
fever:204985,ce100,ce100
fever:204997,ce100,ce100
fever:204998,ce100,ce100
fever:205004,ce100,ce100
fever:205063,ce20,ce100
fever:205065,ce20,ce100
fever:205070,ce20,ce100
fever:205073,ce20,ce100
fever:205074,ce20,ce100
fever:205075,ce20,ce100
fever:205076,ce20,ce100
fever:205079,ce20,ce100
fever:205081,ce20,ce100
fever:205083,ce20,ce100
fever:205086,ce20,ce100
fever:205088,ce20,ce100
fever:205089,ce20,ce100
fever:205090,ce20,ce100
fever:205092,ce20,ce100
fever:205093,ce20,ce100
fever:205094,ce20,ce100
fever:205095,ce20,ce100
fever:205097,ce100,ce100
fever:205099,ce100,ce100
fever:205100,ce20,ce100
fever:205102,ce20,ce100
fever:205106,ce100,ce100
fever:205107,ce100,ce100
fever:205108,ce20,ce100
fever:205114,ce20,ce100
fever:205120,ce100,ce100
fever:205121,ce20,ce100
fever:205122,ce20,ce100
fever:205123,ce100,ce100
fever:205124,ce100,ce100
fever:205125,ce20,ce100
fever:205126,ce100,ce100
fever:205129,ce20,bm25
fever:205133,ce100,ce100
fever:205134,ce20,ce100
fever:205278,ce20,ce100
fever:205280,ce100,ce100
fever:205283,ce100,ce100
fever:205286,ce100,ce100
fever:205288,ce20,ce100
fever:20561,ce20,ce100
fever:20563,ce20,ce100
fever:205631,ce20,bm25
fever:205636,ce100,ce100
fever:205639,bm25,bm25
fever:205641,ce100,ce100
fever:205643,ce100,ce100
fever:205646,ce20,bm25
fever:205648,ce20,ce100
fever:205650,ce20,ce100
fever:205652,ce100,ce100
fever:205655,ce20,ce100
fever:205656,ce100,ce100
fever:205658,ce20,bm25
fever:205660,ce20,ce100
fever:205662,ce20,bm25
fever:20569,ce100,ce100
fever:20572,ce20,ce100
fever:205725,ce100,ce100
fever:205726,ce100,ce100
fever:205731,ce100,ce100
fever:205733,ce20,ce100
fever:205738,ce100,ce100
fever:205739,ce20,ce100
fever:205745,ce100,ce100
fever:205747,ce20,ce100
fever:20590,ce100,ce100
fever:206018,ce100,ce100
fever:206021,ce100,ce100
fever:206022,ce100,ce100
fever:206023,ce100,ce100
fever:206024,ce100,ce100
fever:206026,ce100,ce100
fever:20603,ce100,ce100
fever:206030,ce100,ce100
fever:206031,ce100,ce100
fever:206034,ce100,ce100
fever:206035,ce100,ce100
fever:206038,ce100,ce100
fever:206039,ce100,ce100
fever:206040,ce100,ce100
fever:206041,ce100,ce100
fever:20605,ce20,ce100
fever:206148,ce100,ce100
fever:206150,ce100,ce100
fever:206156,ce100,ce100
fever:206157,ce100,ce100
fever:206158,ce100,ce100
fever:206159,ce100,ce100
fever:206161,ce100,ce100
fever:206163,ce100,ce100
fever:206167,ce100,ce100
fever:206169,ce100,ce100
fever:206171,ce100,ce100
fever:206173,ce100,ce100
fever:206174,ce100,ce100
fever:20623,ce100,ce100
fever:20640,ce100,ce100
fever:20641,ce100,ce100
fever:206434,ce20,ce100
fever:206436,bm25,bm25
fever:206437,bm25,bm25
fever:206441,ce20,ce100
fever:206447,ce20,ce100
fever:206449,ce20,ce100
fever:206453,ce20,ce100
fever:206454,ce100,ce100
fever:206457,ce20,ce100
fever:206458,ce20,ce100
fever:206459,ce20,ce100
fever:206465,ce20,ce100
fever:206712,ce20,bm25
fever:206715,ce20,bm25
fever:206716,ce20,bm25
fever:206717,bm25,bm25
fever:206718,ce20,bm25
fever:20672,ce20,bm25
fever:206722,bm25,bm25
fever:206723,ce20,bm25
fever:206728,ce20,ce100
fever:206730,ce20,ce100
fever:206733,ce20,bm25
fever:206737,ce20,ce100
fever:20694,ce20,ce100
fever:206984,ce20,ce100
fever:206985,ce20,ce100
fever:206988,ce20,ce100
fever:206991,ce20,ce100
fever:206992,ce20,ce100
fever:206993,ce20,ce100
fever:206994,ce20,bm25
fever:206997,ce20,ce100
fever:206998,ce20,ce100
fever:207000,ce20,bm25
fever:207001,ce20,ce100
fever:207003,ce20,ce100
fever:207006,bm25,bm25
fever:207007,ce20,ce100
fever:207008,ce20,bm25
fever:207009,ce20,ce100
fever:207010,ce20,ce100
fever:20703,bm25,bm25
fever:20708,ce20,ce100
fever:20711,ce20,ce100
fever:20720,ce100,ce100
fever:207252,bm25,bm25
fever:207256,bm25,bm25
fever:207259,ce20,bm25
fever:207260,bm25,bm25
fever:207261,ce20,ce100
fever:207263,bm25,bm25
fever:207317,ce20,ce100
fever:207320,bm25,bm25
fever:207326,bm25,bm25
fever:207328,ce20,ce100
fever:207332,ce20,ce100
fever:207334,bm25,bm25
fever:207338,ce20,ce100
fever:207341,bm25,bm25
fever:207378,ce20,bm25
fever:207379,bm25,bm25
fever:207382,ce20,bm25
fever:207383,bm25,bm25
fever:207384,bm25,bm25
fever:207387,bm25,bm25
fever:207388,ce20,bm25
fever:207390,ce20,bm25
fever:207514,ce20,ce100
fever:207517,ce100,ce100
fever:207521,ce100,ce100
fever:207525,ce20,ce100
fever:207526,ce20,ce100
fever:207527,ce100,ce100
fever:207528,ce100,ce100
fever:207531,ce100,ce100
fever:207533,ce20,ce100
fever:207534,ce100,ce100
fever:207541,ce100,ce100
fever:207543,ce100,ce100
fever:207669,ce20,ce100
fever:207676,ce20,ce100
fever:207678,ce100,ce100
fever:207693,ce100,ce100
fever:20770,bm25,bm25
fever:20782,ce20,ce100
fever:20783,ce20,ce100
fever:20807,ce100,ce100
fever:208133,ce100,ce100
fever:208134,ce20,ce100
fever:208136,ce100,ce100
fever:208139,ce100,ce100
fever:208144,ce100,ce100
fever:208146,ce100,ce100
fever:208148,ce100,ce100
fever:208149,ce100,ce100
fever:208150,ce20,ce100
fever:208151,ce20,bm25
fever:208153,ce100,ce100
fever:208154,ce100,ce100
fever:208156,ce100,ce100
fever:208157,ce100,ce100
fever:208159,ce100,ce100
fever:208410,ce20,ce100
fever:208413,ce20,ce100
fever:208414,ce20,ce100
fever:208416,ce20,ce100
fever:208418,ce20,ce100
fever:208420,ce20,bm25
fever:208422,ce20,ce100
fever:208424,ce20,bm25
fever:208426,ce20,ce100
fever:208427,ce20,ce100
fever:208429,ce20,ce100
fever:208431,ce20,bm25
fever:208433,ce20,ce100
fever:208435,ce20,ce100
fever:208438,ce20,bm25
fever:208440,ce20,ce100
fever:208441,ce20,ce100
fever:20847,ce20,ce100
fever:208896,ce100,ce100
fever:208898,ce20,ce100
fever:208900,ce20,ce100
fever:208901,ce100,ce100
fever:208903,ce100,ce100
fever:208906,ce100,ce100
fever:208908,ce100,ce100
fever:208910,ce100,ce100
fever:208911,ce20,ce100
fever:208912,ce100,ce100
fever:208916,ce100,ce100
fever:208917,ce100,ce100
fever:208918,ce100,ce100
fever:208919,ce100,ce100
fever:208924,ce100,ce100
fever:208927,ce100,ce100
fever:209084,ce20,bm25
fever:209085,ce20,ce100
fever:209086,ce20,ce100
fever:209087,ce20,ce100
fever:209088,ce20,ce100
fever:209092,ce20,ce100
fever:209093,ce20,ce100
fever:209095,ce20,ce100
fever:209096,ce20,ce100
fever:209097,ce20,ce100
fever:209098,ce20,bm25
fever:209099,ce20,ce100
fever:209101,bm25,bm25
fever:209102,ce100,ce100
fever:209103,bm25,bm25
fever:209107,ce20,ce100
fever:209109,ce20,ce100
fever:209114,ce100,ce100
fever:209117,ce20,ce100
fever:209119,ce100,ce100
fever:209122,ce20,ce100
fever:209123,ce20,bm25
fever:20925,bm25,bm25
fever:20926,bm25,bm25
fever:209341,ce100,ce100
fever:209342,ce100,ce100
fever:209346,ce20,ce100
fever:209350,ce100,ce100
fever:209352,ce100,ce100
fever:209354,bm25,bm25
fever:209355,ce20,ce100
fever:209356,ce100,ce100
fever:209358,ce100,ce100
fever:209360,ce20,ce100
fever:20954,bm25,bm25
fever:209845,ce20,ce100
fever:209846,ce20,ce100
fever:209849,ce20,ce100
fever:209852,bm25,bm25
fever:209855,bm25,bm25
fever:209856,ce20,ce100
fever:209857,ce20,ce100
fever:209858,ce20,bm25
fever:209859,ce100,ce100
fever:209860,ce20,ce100
fever:209861,ce20,ce100
fever:209863,ce20,ce100
fever:209869,ce100,ce100
fever:209872,ce20,ce100
fever:209874,ce100,ce100
fever:209877,ce20,ce100
fever:209879,ce20,ce100
fever:209880,ce100,ce100
fever:209881,ce100,ce100
fever:209884,ce20,ce100
fever:209888,ce100,ce100
fever:21008,bm25,bm25
fever:210206,ce20,ce100
fever:210212,ce20,ce100
fever:21026,ce20,ce100
fever:21027,bm25,bm25
fever:21032,ce20,bm25
fever:21033,ce20,ce100
fever:2106,ce20,bm25
fever:21072,ce100,ce100
fever:21085,bm25,bm25
fever:211007,ce100,ce100
fever:211009,ce100,ce100
fever:211010,ce100,ce100
fever:211011,ce100,ce100
fever:211013,ce100,ce100
fever:211015,ce100,ce100
fever:211016,ce100,ce100
fever:211017,ce100,ce100
fever:211019,ce20,ce100
fever:211021,ce100,ce100
fever:211022,ce100,ce100
fever:211025,ce100,ce100
fever:211026,ce100,ce100
fever:211027,ce100,ce100
fever:21110,bm25,bm25
fever:211271,ce20,ce100
fever:211277,ce20,ce100
fever:211278,ce20,ce100
fever:211282,ce100,ce100
fever:211286,ce20,ce100
fever:211287,ce100,ce100
fever:211288,ce20,ce100
fever:211290,ce100,ce100
fever:211291,ce20,bm25
fever:211294,ce100,ce100
fever:211304,ce20,ce100
fever:21138,ce20,ce100
fever:21145,ce100,ce100
fever:21146,ce100,ce100
fever:211770,ce20,ce100
fever:211771,ce20,ce100
fever:211772,ce100,ce100
fever:211774,ce100,ce100
fever:211775,ce100,ce100
fever:211776,ce100,ce100
fever:211777,ce20,ce100
fever:211781,ce100,ce100
fever:211783,ce100,ce100
fever:211784,ce100,ce100
fever:211788,ce100,ce100
fever:211789,ce20,ce100
fever:211792,ce100,ce100
fever:211798,ce20,ce100
fever:211799,ce100,ce100
fever:211802,ce100,ce100
fever:211803,ce100,ce100
fever:211848,bm25,bm25
fever:211851,ce20,bm25
fever:211857,ce20,ce100
fever:211859,ce100,ce100
fever:211863,ce20,ce100
fever:211866,ce20,bm25
fever:21187,ce100,ce100
fever:211872,ce100,ce100
fever:21188,ce100,ce100
fever:21189,ce20,ce100
fever:21190,ce20,ce100
fever:212029,ce20,ce100
fever:212030,ce20,ce100
fever:212035,ce100,ce100
fever:212038,ce20,ce100
fever:212039,ce100,ce100
fever:21204,ce20,ce100
fever:212052,ce20,ce100
fever:212055,ce20,ce100
fever:21211,ce100,ce100
fever:212183,bm25,bm25
fever:212186,bm25,bm25
fever:212187,bm25,bm25
fever:212188,bm25,bm25
fever:212190,bm25,bm25
fever:212192,bm25,bm25
fever:212193,bm25,bm25
fever:212194,bm25,bm25
fever:212195,ce20,ce100
fever:212197,bm25,bm25
fever:212198,bm25,bm25
fever:212202,bm25,bm25
fever:212203,ce20,bm25
fever:212206,ce20,bm25
fever:212209,ce20,ce100
fever:21221,ce100,ce100
fever:212211,ce20,bm25
fever:212212,ce20,ce100
fever:212214,ce20,ce100
fever:212216,ce20,ce100
fever:212217,ce20,ce100
fever:212218,ce20,bm25
fever:212221,ce20,bm25
fever:212225,ce20,ce100
fever:212226,ce20,ce100
fever:212228,ce20,ce100
fever:212237,ce20,ce100
fever:212241,ce20,bm25
fever:212243,ce20,bm25
fever:212244,ce20,ce100
fever:21228,ce20,bm25
fever:212309,ce20,bm25
fever:212313,ce20,ce100
fever:212314,ce20,ce100
fever:212317,ce20,bm25
fever:212318,ce20,bm25
fever:212321,bm25,bm25
fever:212324,ce20,bm25
fever:212329,ce20,ce100
fever:212331,ce20,ce100
fever:212333,ce20,ce100
fever:212335,bm25,bm25
fever:212339,ce20,ce100
fever:212340,ce20,ce100
fever:21235,bm25,bm25
fever:21236,ce20,ce100
fever:21253,ce100,ce100
fever:21270,ce100,ce100
fever:21274,bm25,bm25
fever:212767,ce20,ce100
fever:212768,ce20,ce100
fever:212774,ce100,ce100
fever:212779,ce20,ce100
fever:212780,ce100,ce100
fever:21281,ce100,ce100
fever:21313,ce100,ce100
fever:21314,ce100,ce100
fever:21320,ce20,ce100
fever:213428,ce20,ce100
fever:213435,ce100,ce100
fever:213436,ce20,ce100
fever:213437,ce20,ce100
fever:213439,ce100,ce100
fever:213442,ce100,ce100
fever:213444,ce100,ce100
fever:213449,ce100,ce100
fever:21345,bm25,bm25
fever:213451,ce100,ce100
fever:213453,ce100,ce100
fever:21376,bm25,bm25
fever:213924,bm25,bm25
fever:213927,bm25,bm25
fever:213928,ce20,bm25
fever:213930,bm25,bm25
fever:213935,bm25,bm25
fever:213936,ce20,bm25
fever:213937,bm25,bm25
fever:213940,bm25,bm25
fever:213941,ce20,bm25
fever:213943,bm25,bm25
fever:213945,bm25,bm25
fever:213948,bm25,bm25
fever:213949,bm25,bm25
fever:213952,bm25,bm25
fever:213953,bm25,bm25
fever:213954,bm25,bm25
fever:213955,bm25,bm25
fever:21404,ce20,ce100
fever:21405,ce20,ce100
fever:214238,ce100,ce100
fever:214247,ce20,ce100
fever:214256,ce20,ce100
fever:214258,ce20,bm25
fever:214262,ce20,ce100
fever:214266,ce100,ce100
fever:214268,ce100,ce100
fever:214270,ce20,ce100
fever:214271,ce100,ce100
fever:214272,ce100,ce100
fever:2144,ce20,ce100
fever:2147,ce20,ce100
fever:214780,bm25,bm25
fever:214784,ce20,ce100
fever:214785,bm25,bm25
fever:214787,ce20,bm25
fever:214789,bm25,bm25
fever:214790,bm25,bm25
fever:214799,ce20,ce100
fever:21483,ce20,ce100
fever:21493,ce100,ce100
fever:21494,ce100,ce100
fever:21495,ce20,ce100
fever:214973,ce20,bm25
fever:214974,bm25,bm25
fever:214975,bm25,bm25
fever:214976,ce20,bm25
fever:214977,ce20,bm25
fever:214982,ce20,ce100
fever:214985,ce20,bm25
fever:214986,ce20,ce100
fever:214988,ce20,ce100
fever:214989,ce20,ce100
fever:2150,ce100,ce100
fever:2151,ce100,ce100
fever:215113,ce100,ce100
fever:215121,ce100,ce100
fever:215122,ce100,ce100
fever:215123,ce100,ce100
fever:215125,ce20,ce100
fever:215128,ce100,ce100
fever:215129,ce20,ce100
fever:215130,ce20,ce100
fever:215131,ce100,ce100
fever:215135,ce20,ce100
fever:215137,ce20,ce100
fever:215140,ce20,ce100
fever:215199,ce20,ce100
fever:215200,ce20,ce100
fever:215201,ce20,ce100
fever:215202,ce20,ce100
fever:215206,ce20,ce100
fever:215211,ce20,ce100
fever:215215,ce20,ce100
fever:215218,ce100,ce100
fever:215224,ce20,ce100
fever:215226,ce100,ce100
fever:215227,ce20,ce100
fever:215230,bm25,bm25
fever:215267,ce100,ce100
fever:215272,ce20,ce100
fever:215274,ce100,ce100
fever:215276,ce100,ce100
fever:215277,ce100,ce100
fever:215279,ce100,ce100
fever:215283,ce100,ce100
fever:215285,ce20,ce100
fever:215476,ce20,bm25
fever:215477,ce20,ce100
fever:215479,ce20,ce100
fever:215482,ce20,ce100
fever:215484,ce100,ce100
fever:215487,ce20,ce100
fever:215490,ce20,ce100
fever:215491,ce100,ce100
fever:215493,ce20,ce100
fever:215495,ce20,ce100
fever:215497,ce100,ce100
fever:215498,ce100,ce100
fever:215500,ce20,ce100
fever:215502,ce100,ce100
fever:215503,ce20,bm25
fever:215504,ce20,ce100
fever:215506,ce100,ce100
fever:215507,ce100,ce100
fever:215510,ce100,ce100
fever:21558,ce100,ce100
fever:21564,ce20,bm25
fever:21566,ce20,ce100
fever:215851,ce20,ce100
fever:215853,ce100,ce100
fever:215859,ce20,ce100
fever:215860,ce20,ce100
fever:215861,ce100,ce100
fever:215862,ce100,ce100
fever:215865,ce100,ce100
fever:215867,ce100,ce100
fever:215872,ce100,ce100
fever:215873,ce100,ce100
fever:215874,ce20,ce100
fever:215875,ce100,ce100
fever:215878,ce20,bm25
fever:21588,ce20,ce100
fever:21607,ce100,ce100
fever:21617,ce100,ce100
fever:216179,ce20,ce100
fever:216186,ce100,ce100
fever:216188,ce100,ce100
fever:216192,ce20,bm25
fever:216193,ce20,bm25
fever:216196,ce100,ce100
fever:216197,ce20,ce100
fever:216347,ce20,ce100
fever:216349,ce20,bm25
fever:216351,ce20,ce100
fever:216352,ce100,ce100
fever:216356,ce20,ce100
fever:216358,ce100,ce100
fever:216360,ce20,ce100
fever:216362,ce20,ce100
fever:216363,ce20,ce100
fever:216364,ce100,ce100
fever:216365,bm25,bm25
fever:216366,ce20,ce100
fever:216367,ce100,ce100
fever:216368,ce20,ce100
fever:216381,ce100,ce100
fever:216382,ce100,ce100
fever:216384,ce20,ce100
fever:216387,ce100,ce100
fever:216389,ce100,ce100
fever:216390,bm25,bm25
fever:216392,ce20,bm25
fever:216393,ce20,ce100
fever:216395,ce100,ce100
fever:216397,ce100,ce100
fever:216399,ce20,ce100
fever:216401,ce20,ce100
fever:21644,ce20,ce100
fever:21647,ce20,ce100
fever:216578,ce20,bm25
fever:216581,bm25,bm25
fever:216583,bm25,bm25
fever:216585,bm25,bm25
fever:216591,bm25,bm25
fever:216593,bm25,bm25
fever:216594,bm25,bm25
fever:216595,bm25,bm25
fever:216597,bm25,bm25
fever:216599,bm25,bm25
fever:216771,ce100,ce100
fever:216774,ce20,ce100
fever:216777,ce100,ce100
fever:216779,ce100,ce100
fever:216780,ce20,ce100
fever:216781,ce20,ce100
fever:216783,ce20,ce100
fever:216784,ce20,ce100
fever:216790,ce100,ce100
fever:216791,ce100,ce100
fever:216793,ce20,ce100
fever:216795,ce20,ce100
fever:216798,ce100,ce100
fever:216799,ce20,ce100
fever:217014,ce20,ce100
fever:217018,ce20,ce100
fever:217023,ce20,ce100
fever:217024,ce20,bm25
fever:217025,ce20,bm25
fever:217027,ce20,ce100
fever:217091,bm25,bm25
fever:217093,bm25,bm25
fever:217094,bm25,bm25
fever:217102,bm25,bm25
fever:217107,bm25,bm25
fever:217111,bm25,bm25
fever:217115,bm25,bm25
fever:21716,ce20,bm25
fever:217166,ce20,ce100
fever:217167,ce100,ce100
fever:217168,ce20,ce100
fever:217170,bm25,bm25
fever:217172,ce20,ce100
fever:217177,ce20,ce100
fever:217179,ce20,ce100
fever:217181,bm25,bm25
fever:217182,ce20,ce100
fever:217187,ce100,ce100
fever:21719,ce20,bm25
fever:217194,bm25,bm25
fever:217195,ce100,ce100
fever:217196,ce100,ce100
fever:217197,ce100,ce100
fever:217198,ce20,ce100
fever:21720,ce100,ce100
fever:217201,ce20,ce100
fever:217205,ce20,ce100
fever:217210,ce20,ce100
fever:217212,ce20,ce100
fever:217215,ce100,ce100
fever:217217,ce100,ce100
fever:217221,bm25,bm25
fever:21728,ce100,ce100
fever:217379,ce20,bm25
fever:217380,ce100,ce100
fever:217381,bm25,bm25
fever:217390,ce20,bm25
fever:217391,ce100,ce100
fever:217658,ce20,ce100
fever:217660,ce20,ce100
fever:217662,ce20,bm25
fever:217666,ce20,ce100
fever:217669,ce20,ce100
fever:217670,ce20,ce100
fever:217671,ce20,ce100
fever:217672,ce20,ce100
fever:217676,ce20,ce100
fever:217678,ce20,ce100
fever:217680,ce100,ce100
fever:217683,ce100,ce100
fever:217684,ce100,ce100
fever:21775,ce100,ce100
fever:21784,ce20,ce100
fever:21785,ce20,ce100
fever:21804,ce100,ce100
fever:218090,ce100,ce100
fever:218092,ce100,ce100
fever:218094,ce100,ce100
fever:218096,ce100,ce100
fever:218097,ce100,ce100
fever:218099,ce100,ce100
fever:218101,ce20,ce100
fever:218102,ce100,ce100
fever:218104,ce100,ce100
fever:218105,ce20,ce100
fever:218107,ce100,ce100
fever:218109,ce100,ce100
fever:218110,ce100,ce100
fever:218111,ce100,ce100
fever:218112,ce100,ce100
fever:218113,ce100,ce100
fever:218114,ce20,ce100
fever:218115,ce100,ce100
fever:218232,ce100,ce100
fever:218233,ce100,ce100
fever:218235,ce100,ce100
fever:218237,ce20,ce100
fever:218238,ce20,ce100
fever:218239,ce100,ce100
fever:218240,ce20,ce100
fever:218242,ce20,ce100
fever:218243,ce100,ce100
fever:218244,ce20,ce100
fever:218245,ce20,ce100
fever:218246,ce20,ce100
fever:218248,ce100,ce100
fever:218249,ce100,ce100
fever:218252,ce100,ce100
fever:218358,ce100,ce100
fever:218361,ce100,ce100
fever:218362,ce20,ce100
fever:218367,ce100,ce100
fever:218368,ce100,ce100
fever:218370,ce100,ce100
fever:218371,ce20,ce100
fever:218372,ce20,ce100
fever:218373,ce20,ce100
fever:218462,ce20,ce100
fever:218468,ce20,ce100
fever:218469,ce20,ce100
fever:218471,ce20,ce100
fever:218472,ce20,ce100
fever:218474,ce20,ce100
fever:218475,ce20,ce100
fever:218476,ce20,bm25
fever:218479,ce20,ce100
fever:218481,ce20,ce100
fever:21852,ce20,ce100
fever:21853,ce100,ce100
fever:21854,ce20,ce100
fever:21858,ce100,ce100
fever:21875,ce100,ce100
fever:21882,ce20,ce100
fever:21883,ce20,ce100
fever:21888,ce100,ce100
fever:21899,ce20,ce100
fever:219025,ce100,ce100
fever:219028,ce100,ce100
fever:219030,ce100,ce100
fever:219033,ce100,ce100
fever:219036,ce100,ce100
fever:219123,ce100,ce100
fever:219125,ce20,ce100
fever:219126,bm25,bm25
fever:219128,ce100,ce100
fever:219130,ce100,ce100
fever:219132,ce100,ce100
fever:219139,ce100,ce100
fever:219142,ce100,ce100
fever:219144,ce20,ce100
fever:219146,ce100,ce100
fever:219149,ce20,ce100
fever:219151,ce100,ce100
fever:219153,ce100,ce100
fever:219155,ce100,ce100
fever:219161,ce20,ce100
fever:219164,ce20,ce100
fever:219165,ce20,ce100
fever:219171,ce20,ce100
fever:219173,ce100,ce100
fever:219188,ce20,ce100
fever:219189,ce20,ce100
fever:219190,bm25,bm25
fever:219200,bm25,bm25
fever:219202,ce100,ce100
fever:219205,ce20,ce100
fever:219276,ce20,bm25
fever:219278,ce20,ce100
fever:219284,ce20,bm25
fever:219285,ce20,ce100
fever:219289,ce20,ce100
fever:219291,ce20,bm25
fever:219294,ce20,ce100
fever:219295,ce20,ce100
fever:219298,ce20,ce100
fever:219299,ce20,ce100
fever:219303,ce20,ce100
fever:219305,ce20,ce100
fever:21933,ce100,ce100
fever:21958,bm25,bm25
fever:21959,bm25,bm25
fever:219674,ce100,ce100
fever:219675,ce100,ce100
fever:219676,ce100,ce100
fever:219684,ce100,ce100
fever:219686,ce100,ce100
fever:219688,ce100,ce100
fever:219691,ce100,ce100
fever:219693,ce100,ce100
fever:2197,bm25,bm25
fever:219704,ce100,ce100
fever:219708,ce100,ce100
fever:21986,ce20,ce100
fever:21990,ce100,ce100
fever:22002,ce100,ce100
fever:22017,ce20,bm25
fever:220200,ce20,ce100
fever:220201,ce20,bm25
fever:220204,ce20,ce100
fever:220205,ce20,bm25
fever:220207,ce100,ce100
fever:220212,bm25,bm25
fever:220214,ce20,ce100
fever:220215,bm25,bm25
fever:220216,ce20,bm25
fever:220219,ce20,ce100
fever:220234,bm25,bm25
fever:220235,bm25,bm25
fever:220237,bm25,bm25
fever:220238,ce100,ce100
fever:220239,ce100,ce100
fever:220243,ce100,ce100
fever:220248,ce20,ce100
fever:220251,ce20,ce100
fever:220278,bm25,bm25
fever:220279,ce100,ce100
fever:220280,ce20,ce100
fever:220282,ce20,ce100
fever:220284,ce20,ce100
fever:220288,ce20,ce100
fever:220290,ce20,ce100
fever:220291,ce20,ce100
fever:220296,ce20,ce100
fever:22042,ce20,ce100
fever:22043,ce100,ce100
fever:220439,ce100,ce100
fever:220442,ce100,ce100
fever:220446,ce100,ce100
fever:220447,ce100,ce100
fever:220449,bm25,bm25
fever:220452,ce20,ce100
fever:220461,bm25,bm25
fever:220464,ce100,ce100
fever:220466,ce100,ce100
fever:22089,ce20,ce100
fever:22092,ce100,ce100
fever:22093,ce100,ce100
fever:220949,ce20,ce100
fever:220952,ce20,ce100
fever:220958,ce100,ce100
fever:22096,ce20,ce100
fever:220963,ce100,ce100
fever:220969,ce100,ce100
fever:220974,ce100,ce100
fever:220975,ce20,ce100
fever:220977,ce100,ce100
fever:220980,ce100,ce100
fever:220989,ce100,ce100
fever:22103,ce20,bm25
fever:221071,ce20,ce100
fever:221072,ce100,ce100
fever:221073,ce100,ce100
fever:221076,ce100,ce100
fever:221077,ce100,ce100
fever:221081,ce100,ce100
fever:221085,ce100,ce100
fever:221086,ce100,ce100
fever:221087,ce100,ce100
fever:221090,ce100,ce100
fever:221093,ce100,ce100
fever:221120,ce100,ce100
fever:221121,ce100,ce100
fever:221124,ce100,ce100
fever:221126,ce20,ce100
fever:221127,ce100,ce100
fever:221129,ce100,ce100
fever:221131,ce100,ce100
fever:221132,ce100,ce100
fever:221135,ce20,ce100
fever:221137,ce100,ce100
fever:221146,ce20,ce100
fever:221148,ce100,ce100
fever:221152,ce100,ce100
fever:22116,ce20,ce100
fever:221237,ce20,ce100
fever:221240,ce20,ce100
fever:221241,ce100,ce100
fever:221244,ce20,ce100
fever:221245,ce20,ce100
fever:221249,ce100,ce100
fever:221250,ce100,ce100
fever:221251,ce20,ce100
fever:221252,ce100,ce100
fever:221256,ce20,ce100
fever:221257,ce20,ce100
fever:22126,ce20,ce100
fever:22186,ce20,ce100
fever:22187,ce100,ce100
fever:22192,ce20,ce100
fever:22193,ce100,ce100
fever:22194,ce100,ce100
fever:22195,ce100,ce100
fever:22201,ce20,ce100
fever:222024,ce20,ce100
fever:222026,ce20,ce100
fever:222027,ce20,ce100
fever:222028,ce20,ce100
fever:222030,ce20,ce100
fever:222031,ce20,bm25
fever:222033,ce20,ce100
fever:222035,ce20,ce100
fever:222036,ce20,ce100
fever:222041,ce20,ce100
fever:222042,ce20,ce100
fever:222043,ce20,ce100
fever:222045,ce20,ce100
fever:222046,ce20,ce100
fever:222049,ce20,ce100
fever:222161,ce20,ce100
fever:222162,ce100,ce100
fever:222169,ce100,ce100
fever:222170,ce100,ce100
fever:222171,ce20,ce100
fever:222172,ce100,ce100
fever:222173,ce20,ce100
fever:222174,ce20,ce100
fever:22220,ce20,bm25
fever:2223,ce100,ce100
fever:22255,ce20,bm25
fever:222643,ce20,ce100
fever:222645,ce100,ce100
fever:222647,ce100,ce100
fever:222650,ce20,ce100
fever:222651,ce20,ce100
fever:222652,ce100,ce100
fever:222654,ce100,ce100
fever:22266,bm25,bm25
fever:222660,ce100,ce100
fever:222661,ce100,ce100
fever:222662,ce20,ce100
fever:222715,bm25,bm25
fever:222717,ce20,ce100
fever:222719,ce100,ce100
fever:222721,ce20,ce100
fever:222724,ce20,ce100
fever:222725,ce20,bm25
fever:222728,ce20,ce100
fever:222730,ce20,ce100
fever:222732,ce20,ce100
fever:222735,ce20,ce100
fever:222737,ce20,ce100
fever:222738,ce100,ce100
fever:222741,ce20,ce100
fever:222745,ce20,ce100
fever:222746,ce100,ce100
fever:222748,ce100,ce100
fever:222754,ce20,ce100
fever:222755,ce100,ce100
fever:222757,ce100,ce100
fever:222759,ce100,ce100
fever:222760,ce20,ce100
fever:222761,ce100,ce100
fever:222763,ce100,ce100
fever:222764,ce100,ce100
fever:222765,ce100,ce100
fever:222767,ce100,ce100
fever:222768,ce20,ce100
fever:222770,ce100,ce100
fever:222772,ce20,ce100
fever:222775,ce20,ce100
fever:222875,ce20,ce100
fever:222881,ce100,ce100
fever:222887,ce100,ce100
fever:222888,ce100,ce100
fever:222895,ce100,ce100
fever:222896,ce20,ce100
fever:222899,ce100,ce100
fever:223,ce100,ce100
fever:22309,ce20,ce100
fever:2231,ce20,bm25
fever:22310,ce100,ce100
fever:223201,ce100,ce100
fever:223202,ce100,ce100
fever:223203,ce20,ce100
fever:223204,ce20,ce100
fever:223205,ce100,ce100
fever:223208,ce100,ce100
fever:223210,ce20,ce100
fever:223212,ce100,ce100
fever:223214,ce100,ce100
fever:223219,ce100,ce100
fever:223220,ce100,ce100
fever:223271,ce20,ce100
fever:223272,bm25,bm25
fever:223273,ce20,ce100
fever:223274,ce100,ce100
fever:223278,ce20,bm25
fever:223279,ce20,ce100
fever:223288,ce20,ce100
fever:223291,ce20,ce100
fever:223294,ce20,ce100
fever:223295,ce20,ce100
fever:223334,ce20,ce100
fever:223337,ce20,ce100
fever:223338,ce20,ce100
fever:223339,ce20,ce100
fever:223340,ce100,ce100
fever:223342,ce20,ce100
fever:223343,ce20,ce100
fever:223346,ce20,ce100
fever:223349,ce20,ce100
fever:223350,ce20,ce100
fever:223351,ce100,ce100
fever:223352,ce100,ce100
fever:223487,ce20,ce100
fever:223488,ce100,ce100
fever:223489,bm25,bm25
fever:223491,ce20,ce100
fever:223493,ce100,ce100
fever:223495,ce100,ce100
fever:223499,bm25,bm25
fever:22355,ce100,ce100
fever:223664,ce100,ce100
fever:223667,ce20,ce100
fever:223668,ce100,ce100
fever:223669,ce100,ce100
fever:223670,ce20,ce100
fever:223675,ce20,ce100
fever:223678,ce20,ce100
fever:223682,ce20,ce100
fever:223692,ce20,ce100
fever:223693,ce20,ce100
fever:22370,ce20,ce100
fever:223707,ce20,ce100
fever:22371,ce20,ce100
fever:223767,bm25,bm25
fever:223768,ce20,bm25
fever:223771,ce20,ce100
fever:223774,ce20,ce100
fever:223775,bm25,bm25
fever:223780,ce20,ce100
fever:22409,ce20,ce100
fever:224114,ce20,ce100
fever:224115,ce20,ce100
fever:224122,ce20,ce100
fever:224125,ce20,ce100
fever:224127,ce20,ce100
fever:224131,ce20,ce100
fever:224133,ce20,ce100
fever:224134,ce20,ce100
fever:224136,ce20,ce100
fever:224137,ce20,ce100
fever:224139,ce20,ce100
fever:224140,ce20,ce100
fever:224141,ce20,ce100
fever:224145,ce20,ce100
fever:224184,ce20,ce100
fever:224186,ce20,bm25
fever:224187,ce100,ce100
fever:22419,ce100,ce100
fever:224191,bm25,bm25
fever:224192,ce20,ce100
fever:224193,ce20,ce100
fever:224195,ce20,ce100
fever:224197,ce100,ce100
fever:224200,ce20,ce100
fever:224201,bm25,bm25
fever:224202,ce100,ce100
fever:22435,ce20,ce100
fever:224369,ce100,ce100
fever:224370,ce100,ce100
fever:224371,ce100,ce100
fever:224373,ce100,ce100
fever:224374,ce100,ce100
fever:224376,ce100,ce100
fever:224378,ce100,ce100
fever:224379,ce100,ce100
fever:224381,ce100,ce100
fever:224384,ce100,ce100
fever:22441,ce20,bm25
fever:224552,bm25,bm25
fever:224553,bm25,bm25
fever:224557,bm25,bm25
fever:224558,ce20,ce100
fever:224562,ce20,ce100
fever:224566,ce20,ce100
fever:224567,ce100,ce100
fever:224568,ce100,ce100
fever:224569,ce100,ce100
fever:224572,ce100,ce100
fever:224573,ce20,ce100
fever:22480,ce20,bm25
fever:22491,ce100,ce100
fever:22495,ce100,ce100
fever:224956,ce100,ce100
fever:224959,ce20,ce100
fever:224964,ce100,ce100
fever:224968,ce100,ce100
fever:22507,ce20,ce100
fever:22518,ce20,ce100
fever:225236,ce20,ce100
fever:225237,ce20,ce100
fever:225239,ce20,ce100
fever:225250,ce20,ce100
fever:225252,ce20,bm25
fever:225253,ce20,ce100
fever:225254,ce20,ce100
fever:225255,ce20,ce100
fever:225258,ce20,ce100
fever:225262,ce20,ce100
fever:225265,ce100,ce100
fever:225266,ce100,ce100
fever:225267,ce100,ce100
fever:225269,ce100,ce100
fever:225273,ce20,ce100
fever:225277,ce100,ce100
fever:225278,ce100,ce100
fever:225281,ce20,ce100
fever:225283,ce20,bm25
fever:225285,bm25,bm25
fever:225288,bm25,bm25
fever:225289,ce100,ce100
fever:225291,ce20,ce100
fever:225294,ce100,ce100
fever:225295,ce20,bm25
fever:225296,ce20,ce100
fever:225297,ce20,ce100
fever:225298,ce20,ce100
fever:225301,ce20,ce100
fever:225303,ce20,ce100
fever:225308,ce20,ce100
fever:225312,ce20,bm25
fever:225313,bm25,bm25
fever:225722,ce100,ce100
fever:225723,ce100,ce100
fever:225726,ce20,ce100
fever:225739,ce20,ce100
fever:225744,ce100,ce100
fever:225747,ce100,ce100
fever:225748,ce100,ce100
fever:225749,bm25,bm25
fever:225790,ce20,ce100
fever:225791,ce100,ce100
fever:225792,ce100,ce100
fever:225794,ce100,ce100
fever:225797,ce20,ce100
fever:225800,ce100,ce100
fever:225802,ce100,ce100
fever:225803,ce20,ce100
fever:225804,ce100,ce100
fever:225810,ce100,ce100
fever:225811,ce100,ce100
fever:225814,ce100,ce100
fever:225817,ce100,ce100
fever:225819,ce100,ce100
fever:225820,ce100,ce100
fever:225823,ce100,ce100
fever:225826,ce20,ce100
fever:225863,ce100,ce100
fever:225865,ce100,ce100
fever:225868,ce100,ce100
fever:225871,ce100,ce100
fever:225872,ce100,ce100
fever:225873,ce100,ce100
fever:225874,ce100,ce100
fever:22609,ce20,ce100
fever:226092,ce20,ce100
fever:226095,bm25,bm25
fever:226098,ce20,ce100
fever:226100,bm25,bm25
fever:226101,ce20,bm25
fever:226102,ce20,ce100
fever:226105,ce20,ce100
fever:226106,ce20,ce100
fever:226107,ce20,ce100
fever:226113,ce20,ce100
fever:226114,ce20,ce100
fever:226115,ce20,ce100
fever:226119,bm25,bm25
fever:226121,ce20,bm25
fever:226122,bm25,bm25
fever:226127,ce20,ce100
fever:226135,ce20,ce100
fever:226136,ce20,bm25
fever:226137,ce20,ce100
fever:226139,ce20,ce100
fever:226143,ce20,ce100
fever:226146,ce20,ce100
fever:226147,bm25,bm25
fever:22615,bm25,bm25
fever:226153,ce20,ce100
fever:226158,ce100,ce100
fever:22619,ce20,ce100
fever:22620,ce20,ce100
fever:22623,ce100,ce100
fever:22633,ce20,ce100
fever:22638,ce100,ce100
fever:22639,ce20,ce100
fever:226440,ce20,bm25
fever:226441,ce20,ce100
fever:226444,ce20,ce100
fever:226445,ce20,ce100
fever:226451,ce20,ce100
fever:226454,ce20,ce100
fever:226457,bm25,bm25
fever:226458,ce20,bm25
fever:226840,ce100,ce100
fever:226843,ce20,ce100
fever:226845,ce20,ce100
fever:226848,ce20,ce100
fever:226849,ce100,ce100
fever:226850,ce20,ce100
fever:226851,ce100,ce100
fever:226853,ce20,ce100
fever:226855,ce20,ce100
fever:226856,ce100,ce100
fever:226857,ce100,ce100
fever:226858,ce20,ce100
fever:226860,bm25,bm25
fever:226862,ce20,bm25
fever:226864,ce20,ce100
fever:22687,ce20,bm25
fever:226871,ce20,bm25
fever:226877,bm25,bm25
fever:226878,ce20,bm25
fever:226880,ce20,ce100
fever:226885,bm25,bm25
fever:2270,ce20,ce100
fever:227067,ce100,ce100
fever:227068,ce20,ce100
fever:227070,ce100,ce100
fever:227072,ce20,ce100
fever:227073,ce20,ce100
fever:227080,ce20,ce100
fever:227081,ce20,ce100
fever:227083,ce20,ce100
fever:227084,ce100,ce100
fever:227085,ce20,ce100
fever:227087,ce20,ce100
fever:227088,ce20,bm25
fever:227090,ce20,bm25
fever:227092,bm25,bm25
fever:227093,bm25,bm25
fever:227095,ce20,bm25
fever:227096,bm25,bm25
fever:227097,ce20,bm25
fever:227098,ce100,ce100
fever:227101,ce20,ce100
fever:227103,ce20,bm25
fever:227109,ce100,ce100
fever:227112,ce20,bm25
fever:227116,ce100,ce100
fever:227120,ce20,ce100
fever:227121,ce20,ce100
fever:227122,ce20,ce100
fever:227129,ce20,ce100
fever:227130,ce100,ce100
fever:227132,ce100,ce100
fever:227133,ce20,bm25
fever:227135,ce100,ce100
fever:227139,ce20,ce100
fever:227140,ce100,ce100
fever:22724,ce20,ce100
fever:22725,bm25,bm25
fever:22726,bm25,bm25
fever:22729,ce20,ce100
fever:227347,ce20,bm25
fever:227348,ce20,ce100
fever:227349,ce100,ce100
fever:227350,ce20,ce100
fever:227355,ce100,ce100
fever:227356,ce100,ce100
fever:227357,ce100,ce100
fever:227360,ce20,ce100
fever:227361,ce20,ce100
fever:227362,ce100,ce100
fever:227363,ce100,ce100
fever:227365,ce100,ce100
fever:227369,ce20,ce100
fever:227372,ce20,ce100
fever:227373,ce100,ce100
fever:22744,ce100,ce100
fever:227771,bm25,bm25
fever:227773,ce20,ce100
fever:227775,ce100,ce100
fever:227779,ce100,ce100
fever:227788,ce100,ce100
fever:227789,ce100,ce100
fever:227791,ce100,ce100
fever:22782,ce20,bm25
fever:22804,bm25,bm25
fever:22805,ce20,bm25
fever:228061,ce20,ce100
fever:228062,ce20,ce100
fever:228063,ce20,bm25
fever:228066,ce20,bm25
fever:22807,ce20,bm25
fever:228070,ce20,ce100
fever:228071,ce20,ce100
fever:228073,ce20,bm25
fever:228074,ce20,ce100
fever:228080,ce20,ce100
fever:228086,ce20,ce100
fever:228088,ce20,ce100
fever:228318,ce100,ce100
fever:228320,ce100,ce100
fever:228323,ce100,ce100
fever:228324,ce100,ce100
fever:228334,ce100,ce100
fever:228335,ce100,ce100
fever:228341,ce100,ce100
fever:228343,ce100,ce100
fever:228345,ce100,ce100
fever:228350,ce20,ce100
fever:228351,ce100,ce100
fever:228430,ce20,bm25
fever:228432,ce100,ce100
fever:22846,ce20,ce100
fever:22851,ce20,bm25
fever:228568,ce100,ce100
fever:228571,ce100,ce100
fever:228572,ce100,ce100
fever:228576,ce100,ce100
fever:228586,ce100,ce100
fever:22861,ce20,ce100
fever:22862,ce20,ce100
fever:228689,ce100,ce100
fever:228690,ce100,ce100
fever:228693,ce100,ce100
fever:228694,ce100,ce100
fever:22871,ce20,ce100
fever:22929,ce20,bm25
fever:229303,ce100,ce100
fever:229304,ce100,ce100
fever:229305,ce20,ce100
fever:229309,ce100,ce100
fever:229311,ce100,ce100
fever:229312,ce100,ce100
fever:229317,ce100,ce100
fever:229319,ce100,ce100
fever:22942,ce20,ce100
fever:22944,ce20,ce100
fever:2295,bm25,bm25
fever:23012,ce20,ce100
fever:23063,ce20,ce100
fever:23075,ce20,ce100
fever:23080,ce20,ce100
fever:23118,ce20,ce100
fever:23126,ce20,ce100
fever:23137,ce20,ce100
fever:23147,ce100,ce100
fever:23148,ce100,ce100
fever:23153,ce20,ce100
fever:2316,bm25,bm25
fever:2317,bm25,bm25
fever:23172,ce100,ce100
fever:23173,ce100,ce100
fever:23196,ce20,bm25
fever:23198,bm25,bm25
fever:23210,ce100,ce100
fever:23211,ce20,bm25
fever:23212,ce20,bm25
fever:23230,bm25,bm25
fever:23251,ce20,ce100
fever:23261,ce100,ce100
fever:23296,ce20,bm25
fever:23299,ce20,ce100
fever:23317,ce100,ce100
fever:23330,ce100,ce100
fever:23381,ce100,ce100
fever:23427,ce20,ce100
fever:23428,ce20,ce100
fever:23446,ce20,ce100
fever:23459,ce20,bm25
fever:23475,ce20,ce100
fever:23496,ce20,ce100
fever:23497,ce20,ce100
fever:23512,ce20,ce100
fever:23516,ce100,ce100
fever:23536,ce20,bm25
fever:23540,ce100,ce100
fever:23563,ce100,ce100
fever:23570,ce100,ce100
fever:23572,ce100,ce100
fever:2358,ce20,ce100
fever:23588,bm25,bm25
fever:2359,ce100,ce100
fever:23590,ce20,ce100
fever:23605,ce100,ce100
fever:23607,ce20,bm25
fever:23628,ce20,ce100
fever:23633,ce100,ce100
fever:23634,ce100,ce100
fever:23679,bm25,bm25
fever:2369,ce20,ce100
fever:2371,ce100,ce100
fever:2372,ce100,ce100
fever:23729,bm25,bm25
fever:23736,ce100,ce100
fever:2374,ce20,bm25
fever:23741,ce20,ce100
fever:23753,ce20,bm25
fever:23766,ce100,ce100
fever:23794,ce20,ce100
fever:23797,ce100,ce100
fever:23804,ce20,ce100
fever:23806,ce100,ce100
fever:23807,ce100,ce100
fever:23845,ce100,ce100
fever:23846,ce100,ce100
fever:23861,ce100,ce100
fever:23884,ce20,bm25
fever:23885,ce20,ce100
fever:2389,ce100,ce100
fever:23906,ce100,ce100
fever:23925,ce100,ce100
fever:23934,ce100,ce100
fever:23939,ce20,bm25
fever:23943,ce20,ce100
fever:23949,ce100,ce100
fever:23961,ce20,ce100
fever:23962,ce20,ce100
fever:23967,ce100,ce100
fever:23994,ce20,ce100
fever:24021,ce20,ce100
fever:24025,ce20,ce100
fever:24044,ce20,bm25
fever:2405,ce20,ce100
fever:2406,ce20,ce100
fever:24063,ce20,ce100
fever:24074,ce20,ce100
fever:24078,ce100,ce100
fever:24080,ce100,ce100
fever:24094,ce20,ce100
fever:24095,ce20,ce100
fever:24099,ce100,ce100
fever:24110,ce100,ce100
fever:24117,ce20,bm25
fever:24118,ce20,bm25
fever:2414,ce100,ce100
fever:24142,ce20,bm25
fever:24143,ce20,ce100
fever:24152,ce20,ce100
fever:2416,ce100,ce100
fever:24175,ce20,ce100
fever:24204,ce100,ce100
fever:24205,ce100,ce100
fever:2421,ce20,ce100
fever:24217,ce20,ce100
fever:24240,ce20,ce100
fever:24247,ce100,ce100
fever:24258,ce100,ce100
fever:24259,ce100,ce100
fever:24264,ce100,ce100
fever:24271,ce100,ce100
fever:24273,ce20,ce100
fever:24311,ce20,ce100
fever:24312,ce20,ce100
fever:24315,ce20,ce100
fever:24345,ce20,ce100
fever:24372,ce20,ce100
fever:24442,ce100,ce100
fever:24448,ce20,ce100
fever:24454,ce20,bm25
fever:2447,bm25,bm25
fever:24479,ce20,ce100
fever:24480,ce20,bm25
fever:24481,ce20,bm25
fever:24495,ce20,ce100
fever:24541,ce100,ce100
fever:24543,bm25,bm25
fever:24595,ce100,ce100
fever:24646,ce100,ce100
fever:24659,ce20,ce100
fever:2466,ce20,ce100
fever:24675,ce20,ce100
fever:24684,ce100,ce100
fever:24741,ce20,ce100
fever:24742,ce20,ce100
fever:24744,ce20,ce100
fever:24767,ce100,ce100
fever:24779,bm25,bm25
fever:24782,ce100,ce100
fever:24795,bm25,bm25
fever:24797,ce20,ce100
fever:24803,ce100,ce100
fever:24839,ce20,ce100
fever:24854,ce100,ce100
fever:24885,ce20,ce100
fever:24910,ce100,ce100
fever:24975,ce20,ce100
fever:24994,ce100,ce100
fever:25004,ce20,ce100
fever:25005,ce20,ce100
fever:25008,ce100,ce100
fever:25025,ce100,ce100
fever:25058,bm25,bm25
fever:25080,ce100,ce100
fever:25089,ce20,bm25
fever:25115,ce100,ce100
fever:25131,ce100,ce100
fever:25147,ce20,ce100
fever:25178,ce20,ce100
fever:25199,ce20,ce100
fever:2521,ce100,ce100
fever:25238,ce100,ce100
fever:25247,ce100,ce100
fever:25289,ce20,ce100
fever:25290,ce100,ce100
fever:2530,ce100,ce100
fever:2531,ce20,ce100
fever:25320,ce100,ce100
fever:25339,ce100,ce100
fever:25358,ce20,ce100
fever:25359,ce20,ce100
fever:2536,bm25,bm25
fever:25368,ce20,ce100
fever:25379,ce100,ce100
fever:25395,ce100,ce100
fever:25396,ce20,ce100
fever:25397,ce100,ce100
fever:25408,ce20,ce100
fever:25409,ce20,ce100
fever:25410,ce100,ce100
fever:25458,bm25,bm25
fever:25470,ce20,ce100
fever:25490,ce20,ce100
fever:25504,ce100,ce100
fever:25505,ce100,ce100
fever:25520,ce20,bm25
fever:25521,ce20,bm25
fever:25533,ce100,ce100
fever:25545,ce20,ce100
fever:25548,ce20,ce100
fever:25551,ce20,bm25
fever:25564,ce20,ce100
fever:25573,ce20,ce100
fever:25591,ce100,ce100
fever:25642,ce20,ce100
fever:25676,ce20,ce100
fever:25705,bm25,bm25
fever:25717,ce100,ce100
fever:25722,ce20,ce100
fever:25739,ce20,ce100
fever:25740,ce20,ce100
fever:25748,bm25,bm25
fever:2575,ce20,ce100
fever:25780,ce20,ce100
fever:25781,ce100,ce100
fever:25799,ce100,ce100
fever:25811,ce20,ce100
fever:25824,ce20,ce100
fever:25828,ce20,ce100
fever:25829,ce100,ce100
fever:25837,ce100,ce100
fever:25842,ce100,ce100
fever:25870,ce100,ce100
fever:25906,ce100,ce100
fever:25921,ce100,ce100
fever:25933,ce100,ce100
fever:2594,ce20,ce100
fever:25995,ce100,ce100
fever:26008,ce20,ce100
fever:26061,ce100,ce100
fever:26078,ce20,ce100
fever:26081,ce20,ce100
fever:26132,ce100,ce100
fever:26141,ce20,ce100
fever:2615,ce20,ce100
fever:26155,ce20,ce100
fever:2616,ce20,ce100
fever:26180,ce20,bm25
fever:26212,ce20,ce100
fever:26217,ce100,ce100
fever:26224,ce20,bm25
fever:26251,ce20,ce100
fever:26271,ce100,ce100
fever:26281,bm25,bm25
fever:26289,ce100,ce100
fever:26294,ce100,ce100
fever:26300,ce100,ce100
fever:26301,ce100,ce100
fever:26317,ce100,ce100
fever:26322,ce20,ce100
fever:26332,bm25,bm25
fever:26340,ce20,ce100
fever:26341,ce20,ce100
fever:26359,ce100,ce100
fever:26378,ce20,ce100
fever:26381,ce20,ce100
fever:26382,ce20,ce100
fever:26389,ce100,ce100
fever:26404,ce20,ce100
fever:26444,ce100,ce100
fever:26446,ce20,ce100
fever:26450,ce100,ce100
fever:26454,ce100,ce100
fever:26500,ce100,ce100
fever:26525,ce20,bm25
fever:26548,ce20,ce100
fever:26549,ce100,ce100
fever:26550,ce20,bm25
fever:26556,bm25,bm25
fever:26592,ce100,ce100
fever:26598,ce100,ce100
fever:26611,ce100,ce100
fever:26623,ce20,bm25
fever:26624,ce20,ce100
fever:26635,ce20,ce100
fever:26675,ce20,ce100
fever:26687,bm25,bm25
fever:26690,ce100,ce100
fever:26705,ce20,ce100
fever:26717,ce100,ce100
fever:26792,ce20,ce100
fever:26793,ce20,ce100
fever:26804,ce20,bm25
fever:26819,ce20,ce100
fever:26820,ce20,bm25
fever:2683,bm25,bm25
fever:26830,ce100,ce100
fever:26836,ce20,ce100
fever:26839,ce20,bm25
fever:26842,ce20,ce100
fever:26852,ce20,ce100
fever:26878,ce100,ce100
fever:26886,ce100,ce100
fever:26887,ce100,ce100
fever:26914,bm25,bm25
fever:26919,ce20,ce100
fever:26947,bm25,bm25
fever:26948,ce20,ce100
fever:26964,bm25,bm25
fever:26986,ce100,ce100
fever:2699,ce100,ce100
fever:27033,ce100,ce100
fever:27040,ce100,ce100
fever:27041,ce20,ce100
fever:27052,ce20,bm25
fever:27073,bm25,bm25
fever:27081,ce20,ce100
fever:27082,ce20,ce100
fever:27117,ce20,ce100
fever:27120,ce100,ce100
fever:27148,bm25,bm25
fever:2717,ce20,bm25
fever:27187,ce20,bm25
fever:27233,ce100,ce100
fever:27269,ce20,bm25
fever:27278,ce20,ce100
fever:27279,ce20,ce100
fever:27283,ce20,ce100
fever:27294,ce20,ce100
fever:27301,ce20,bm25
fever:27307,ce20,ce100
fever:27308,bm25,bm25
fever:27357,ce20,ce100
fever:27386,ce20,bm25
fever:2739,ce100,ce100
fever:27398,ce20,ce100
fever:27403,ce20,ce100
fever:27416,bm25,bm25
fever:27417,bm25,bm25
fever:27439,ce20,ce100
fever:27455,ce100,ce100
fever:27457,ce20,ce100
fever:27461,ce100,ce100
fever:27496,ce100,ce100
fever:27497,ce100,ce100
fever:27503,ce100,ce100
fever:27561,ce20,ce100
fever:27564,ce100,ce100
fever:27583,bm25,bm25
fever:27588,ce20,ce100
fever:27589,ce20,ce100
fever:27595,ce20,bm25
fever:27605,ce20,bm25
fever:27651,ce100,ce100
fever:27657,ce100,ce100
fever:27701,ce100,ce100
fever:27702,ce100,ce100
fever:27715,ce100,ce100
fever:27753,ce20,ce100
fever:27775,ce20,ce100
fever:27777,ce100,ce100
fever:27778,ce20,ce100
fever:27806,ce20,ce100
fever:27807,ce20,ce100
fever:27809,ce100,ce100
fever:27863,ce20,ce100
fever:27865,ce100,ce100
fever:27869,ce20,ce100
fever:27897,ce20,ce100
fever:27960,ce20,ce100
fever:2797,ce20,ce100
fever:27973,ce20,ce100
fever:2798,ce100,ce100
fever:27980,ce20,ce100
fever:28013,ce20,ce100
fever:28048,ce20,ce100
fever:28063,ce20,ce100
fever:28092,ce100,ce100
fever:28179,ce100,ce100
fever:28188,ce20,ce100
fever:28201,ce20,ce100
fever:28227,ce20,bm25
fever:28246,bm25,bm25
fever:28257,ce100,ce100
fever:28270,ce20,ce100
fever:28278,ce100,ce100
fever:28307,ce20,ce100
fever:28324,ce100,ce100
fever:28325,ce20,ce100
fever:28329,bm25,bm25
fever:28337,ce100,ce100
fever:28338,ce20,ce100
fever:2834,ce20,ce100
fever:2835,ce20,ce100
fever:28369,ce20,ce100
fever:28380,ce20,ce100
fever:28381,ce100,ce100
fever:28384,ce20,ce100
fever:28406,ce100,ce100
fever:28421,ce100,ce100
fever:28447,ce20,ce100
fever:28495,ce20,ce100
fever:28496,ce20,ce100
fever:28499,ce20,ce100
fever:28517,ce20,ce100
fever:28525,ce100,ce100
fever:28544,ce20,ce100
fever:28545,ce20,ce100
fever:28552,ce20,ce100
fever:28560,bm25,bm25
fever:28593,ce100,ce100
fever:28626,ce20,ce100
fever:28656,ce20,bm25
fever:28657,ce100,ce100
fever:28679,ce20,ce100
fever:28702,ce20,ce100
fever:28706,bm25,bm25
fever:28716,ce100,ce100
fever:2874,ce20,ce100
fever:28754,ce20,ce100
fever:28788,ce20,ce100
fever:28802,ce20,ce100
fever:28803,ce20,ce100
fever:28832,ce20,ce100
fever:28833,ce100,ce100
fever:28862,ce100,ce100
fever:28863,ce20,ce100
fever:28864,ce20,ce100
fever:28867,ce100,ce100
fever:28892,ce100,ce100
fever:28908,ce100,ce100
fever:28911,ce20,ce100
fever:28912,ce20,ce100
fever:28914,ce100,ce100
fever:28918,ce100,ce100
fever:28930,bm25,bm25
fever:28968,ce100,ce100
fever:2904,ce20,ce100
fever:29064,ce20,ce100
fever:29089,ce20,ce100
fever:29092,ce100,ce100
fever:2910,ce100,ce100
fever:29104,ce20,ce100
fever:29112,ce100,ce100
fever:29113,ce100,ce100
fever:29142,bm25,bm25
fever:29143,ce100,ce100
fever:29145,ce100,ce100
fever:29146,ce100,ce100
fever:29193,ce100,ce100
fever:29205,ce100,ce100
fever:29219,ce100,ce100
fever:29228,ce20,bm25
fever:29229,ce20,ce100
fever:29256,ce20,bm25
fever:29257,ce20,bm25
fever:29289,ce100,ce100
fever:29290,ce100,ce100
fever:29296,ce20,ce100
fever:29306,ce100,ce100
fever:29324,ce100,ce100
fever:29338,ce100,ce100
fever:29352,ce20,ce100
fever:29353,ce20,ce100
fever:29361,ce20,ce100
fever:29364,ce20,ce100
fever:29365,ce100,ce100
fever:2937,ce20,ce100
fever:2938,ce100,ce100
fever:29443,ce100,ce100
fever:2947,ce20,ce100
fever:2948,ce100,ce100
fever:29490,ce100,ce100
fever:29518,ce100,ce100
fever:29530,ce20,ce100
fever:29534,ce100,ce100
fever:29543,ce20,ce100
fever:29544,ce20,ce100
fever:29550,ce20,ce100
fever:29551,ce20,ce100
fever:29556,ce20,ce100
fever:29577,ce20,ce100
fever:29580,ce100,ce100
fever:29581,bm25,bm25
fever:29590,ce100,ce100
fever:29591,ce100,ce100
fever:29594,ce20,ce100
fever:29595,bm25,bm25
fever:2961,ce20,ce100
fever:29658,ce20,ce100
fever:29659,ce20,ce100
fever:29675,ce100,ce100
fever:29688,bm25,bm25
fever:29704,ce100,ce100
fever:29705,ce100,ce100
fever:29720,bm25,bm25
fever:29746,ce20,ce100
fever:29750,ce20,ce100
fever:29786,ce100,ce100
fever:29804,ce20,bm25
fever:2983,bm25,bm25
fever:2984,bm25,bm25
fever:29848,ce100,ce100
fever:29849,ce100,ce100
fever:29856,bm25,bm25
fever:29857,bm25,bm25
fever:29861,ce20,bm25
fever:29862,ce20,ce100
fever:29863,ce100,ce100
fever:29864,ce100,ce100
fever:29873,ce20,bm25
fever:29893,ce100,ce100
fever:29902,ce100,ce100
fever:29903,ce100,ce100
fever:29952,ce100,ce100
fever:29953,ce100,ce100
fever:29993,ce20,ce100
fever:30014,ce20,ce100
fever:30023,ce100,ce100
fever:30024,ce100,ce100
fever:30062,ce100,ce100
fever:3008,ce20,ce100
fever:3009,ce20,ce100
fever:30106,ce100,ce100
fever:30122,ce100,ce100
fever:3013,ce20,ce100
fever:30133,ce20,ce100
fever:30134,ce20,ce100
fever:30144,ce20,bm25
fever:3015,ce20,ce100
fever:30178,ce20,ce100
fever:3019,ce20,ce100
fever:30233,ce100,ce100
fever:30234,ce100,ce100
fever:30236,ce100,ce100
fever:30239,ce100,ce100
fever:30258,ce100,ce100
fever:30259,ce100,ce100
fever:30270,ce100,ce100
fever:30309,ce100,ce100
fever:3033,ce100,ce100
fever:30333,ce20,ce100
fever:304,ce100,ce100
fever:30425,ce20,ce100
fever:30479,ce100,ce100
fever:30486,ce100,ce100
fever:305,ce20,bm25
fever:3059,ce20,bm25
fever:30609,ce20,ce100
fever:3063,ce20,ce100
fever:30638,ce100,ce100
fever:30640,ce20,ce100
fever:30645,ce100,ce100
fever:30673,ce20,bm25
fever:30715,ce100,ce100
fever:30745,ce20,ce100
fever:30746,ce20,ce100
fever:30790,ce100,ce100
fever:30800,ce100,ce100
fever:30805,ce20,ce100
fever:30807,ce100,ce100
fever:30824,ce100,ce100
fever:3086,ce20,ce100
fever:30863,ce100,ce100
fever:3087,ce20,ce100
fever:30961,ce20,bm25
fever:30962,ce20,bm25
fever:30965,ce20,ce100
fever:30968,ce100,ce100
fever:30984,ce20,ce100
fever:31013,ce100,ce100
fever:31020,bm25,bm25
fever:31026,ce100,ce100
fever:3106,bm25,bm25
fever:31105,ce20,ce100
fever:3111,ce20,ce100
fever:31114,ce100,ce100
fever:3113,ce20,bm25
fever:31131,ce20,ce100
fever:31138,ce100,ce100
fever:31160,ce20,bm25
fever:31163,ce20,ce100
fever:31167,ce20,ce100
fever:31168,ce20,ce100
fever:31186,ce20,bm25
fever:3119,ce100,ce100
fever:31192,ce20,ce100
fever:31232,ce20,ce100
fever:31358,ce100,ce100
fever:31367,ce100,ce100
fever:31418,ce20,ce100
fever:31422,ce100,ce100
fever:31447,ce100,ce100
fever:3145,ce20,ce100
fever:31456,ce20,bm25
fever:31457,ce20,bm25
fever:31470,ce20,ce100
fever:3148,ce20,ce100
fever:3149,ce100,ce100
fever:31496,ce20,ce100
fever:315,ce100,ce100
fever:31581,ce100,ce100
fever:3159,ce20,bm25
fever:316,ce100,ce100
fever:3160,ce20,ce100
fever:31620,ce20,ce100
fever:31631,ce20,ce100
fever:31632,ce20,ce100
fever:31675,ce20,bm25
fever:31676,ce20,ce100
fever:31681,ce100,ce100
fever:31684,ce100,ce100
fever:31686,ce20,ce100
fever:31693,ce100,ce100
fever:31723,ce20,ce100
fever:31728,ce100,ce100
fever:31733,ce100,ce100
fever:31743,ce20,bm25
fever:3176,ce20,ce100
fever:31770,ce20,ce100
fever:31771,ce20,ce100
fever:31774,ce100,ce100
fever:31775,ce100,ce100
fever:31813,bm25,bm25
fever:31842,ce20,ce100
fever:31843,ce20,ce100
fever:31845,ce100,ce100
fever:31852,ce20,ce100
fever:31857,ce20,ce100
fever:31868,ce20,ce100
fever:31885,ce100,ce100
fever:31903,ce20,ce100
fever:31904,ce20,ce100
fever:31905,ce100,ce100
fever:31916,ce20,bm25
fever:31958,ce100,ce100
fever:31960,ce100,ce100
fever:31963,ce20,ce100
fever:31997,ce20,ce100
fever:3201,bm25,bm25
fever:3202,bm25,bm25
fever:32076,ce20,ce100
fever:32079,ce100,ce100
fever:32080,ce100,ce100
fever:32091,ce100,ce100
fever:32092,ce100,ce100
fever:3210,bm25,bm25
fever:32145,ce100,ce100
fever:32146,ce20,ce100
fever:3215,ce20,ce100
fever:32153,ce100,ce100
fever:32233,ce20,bm25
fever:32255,ce20,bm25
fever:32283,ce100,ce100
fever:32321,ce100,ce100
fever:32338,ce20,ce100
fever:32355,ce20,ce100
fever:32382,ce20,ce100
fever:32402,ce20,ce100
fever:32429,ce100,ce100
fever:32432,ce20,bm25
fever:32474,ce100,ce100
fever:32487,ce20,bm25
fever:32490,ce20,ce100
fever:32505,ce100,ce100
fever:32520,ce100,ce100
fever:32534,ce100,ce100
fever:32535,ce100,ce100
fever:32595,ce100,ce100
fever:32596,ce100,ce100
fever:32609,ce20,ce100
fever:3264,ce20,ce100
fever:32652,bm25,bm25
fever:32672,ce20,ce100
fever:32679,ce20,ce100
fever:32687,bm25,bm25
fever:327,ce20,ce100
fever:32711,ce20,ce100
fever:32712,ce20,ce100
fever:32730,ce100,ce100
fever:32734,ce100,ce100
fever:32740,ce20,ce100
fever:32781,ce20,ce100
fever:32796,ce100,ce100
fever:32815,ce100,ce100
fever:32820,ce20,ce100
fever:32827,ce100,ce100
fever:32890,ce100,ce100
fever:32891,ce100,ce100
fever:32918,bm25,bm25
fever:32923,ce100,ce100
fever:32927,ce100,ce100
fever:32939,ce20,ce100
fever:32940,ce20,bm25
fever:32956,ce100,ce100
fever:32958,ce100,ce100
fever:32959,ce100,ce100
fever:32970,ce100,ce100
fever:32987,ce20,ce100
fever:33009,ce20,ce100
fever:33011,ce20,ce100
fever:3305,ce20,ce100
fever:33054,ce20,bm25
fever:33055,ce20,ce100
fever:33075,ce100,ce100
fever:33112,ce20,ce100
fever:33130,ce100,ce100
fever:33166,ce20,ce100
fever:33171,ce100,ce100
fever:33172,ce100,ce100
fever:33196,ce20,ce100
fever:33197,ce20,ce100
fever:33214,ce20,ce100
fever:33222,ce20,ce100
fever:33235,ce20,bm25
fever:33240,ce20,ce100
fever:33270,ce100,ce100
fever:33275,bm25,bm25
fever:33290,bm25,bm25
fever:33313,ce100,ce100
fever:33314,ce100,ce100
fever:33322,bm25,bm25
fever:33334,ce100,ce100
fever:33339,ce100,ce100
fever:33368,ce100,ce100
fever:3337,ce20,ce100
fever:33374,ce100,ce100
fever:33377,bm25,bm25
fever:3338,ce100,ce100
fever:33447,ce100,ce100
fever:33465,ce20,ce100
fever:3348,bm25,bm25
fever:3349,ce20,ce100
fever:33491,ce20,ce100
fever:33496,ce20,ce100
fever:33498,ce100,ce100
fever:33531,bm25,bm25
fever:33547,ce20,ce100
fever:33573,ce20,ce100
fever:33574,ce20,ce100
fever:33578,ce100,ce100
fever:33604,ce100,ce100
fever:33605,ce100,ce100
fever:33644,bm25,bm25
fever:33670,ce20,ce100
fever:33671,ce20,ce100
fever:33675,bm25,bm25
fever:33688,ce100,ce100
fever:3370,ce20,bm25
fever:33700,bm25,bm25
fever:3371,ce20,ce100
fever:33739,ce20,ce100
fever:33740,ce20,bm25
fever:33744,ce20,ce100
fever:33796,ce20,ce100
fever:33838,ce100,ce100
fever:33839,ce100,ce100
fever:33840,ce100,ce100
fever:33844,ce20,bm25
fever:33918,ce20,ce100
fever:33949,ce100,ce100
fever:33955,ce20,ce100
fever:33982,ce20,bm25
fever:33986,bm25,bm25
fever:34004,ce100,ce100
fever:34029,bm25,bm25
fever:34034,ce20,bm25
fever:34064,ce100,ce100
fever:34073,bm25,bm25
fever:34105,ce100,ce100
fever:34111,ce100,ce100
fever:3413,ce20,ce100
fever:34155,bm25,bm25
fever:34156,ce20,ce100
fever:34162,bm25,bm25
fever:34180,ce20,ce100
fever:34184,ce20,ce100
fever:34195,bm25,bm25
fever:34205,ce20,ce100
fever:34213,ce20,bm25
fever:34227,ce100,ce100
fever:34228,ce100,ce100
fever:34230,ce20,ce100
fever:34244,ce100,ce100
fever:34249,ce20,ce100
fever:34309,ce100,ce100
fever:3432,ce20,ce100
fever:34323,ce100,ce100
fever:34353,ce100,ce100
fever:34357,ce100,ce100
fever:34385,ce20,ce100
fever:34392,ce100,ce100
fever:34396,ce20,ce100
fever:34412,ce20,ce100
fever:34454,ce100,ce100
fever:34461,bm25,bm25
fever:3448,ce100,ce100
fever:34496,bm25,bm25
fever:34506,ce20,ce100
fever:34507,ce20,ce100
fever:34521,bm25,bm25
fever:34524,ce100,ce100
fever:34525,ce100,ce100
fever:34527,ce100,ce100
fever:34545,bm25,bm25
fever:34577,ce20,bm25
fever:34583,ce100,ce100
fever:34619,ce100,ce100
fever:34658,ce20,ce100
fever:34677,ce20,bm25
fever:34684,ce20,ce100
fever:34695,ce100,ce100
fever:34747,ce20,ce100
fever:3475,ce20,ce100
fever:34755,ce20,ce100
fever:34764,ce100,ce100
fever:34766,ce20,ce100
fever:34769,ce100,ce100
fever:34774,ce20,ce100
fever:34791,ce20,ce100
fever:34823,ce20,ce100
fever:34829,ce20,ce100
fever:3483,ce20,ce100
fever:34830,bm25,bm25
fever:34845,bm25,bm25
fever:34876,ce20,ce100
fever:34881,ce20,bm25
fever:34906,ce20,ce100
fever:34907,ce100,ce100
fever:3492,ce100,ce100
fever:34924,ce100,ce100
fever:34936,ce20,bm25
fever:3494,ce100,ce100
fever:34944,ce20,ce100
fever:34961,ce20,ce100
fever:35003,ce100,ce100
fever:35009,ce100,ce100
fever:35030,ce20,ce100
fever:35031,ce100,ce100
fever:35043,ce20,ce100
fever:35055,ce100,ce100
fever:35065,bm25,bm25
fever:3509,ce20,ce100
fever:35123,ce100,ce100
fever:3517,ce100,ce100
fever:35174,ce20,bm25
fever:3518,ce100,ce100
fever:35219,ce20,ce100
fever:35230,ce20,bm25
fever:35237,ce20,ce100
fever:35271,ce20,ce100
fever:35282,ce100,ce100
fever:35286,ce100,ce100
fever:35290,bm25,bm25
fever:35291,ce20,ce100
fever:35309,ce100,ce100
fever:35365,ce20,ce100
fever:35381,ce100,ce100
fever:35382,ce100,ce100
fever:354,ce20,ce100
fever:35405,ce20,ce100
fever:35406,ce20,ce100
fever:35411,ce100,ce100
fever:35416,bm25,bm25
fever:3545,ce20,ce100
fever:3546,ce20,ce100
fever:35475,ce100,ce100
fever:35479,ce100,ce100
fever:35494,ce100,ce100
fever:35523,ce100,ce100
fever:35552,bm25,bm25
fever:3556,ce100,ce100
fever:35574,ce20,bm25
fever:35575,ce20,ce100
fever:35596,ce20,ce100
fever:35617,ce20,ce100
fever:35619,ce100,ce100
fever:3562,ce100,ce100
fever:35627,ce100,ce100
fever:35681,ce100,ce100
fever:35695,ce20,bm25
fever:357,ce20,bm25
fever:35702,ce100,ce100
fever:35703,ce100,ce100
fever:35706,ce20,ce100
fever:35708,ce20,ce100
fever:35720,bm25,bm25
fever:35752,ce100,ce100
fever:35754,ce20,ce100
fever:35804,ce100,ce100
fever:35822,bm25,bm25
fever:3583,ce100,ce100
fever:35833,ce20,ce100
fever:35843,ce20,ce100
fever:35844,ce20,ce100
fever:3585,bm25,bm25
fever:35855,ce100,ce100
fever:35858,ce20,ce100
fever:35859,ce20,ce100
fever:3588,ce20,ce100
fever:35881,ce20,bm25
fever:35882,ce20,ce100
fever:35899,ce20,ce100
fever:35905,ce20,ce100
fever:35914,ce20,ce100
fever:35968,ce100,ce100
fever:3597,ce20,ce100
fever:3598,ce20,ce100
fever:36038,bm25,bm25
fever:36063,ce20,ce100
fever:36081,ce20,ce100
fever:36091,ce100,ce100
fever:36092,ce100,ce100
fever:36094,ce20,ce100
fever:36141,ce20,ce100
fever:36170,ce20,bm25
fever:36171,ce20,ce100
fever:36207,ce100,ce100
fever:36242,ce20,ce100
fever:36251,ce100,ce100
fever:36272,bm25,bm25
fever:36281,bm25,bm25
fever:36298,ce20,ce100
fever:36308,ce100,ce100
fever:36332,ce20,bm25
fever:36333,ce100,ce100
fever:36347,ce100,ce100
fever:36350,ce100,ce100
fever:36353,ce20,ce100
fever:3637,bm25,bm25
fever:36370,ce100,ce100
fever:36371,ce100,ce100
fever:3638,ce20,ce100
fever:36399,ce20,bm25
fever:36424,ce20,bm25
fever:36425,ce20,bm25
fever:36428,ce100,ce100
fever:36444,ce100,ce100
fever:36448,ce20,ce100
fever:36453,ce20,bm25
fever:36468,bm25,bm25
fever:36480,ce100,ce100
fever:36496,ce100,ce100
fever:36500,ce100,ce100
fever:36501,ce100,ce100
fever:3656,ce100,ce100
fever:36569,ce20,ce100
fever:36570,ce100,ce100
fever:3661,ce20,ce100
fever:36629,ce100,ce100
fever:36633,ce100,ce100
fever:36650,ce20,ce100
fever:3667,ce20,bm25
fever:3668,ce20,ce100
fever:367,ce20,bm25
fever:36731,ce20,ce100
fever:36775,ce100,ce100
fever:368,ce20,ce100
fever:36815,ce20,ce100
fever:3682,ce20,ce100
fever:36828,ce20,ce100
fever:36829,ce100,ce100
fever:36832,ce100,ce100
fever:36833,ce20,ce100
fever:36843,ce20,bm25
fever:36844,ce20,ce100
fever:36849,ce100,ce100
fever:36860,ce100,ce100
fever:36882,ce100,ce100
fever:36885,ce100,ce100
fever:36886,ce100,ce100
fever:369,ce20,ce100
fever:36922,ce20,ce100
fever:36932,ce20,ce100
fever:36952,ce100,ce100
fever:36953,ce100,ce100
fever:36988,ce20,ce100
fever:370,ce100,ce100
fever:37050,ce100,ce100
fever:37052,ce100,ce100
fever:37060,ce100,ce100
fever:37067,ce20,ce100
fever:37086,ce20,ce100
fever:37092,ce20,ce100
fever:37097,ce100,ce100
fever:37099,ce20,ce100
fever:37100,ce100,ce100
fever:37112,ce20,bm25
fever:37136,ce20,ce100
fever:37137,ce100,ce100
fever:37153,ce100,ce100
fever:37159,ce20,ce100
fever:3717,ce20,ce100
fever:3718,ce20,ce100
fever:37202,ce20,ce100
fever:37229,ce100,ce100
fever:37234,ce20,ce100
fever:37250,ce100,ce100
fever:37253,ce100,ce100
fever:37265,ce20,ce100
fever:3728,ce20,ce100
fever:37281,ce20,ce100
fever:37282,ce20,ce100
fever:37325,ce20,ce100
fever:37326,ce100,ce100
fever:37331,ce100,ce100
fever:3734,ce20,ce100
fever:37386,bm25,bm25
fever:37401,ce100,ce100
fever:37432,ce100,ce100
fever:37467,ce100,ce100
fever:37490,bm25,bm25
fever:37537,ce100,ce100
fever:37539,ce20,bm25
fever:37546,ce20,ce100
fever:37557,ce20,ce100
fever:37558,ce100,ce100
fever:3761,ce20,ce100
fever:37625,ce20,ce100
fever:37626,ce100,ce100
fever:37664,ce100,ce100
fever:37675,ce20,ce100
fever:37691,ce20,ce100
fever:37710,ce100,ce100
fever:37715,ce100,ce100
fever:37718,bm25,bm25
fever:37727,ce100,ce100
fever:37739,bm25,bm25
fever:37749,ce20,ce100
fever:37768,ce20,ce100
fever:37773,ce20,ce100
fever:37792,ce100,ce100
fever:37801,ce20,ce100
fever:37802,ce20,ce100
fever:37829,ce100,ce100
fever:3783,ce20,bm25
fever:37848,ce100,ce100
fever:37872,ce100,ce100
fever:37878,bm25,bm25
fever:37881,ce100,ce100
fever:37887,ce20,ce100
fever:37923,ce100,ce100
fever:37924,ce100,ce100
fever:37929,ce20,ce100
fever:3794,ce20,ce100
fever:37945,ce20,ce100
fever:37947,ce100,ce100
fever:3795,ce20,ce100
fever:37960,ce20,ce100
fever:37995,ce100,ce100
fever:37996,ce20,ce100
fever:37997,ce100,ce100
fever:38004,bm25,bm25
fever:38029,ce100,ce100
fever:38046,ce20,ce100
fever:38049,ce20,ce100
fever:38052,ce20,ce100
fever:38082,bm25,bm25
fever:3809,ce20,ce100
fever:38107,ce20,bm25
fever:38110,bm25,ce100
fever:38117,ce20,ce100
fever:38124,bm25,bm25
fever:38125,ce20,ce100
fever:38141,ce100,ce100
fever:38175,ce20,ce100
fever:38183,ce100,ce100
fever:38210,ce100,ce100
fever:38255,ce20,ce100
fever:38258,ce20,ce100
fever:38262,ce20,ce100
fever:38267,ce100,ce100
fever:38275,ce100,ce100
fever:38288,ce20,ce100
fever:3829,ce20,ce100
fever:38299,ce20,ce100
fever:38312,ce20,ce100
fever:38313,ce20,ce100
fever:38324,ce100,ce100
fever:38338,ce100,ce100
fever:38384,ce100,ce100
fever:38399,ce20,ce100
fever:3843,ce20,ce100
fever:38447,ce100,ce100
fever:38481,ce100,ce100
fever:38486,ce20,bm25
fever:38501,ce100,ce100
fever:38529,ce100,ce100
fever:38540,ce100,ce100
fever:38549,ce100,ce100
fever:3857,ce20,bm25
fever:38574,ce20,ce100
fever:38585,ce100,ce100
fever:38587,bm25,bm25
fever:38599,ce100,ce100
fever:38654,ce20,ce100
fever:38671,ce100,ce100
fever:38678,ce20,ce100
fever:38695,ce20,bm25
fever:38696,ce100,ce100
fever:38708,ce20,ce100
fever:38745,ce100,ce100
fever:38750,bm25,bm25
fever:38794,ce20,ce100
fever:38807,ce20,ce100
fever:38861,ce20,ce100
fever:38898,ce20,ce100
fever:38904,ce20,ce100
fever:38922,ce20,ce100
fever:38923,ce20,ce100
fever:38925,ce20,bm25
fever:38931,ce100,ce100
fever:38939,ce100,ce100
fever:38940,ce100,ce100
fever:38944,bm25,bm25
fever:38947,ce100,ce100
fever:38950,ce100,ce100
fever:39018,ce20,bm25
fever:39114,ce20,bm25
fever:39115,ce20,ce100
fever:39121,ce100,ce100
fever:39137,ce20,ce100
fever:39150,ce20,ce100
fever:39171,ce20,bm25
fever:39173,ce20,ce100
fever:39174,ce20,ce100
fever:39175,ce20,bm25
fever:39188,ce20,ce100
fever:39224,ce20,ce100
fever:39342,ce20,ce100
fever:39351,ce20,ce100
fever:39399,ce100,ce100
fever:39400,ce100,ce100
fever:39405,ce20,ce100
fever:39414,ce20,bm25
fever:39437,ce20,ce100
fever:39448,ce100,ce100
fever:39452,ce20,ce100
fever:39454,ce20,bm25
fever:39455,ce20,bm25
fever:39480,ce100,ce100
fever:39499,ce20,ce100
fever:39509,ce100,ce100
fever:39536,ce20,ce100
fever:39539,ce20,ce100
fever:39545,ce20,ce100
fever:39564,ce20,ce100
fever:39599,ce20,ce100
fever:39605,ce100,ce100
fever:39606,ce100,ce100
fever:39608,ce20,ce100
fever:39609,ce20,ce100
fever:39612,ce100,ce100
fever:39615,ce100,ce100
fever:39616,ce100,ce100
fever:39634,ce20,ce100
fever:39664,ce20,ce100
fever:3967,bm25,bm25
fever:39670,ce100,ce100
fever:39716,bm25,bm25
fever:39793,ce20,ce100
fever:39801,ce100,ce100
fever:39811,ce100,ce100
fever:39832,ce20,ce100
fever:39833,ce20,ce100
fever:39855,ce20,ce100
fever:39873,bm25,bm25
fever:39897,ce20,ce100
fever:39958,ce20,ce100
fever:39977,ce20,bm25
fever:39983,ce20,ce100
fever:40052,ce100,ce100
fever:40057,ce20,ce100
fever:40086,bm25,bm25
fever:40124,ce100,ce100
fever:40125,ce100,ce100
fever:40144,ce20,ce100
fever:40179,bm25,bm25
fever:40181,ce20,ce100
fever:40195,ce20,bm25
fever:40205,bm25,bm25
fever:40221,ce100,ce100
fever:40250,ce20,ce100
fever:40296,bm25,bm25
fever:40305,ce100,ce100
fever:40307,ce20,bm25
fever:40325,ce20,ce100
fever:40351,ce20,ce100
fever:4039,ce100,ce100
fever:40396,ce20,ce100
fever:40397,ce20,ce100
fever:4041,ce20,ce100
fever:40417,ce20,ce100
fever:40432,ce100,ce100
fever:40442,ce100,ce100
fever:40443,ce20,ce100
fever:40444,bm25,bm25
fever:40450,ce20,ce100
fever:40457,ce100,ce100
fever:40469,ce20,ce100
fever:40475,ce100,ce100
fever:40511,ce20,bm25
fever:40527,ce100,ce100
fever:40528,ce100,ce100
fever:4058,ce20,ce100
fever:40621,ce100,ce100
fever:40622,ce100,ce100
fever:40626,ce100,ce100
fever:40641,ce20,ce100
fever:40642,ce100,ce100
fever:40643,ce100,ce100
fever:40666,ce20,ce100
fever:40742,ce20,bm25
fever:40748,ce20,ce100
fever:40755,ce20,ce100
fever:40778,ce20,bm25
fever:40785,ce20,ce100
fever:40808,ce100,ce100
fever:40833,ce100,ce100
fever:40858,ce20,ce100
fever:40859,bm25,bm25
fever:40863,ce100,ce100
fever:40883,ce20,ce100
fever:4090,ce20,ce100
fever:4091,ce20,ce100
fever:40921,ce100,ce100
fever:40922,ce100,ce100
fever:40944,ce20,ce100
fever:40992,ce20,bm25
fever:4100,ce20,ce100
fever:41003,ce20,ce100
fever:41049,bm25,bm25
fever:41090,ce20,ce100
fever:41091,ce20,ce100
fever:41097,ce20,ce100
fever:41120,ce20,ce100
fever:41123,ce100,ce100
fever:41150,ce20,ce100
fever:41198,ce100,ce100
fever:41199,ce100,ce100
fever:41221,ce100,ce100
fever:41265,ce20,ce100
fever:41266,ce100,ce100
fever:41290,ce100,ce100
fever:41316,ce20,bm25
fever:4132,ce100,ce100
fever:41330,ce100,ce100
fever:41337,ce100,ce100
fever:4134,bm25,bm25
fever:41419,ce100,ce100
fever:41441,ce20,ce100
fever:41452,ce100,ce100
fever:41480,ce100,ce100
fever:41492,bm25,bm25
fever:41515,ce20,ce100
fever:41518,ce100,ce100
fever:41571,ce20,ce100
fever:41606,ce20,ce100
fever:41634,ce20,bm25
fever:41656,ce20,bm25
fever:41661,ce20,bm25
fever:41665,ce100,ce100
fever:41703,ce100,ce100
fever:4171,ce100,ce100
fever:41711,ce20,ce100
fever:4172,ce100,ce100
fever:41728,bm25,bm25
fever:41764,ce20,ce100
fever:41780,ce20,ce100
fever:41786,bm25,bm25
fever:4179,ce20,bm25
fever:41790,ce20,ce100
fever:41803,ce20,ce100
fever:41810,ce100,ce100
fever:41811,ce20,ce100
fever:41820,ce100,ce100
fever:41821,ce100,ce100
fever:41829,ce100,ce100
fever:41833,ce20,ce100
fever:41840,bm25,bm25
fever:41848,ce20,ce100
fever:41850,ce20,bm25
fever:419,ce100,ce100
fever:41923,ce20,bm25
fever:41935,ce100,ce100
fever:41947,ce20,ce100
fever:41953,bm25,bm25
fever:41975,ce100,ce100
fever:41976,ce100,ce100
fever:41980,ce20,ce100
fever:420,ce20,ce100
fever:42024,ce20,bm25
fever:42026,ce20,ce100
fever:42027,ce20,ce100
fever:42041,ce100,ce100
fever:42052,ce100,ce100
fever:42072,ce100,ce100
fever:42117,ce20,ce100
fever:42152,ce20,ce100
fever:42165,ce100,ce100
fever:42173,ce100,ce100
fever:42174,ce100,ce100
fever:42184,ce100,ce100
fever:42187,ce100,ce100
fever:42188,ce100,ce100
fever:422,ce100,ce100
fever:42201,ce20,ce100
fever:42209,ce20,ce100
fever:42213,ce20,ce100
fever:42215,ce20,ce100
fever:42223,ce100,ce100
fever:42226,ce20,ce100
fever:42258,bm25,bm25
fever:42274,ce100,ce100
fever:42300,ce20,ce100
fever:42339,ce20,ce100
fever:42343,ce100,ce100
fever:42344,bm25,bm25
fever:42350,ce20,ce100
fever:42362,ce20,bm25
fever:42385,ce20,ce100
fever:42390,ce20,bm25
fever:42397,ce20,ce100
fever:4240,bm25,bm25
fever:42406,bm25,bm25
fever:42412,ce20,ce100
fever:4246,ce20,ce100
fever:42470,ce100,ce100
fever:42493,ce20,bm25
fever:4251,ce100,ce100
fever:42559,ce20,bm25
fever:42583,ce20,ce100
fever:42594,ce20,bm25
fever:426,ce20,ce100
fever:42611,ce100,ce100
fever:42612,ce100,ce100
fever:42619,ce20,ce100
fever:42620,bm25,bm25
fever:42628,ce100,ce100
fever:42643,ce20,bm25
fever:42652,ce20,ce100
fever:42669,ce20,ce100
fever:4267,ce100,ce100
fever:42686,ce20,ce100
fever:42709,ce20,ce100
fever:42720,ce100,ce100
fever:42722,ce100,ce100
fever:4273,ce100,ce100
fever:42770,ce100,ce100
fever:4280,ce100,ce100
fever:42817,bm25,bm25
fever:42841,ce100,ce100
fever:42888,ce20,bm25
fever:42922,ce20,ce100
fever:42924,ce20,ce100
fever:42933,ce20,ce100
fever:42943,bm25,bm25
fever:42954,ce100,ce100
fever:42963,ce20,ce100
fever:42964,ce100,ce100
fever:42966,ce20,ce100
fever:42974,ce100,ce100
fever:42982,ce100,ce100
fever:42998,ce20,bm25
fever:43008,ce100,ce100
fever:43009,ce100,ce100
fever:43011,ce100,ce100
fever:43041,ce100,ce100
fever:43042,ce100,ce100
fever:43078,ce100,ce100
fever:43080,ce20,bm25
fever:43109,ce20,ce100
fever:43110,ce100,ce100
fever:43141,ce20,ce100
fever:4315,bm25,bm25
fever:43153,ce100,ce100
fever:43168,ce20,ce100
fever:43170,ce20,ce100
fever:43171,ce20,ce100
fever:43300,ce100,ce100
fever:43317,ce20,ce100
fever:43326,ce100,ce100
fever:43378,ce20,ce100
fever:43437,ce100,ce100
fever:43444,ce20,ce100
fever:43458,ce100,ce100
fever:43459,ce100,ce100
fever:43460,ce20,ce100
fever:43468,ce20,ce100
fever:43475,ce100,ce100
fever:43478,ce20,ce100
fever:4350,ce20,ce100
fever:4351,ce20,ce100
fever:43510,ce20,ce100
fever:43515,ce20,bm25
fever:43516,bm25,bm25
fever:43522,ce20,ce100
fever:43523,ce100,ce100
fever:43526,ce20,ce100
fever:43535,ce20,ce100
fever:43554,ce100,ce100
fever:43563,bm25,bm25
fever:43564,bm25,bm25
fever:43593,ce100,ce100
fever:43608,ce100,ce100
fever:43621,ce20,ce100
fever:43641,ce20,ce100
fever:43644,bm25,bm25
fever:43646,ce20,ce100
fever:43666,ce20,ce100
fever:43667,bm25,bm25
fever:43696,ce100,ce100
fever:43697,ce100,ce100
fever:43698,ce100,ce100
fever:43702,ce20,ce100
fever:43776,ce20,bm25
fever:43806,ce100,ce100
fever:43811,ce100,ce100
fever:43812,ce20,bm25
fever:43813,ce100,ce100
fever:43842,ce20,ce100
fever:43862,bm25,bm25
fever:43900,ce100,ce100
fever:43905,ce100,ce100
fever:43906,ce100,ce100
fever:4391,ce20,ce100
fever:43920,bm25,bm25
fever:43964,ce100,ce100
fever:43974,ce20,ce100
fever:43981,ce100,ce100
fever:44061,ce20,ce100
fever:44156,ce20,ce100
fever:44180,ce100,ce100
fever:44214,ce100,ce100
fever:44223,ce100,ce100
fever:4423,ce100,ce100
fever:44239,ce20,ce100
fever:44240,ce20,ce100
fever:44277,ce20,ce100
fever:44291,ce20,ce100
fever:44327,ce100,ce100
fever:4433,ce100,ce100
fever:44332,bm25,bm25
fever:44334,ce20,ce100
fever:44347,ce20,ce100
fever:44361,ce20,ce100
fever:44380,ce20,ce100
fever:44381,ce20,ce100
fever:44383,ce20,ce100
fever:44396,ce20,ce100
fever:44397,ce100,ce100
fever:44427,ce100,ce100
fever:4445,ce20,bm25
fever:44452,bm25,bm25
fever:44497,ce20,ce100
fever:44512,ce20,bm25
fever:44544,ce20,bm25
fever:44552,ce20,ce100
fever:44565,ce100,ce100
fever:44566,ce100,ce100
fever:4458,ce100,ce100
fever:446,ce100,ce100
fever:44605,ce20,ce100
fever:44610,ce20,ce100
fever:44617,ce20,ce100
fever:44703,bm25,bm25
fever:44710,bm25,bm25
fever:44720,ce20,bm25
fever:44721,ce100,ce100
fever:44722,ce100,ce100
fever:44732,ce100,ce100
fever:44754,bm25,bm25
fever:44755,ce20,ce100
fever:44787,bm25,bm25
fever:44801,ce20,ce100
fever:44809,bm25,bm25
fever:44837,ce20,ce100
fever:44856,ce100,ce100
fever:44864,ce20,ce100
fever:44889,bm25,bm25
fever:44890,bm25,bm25
fever:44899,ce100,ce100
fever:44927,ce20,ce100
fever:44928,ce20,ce100
fever:44946,ce100,ce100
fever:44950,ce20,ce100
fever:44955,bm25,bm25
fever:44987,ce20,ce100
fever:4499,ce20,ce100
fever:44998,ce100,ce100
fever:4500,ce20,ce100
fever:45014,ce100,ce100
fever:45018,ce100,ce100
fever:45036,ce100,ce100
fever:4506,ce20,ce100
fever:45085,ce20,ce100
fever:45109,ce100,ce100
fever:45124,ce20,ce100
fever:45143,ce20,ce100
fever:45180,ce20,bm25
fever:45192,bm25,bm25
fever:45205,ce100,ce100
fever:45217,ce20,ce100
fever:45220,ce100,ce100
fever:45226,ce100,ce100
fever:4529,ce20,ce100
fever:45302,ce20,ce100
fever:45310,ce100,ce100
fever:45345,ce20,ce100
fever:45349,ce20,ce100
fever:4536,ce100,ce100
fever:45364,ce20,ce100
fever:4537,ce100,ce100
fever:45374,ce20,ce100
fever:45376,bm25,bm25
fever:45384,ce100,ce100
fever:45394,ce100,ce100
fever:45396,ce20,ce100
fever:45400,bm25,bm25
fever:45439,ce100,ce100
fever:45440,ce100,ce100
fever:45447,ce20,ce100
fever:45465,ce20,bm25
fever:455,ce100,ce100
fever:45515,ce20,ce100
fever:45522,ce20,ce100
fever:45557,ce20,ce100
fever:45565,ce100,ce100
fever:45566,ce20,ce100
fever:45574,ce20,ce100
fever:45575,bm25,bm25
fever:45581,ce100,ce100
fever:45585,ce100,ce100
fever:45603,ce20,ce100
fever:45604,ce100,ce100
fever:45637,ce20,bm25
fever:45638,ce20,ce100
fever:45685,ce100,ce100
fever:45699,ce20,ce100
fever:45725,ce100,ce100
fever:45756,ce20,ce100
fever:45759,ce20,ce100
fever:45805,ce20,ce100
fever:45806,ce20,ce100
fever:45812,ce20,ce100
fever:45818,ce20,ce100
fever:45823,bm25,bm25
fever:45829,ce20,ce100
fever:45874,ce20,bm25
fever:45879,ce100,ce100
fever:459,ce20,ce100
fever:4592,ce100,ce100
fever:45932,ce20,ce100
fever:4595,ce20,bm25
fever:45963,ce100,ce100
fever:45964,ce100,ce100
fever:46004,ce100,ce100
fever:46023,ce20,ce100
fever:46034,ce100,ce100
fever:46059,ce20,ce100
fever:46064,ce20,bm25
fever:46065,ce100,ce100
fever:46090,ce100,ce100
fever:46127,ce20,ce100
fever:46133,ce20,ce100
fever:46134,ce20,ce100
fever:46144,ce100,ce100
fever:46149,bm25,bm25
fever:46158,ce100,ce100
fever:46165,ce20,bm25
fever:46177,ce100,ce100
fever:46187,ce100,ce100
fever:46188,ce20,ce100
fever:46200,ce20,ce100
fever:46218,ce20,ce100
fever:46262,ce20,ce100
fever:46267,ce20,bm25
fever:46268,ce20,ce100
fever:46271,ce20,ce100
fever:46272,ce20,ce100
fever:46276,ce100,ce100
fever:46289,ce20,ce100
fever:46308,ce20,ce100
fever:46309,ce20,ce100
fever:46310,ce100,ce100
fever:46322,ce20,ce100
fever:46333,ce100,ce100
fever:4635,ce20,ce100
fever:46365,ce20,ce100
fever:46366,ce20,ce100
fever:46381,ce20,ce100
fever:46383,ce20,ce100
fever:46384,ce20,ce100
fever:46464,ce100,ce100
fever:46475,bm25,bm25
fever:46483,bm25,bm25
fever:46508,ce20,bm25
fever:46511,bm25,bm25
fever:46513,ce20,bm25
fever:46577,ce20,ce100
fever:4658,ce20,bm25
fever:46582,ce100,ce100
fever:46583,ce100,ce100
fever:46612,ce20,bm25
fever:46627,ce20,ce100
fever:46636,ce100,ce100
fever:46641,ce20,bm25
fever:46666,ce20,ce100
fever:46687,ce100,ce100
fever:46705,ce100,ce100
fever:46712,ce20,ce100
fever:4675,ce20,ce100
fever:46754,ce20,ce100
fever:46759,ce20,ce100
fever:46780,ce100,ce100
fever:46792,ce20,bm25
fever:46810,ce100,ce100
fever:46827,ce100,ce100
fever:46859,bm25,bm25
fever:46883,ce20,bm25
fever:46911,ce20,ce100
fever:46934,ce20,bm25
fever:46937,ce100,ce100
fever:4695,ce100,ce100
fever:46957,ce20,ce100
fever:46959,ce100,ce100
fever:46964,ce100,ce100
fever:46970,ce100,ce100
fever:47000,ce20,ce100
fever:47004,ce20,ce100
fever:47005,bm25,bm25
fever:4705,ce100,ce100
fever:47060,ce100,ce100
fever:47061,ce20,ce100
fever:47070,ce100,ce100
fever:4713,ce100,ce100
fever:4716,ce20,ce100
fever:4717,ce20,ce100
fever:47196,ce20,ce100
fever:47202,ce100,ce100
fever:47209,ce20,ce100
fever:47222,ce100,ce100
fever:47223,ce100,ce100
fever:47228,ce20,ce100
fever:47230,ce20,ce100
fever:47239,ce20,ce100
fever:47241,ce20,ce100
fever:47242,ce20,ce100
fever:47250,ce20,ce100
fever:4726,ce20,bm25
fever:47267,ce100,ce100
fever:47273,ce100,ce100
fever:4728,ce20,ce100
fever:47288,ce20,ce100
fever:47296,ce20,ce100
fever:47308,ce20,ce100
fever:47317,ce100,ce100
fever:47321,ce20,ce100
fever:47322,ce100,ce100
fever:47356,ce100,ce100
fever:47357,ce100,ce100
fever:4737,ce20,bm25
fever:4738,ce20,bm25
fever:47384,ce100,ce100
fever:47403,bm25,bm25
fever:4742,ce20,ce100
fever:47457,ce20,ce100
fever:4746,ce20,ce100
fever:47524,ce20,bm25
fever:47525,ce20,ce100
fever:47542,ce20,bm25
fever:47551,ce20,ce100
fever:47577,ce100,ce100
fever:47588,ce20,bm25
fever:47589,ce20,ce100
fever:47598,ce100,ce100
fever:476,ce20,ce100
fever:47605,bm25,bm25
fever:47607,ce100,ce100
fever:47630,ce20,ce100
fever:47645,ce100,ce100
fever:47656,bm25,bm25
fever:47660,ce20,ce100
fever:47684,ce100,ce100
fever:477,ce100,ce100
fever:47711,ce100,ce100
fever:47723,bm25,bm25
fever:47725,ce20,bm25
fever:47726,ce20,bm25
fever:47736,ce100,ce100
fever:47765,ce20,bm25
fever:47768,ce20,bm25
fever:4778,ce20,ce100
fever:47785,ce100,ce100
fever:47786,ce100,ce100
fever:47791,bm25,bm25
fever:47792,bm25,bm25
fever:478,ce100,ce100
fever:47812,ce100,ce100
fever:47839,ce20,ce100
fever:47847,ce20,bm25
fever:47848,bm25,bm25
fever:47849,bm25,bm25
fever:47885,ce20,bm25
fever:47911,ce20,ce100
fever:47942,ce20,bm25
fever:47992,ce20,ce100
fever:48016,ce20,bm25
fever:48023,ce100,ce100
fever:48028,ce100,ce100
fever:48032,ce20,bm25
fever:48047,ce100,ce100
fever:48048,ce20,ce100
fever:4806,ce20,ce100
fever:4807,ce20,ce100
fever:48083,ce100,ce100
fever:48101,bm25,bm25
fever:48142,ce20,ce100
fever:48147,ce20,ce100
fever:48148,ce20,ce100
fever:4818,ce100,ce100
fever:48183,ce20,ce100
fever:4819,ce100,ce100
fever:48204,ce20,ce100
fever:48209,ce100,ce100
fever:48210,ce100,ce100
fever:48217,ce20,bm25
fever:4822,ce20,bm25
fever:48227,ce100,ce100
fever:48230,ce100,ce100
fever:4824,ce100,ce100
fever:48242,ce20,bm25
fever:48275,ce20,ce100
fever:48276,ce20,ce100
fever:48318,ce100,ce100
fever:48328,ce100,ce100
fever:48377,ce100,ce100
fever:48385,ce100,ce100
fever:48390,ce20,ce100
fever:48404,ce100,ce100
fever:48411,ce100,ce100
fever:48416,bm25,bm25
fever:48466,ce100,ce100
fever:48482,ce20,ce100
fever:48484,ce100,ce100
fever:48489,bm25,bm25
fever:48499,ce100,ce100
fever:48514,ce100,ce100
fever:48541,bm25,bm25
fever:48576,ce100,ce100
fever:48590,ce100,ce100
fever:48602,ce20,ce100
fever:48607,ce20,ce100
fever:48608,ce20,ce100
fever:4863,ce20,ce100
fever:48638,ce20,ce100
fever:48658,ce100,ce100
fever:48684,ce100,ce100
fever:48697,ce100,ce100
fever:48707,ce100,ce100
fever:48725,ce20,ce100
fever:48735,ce20,ce100
fever:48737,ce100,ce100
fever:48754,ce100,ce100
fever:48755,ce20,ce100
fever:48810,ce20,ce100
fever:48815,ce20,ce100
fever:48819,ce20,ce100
fever:48866,ce20,ce100
fever:48877,ce20,ce100
fever:48880,ce20,bm25
fever:48886,ce20,ce100
fever:48891,ce100,ce100
fever:48903,ce100,ce100
fever:48922,ce20,ce100
fever:48936,ce20,ce100
fever:48961,ce20,ce100
fever:48962,ce100,ce100
fever:48980,ce100,ce100
fever:48981,ce20,bm25
fever:48999,bm25,bm25
fever:49021,ce20,ce100
fever:49085,bm25,bm25
fever:49097,ce100,ce100
fever:49110,ce20,ce100
fever:49113,ce20,ce100
fever:49117,ce20,ce100
fever:49125,bm25,bm25
fever:4916,ce20,ce100
fever:49165,ce20,ce100
fever:49168,ce100,ce100
fever:49169,ce100,ce100
fever:49171,ce100,ce100
fever:49192,bm25,bm25
fever:49217,ce20,ce100
fever:49218,ce20,bm25
fever:49249,ce100,ce100
fever:49258,ce20,ce100
fever:49268,bm25,bm25
fever:49281,ce100,ce100
fever:493,ce20,ce100
fever:49306,ce100,ce100
fever:49310,bm25,bm25
fever:49326,ce20,ce100
fever:49362,ce20,bm25
fever:49398,ce20,ce100
fever:49399,ce100,ce100
fever:49405,ce100,ce100
fever:49413,ce100,ce100
fever:49451,ce20,ce100
fever:49458,ce20,ce100
fever:49470,ce20,ce100
fever:49498,ce20,ce100
fever:49512,ce100,ce100
fever:49513,ce100,ce100
fever:49515,ce20,ce100
fever:49542,ce20,ce100
fever:49544,ce20,ce100
fever:4958,bm25,bm25
fever:4959,bm25,bm25
fever:49593,ce100,ce100
fever:49599,ce100,ce100
fever:49650,ce100,ce100
fever:49706,ce20,ce100
fever:49707,ce20,ce100
fever:49711,ce100,ce100
fever:49729,ce100,ce100
fever:49735,ce100,ce100
fever:49740,ce100,ce100
fever:49743,ce100,ce100
fever:49752,bm25,bm25
fever:49775,ce20,ce100
fever:49785,ce100,ce100
fever:49834,ce20,ce100
fever:49836,bm25,bm25
fever:49838,ce100,ce100
fever:49839,ce100,ce100
fever:49848,ce100,ce100
fever:4986,ce20,ce100
fever:49869,ce100,ce100
fever:4987,ce100,ce100
fever:49879,ce100,ce100
fever:499,ce100,ce100
fever:49908,ce100,ce100
fever:49926,ce100,ce100
fever:49950,ce100,ce100
fever:50012,ce20,ce100
fever:50020,ce20,ce100
fever:5004,ce100,ce100
fever:50048,ce20,ce100
fever:50074,ce20,ce100
fever:50075,ce100,ce100
fever:50076,ce100,ce100
fever:50116,bm25,bm25
fever:50119,ce100,ce100
fever:50120,ce100,ce100
fever:50121,bm25,bm25
fever:50127,ce20,ce100
fever:50128,ce20,ce100
fever:5014,ce100,ce100
fever:50143,bm25,bm25
fever:50197,ce100,ce100
fever:50198,ce100,ce100
fever:50210,ce100,ce100
fever:50213,ce20,ce100
fever:50223,ce20,bm25
fever:50245,ce20,ce100
fever:50258,ce20,ce100
fever:50289,ce100,ce100
fever:5031,ce20,bm25
fever:50313,bm25,bm25
fever:50354,ce20,ce100
fever:50357,bm25,bm25
fever:5037,bm25,bm25
fever:50382,ce20,ce100
fever:50406,ce100,ce100
fever:50413,ce20,bm25
fever:50428,ce100,ce100
fever:50463,ce20,ce100
fever:50486,ce20,ce100
fever:50502,bm25,bm25
fever:50517,ce20,ce100
fever:50526,ce100,ce100
fever:50529,ce20,bm25
fever:5053,ce100,ce100
fever:50537,ce20,ce100
fever:50607,ce20,ce100
fever:50650,ce20,ce100
fever:50681,ce20,ce100
fever:50693,ce100,ce100
fever:50703,ce100,ce100
fever:50743,ce100,ce100
fever:5075,ce20,ce100
fever:5076,ce100,ce100
fever:50789,ce20,ce100
fever:50799,ce100,ce100
fever:5080,ce20,ce100
fever:50810,ce100,ce100
fever:50819,ce20,ce100
fever:50828,ce100,ce100
fever:50840,bm25,bm25
fever:50850,ce20,ce100
fever:50887,ce20,bm25
fever:50888,bm25,bm25
fever:50910,ce20,ce100
fever:5092,ce20,bm25
fever:50923,ce20,ce100
fever:50924,ce20,ce100
fever:5093,ce20,ce100
fever:50939,ce100,ce100
fever:50948,ce20,ce100
fever:51003,ce20,ce100
fever:51013,ce20,ce100
fever:51066,ce20,ce100
fever:51097,bm25,bm25
fever:51098,ce20,ce100
fever:51107,ce100,ce100
fever:5111,ce20,ce100
fever:51126,ce20,ce100
fever:51154,ce100,ce100
fever:51163,ce100,ce100
fever:51188,ce100,ce100
fever:51238,ce100,ce100
fever:51239,ce100,ce100
fever:51260,ce20,ce100
fever:51262,bm25,bm25
fever:5127,bm25,bm25
fever:51284,ce20,ce100
fever:51288,bm25,bm25
fever:51290,ce20,ce100
fever:51314,ce100,ce100
fever:51323,ce20,ce100
fever:51328,bm25,bm25
fever:51351,ce20,ce100
fever:51354,ce20,ce100
fever:51355,ce20,ce100
fever:5136,ce100,ce100
fever:51379,ce20,ce100
fever:51391,ce20,ce100
fever:51400,ce100,ce100
fever:51424,ce20,ce100
fever:51425,ce100,ce100
fever:51435,ce100,ce100
fever:51441,ce20,bm25
fever:51442,ce100,ce100
fever:51472,ce100,ce100
fever:51526,ce20,bm25
fever:51527,ce20,bm25
fever:51548,ce20,ce100
fever:51584,ce100,ce100
fever:51596,ce20,ce100
fever:51654,ce100,ce100
fever:5168,ce20,ce100
fever:51683,ce100,ce100
fever:5169,ce20,ce100
fever:51708,ce20,ce100
fever:51741,ce20,bm25
fever:51756,ce100,ce100
fever:51757,ce100,ce100
fever:5177,ce20,ce100
fever:51777,bm25,bm25
fever:51825,ce100,ce100
fever:51852,ce100,ce100
fever:51856,ce100,ce100
fever:5187,ce20,ce100
fever:51885,ce20,bm25
fever:51886,ce20,ce100
fever:519,ce100,ce100
fever:51919,ce20,ce100
fever:51930,bm25,bm25
fever:51936,ce20,ce100
fever:51961,ce100,ce100
fever:51962,ce100,ce100
fever:52039,ce20,ce100
fever:52040,ce20,ce100
fever:52068,ce100,ce100
fever:52103,ce100,ce100
fever:52112,ce100,ce100
fever:52121,ce100,ce100
fever:52139,bm25,bm25
fever:52157,ce20,ce100
fever:52175,ce100,ce100
fever:52183,ce20,ce100
fever:52186,ce20,ce100
fever:52197,ce100,ce100
fever:52218,ce100,ce100
fever:52243,ce20,ce100
fever:52270,ce100,ce100
fever:52278,ce100,ce100
fever:52287,ce100,ce100
fever:52316,ce100,ce100
fever:52356,ce100,ce100
fever:5241,ce100,ce100
fever:52428,ce20,ce100
fever:52456,ce20,ce100
fever:52470,ce20,ce100
fever:52472,bm25,bm25
fever:52509,ce20,ce100
fever:52523,bm25,bm25
fever:52536,bm25,bm25
fever:52556,ce100,ce100
fever:52559,ce20,ce100
fever:52572,bm25,bm25
fever:52582,bm25,bm25
fever:52620,bm25,bm25
fever:52644,ce100,ce100
fever:52685,ce20,ce100
fever:52712,bm25,bm25
fever:52747,ce20,ce100
fever:52751,ce100,ce100
fever:52753,ce20,ce100
fever:52788,ce100,ce100
fever:52799,bm25,bm25
fever:528,ce20,bm25
fever:52801,ce20,ce100
fever:52825,ce20,ce100
fever:52830,ce100,ce100
fever:52864,ce20,ce100
fever:52889,ce100,ce100
fever:529,ce20,ce100
fever:52907,ce20,ce100
fever:52917,ce100,ce100
fever:52918,ce100,ce100
fever:52924,ce100,ce100
fever:52926,ce100,ce100
fever:52945,ce20,ce100
fever:52946,ce20,ce100
fever:53016,bm25,bm25
fever:53017,ce100,ce100
fever:53020,ce20,bm25
fever:53021,ce20,ce100
fever:53025,bm25,bm25
fever:53050,ce20,bm25
fever:53062,ce100,ce100
fever:53076,ce100,ce100
fever:53097,ce20,ce100
fever:531,ce20,ce100
fever:5313,ce100,ce100
fever:53135,ce100,ce100
fever:5314,ce100,ce100
fever:53147,ce100,ce100
fever:53151,bm25,bm25
fever:53165,ce20,bm25
fever:53176,ce20,bm25
fever:53177,ce20,ce100
fever:53188,bm25,bm25
fever:53192,ce20,bm25
fever:53197,ce20,ce100
fever:532,ce100,ce100
fever:53204,ce20,ce100
fever:53214,ce100,ce100
fever:53220,ce20,ce100
fever:5324,bm25,bm25
fever:53248,ce20,ce100
fever:53254,ce100,ce100
fever:53263,ce100,ce100
fever:53266,ce20,bm25
fever:53317,ce100,ce100
fever:53319,ce100,ce100
fever:53320,ce20,ce100
fever:53321,ce100,ce100
fever:53329,ce20,ce100
fever:53330,ce20,bm25
fever:53331,ce20,ce100
fever:53367,ce100,ce100
fever:53389,ce100,ce100
fever:53421,ce100,ce100
fever:5346,ce100,ce100
fever:53468,ce100,ce100
fever:53470,ce100,ce100
fever:53472,bm25,bm25
fever:53475,ce100,ce100
fever:53478,ce100,ce100
fever:53481,ce100,ce100
fever:53525,ce20,ce100
fever:53526,ce20,ce100
fever:53567,ce100,ce100
fever:53568,ce100,ce100
fever:53613,ce20,ce100
fever:53662,ce20,ce100
fever:53663,bm25,bm25
fever:53668,ce100,ce100
fever:53669,ce100,ce100
fever:53672,ce20,ce100
fever:53675,ce20,bm25
fever:53676,ce20,bm25
fever:53705,ce100,ce100
fever:53733,ce20,ce100
fever:53751,ce100,ce100
fever:53760,ce100,ce100
fever:53771,ce20,bm25
fever:53792,ce20,ce100
fever:53793,ce20,ce100
fever:53794,ce100,ce100
fever:53795,ce100,ce100
fever:53796,bm25,bm25
fever:53825,ce100,ce100
fever:53832,ce20,ce100
fever:53852,ce100,ce100
fever:53871,ce20,ce100
fever:53895,ce20,bm25
fever:53901,ce20,ce100
fever:53903,ce100,ce100
fever:53910,ce20,ce100
fever:53957,ce100,ce100
fever:53961,ce20,ce100
fever:53967,ce100,ce100
fever:53968,ce20,ce100
fever:5397,bm25,bm25
fever:53973,ce20,bm25
fever:53982,ce20,ce100
fever:53998,ce20,ce100
fever:54012,ce20,ce100
fever:54015,ce20,bm25
fever:54016,ce20,bm25
fever:54029,ce100,ce100
fever:54058,ce20,ce100
fever:54077,ce100,ce100
fever:54085,ce20,bm25
fever:54102,ce20,ce100
fever:54105,ce20,ce100
fever:54111,ce20,ce100
fever:54135,ce100,ce100
fever:54136,ce100,ce100
fever:54142,bm25,bm25
fever:54150,ce20,bm25
fever:54151,ce100,ce100
fever:54164,ce100,ce100
fever:54168,ce20,ce100
fever:5418,ce100,ce100
fever:54180,ce20,ce100
fever:54191,ce100,ce100
fever:5420,ce20,ce100
fever:54204,ce100,ce100
fever:5421,ce20,ce100
fever:54244,ce20,ce100
fever:54253,ce100,ce100
fever:54257,ce20,ce100
fever:54269,ce100,ce100
fever:54287,bm25,bm25
fever:54289,ce20,ce100
fever:54298,bm25,bm25
fever:54325,ce20,ce100
fever:54326,ce100,ce100
fever:54331,ce100,ce100
fever:54348,ce100,ce100
fever:54382,ce20,bm25
fever:54383,ce20,ce100
fever:54384,ce100,ce100
fever:54410,ce20,ce100
fever:54411,ce20,ce100
fever:54417,ce20,bm25
fever:5453,bm25,bm25
fever:54533,bm25,bm25
fever:5454,ce20,ce100
fever:54604,ce20,ce100
fever:54606,ce20,ce100
fever:54615,ce20,ce100
fever:54616,ce100,ce100
fever:54620,ce20,ce100
fever:54622,ce20,ce100
fever:54623,ce20,ce100
fever:54624,ce20,ce100
fever:5466,ce100,ce100
fever:54679,ce20,ce100
fever:54700,ce20,ce100
fever:54701,ce100,ce100
fever:54702,ce100,ce100
fever:54742,ce20,ce100
fever:54759,ce20,ce100
fever:54760,ce100,ce100
fever:54761,ce100,ce100
fever:54771,ce100,ce100
fever:54789,ce100,ce100
fever:54821,ce20,ce100
fever:5483,ce100,ce100
fever:54833,ce100,ce100
fever:54844,ce100,ce100
fever:5488,ce100,ce100
fever:54907,ce100,ce100
fever:54910,ce20,ce100
fever:54915,bm25,bm25
fever:54932,ce20,ce100
fever:54944,ce20,ce100
fever:54949,ce20,ce100
fever:54951,ce20,ce100
fever:54959,ce100,ce100
fever:55025,ce100,ce100
fever:55028,ce20,ce100
fever:55032,ce20,ce100
fever:55041,ce100,ce100
fever:55045,ce20,ce100
fever:55055,ce100,ce100
fever:55065,ce100,ce100
fever:55066,ce100,ce100
fever:55079,ce100,ce100
fever:55101,ce20,ce100
fever:55113,ce100,ce100
fever:5513,ce20,ce100
fever:5514,ce20,bm25
fever:55152,ce20,ce100
fever:55156,bm25,bm25
fever:55199,bm25,bm25
fever:55208,bm25,bm25
fever:55233,ce20,ce100
fever:55239,ce100,ce100
fever:55259,ce100,ce100
fever:55267,ce100,ce100
fever:55279,ce100,ce100
fever:55282,ce20,ce100
fever:55294,ce100,ce100
fever:55295,ce100,ce100
fever:55330,ce20,ce100
fever:55335,ce100,ce100
fever:55398,ce100,ce100
fever:55425,ce20,ce100
fever:55426,ce100,ce100
fever:55432,ce100,ce100
fever:55444,ce20,ce100
fever:5545,ce100,ce100
fever:55460,ce20,ce100
fever:55468,ce20,ce100
fever:55470,ce20,ce100
fever:55525,bm25,bm25
fever:55538,ce100,ce100
fever:55541,ce100,ce100
fever:55546,ce100,ce100
fever:5555,ce100,ce100
fever:55571,ce20,bm25
fever:5560,ce100,ce100
fever:55633,ce20,ce100
fever:55645,ce20,ce100
fever:55647,ce20,ce100
fever:55658,ce20,ce100
fever:55698,ce20,ce100
fever:55703,bm25,bm25
fever:55706,ce20,ce100
fever:55707,ce20,ce100
fever:55710,ce20,ce100
fever:55713,ce100,ce100
fever:55732,ce100,ce100
fever:55733,ce100,ce100
fever:5574,ce100,ce100
fever:55741,ce100,ce100
fever:55759,ce20,ce100
fever:5578,bm25,bm25
fever:5579,ce20,ce100
fever:558,ce20,ce100
fever:55801,ce20,ce100
fever:55815,ce20,bm25
fever:55826,ce100,ce100
fever:55835,ce100,ce100
fever:55860,ce100,ce100
fever:55874,ce20,ce100
fever:55888,bm25,bm25
fever:55924,ce100,ce100
fever:55930,bm25,bm25
fever:55931,bm25,bm25
fever:55953,ce20,ce100
fever:55956,ce20,ce100
fever:55976,ce20,ce100
fever:55978,ce100,ce100
fever:5598,bm25,bm25
fever:5599,ce20,ce100
fever:55999,ce20,bm25
fever:5600,bm25,bm25
fever:56021,ce100,ce100
fever:56038,ce20,ce100
fever:56051,ce100,ce100
fever:56088,ce20,bm25
fever:56123,ce20,ce100
fever:56162,ce20,ce100
fever:56182,ce100,ce100
fever:56186,ce20,ce100
fever:56200,ce20,bm25
fever:56261,ce20,ce100
fever:56262,ce20,ce100
fever:56284,ce20,ce100
fever:56289,ce20,ce100
fever:56322,ce100,ce100
fever:56323,bm25,bm25
fever:56342,ce100,ce100
fever:56361,ce20,ce100
fever:56364,ce20,ce100
fever:56381,ce20,ce100
fever:56396,ce20,ce100
fever:56450,ce20,ce100
fever:56475,ce20,ce100
fever:56481,ce100,ce100
fever:56512,ce100,ce100
fever:56523,bm25,bm25
fever:5653,ce100,ce100
fever:56532,ce20,ce100
fever:56549,ce100,ce100
fever:56559,ce20,ce100
fever:56574,bm25,bm25
fever:56584,ce20,ce100
fever:56638,ce20,ce100
fever:5666,ce20,ce100
fever:56676,ce100,ce100
fever:56710,ce20,ce100
fever:56729,ce100,ce100
fever:56735,ce20,ce100
fever:56742,ce20,ce100
fever:56776,ce100,ce100
fever:56809,ce20,ce100
fever:5688,ce100,ce100
fever:5689,ce100,ce100
fever:56900,ce100,ce100
fever:56908,ce100,ce100
fever:56951,bm25,bm25
fever:56959,bm25,bm25
fever:56960,bm25,bm25
fever:56986,ce20,bm25
fever:57008,ce20,ce100
fever:57027,ce100,ce100
fever:57030,ce20,ce100
fever:57049,ce20,bm25
fever:5705,ce20,ce100
fever:57057,ce100,ce100
fever:57058,ce20,ce100
fever:57080,ce20,ce100
fever:57089,ce100,ce100
fever:57138,ce100,ce100
fever:57141,ce20,ce100
fever:57150,ce20,bm25
fever:5719,ce20,bm25
fever:57236,bm25,bm25
fever:57245,ce100,ce100
fever:57255,bm25,bm25
fever:57256,ce20,ce100
fever:57259,ce20,ce100
fever:57282,ce100,ce100
fever:573,ce20,bm25
fever:57339,ce20,ce100
fever:57351,ce20,ce100
fever:57359,ce20,ce100
fever:57361,ce100,ce100
fever:57364,ce20,ce100
fever:5737,ce20,ce100
fever:57374,ce100,ce100
fever:57375,ce100,ce100
fever:5738,ce100,ce100
fever:57383,ce100,ce100
fever:57388,bm25,bm25
fever:57421,ce20,ce100
fever:57433,ce20,ce100
fever:5744,ce20,ce100
fever:5745,ce20,ce100
fever:57452,ce20,bm25
fever:5747,ce100,ce100
fever:57479,ce100,ce100
fever:57507,bm25,bm25
fever:57522,ce100,ce100
fever:57524,bm25,bm25
fever:57554,ce20,ce100
fever:57557,ce20,ce100
fever:57577,ce20,bm25
fever:57585,ce100,ce100
fever:57603,ce20,bm25
fever:57611,ce100,ce100
fever:57622,ce100,ce100
fever:57631,ce100,ce100
fever:57635,ce100,ce100
fever:57636,ce20,ce100
fever:57638,ce20,bm25
fever:5765,ce20,ce100
fever:5766,ce100,ce100
fever:57670,ce20,ce100
fever:57718,ce20,ce100
fever:57743,ce20,bm25
fever:57773,ce20,ce100
fever:57782,ce20,bm25
fever:5781,ce100,ce100
fever:57842,ce100,ce100
fever:57850,bm25,bm25
fever:57860,ce100,ce100
fever:57895,ce20,ce100
fever:57899,ce20,ce100
fever:57934,ce100,ce100
fever:57941,ce100,ce100
fever:57965,ce20,ce100
fever:58076,ce100,ce100
fever:58114,ce100,ce100
fever:58124,ce20,ce100
fever:58140,ce20,ce100
fever:58155,ce20,ce100
fever:58172,ce20,bm25
fever:58173,ce20,ce100
fever:58175,ce20,ce100
fever:58178,ce100,ce100
fever:58182,ce20,ce100
fever:58191,ce100,ce100
fever:58206,ce100,ce100
fever:58230,ce100,ce100
fever:58234,ce20,ce100
fever:58244,ce100,ce100
fever:5826,ce20,ce100
fever:58302,ce20,bm25
fever:58317,ce20,ce100
fever:5832,ce100,ce100
fever:58322,ce20,ce100
fever:5833,ce100,ce100
fever:58334,ce20,ce100
fever:58341,ce100,ce100
fever:58355,ce100,ce100
fever:58396,ce20,bm25
fever:58415,ce100,ce100
fever:58417,ce100,ce100
fever:58423,ce20,ce100
fever:58449,ce20,ce100
fever:58482,ce100,ce100
fever:58496,bm25,bm25
fever:58513,ce100,ce100
fever:58550,ce100,ce100
fever:58572,ce20,ce100
fever:58585,ce20,bm25
fever:58607,ce20,bm25
fever:58608,ce20,bm25
fever:58618,ce100,ce100
fever:58661,ce100,ce100
fever:58662,bm25,bm25
fever:58677,ce100,ce100
fever:58707,ce100,ce100
fever:58708,ce20,ce100
fever:58711,ce100,ce100
fever:58712,ce100,ce100
fever:58735,ce20,ce100
fever:58749,ce20,ce100
fever:58753,ce20,ce100
fever:58764,ce20,bm25
fever:58765,ce20,ce100
fever:58783,ce20,bm25
fever:58800,ce20,ce100
fever:58814,ce20,ce100
fever:58823,ce20,bm25
fever:58841,ce100,ce100
fever:58896,ce100,ce100
fever:58918,ce100,ce100
fever:58924,ce20,ce100
fever:58926,ce100,ce100
fever:58935,bm25,bm25
fever:58952,ce20,bm25
fever:58967,ce100,ce100
fever:58968,ce100,ce100
fever:5900,ce100,ce100
fever:59001,ce100,ce100
fever:59025,ce100,ce100
fever:59048,ce100,ce100
fever:59056,ce20,ce100
fever:59067,ce20,ce100
fever:59070,ce100,ce100
fever:59087,ce100,ce100
fever:59144,ce20,bm25
fever:59147,ce20,bm25
fever:59149,ce20,ce100
fever:59158,ce100,ce100
fever:59208,ce20,ce100
fever:59214,ce100,ce100
fever:59221,ce100,ce100
fever:59242,ce100,ce100
fever:59266,ce20,ce100
fever:59273,ce20,bm25
fever:59290,ce100,ce100
fever:59319,ce20,ce100
fever:5934,ce20,ce100
fever:59355,ce100,ce100
fever:59358,ce100,ce100
fever:59384,bm25,bm25
fever:59385,ce20,bm25
fever:59393,ce20,ce100
fever:59410,ce100,ce100
fever:59489,ce20,bm25
fever:5950,ce20,ce100
fever:59504,ce100,ce100
fever:5951,bm25,bm25
fever:59521,ce100,ce100
fever:59532,ce100,ce100
fever:59545,ce100,ce100
fever:59573,ce100,ce100
fever:59602,ce100,ce100
fever:59603,ce20,ce100
fever:59605,ce20,ce100
fever:59607,bm25,bm25
fever:59617,ce100,ce100
fever:59626,ce20,ce100
fever:59629,ce20,ce100
fever:59641,ce100,ce100
fever:59674,bm25,bm25
fever:59678,ce20,ce100
fever:59686,ce20,ce100
fever:59689,ce20,bm25
fever:59695,ce20,bm25
fever:59707,ce20,ce100
fever:59718,ce100,ce100
fever:5972,bm25,bm25
fever:59768,ce20,ce100
fever:59777,ce20,ce100
fever:59778,ce20,bm25
fever:59783,ce100,ce100
fever:5980,ce100,ce100
fever:5985,ce20,ce100
fever:59856,bm25,bm25
fever:59862,ce20,ce100
fever:59867,ce20,ce100
fever:59873,ce20,bm25
fever:59890,ce20,bm25
fever:59903,ce100,ce100
fever:59907,ce20,ce100
fever:59963,ce20,ce100
fever:59964,ce20,ce100
fever:59966,ce20,ce100
fever:59967,ce20,ce100
fever:59979,ce100,ce100
fever:59982,ce20,bm25
fever:59984,ce20,bm25
fever:6,ce100,ce100
fever:60002,ce20,ce100
fever:60008,ce20,ce100
fever:60038,bm25,bm25
fever:60039,ce20,bm25
fever:60044,ce100,ce100
fever:60057,ce20,ce100
fever:60066,ce20,bm25
fever:60079,ce100,ce100
fever:60080,ce20,ce100
fever:60081,ce20,ce100
fever:60092,bm25,bm25
fever:60095,bm25,bm25
fever:60144,ce100,ce100
fever:60145,ce20,ce100
fever:60147,ce100,ce100
fever:60162,ce20,ce100
fever:6017,ce100,ce100
fever:60185,ce100,ce100
fever:60232,bm25,bm25
fever:60241,ce20,bm25
fever:60307,ce20,ce100
fever:6032,ce100,ce100
fever:60342,ce20,ce100
fever:60344,ce100,ce100
fever:60350,ce100,ce100
fever:60351,ce100,ce100
fever:60411,ce100,ce100
fever:60425,ce20,ce100
fever:60431,bm25,bm25
fever:60442,bm25,bm25
fever:60444,ce20,ce100
fever:60458,ce20,ce100
fever:60459,ce20,ce100
fever:60495,ce20,ce100
fever:60535,ce100,ce100
fever:60541,ce20,ce100
fever:60566,ce100,ce100
fever:60577,ce100,ce100
fever:60612,ce100,ce100
fever:60623,ce20,ce100
fever:60685,ce20,ce100
fever:60695,ce100,ce100
fever:607,ce20,ce100
fever:60701,ce100,ce100
fever:60702,ce20,ce100
fever:60720,ce20,ce100
fever:60756,ce100,ce100
fever:60763,ce20,bm25
fever:60769,ce20,ce100
fever:60775,ce20,ce100
fever:6079,ce20,ce100
fever:60819,ce20,bm25
fever:60854,ce20,ce100
fever:60933,ce20,ce100
fever:60952,ce100,ce100
fever:60977,ce20,ce100
fever:60978,bm25,bm25
fever:60979,bm25,bm25
fever:60995,ce20,bm25
fever:610,ce20,ce100
fever:61002,ce20,bm25
fever:61025,ce100,ce100
fever:6106,ce20,ce100
fever:61089,ce100,ce100
fever:61106,bm25,bm25
fever:61107,ce20,ce100
fever:6113,ce20,bm25
fever:61136,ce20,ce100
fever:6114,bm25,bm25
fever:61148,ce100,ce100
fever:61171,ce100,ce100
fever:61172,ce100,ce100
fever:61195,ce100,ce100
fever:61221,ce100,ce100
fever:61233,ce20,ce100
fever:61302,ce100,ce100
fever:61315,ce20,ce100
fever:61327,ce100,ce100
fever:61366,ce100,ce100
fever:61397,ce20,bm25
fever:61401,ce20,ce100
fever:61448,ce100,ce100
fever:61504,ce100,ce100
fever:61542,ce20,bm25
fever:61552,ce20,ce100
fever:61563,ce20,ce100
fever:61585,bm25,bm25
fever:61612,ce100,ce100
fever:61641,ce20,ce100
fever:61695,ce20,ce100
fever:61709,ce20,ce100
fever:61720,ce20,ce100
fever:61771,ce20,ce100
fever:61772,ce100,ce100
fever:61776,bm25,bm25
fever:61781,ce20,bm25
fever:61782,ce20,ce100
fever:61795,ce100,ce100
fever:61803,ce100,ce100
fever:61807,ce20,ce100
fever:61817,bm25,bm25
fever:61821,ce100,ce100
fever:61823,ce20,ce100
fever:61837,ce100,ce100
fever:61838,ce20,ce100
fever:61870,ce100,ce100
fever:61874,ce20,ce100
fever:619,bm25,bm25
fever:61922,bm25,bm25
fever:61926,ce100,ce100
fever:61937,ce20,ce100
fever:61977,ce100,ce100
fever:61989,ce100,ce100
fever:62004,ce20,ce100
fever:62047,ce20,bm25
fever:62053,ce100,ce100
fever:62062,bm25,bm25
fever:6210,ce20,ce100
fever:62117,bm25,bm25
fever:62119,ce100,ce100
fever:62126,ce20,ce100
fever:62149,ce20,ce100
fever:6216,ce20,ce100
fever:62201,ce100,ce100
fever:62247,ce20,ce100
fever:62284,ce100,ce100
fever:62298,ce100,ce100
fever:62301,ce20,ce100
fever:62309,bm25,bm25
fever:62318,ce100,ce100
fever:62335,bm25,bm25
fever:62355,bm25,bm25
fever:62359,ce100,ce100
fever:62368,ce100,ce100
fever:62451,ce20,ce100
fever:62453,ce100,ce100
fever:62457,ce20,ce100
fever:62491,bm25,bm25
fever:62492,ce20,ce100
fever:6250,ce100,ce100
fever:62513,ce20,ce100
fever:62516,ce100,ce100
fever:62587,ce20,ce100
fever:62614,bm25,bm25
fever:62633,ce100,ce100
fever:62637,ce20,ce100
fever:62680,ce100,ce100
fever:6270,ce20,ce100
fever:62726,ce100,ce100
fever:6274,ce20,ce100
fever:6275,ce100,ce100
fever:62751,ce20,ce100
fever:62779,bm25,bm25
fever:62816,ce20,ce100
fever:62826,ce20,ce100
fever:62828,ce20,ce100
fever:62831,ce20,ce100
fever:62834,ce20,ce100
fever:62835,ce100,ce100
fever:6285,ce100,ce100
fever:62877,ce100,ce100
fever:62898,ce100,ce100
fever:62907,bm25,bm25
fever:62919,ce20,bm25
fever:62924,ce100,ce100
fever:62971,ce20,ce100
fever:63038,ce100,ce100
fever:63044,ce20,ce100
fever:63056,ce20,bm25
fever:63063,ce100,ce100
fever:63066,ce100,ce100
fever:63081,ce20,ce100
fever:63084,ce100,ce100
fever:63093,ce100,ce100
fever:631,bm25,bm25
fever:63107,ce20,ce100
fever:63116,ce100,ce100
fever:63168,bm25,bm25
fever:6317,ce20,ce100
fever:63185,ce20,ce100
fever:63201,ce100,ce100
fever:63218,ce100,ce100
fever:63240,ce100,ce100
fever:63252,ce20,bm25
fever:63287,ce20,ce100
fever:63301,ce20,ce100
fever:63308,bm25,bm25
fever:63313,ce100,ce100
fever:63315,ce20,ce100
fever:63316,ce100,ce100
fever:6334,bm25,bm25
fever:63357,ce100,ce100
fever:63373,ce100,ce100
fever:63374,ce100,ce100
fever:63431,ce20,ce100
fever:63435,ce20,ce100
fever:63436,ce100,ce100
fever:63444,ce20,ce100
fever:63464,ce20,bm25
fever:63465,ce100,ce100
fever:63506,ce100,ce100
fever:63521,ce20,ce100
fever:63527,ce100,ce100
fever:63557,ce20,ce100
fever:63590,ce20,ce100
fever:63603,ce100,ce100
fever:63622,ce20,ce100
fever:63627,ce100,ce100
fever:63631,ce100,ce100
fever:63660,ce20,bm25
fever:63686,ce20,bm25
fever:63693,ce20,ce100
fever:63698,ce100,ce100
fever:63699,ce20,ce100
fever:637,ce100,ce100
fever:63717,ce100,ce100
fever:63722,bm25,bm25
fever:63731,ce100,ce100
fever:63746,bm25,bm25
fever:63757,ce20,ce100
fever:63806,ce100,ce100
fever:63829,ce20,ce100
fever:63836,ce100,ce100
fever:63846,ce20,ce100
fever:6387,bm25,bm25
fever:63874,ce20,ce100
fever:63885,ce100,ce100
fever:6389,ce100,ce100
fever:63896,ce100,ce100
fever:6390,ce100,ce100
fever:63907,ce20,bm25
fever:63938,ce100,ce100
fever:63949,bm25,bm25
fever:63950,bm25,bm25
fever:63958,ce100,ce100
fever:63975,ce20,bm25
fever:640,bm25,bm25
fever:64002,ce100,ce100
fever:64023,ce100,ce100
fever:64024,ce100,ce100
fever:64029,ce20,ce100
fever:64067,ce100,ce100
fever:64091,ce100,ce100
fever:64105,ce100,ce100
fever:64113,ce20,bm25
fever:64114,ce20,ce100
fever:64131,ce100,ce100
fever:6414,ce100,ce100
fever:64142,ce20,ce100
fever:64149,ce100,ce100
fever:64155,bm25,bm25
fever:64196,ce20,ce100
fever:64226,ce20,bm25
fever:64318,ce20,ce100
fever:6434,ce20,ce100
fever:64364,ce20,ce100
fever:64373,ce100,ce100
fever:64400,ce100,ce100
fever:64402,ce100,ce100
fever:64440,bm25,bm25
fever:64448,ce20,bm25
fever:64449,ce20,ce100
fever:64453,ce20,ce100
fever:64457,ce20,ce100
fever:64476,ce100,ce100
fever:64486,ce100,ce100
fever:64498,ce20,ce100
fever:64561,ce100,ce100
fever:64572,bm25,bm25
fever:64584,ce20,ce100
fever:64590,ce20,ce100
fever:6462,ce20,ce100
fever:64622,ce20,ce100
fever:64628,ce100,ce100
fever:64631,bm25,bm25
fever:64660,ce20,ce100
fever:64666,ce20,ce100
fever:64685,ce100,ce100
fever:64699,ce20,ce100
fever:64721,ce100,ce100
fever:64746,bm25,bm25
fever:64752,ce20,ce100
fever:64765,ce20,ce100
fever:64769,ce100,ce100
fever:64770,ce100,ce100
fever:64784,ce100,ce100
fever:64786,ce20,ce100
fever:64797,ce100,ce100
fever:64812,ce20,ce100
fever:64822,ce20,ce100
fever:64830,ce20,ce100
fever:64838,bm25,bm25
fever:64842,ce100,ce100
fever:6487,ce20,ce100
fever:64874,ce20,ce100
fever:64898,ce100,ce100
fever:64910,ce20,ce100
fever:64922,ce20,ce100
fever:64943,ce20,ce100
fever:64956,bm25,bm25
fever:6496,ce20,ce100
fever:64966,ce20,bm25
fever:6497,ce20,ce100
fever:65007,ce100,ce100
fever:65017,ce20,ce100
fever:65031,ce100,ce100
fever:65033,ce20,ce100
fever:65039,bm25,bm25
fever:65047,bm25,bm25
fever:6507,ce100,ce100
fever:65082,ce20,bm25
fever:65132,ce100,ce100
fever:65158,ce20,bm25
fever:65223,ce20,ce100
fever:65234,ce100,ce100
fever:65268,ce20,ce100
fever:65269,ce100,ce100
fever:65306,ce100,ce100
fever:65331,ce100,ce100
fever:65368,ce20,ce100
fever:65381,bm25,bm25
fever:6539,bm25,bm25
fever:65437,ce100,ce100
fever:65457,ce100,ce100
fever:65458,ce100,ce100
fever:65462,ce20,ce100
fever:65497,ce20,bm25
fever:65511,ce20,ce100
fever:65516,ce20,ce100
fever:65558,ce100,ce100
fever:65564,ce20,ce100
fever:65583,ce100,ce100
fever:65590,ce20,bm25
fever:65597,ce100,ce100
fever:65598,ce100,ce100
fever:65625,ce100,ce100
fever:65634,bm25,bm25
fever:65683,ce100,ce100
fever:65691,ce20,ce100
fever:65702,ce100,ce100
fever:6572,ce20,ce100
fever:65720,ce20,ce100
fever:65728,bm25,bm25
fever:65748,ce20,ce100
fever:6576,ce100,ce100
fever:65790,ce20,ce100
fever:65827,ce20,ce100
fever:65830,ce100,ce100
fever:65864,ce100,ce100
fever:65902,ce20,ce100
fever:65917,ce20,ce100
fever:65949,ce20,bm25
fever:65957,ce20,ce100
fever:65959,ce20,ce100
fever:65994,ce20,ce100
fever:66004,ce20,ce100
fever:66005,ce20,ce100
fever:66031,ce20,bm25
fever:66044,ce20,ce100
fever:66046,bm25,bm25
fever:66050,ce20,ce100
fever:66059,ce20,ce100
fever:66075,ce100,ce100
fever:66099,ce20,ce100
fever:66146,bm25,bm25
fever:66175,bm25,bm25
fever:66201,ce100,ce100
fever:66210,ce20,ce100
fever:66211,ce20,ce100
fever:66218,ce100,ce100
fever:66224,ce100,ce100
fever:66240,ce100,ce100
fever:66253,ce100,ce100
fever:66330,ce100,ce100
fever:66351,ce100,ce100
fever:66371,bm25,bm25
fever:66393,ce20,ce100
fever:66406,ce100,ce100
fever:66415,bm25,bm25
fever:66425,ce20,ce100
fever:66440,ce100,ce100
fever:66473,ce20,ce100
fever:66489,ce20,ce100
fever:66492,ce20,bm25
fever:66493,ce20,bm25
fever:66495,ce20,ce100
fever:6650,ce20,ce100
fever:66501,ce20,ce100
fever:66519,ce100,ce100
fever:66524,ce20,ce100
fever:66535,ce100,ce100
fever:66539,ce20,ce100
fever:66540,ce20,ce100
fever:66557,ce20,ce100
fever:66579,ce20,ce100
fever:66580,ce20,bm25
fever:66585,bm25,bm25
fever:66597,ce20,ce100
fever:66599,ce20,bm25
fever:66610,ce20,ce100
fever:66633,ce20,ce100
fever:66638,bm25,bm25
fever:66669,ce20,ce100
fever:6668,ce100,ce100
fever:66683,bm25,bm25
fever:66692,ce100,ce100
fever:6680,ce20,ce100
fever:66801,ce20,ce100
fever:66809,ce20,bm25
fever:66812,ce100,ce100
fever:6683,ce20,bm25
fever:6684,ce20,bm25
fever:66841,ce20,ce100
fever:66842,ce20,ce100
fever:66843,ce100,ce100
fever:66845,ce20,ce100
fever:66903,ce100,ce100
fever:66917,ce20,ce100
fever:66918,ce20,ce100
fever:66938,ce100,ce100
fever:66940,ce20,ce100
fever:66969,ce20,ce100
fever:66970,ce100,ce100
fever:66980,ce20,ce100
fever:66994,ce100,ce100
fever:67003,ce20,ce100
fever:67011,ce100,ce100
fever:67047,bm25,bm25
fever:67135,ce20,ce100
fever:67189,ce20,ce100
fever:67212,ce20,bm25
fever:67244,ce100,ce100
fever:67274,ce20,ce100
fever:67277,ce100,ce100
fever:67285,ce20,ce100
fever:673,ce100,ce100
fever:67319,ce100,ce100
fever:67340,ce20,ce100
fever:67404,ce100,ce100
fever:67417,ce20,ce100
fever:6742,ce20,ce100
fever:67426,ce20,ce100
fever:6743,ce20,ce100
fever:67449,ce20,ce100
fever:67457,ce100,ce100
fever:67464,ce100,ce100
fever:67470,ce100,ce100
fever:67481,ce20,ce100
fever:67489,ce100,ce100
fever:67529,ce20,ce100
fever:67534,ce100,ce100
fever:67544,ce20,ce100
fever:67568,ce100,ce100
fever:6757,ce100,ce100
fever:67572,ce100,ce100
fever:67582,ce100,ce100
fever:67630,ce100,ce100
fever:67679,ce100,ce100
fever:67707,ce100,ce100
fever:67721,ce20,ce100
fever:67746,ce20,bm25
fever:67766,ce100,ce100
fever:67799,ce100,ce100
fever:67818,ce20,ce100
fever:67833,ce20,ce100
fever:67856,bm25,bm25
fever:67876,ce20,ce100
fever:67903,ce100,ce100
fever:67917,ce20,ce100
fever:67950,ce100,ce100
fever:68000,ce20,ce100
fever:68022,ce20,ce100
fever:68027,ce20,ce100
fever:68032,ce20,ce100
fever:68043,ce20,ce100
fever:68057,ce100,ce100
fever:6807,ce100,ce100
fever:68084,ce100,ce100
fever:6810,ce20,ce100
fever:68132,ce20,ce100
fever:68137,bm25,bm25
fever:68160,ce100,ce100
fever:68188,ce20,ce100
fever:68189,ce100,ce100
fever:68202,ce20,ce100
fever:68203,ce20,ce100
fever:68232,ce100,ce100
fever:68233,ce20,ce100
fever:68265,ce100,ce100
fever:68280,ce100,ce100
fever:68282,ce100,ce100
fever:68283,ce100,ce100
fever:68320,ce100,ce100
fever:68327,bm25,bm25
fever:6833,ce100,ce100
fever:68337,ce20,ce100
fever:6834,ce100,ce100
fever:68377,ce20,ce100
fever:68378,ce20,ce100
fever:68386,ce100,ce100
fever:68394,bm25,bm25
fever:68412,ce20,bm25
fever:68413,ce20,ce100
fever:68443,ce20,ce100
fever:68459,ce100,ce100
fever:68468,ce20,ce100
fever:68472,ce100,ce100
fever:68483,bm25,bm25
fever:68488,ce20,bm25
fever:68502,ce100,ce100
fever:68507,ce20,bm25
fever:68539,ce100,ce100
fever:68546,ce20,ce100
fever:68569,ce20,ce100
fever:68573,ce20,ce100
fever:68576,ce100,ce100
fever:68610,ce20,ce100
fever:68613,ce20,ce100
fever:68623,ce20,ce100
fever:68632,ce100,ce100
fever:68676,ce100,ce100
fever:68677,ce100,ce100
fever:68685,bm25,bm25
fever:68692,ce20,ce100
fever:68701,ce100,ce100
fever:68706,ce100,ce100
fever:68742,ce100,ce100
fever:68746,ce20,ce100
fever:68758,ce100,ce100
fever:6876,ce100,ce100
fever:68784,ce100,ce100
fever:68828,ce100,ce100
fever:68844,ce20,ce100
fever:68853,bm25,bm25
fever:68893,ce100,ce100
fever:68908,ce20,bm25
fever:68913,ce20,ce100
fever:68921,ce20,ce100
fever:68929,ce20,bm25
fever:6893,bm25,bm25
fever:68930,ce20,ce100
fever:68934,ce20,ce100
fever:68973,ce100,ce100
fever:68983,ce100,ce100
fever:69,ce20,bm25
fever:69030,bm25,bm25
fever:69035,ce100,ce100
fever:69108,ce20,ce100
fever:69136,ce100,ce100
fever:69139,ce20,ce100
fever:69152,bm25,bm25
fever:69178,bm25,bm25
fever:69185,ce100,ce100
fever:69238,ce100,ce100
fever:6925,ce20,bm25
fever:69267,ce100,ce100
fever:69285,ce100,ce100
fever:69354,ce100,ce100
fever:69410,ce20,ce100
fever:6942,ce20,bm25
fever:69422,ce100,ce100
fever:69425,ce20,ce100
fever:69436,ce100,ce100
fever:69474,ce100,ce100
fever:69536,ce20,ce100
fever:69562,ce20,ce100
fever:6959,ce100,ce100
fever:69612,ce20,ce100
fever:69625,ce20,ce100
fever:69626,ce100,ce100
fever:69640,ce20,ce100
fever:69641,ce20,ce100
fever:69652,ce20,ce100
fever:69655,ce100,ce100
fever:69663,ce20,bm25
fever:69681,ce20,ce100
fever:69699,ce100,ce100
fever:69716,ce20,ce100
fever:69722,ce100,ce100
fever:69739,ce20,ce100
fever:69759,ce100,ce100
fever:69783,ce20,ce100
fever:69790,ce20,ce100
fever:69798,ce20,ce100
fever:69806,ce20,ce100
fever:69837,ce100,ce100
fever:69843,ce100,ce100
fever:69871,ce20,ce100
fever:69878,ce20,ce100
fever:69883,ce100,ce100
fever:69892,ce100,ce100
fever:69920,ce20,ce100
fever:69921,ce100,ce100
fever:69972,bm25,bm25
fever:69981,ce20,ce100
fever:69994,bm25,bm25
fever:69999,ce100,ce100
fever:70,bm25,bm25
fever:7000,ce20,ce100
fever:70005,ce100,ce100
fever:70020,ce20,ce100
fever:70022,ce100,ce100
fever:70041,ce20,ce100
fever:70071,ce100,ce100
fever:70074,ce20,bm25
fever:70099,ce20,ce100
fever:70100,ce100,ce100
fever:70115,ce100,ce100
fever:7012,ce20,bm25
fever:7013,ce20,bm25
fever:70145,ce100,ce100
fever:70159,ce100,ce100
fever:70163,bm25,bm25
fever:70164,ce100,ce100
fever:70178,ce100,ce100
fever:70208,ce100,ce100
fever:70221,ce100,ce100
fever:70239,ce100,ce100
fever:7025,ce100,ce100
fever:7026,ce100,ce100
fever:70276,ce20,ce100
fever:70281,ce20,ce100
fever:7031,ce20,ce100
fever:70310,ce20,ce100
fever:70311,ce100,ce100
fever:7032,ce20,ce100
fever:70359,ce100,ce100
fever:70373,ce20,ce100
fever:70385,ce20,ce100
fever:70386,bm25,bm25
fever:70393,ce100,ce100
fever:7041,bm25,bm25
fever:70412,ce20,ce100
fever:70421,ce20,ce100
fever:70430,ce100,ce100
fever:70460,bm25,bm25
fever:70490,ce20,bm25
fever:70536,ce20,ce100
fever:70545,ce20,ce100
fever:70573,ce100,ce100
fever:70574,ce20,ce100
fever:7059,ce20,bm25
fever:70599,ce20,bm25
fever:70601,ce20,ce100
fever:70602,ce20,bm25
fever:70604,ce20,ce100
fever:70612,ce100,ce100
fever:70644,ce100,ce100
fever:70645,ce100,ce100
fever:70670,ce20,ce100
fever:70695,bm25,bm25
fever:70702,ce100,ce100
fever:70774,ce100,ce100
fever:70780,ce20,ce100
fever:70784,ce20,ce100
fever:70812,ce100,ce100
fever:70815,ce20,ce100
fever:70820,ce20,ce100
fever:70833,ce100,ce100
fever:70840,ce20,ce100
fever:70882,ce100,ce100
fever:70918,ce100,ce100
fever:70932,ce100,ce100
fever:70935,ce100,ce100
fever:70961,ce20,ce100
fever:70965,ce20,ce100
fever:70980,ce20,bm25
fever:70984,ce20,ce100
fever:71011,ce20,bm25
fever:7105,ce100,ce100
fever:71058,ce100,ce100
fever:71072,ce20,ce100
fever:71082,ce100,ce100
fever:71089,bm25,bm25
fever:71091,ce20,ce100
fever:71092,ce20,ce100
fever:71099,ce20,ce100
fever:71100,ce100,ce100
fever:71111,ce100,ce100
fever:71120,ce20,ce100
fever:71124,ce100,ce100
fever:71125,bm25,bm25
fever:71138,ce20,ce100
fever:71150,bm25,bm25
fever:71153,ce100,ce100
fever:71159,ce100,ce100
fever:71161,ce100,ce100
fever:71180,ce100,ce100
fever:71187,ce20,bm25
fever:71230,ce100,ce100
fever:71232,bm25,bm25
fever:71241,ce100,ce100
fever:71246,bm25,bm25
fever:71269,ce20,ce100
fever:71281,ce20,bm25
fever:71352,ce100,ce100
fever:71368,ce20,ce100
fever:7137,ce20,ce100
fever:71376,ce20,bm25
fever:7138,ce20,ce100
fever:71437,bm25,bm25
fever:71441,ce20,bm25
fever:71444,ce100,ce100
fever:71458,ce20,ce100
fever:71479,ce100,ce100
fever:71510,ce20,bm25
fever:71511,ce20,bm25
fever:71516,ce20,ce100
fever:71554,ce100,ce100
fever:71570,ce20,bm25
fever:71618,ce20,ce100
fever:71639,ce20,bm25
fever:71642,ce100,ce100
fever:71653,ce20,ce100
fever:71672,ce100,ce100
fever:71687,ce20,bm25
fever:71695,ce20,ce100
fever:71700,ce20,bm25
fever:71706,ce20,ce100
fever:71722,ce100,ce100
fever:7178,ce20,ce100
fever:71791,ce20,bm25
fever:71802,ce20,bm25
fever:71809,ce100,ce100
fever:71815,ce20,ce100
fever:7183,ce20,ce100
fever:71836,bm25,bm25
fever:7184,bm25,bm25
fever:71848,ce20,ce100
fever:71853,ce20,ce100
fever:71862,ce20,ce100
fever:71876,ce100,ce100
fever:71911,ce20,bm25
fever:71947,ce100,ce100
fever:71959,ce100,ce100
fever:71973,ce100,ce100
fever:71986,ce20,ce100
fever:72009,ce20,ce100
fever:7202,ce20,ce100
fever:72023,ce100,ce100
fever:72024,ce100,ce100
fever:72067,bm25,bm25
fever:72079,ce100,ce100
fever:7208,ce20,ce100
fever:7209,ce100,ce100
fever:72090,ce20,ce100
fever:72132,ce100,ce100
fever:72143,ce100,ce100
fever:72177,ce20,ce100
fever:72182,ce20,ce100
fever:72194,ce20,bm25
fever:72208,bm25,bm25
fever:72218,ce100,ce100
fever:72250,ce20,ce100
fever:72255,ce20,ce100
fever:72263,ce20,ce100
fever:72267,ce20,ce100
fever:72271,ce20,ce100
fever:72279,bm25,bm25
fever:72331,ce100,ce100
fever:72341,ce20,ce100
fever:72346,ce100,ce100
fever:72358,ce100,ce100
fever:72366,ce100,ce100
fever:72401,ce20,ce100
fever:72403,bm25,bm25
fever:72436,ce100,ce100
fever:72446,ce100,ce100
fever:72453,bm25,bm25
fever:72485,ce100,ce100
fever:72495,ce100,ce100
fever:72498,bm25,bm25
fever:72508,ce100,ce100
fever:72518,ce100,ce100
fever:72519,ce20,ce100
fever:72560,ce100,ce100
fever:7257,ce20,bm25
fever:72578,ce100,ce100
fever:7258,bm25,bm25
fever:72585,ce100,ce100
fever:72586,ce100,ce100
fever:72593,bm25,bm25
fever:726,ce20,ce100
fever:7262,ce20,ce100
fever:72626,ce100,ce100
fever:72627,ce20,ce100
fever:72640,ce100,ce100
fever:72646,ce100,ce100
fever:7265,ce20,ce100
fever:72654,ce100,ce100
fever:72688,ce20,ce100
fever:72693,ce20,bm25
fever:72694,ce20,bm25
fever:72700,ce20,ce100
fever:72722,ce20,ce100
fever:72727,ce20,ce100
fever:72738,ce100,ce100
fever:72751,ce20,ce100
fever:72756,ce100,ce100
fever:7277,ce20,ce100
fever:7278,ce100,ce100
fever:72781,ce20,bm25
fever:72786,ce20,ce100
fever:72813,ce100,ce100
fever:7283,ce100,ce100
fever:7286,ce100,ce100
fever:7287,bm25,bm25
fever:72871,ce20,ce100
fever:72890,ce20,bm25
fever:72905,ce20,bm25
fever:72918,ce100,ce100
fever:72923,bm25,bm25
fever:72926,bm25,bm25
fever:72937,ce100,ce100
fever:72962,ce20,bm25
fever:7297,bm25,bm25
fever:72975,ce100,ce100
fever:72985,ce20,bm25
fever:72987,ce20,ce100
fever:73017,bm25,bm25
fever:73080,ce20,ce100
fever:73092,ce100,ce100
fever:73102,ce100,ce100
fever:73113,ce100,ce100
fever:73114,ce100,ce100
fever:73121,ce20,ce100
fever:73126,ce100,ce100
fever:73136,ce20,bm25
fever:73150,ce20,ce100
fever:73158,bm25,bm25
fever:73166,ce100,ce100
fever:73208,ce100,ce100
fever:73212,ce100,ce100
fever:73222,ce20,ce100
fever:73261,ce20,ce100
fever:73269,ce100,ce100
fever:73281,ce20,ce100
fever:73295,ce100,ce100
fever:7330,ce20,ce100
fever:73305,ce100,ce100
fever:73313,ce100,ce100
fever:73329,ce20,bm25
fever:7335,ce100,ce100
fever:73351,ce100,ce100
fever:7336,bm25,bm25
fever:73372,ce20,ce100
fever:73397,bm25,bm25
fever:73412,ce20,ce100
fever:73413,ce20,ce100
fever:73436,ce20,ce100
fever:73439,ce20,ce100
fever:73443,ce100,ce100
fever:73444,ce100,ce100
fever:73466,ce100,ce100
fever:73471,ce20,ce100
fever:73482,ce100,ce100
fever:73491,ce100,ce100
fever:73508,ce20,ce100
fever:73532,ce20,ce100
fever:73533,ce100,ce100
fever:73547,ce20,ce100
fever:73560,ce100,ce100
fever:73564,ce100,ce100
fever:73570,ce100,ce100
fever:7358,ce100,ce100
fever:73617,ce20,ce100
fever:73630,bm25,bm25
fever:73637,bm25,bm25
fever:73689,ce20,ce100
fever:73715,ce20,ce100
fever:73716,ce20,ce100
fever:73724,ce100,ce100
fever:73733,ce100,ce100
fever:73752,ce100,ce100
fever:73756,bm25,bm25
fever:73788,ce100,ce100
fever:73811,ce100,ce100
fever:73861,ce100,ce100
fever:73879,ce100,ce100
fever:73880,ce100,ce100
fever:73909,ce100,ce100
fever:73941,ce20,ce100
fever:73956,ce100,ce100
fever:73961,ce100,ce100
fever:73971,ce20,ce100
fever:73974,bm25,bm25
fever:73978,ce20,ce100
fever:73979,ce20,ce100
fever:74009,bm25,bm25
fever:7401,ce100,ce100
fever:74010,ce100,ce100
fever:74035,ce100,ce100
fever:74074,ce20,bm25
fever:74126,ce20,ce100
fever:74127,ce20,ce100
fever:74135,bm25,bm25
fever:74140,ce20,ce100
fever:74163,ce20,ce100
fever:7418,ce20,ce100
fever:74188,ce100,ce100
fever:7419,ce100,ce100
fever:74205,ce20,ce100
fever:74211,ce20,ce100
fever:74224,ce100,ce100
fever:74231,ce20,ce100
fever:74235,ce20,ce100
fever:74271,ce20,ce100
fever:74274,ce100,ce100
fever:74276,ce20,ce100
fever:7429,bm25,bm25
fever:7430,bm25,bm25
fever:74311,ce100,ce100
fever:74325,ce20,bm25
fever:74327,ce100,ce100
fever:7436,ce20,ce100
fever:74365,ce20,bm25
fever:74410,ce20,ce100
fever:74416,ce100,ce100
fever:74427,ce20,ce100
fever:74430,ce100,ce100
fever:74435,ce20,ce100
fever:74436,ce100,ce100
fever:74440,ce20,bm25
fever:74475,ce100,ce100
fever:74479,bm25,bm25
fever:74488,ce20,ce100
fever:74507,ce20,ce100
fever:7452,ce100,ce100
fever:74533,ce100,ce100
fever:74540,ce100,ce100
fever:74544,ce20,bm25
fever:74555,bm25,bm25
fever:74557,ce20,bm25
fever:74581,ce20,ce100
fever:74583,bm25,bm25
fever:74588,ce100,ce100
fever:74621,ce100,ce100
fever:74645,ce100,ce100
fever:74648,ce20,ce100
fever:74649,ce20,ce100
fever:7467,ce20,ce100
fever:74701,ce100,ce100
fever:74732,ce100,ce100
fever:74752,ce20,ce100
fever:74753,ce100,ce100
fever:74760,ce20,ce100
fever:74762,ce20,ce100
fever:74764,bm25,bm25
fever:74789,ce20,ce100
fever:74790,ce100,ce100
fever:74795,ce20,bm25
fever:74806,ce100,ce100
fever:74874,ce20,ce100
fever:74951,ce100,ce100
fever:74961,ce100,ce100
fever:75013,ce100,ce100
fever:75016,ce20,ce100
fever:75021,ce20,ce100
fever:75025,ce100,ce100
fever:75032,ce100,ce100
fever:75033,ce100,ce100
fever:75056,ce100,ce100
fever:75137,ce100,ce100
fever:75152,ce20,ce100
fever:75153,ce20,ce100
fever:752,ce20,ce100
fever:75210,ce100,ce100
fever:75217,ce100,ce100
fever:75232,ce20,ce100
fever:75267,ce20,ce100
fever:75276,ce20,ce100
fever:75277,ce20,ce100
fever:75288,ce20,ce100
fever:75291,ce20,ce100
fever:753,ce20,ce100
fever:75307,ce20,bm25
fever:75309,ce20,ce100
fever:75311,ce20,ce100
fever:75378,ce100,ce100
fever:75384,ce20,ce100
fever:75385,ce20,ce100
fever:75389,ce100,ce100
fever:75393,ce100,ce100
fever:75401,bm25,bm25
fever:75449,ce100,ce100
fever:7546,ce100,ce100
fever:75486,bm25,bm25
fever:75520,ce20,ce100
fever:75535,ce100,ce100
fever:75538,ce20,bm25
fever:75550,ce100,ce100
fever:75554,ce20,bm25
fever:75584,bm25,bm25
fever:75587,ce20,bm25
fever:75594,ce20,ce100
fever:75599,ce20,ce100
fever:75621,ce100,ce100
fever:75629,ce20,ce100
fever:75702,ce20,ce100
fever:75728,ce20,ce100
fever:75759,ce20,bm25
fever:75770,ce20,ce100
fever:75778,ce20,ce100
fever:75794,ce100,ce100
fever:7580,ce100,ce100
fever:75836,ce20,ce100
fever:75838,ce20,ce100
fever:75850,bm25,bm25
fever:75852,ce100,ce100
fever:75871,ce20,ce100
fever:75877,bm25,bm25
fever:75897,ce100,ce100
fever:75902,ce100,ce100
fever:75904,ce20,ce100
fever:75909,ce100,ce100
fever:75922,ce20,ce100
fever:75942,ce20,ce100
fever:75957,ce20,ce100
fever:75960,ce20,ce100
fever:75978,ce100,ce100
fever:75999,ce100,ce100
fever:76010,ce20,ce100
fever:76047,ce20,ce100
fever:76050,ce20,ce100
fever:76076,ce100,ce100
fever:76086,ce20,ce100
fever:76096,ce20,ce100
fever:76097,ce20,ce100
fever:76117,ce20,ce100
fever:76118,ce100,ce100
fever:76123,ce20,ce100
fever:76126,ce20,ce100
fever:76129,bm25,bm25
fever:76138,ce20,bm25
fever:76165,ce100,ce100
fever:76166,ce100,ce100
fever:76173,ce100,ce100
fever:76181,ce20,ce100
fever:76196,ce100,ce100
fever:76199,ce20,ce100
fever:76213,ce100,ce100
fever:7624,ce100,ce100
fever:7625,ce100,ce100
fever:76265,ce20,bm25
fever:76285,ce100,ce100
fever:76307,ce20,ce100
fever:76317,ce20,ce100
fever:76323,ce100,ce100
fever:76324,ce100,ce100
fever:76327,ce20,ce100
fever:76348,ce20,bm25
fever:76354,ce20,ce100
fever:76365,ce100,ce100
fever:76375,ce100,ce100
fever:76382,ce20,ce100
fever:76386,ce100,ce100
fever:7639,ce100,ce100
fever:7640,ce100,ce100
fever:76433,ce100,ce100
fever:76436,ce20,ce100
fever:76455,ce20,ce100
fever:76467,ce20,bm25
fever:76482,bm25,bm25
fever:76517,ce100,ce100
fever:76522,ce100,ce100
fever:76526,ce100,ce100
fever:76531,ce100,ce100
fever:76535,ce100,ce100
fever:76549,ce100,ce100
fever:76551,ce20,bm25
fever:76552,ce20,ce100
fever:76562,ce20,ce100
fever:76575,ce20,ce100
fever:76585,ce20,ce100
fever:76593,ce20,ce100
fever:76594,ce20,ce100
fever:76611,ce100,ce100
fever:76615,ce100,ce100
fever:76627,ce20,bm25
fever:76649,ce20,ce100
fever:76666,ce20,ce100
fever:76692,ce20,bm25
fever:76710,ce100,ce100
fever:76711,bm25,bm25
fever:76745,ce100,ce100
fever:76759,bm25,bm25
fever:76774,ce20,ce100
fever:76775,ce100,ce100
fever:76776,ce100,ce100
fever:76783,ce20,bm25
fever:7682,ce100,ce100
fever:76838,ce20,ce100
fever:76867,ce20,ce100
fever:76869,ce20,ce100
fever:76870,ce100,ce100
fever:76901,ce100,ce100
fever:76904,ce100,ce100
fever:7697,ce100,ce100
fever:77,ce20,ce100
fever:77007,ce100,ce100
fever:77011,ce100,ce100
fever:77012,ce20,ce100
fever:7702,ce100,ce100
fever:77028,ce100,ce100
fever:77043,bm25,bm25
fever:77046,ce20,ce100
fever:77048,ce20,ce100
fever:77077,ce100,ce100
fever:77113,bm25,bm25
fever:77120,ce20,ce100
fever:77126,ce100,ce100
fever:77157,ce20,ce100
fever:77162,ce20,ce100
fever:77222,ce100,ce100
fever:7727,ce20,bm25
fever:77277,ce100,ce100
fever:7728,ce20,ce100
fever:77304,ce20,ce100
fever:77351,ce20,ce100
fever:77359,ce100,ce100
fever:77378,ce100,ce100
fever:77398,ce100,ce100
fever:77435,ce100,ce100
fever:7744,ce20,ce100
fever:77449,ce100,ce100
fever:77465,ce100,ce100
fever:77473,ce100,ce100
fever:77480,ce100,ce100
fever:77499,ce100,ce100
fever:77520,ce20,ce100
fever:77548,ce20,ce100
fever:77549,ce20,ce100
fever:77550,ce20,ce100
fever:7757,ce20,bm25
fever:77573,ce100,ce100
fever:77576,ce20,bm25
fever:7758,ce100,ce100
fever:7761,ce20,bm25
fever:77616,ce100,ce100
fever:7762,ce20,ce100
fever:77622,ce20,ce100
fever:7768,ce100,ce100
fever:77686,ce100,ce100
fever:7769,ce100,ce100
fever:77690,ce20,ce100
fever:77700,ce20,ce100
fever:77710,ce100,ce100
fever:77730,ce20,ce100
fever:77731,ce100,ce100
fever:77763,bm25,bm25
fever:77815,ce100,ce100
fever:7782,ce20,ce100
fever:77824,ce20,ce100
fever:77834,ce20,ce100
fever:77848,ce20,bm25
fever:77869,ce100,ce100
fever:77873,ce20,bm25
fever:77911,ce100,ce100
fever:7792,ce20,ce100
fever:7794,ce100,ce100
fever:7795,ce100,ce100
fever:77982,ce20,bm25
fever:77993,ce100,ce100
fever:78011,ce20,ce100
fever:78018,ce100,ce100
fever:78055,ce100,ce100
fever:78072,ce20,ce100
fever:78080,ce20,ce100
fever:78087,ce20,ce100
fever:7810,ce100,ce100
fever:7811,ce100,ce100
fever:78153,ce100,ce100
fever:78174,ce100,ce100
fever:78175,ce100,ce100
fever:78179,ce20,ce100
fever:78232,ce20,ce100
fever:78244,ce20,ce100
fever:78252,bm25,bm25
fever:78264,ce100,ce100
fever:78282,bm25,bm25
fever:78289,ce100,ce100
fever:78297,ce100,ce100
fever:78302,ce20,ce100
fever:78305,ce100,ce100
fever:78311,ce100,ce100
fever:78312,ce100,ce100
fever:78339,ce20,ce100
fever:78344,ce20,bm25
fever:78345,ce20,bm25
fever:78349,ce20,ce100
fever:78355,ce100,ce100
fever:7836,ce20,ce100
fever:78388,ce20,ce100
fever:78395,ce100,ce100
fever:78410,ce100,ce100
fever:78426,ce100,ce100
fever:78448,ce100,ce100
fever:78498,ce20,bm25
fever:78514,ce20,ce100
fever:78516,bm25,bm25
fever:78526,ce20,ce100
fever:78534,ce100,ce100
fever:78572,bm25,bm25
fever:78578,ce20,ce100
fever:786,ce20,ce100
fever:78652,ce20,ce100
fever:78660,ce100,ce100
fever:78663,ce20,ce100
fever:78681,ce20,ce100
fever:78682,bm25,bm25
fever:78683,ce20,ce100
fever:78691,ce100,ce100
fever:787,ce20,ce100
fever:78725,ce20,ce100
fever:78742,ce100,ce100
fever:78752,bm25,bm25
fever:78755,ce20,ce100
fever:7876,ce100,ce100
fever:7877,ce20,ce100
fever:78777,bm25,bm25
fever:78778,ce100,ce100
fever:78794,ce20,ce100
fever:78795,ce100,ce100
fever:78809,ce100,ce100
fever:78816,ce20,ce100
fever:78831,ce100,ce100
fever:7884,ce100,ce100
fever:78843,ce100,ce100
fever:78846,ce100,ce100
fever:78849,ce20,ce100
fever:78855,ce20,ce100
fever:78856,ce20,bm25
fever:78859,ce100,ce100
fever:78880,ce20,ce100
fever:78883,bm25,bm25
fever:78889,ce100,ce100
fever:78914,ce100,ce100
fever:78925,ce100,ce100
fever:78942,ce20,bm25
fever:78957,ce20,ce100
fever:78973,ce20,ce100
fever:78982,ce20,ce100
fever:78985,ce20,ce100
fever:78997,ce20,ce100
fever:78998,bm25,bm25
fever:79017,ce20,ce100
fever:79034,ce100,ce100
fever:79038,ce20,ce100
fever:7905,ce20,ce100
fever:79072,ce20,ce100
fever:79079,bm25,bm25
fever:79121,ce100,ce100
fever:79123,ce100,ce100
fever:79146,ce100,ce100
fever:79172,ce100,ce100
fever:79208,ce100,ce100
fever:7922,bm25,bm25
fever:79222,ce20,bm25
fever:7923,bm25,bm25
fever:79247,bm25,bm25
fever:79264,ce100,ce100
fever:79307,ce20,ce100
fever:79321,ce20,ce100
fever:79322,ce20,ce100
fever:79340,bm25,bm25
fever:79347,ce20,ce100
fever:79354,ce100,ce100
fever:79366,ce20,ce100
fever:79378,ce20,ce100
fever:79389,ce100,ce100
fever:79392,ce20,ce100
fever:79414,ce20,bm25
fever:79418,ce100,ce100
fever:79419,ce20,ce100
fever:79420,bm25,bm25
fever:79429,ce20,ce100
fever:79437,ce20,bm25
fever:79460,ce20,ce100
fever:79461,ce20,ce100
fever:79472,ce20,ce100
fever:79505,ce20,bm25
fever:79520,ce20,bm25
fever:79525,ce20,ce100
fever:79538,ce20,ce100
fever:79575,ce100,ce100
fever:79601,ce20,ce100
fever:79610,ce100,ce100
fever:79613,ce100,ce100
fever:7963,ce100,ce100
fever:79635,ce100,ce100
fever:79639,ce100,ce100
fever:79644,ce20,bm25
fever:79688,ce20,ce100
fever:79706,ce20,ce100
fever:79711,ce20,ce100
fever:79731,ce100,ce100
fever:79771,ce20,bm25
fever:79777,bm25,bm25
fever:79800,ce20,ce100
fever:7982,ce20,ce100
fever:79857,ce20,ce100
fever:79875,ce100,ce100
fever:79881,ce100,ce100
fever:79885,ce20,ce100
fever:79899,ce20,ce100
fever:79911,ce100,ce100
fever:79912,ce20,ce100
fever:79923,ce20,ce100
fever:79956,ce20,ce100
fever:79984,ce100,ce100
fever:80001,ce20,ce100
fever:80013,ce20,ce100
fever:80051,ce20,ce100
fever:80054,ce20,ce100
fever:80074,ce20,ce100
fever:80075,ce100,ce100
fever:80112,ce20,ce100
fever:80148,ce100,ce100
fever:80185,bm25,bm25
fever:80186,bm25,bm25
fever:80205,ce100,ce100
fever:80212,bm25,bm25
fever:8022,ce20,bm25
fever:80227,ce100,ce100
fever:80258,ce100,ce100
fever:80262,ce100,ce100
fever:80273,bm25,bm25
fever:80289,ce100,ce100
fever:80301,bm25,bm25
fever:80303,ce20,bm25
fever:80316,ce20,ce100
fever:80333,ce20,ce100
fever:80335,bm25,bm25
fever:80338,ce20,bm25
fever:80356,ce20,bm25
fever:80361,ce20,ce100
fever:8037,ce20,ce100
fever:80411,ce100,ce100
fever:80417,ce20,bm25
fever:80420,bm25,bm25
fever:80429,ce20,ce100
fever:80451,ce20,ce100
fever:80458,ce100,ce100
fever:80479,ce100,ce100
fever:80487,ce20,ce100
fever:80488,ce100,ce100
fever:8049,ce100,ce100
fever:80516,ce100,ce100
fever:80532,ce20,ce100
fever:80551,ce100,ce100
fever:80573,bm25,bm25
fever:80576,ce100,ce100
fever:80590,ce100,ce100
fever:80596,bm25,bm25
fever:80621,ce100,ce100
fever:80625,ce20,ce100
fever:80639,ce100,ce100
fever:8065,ce20,ce100
fever:80650,ce20,ce100
fever:8067,ce100,ce100
fever:80676,bm25,bm25
fever:80693,bm25,bm25
fever:80764,ce100,ce100
fever:80800,ce20,ce100
fever:80863,ce20,bm25
fever:80902,ce20,bm25
fever:80909,ce100,ce100
fever:80949,ce100,ce100
fever:80969,ce100,ce100
fever:80970,ce100,ce100
fever:80984,ce20,ce100
fever:81002,ce20,bm25
fever:81007,ce100,ce100
fever:81029,ce20,ce100
fever:81045,ce100,ce100
fever:81046,ce100,ce100
fever:81058,ce100,ce100
fever:81060,ce100,ce100
fever:81069,ce20,ce100
fever:81084,ce20,ce100
fever:81096,ce20,ce100
fever:81119,ce20,ce100
fever:81121,ce100,ce100
fever:81155,ce20,ce100
fever:81191,ce100,ce100
fever:81192,ce20,ce100
fever:81301,ce100,ce100
fever:81304,bm25,bm25
fever:81305,ce20,ce100
fever:81343,ce100,ce100
fever:81351,ce20,ce100
fever:81357,bm25,bm25
fever:81361,ce20,ce100
fever:81366,ce100,ce100
fever:81385,ce20,ce100
fever:81391,ce20,ce100
fever:81405,ce20,ce100
fever:8143,bm25,bm25
fever:81439,ce100,ce100
fever:81450,ce20,bm25
fever:81460,ce20,ce100
fever:81467,ce20,bm25
fever:8148,bm25,bm25
fever:81480,ce20,ce100
fever:8149,ce20,bm25
fever:81492,ce20,ce100
fever:81496,ce20,bm25
fever:81499,bm25,bm25
fever:81518,ce100,ce100
fever:81540,ce20,ce100
fever:81542,ce100,ce100
fever:81609,ce100,ce100
fever:81610,ce20,ce100
fever:81613,ce100,ce100
fever:81646,ce20,bm25
fever:8167,ce100,ce100
fever:81703,bm25,bm25
fever:81710,ce20,ce100
fever:81727,bm25,bm25
fever:81756,ce100,ce100
fever:81761,bm25,bm25
fever:81772,ce20,ce100
fever:81775,ce100,ce100
fever:81778,ce20,ce100
fever:81806,bm25,bm25
fever:81809,ce20,ce100
fever:81829,ce20,ce100
fever:81847,ce20,ce100
fever:81849,bm25,bm25
fever:8190,ce20,bm25
fever:81912,ce20,ce100
fever:81950,ce20,ce100
fever:81957,ce100,ce100
fever:82075,ce20,ce100
fever:8208,ce20,bm25
fever:82106,ce100,ce100
fever:82129,ce20,ce100
fever:8219,ce100,ce100
fever:82196,ce100,ce100
fever:82208,ce100,ce100
fever:8221,ce100,ce100
fever:8222,ce100,ce100
fever:82292,ce20,ce100
fever:82293,ce20,bm25
fever:82315,bm25,bm25
fever:82355,ce100,ce100
fever:82367,ce100,ce100
fever:82376,ce100,ce100
fever:82396,ce100,ce100
fever:82413,ce100,ce100
fever:82450,ce100,ce100
fever:8246,ce100,ce100
fever:8248,ce100,ce100
fever:82492,bm25,bm25
fever:82509,ce20,ce100
fever:82541,ce20,ce100
fever:82559,bm25,bm25
fever:8257,bm25,bm25
fever:82576,ce20,ce100
fever:82580,ce100,ce100
fever:82587,ce20,ce100
fever:82594,ce20,ce100
fever:82602,ce100,ce100
fever:82615,ce20,bm25
fever:82624,ce20,ce100
fever:82626,bm25,bm25
fever:82674,ce20,ce100
fever:82745,ce100,ce100
fever:82751,ce20,ce100
fever:82761,bm25,bm25
fever:82780,ce100,ce100
fever:82833,ce20,ce100
fever:82838,ce100,ce100
fever:82859,ce20,ce100
fever:82883,ce20,ce100
fever:82886,ce20,ce100
fever:8290,bm25,bm25
fever:82934,ce20,ce100
fever:82935,ce20,ce100
fever:8297,ce20,ce100
fever:82973,bm25,bm25
fever:8298,ce100,ce100
fever:83,ce20,bm25
fever:83021,ce20,ce100
fever:8304,ce20,bm25
fever:83040,ce20,bm25
fever:83043,ce100,ce100
fever:83048,ce20,ce100
fever:83090,ce20,ce100
fever:83138,ce100,ce100
fever:8316,ce20,ce100
fever:83197,ce100,ce100
fever:83204,ce20,ce100
fever:83218,ce20,ce100
fever:83241,ce100,ce100
fever:83269,ce100,ce100
fever:833,ce20,bm25
fever:83351,bm25,bm25
fever:83371,ce20,ce100
fever:83425,ce20,ce100
fever:83431,ce100,ce100
fever:83452,ce20,ce100
fever:83454,ce100,ce100
fever:83469,bm25,bm25
fever:83470,ce100,ce100
fever:83505,ce100,ce100
fever:83509,ce100,ce100
fever:83527,ce20,ce100
fever:83530,ce20,ce100
fever:83533,ce100,ce100
fever:83541,ce20,bm25
fever:83545,ce20,ce100
fever:83559,ce20,bm25
fever:83577,ce100,ce100
fever:83598,ce20,ce100
fever:83630,ce20,ce100
fever:83654,ce100,ce100
fever:83655,ce20,bm25
fever:83662,ce20,ce100
fever:83664,ce20,bm25
fever:83669,ce20,ce100
fever:83758,ce100,ce100
fever:83795,ce20,ce100
fever:83803,ce100,ce100
fever:83812,ce100,ce100
fever:83855,ce100,ce100
fever:83879,ce20,ce100
fever:83880,ce20,ce100
fever:83896,ce100,ce100
fever:83954,ce100,ce100
fever:83955,ce100,ce100
fever:83984,ce100,ce100
fever:83989,ce20,ce100
fever:8403,ce20,bm25
fever:8404,ce20,bm25
fever:84040,ce100,ce100
fever:84041,ce20,ce100
fever:84043,ce100,ce100
fever:84052,ce100,ce100
fever:84063,ce100,ce100
fever:84105,ce20,ce100
fever:84123,ce100,ce100
fever:84132,ce20,bm25
fever:84154,ce20,ce100
fever:84187,ce100,ce100
fever:84208,ce100,ce100
fever:84223,ce20,ce100
fever:84225,ce20,ce100
fever:84260,ce100,ce100
fever:84272,ce100,ce100
fever:84274,ce100,ce100
fever:84278,ce20,ce100
fever:8429,ce100,ce100
fever:84328,ce20,ce100
fever:84329,ce20,ce100
fever:84397,ce100,ce100
fever:84409,ce20,bm25
fever:84420,ce100,ce100
fever:8443,ce100,ce100
fever:84431,bm25,bm25
fever:84472,ce100,ce100
fever:84506,bm25,bm25
fever:84516,ce100,ce100
fever:84561,ce100,ce100
fever:84595,ce20,ce100
fever:8464,ce100,ce100
fever:84643,ce20,ce100
fever:84647,ce20,bm25
fever:84673,ce20,ce100
fever:84675,ce20,ce100
fever:84694,ce100,ce100
fever:84701,bm25,bm25
fever:84702,bm25,bm25
fever:84709,ce100,ce100
fever:84710,ce100,ce100
fever:8472,ce20,ce100
fever:84737,ce100,ce100
fever:84775,ce20,ce100
fever:84783,ce100,ce100
fever:84795,ce100,ce100
fever:84799,ce20,ce100
fever:84807,ce100,ce100
fever:84828,ce100,ce100
fever:8483,ce100,ce100
fever:84836,ce20,ce100
fever:84839,ce20,ce100
fever:84844,ce20,ce100
fever:84856,ce20,ce100
fever:84858,ce20,ce100
fever:84860,ce100,ce100
fever:84895,ce100,ce100
fever:849,ce20,ce100
fever:84907,ce100,ce100
fever:8492,ce100,ce100
fever:84948,ce100,ce100
fever:84959,ce20,bm25
fever:84967,ce20,ce100
fever:84970,ce20,bm25
fever:850,ce20,ce100
fever:85004,ce100,ce100
fever:85011,ce100,ce100
fever:85015,ce20,ce100
fever:85028,ce100,ce100
fever:85036,ce100,ce100
fever:8504,ce20,ce100
fever:8505,ce100,ce100
fever:85061,ce20,ce100
fever:85062,ce100,ce100
fever:85066,bm25,bm25
fever:85093,ce100,ce100
fever:85122,ce20,bm25
fever:85138,ce100,ce100
fever:85172,ce20,ce100
fever:85175,ce20,ce100
fever:85177,ce100,ce100
fever:85184,ce20,ce100
fever:85191,ce20,ce100
fever:85193,ce20,bm25
fever:85196,ce20,ce100
fever:85274,ce20,ce100
fever:85298,ce100,ce100
fever:85301,ce100,ce100
fever:85315,ce20,ce100
fever:85338,ce20,ce100
fever:85350,ce20,bm25
fever:85360,ce20,ce100
fever:8538,ce100,ce100
fever:85422,bm25,bm25
fever:85452,ce20,ce100
fever:85454,ce100,ce100
fever:8546,ce100,ce100
fever:85467,ce100,ce100
fever:85470,ce100,ce100
fever:8550,ce20,bm25
fever:85571,ce100,ce100
fever:85600,ce100,ce100
fever:85619,ce20,bm25
fever:85642,ce100,ce100
fever:85646,ce20,ce100
fever:85649,ce100,ce100
fever:85653,ce100,ce100
fever:85700,ce20,ce100
fever:85702,bm25,bm25
fever:85730,ce100,ce100
fever:85739,ce20,ce100
fever:8574,ce100,ce100
fever:85745,ce20,ce100
fever:8576,bm25,bm25
fever:85764,ce100,ce100
fever:85766,ce20,ce100
fever:8577,bm25,bm25
fever:85780,ce20,ce100
fever:85800,bm25,bm25
fever:8581,ce20,bm25
fever:85825,ce100,ce100
fever:8584,ce20,bm25
fever:8585,ce20,ce100
fever:85873,ce20,ce100
fever:85881,ce100,ce100
fever:85895,ce100,ce100
fever:85923,ce100,ce100
fever:85924,ce20,ce100
fever:85937,ce20,ce100
fever:85951,ce100,ce100
fever:86013,ce100,ce100
fever:86019,ce20,bm25
fever:86024,ce20,bm25
fever:86029,ce100,ce100
fever:8603,ce20,ce100
fever:86095,ce100,ce100
fever:86109,ce20,ce100
fever:86110,ce100,ce100
fever:86116,ce20,ce100
fever:86131,bm25,bm25
fever:86133,ce100,ce100
fever:86143,ce100,ce100
fever:86159,ce20,ce100
fever:86175,ce100,ce100
fever:86222,ce20,bm25
fever:86242,ce20,ce100
fever:86279,ce100,ce100
fever:86289,ce100,ce100
fever:86326,ce20,ce100
fever:86361,ce20,ce100
fever:86387,ce100,ce100
fever:86394,ce100,ce100
fever:86397,ce100,ce100
fever:86439,ce100,ce100
fever:86459,bm25,bm25
fever:86472,ce100,ce100
fever:86474,ce100,ce100
fever:86495,ce100,ce100
fever:86518,ce20,bm25
fever:86530,ce100,ce100
fever:86539,ce100,ce100
fever:86559,ce20,bm25
fever:86568,ce100,ce100
fever:86598,ce20,ce100
fever:86625,bm25,bm25
fever:86630,ce100,ce100
fever:86635,ce100,ce100
fever:86698,ce20,ce100
fever:86731,ce20,bm25
fever:86738,ce20,ce100
fever:86749,ce100,ce100
fever:86752,ce100,ce100
fever:86783,ce20,bm25
fever:86800,ce20,ce100
fever:86829,ce20,ce100
fever:86831,bm25,bm25
fever:86890,ce100,ce100
fever:86897,bm25,bm25
fever:86913,ce100,ce100
fever:86914,ce20,bm25
fever:86919,ce100,ce100
fever:87008,ce20,ce100
fever:87017,ce20,ce100
fever:87019,ce100,ce100
fever:87023,ce20,ce100
fever:87072,ce100,ce100
fever:87073,ce100,ce100
fever:87081,ce100,ce100
fever:87109,ce20,ce100
fever:87161,ce20,bm25
fever:87187,ce100,ce100
fever:87195,ce100,ce100
fever:87229,ce100,ce100
fever:8725,ce100,ce100
fever:87251,ce20,bm25
fever:8727,bm25,bm25
fever:87293,ce100,ce100
fever:87305,ce100,ce100
fever:87320,ce20,ce100
fever:87326,ce100,ce100
fever:87336,ce100,ce100
fever:87337,ce100,ce100
fever:87358,ce100,ce100
fever:87383,ce20,ce100
fever:8740,ce20,ce100
fever:87414,ce100,ce100
fever:87456,ce20,ce100
fever:87464,ce20,bm25
fever:87483,ce100,ce100
fever:87486,ce100,ce100
fever:87517,ce20,ce100
fever:87563,ce20,ce100
fever:87570,ce100,ce100
fever:87581,ce100,ce100
fever:87603,ce20,ce100
fever:87607,ce20,ce100
fever:87646,bm25,bm25
fever:87678,ce20,ce100
fever:87691,ce100,ce100
fever:87694,ce20,ce100
fever:87713,ce20,ce100
fever:87737,ce20,bm25
fever:87755,ce20,ce100
fever:87760,ce20,bm25
fever:87783,ce100,ce100
fever:87793,ce100,ce100
fever:8780,ce20,ce100
fever:87808,ce20,ce100
fever:87809,ce20,ce100
fever:8781,ce20,ce100
fever:87820,ce100,ce100
fever:87828,ce100,ce100
fever:87838,ce100,ce100
fever:87849,ce100,ce100
fever:87875,ce20,ce100
fever:87879,ce20,bm25
fever:8789,ce20,ce100
fever:87894,ce20,ce100
fever:87903,bm25,bm25
fever:87913,ce100,ce100
fever:87918,ce20,ce100
fever:87942,ce100,ce100
fever:87944,ce20,ce100
fever:87993,ce20,ce100
fever:88008,ce20,ce100
fever:88023,ce100,ce100
fever:88040,ce100,ce100
fever:88041,bm25,bm25
fever:88045,ce20,ce100
fever:88046,bm25,bm25
fever:88082,ce20,ce100
fever:88107,ce20,bm25
fever:88110,ce100,ce100
fever:88112,ce20,ce100
fever:88141,ce20,bm25
fever:88150,ce100,ce100
fever:88152,ce100,ce100
fever:88164,bm25,bm25
fever:88165,bm25,bm25
fever:88172,ce100,ce100
fever:88211,ce100,ce100
fever:88213,ce100,ce100
fever:88217,ce100,ce100
fever:8823,bm25,bm25
fever:88251,ce20,ce100
fever:8829,ce20,ce100
fever:8830,ce20,ce100
fever:88301,bm25,bm25
fever:88337,ce20,ce100
fever:8834,ce100,ce100
fever:88345,ce20,ce100
fever:88346,ce20,bm25
fever:88352,ce20,ce100
fever:88361,ce100,ce100
fever:88365,ce20,ce100
fever:88377,ce20,ce100
fever:88383,ce100,ce100
fever:88385,ce20,bm25
fever:88401,ce20,ce100
fever:88425,ce100,ce100
fever:88426,ce20,ce100
fever:88427,ce20,ce100
fever:88429,ce20,ce100
fever:88459,bm25,bm25
fever:8847,ce100,ce100
fever:88473,ce20,ce100
fever:88479,ce100,ce100
fever:88480,bm25,bm25
fever:88495,ce100,ce100
fever:88589,ce100,ce100
fever:88619,ce100,ce100
fever:8863,ce100,ce100
fever:8864,ce100,ce100
fever:88641,ce100,ce100
fever:8867,ce20,ce100
fever:88690,bm25,bm25
fever:8870,ce20,bm25
fever:88763,ce20,ce100
fever:88764,ce20,bm25
fever:88781,ce20,ce100
fever:88816,ce100,ce100
fever:88820,bm25,bm25
fever:88847,ce100,ce100
fever:88865,ce20,bm25
fever:88868,ce100,ce100
fever:88872,ce20,bm25
fever:88875,ce20,bm25
fever:8888,bm25,bm25
fever:88887,ce20,bm25
fever:88894,ce20,ce100
fever:88907,ce20,ce100
fever:88910,ce20,ce100
fever:88914,ce20,ce100
fever:88918,ce20,ce100
fever:88941,bm25,bm25
fever:88946,ce20,ce100
fever:88977,ce100,ce100
fever:89014,ce20,ce100
fever:89049,ce20,ce100
fever:8905,ce100,ce100
fever:89063,ce20,ce100
fever:89076,bm25,bm25
fever:89096,ce20,ce100
fever:89150,ce100,ce100
fever:89156,bm25,bm25
fever:89163,ce20,ce100
fever:89167,ce100,ce100
fever:89171,ce100,ce100
fever:89174,ce20,ce100
fever:89213,ce100,ce100
fever:89219,ce100,ce100
fever:89229,ce20,bm25
fever:89240,ce100,ce100
fever:8925,ce100,ce100
fever:89254,bm25,bm25
fever:8926,ce100,ce100
fever:89304,ce100,ce100
fever:89322,ce20,ce100
fever:89364,ce20,ce100
fever:89376,ce20,ce100
fever:89409,ce100,ce100
fever:89419,ce20,ce100
fever:89450,ce100,ce100
fever:89455,ce100,ce100
fever:89458,bm25,bm25
fever:89483,ce100,ce100
fever:89519,ce20,ce100
fever:89521,ce100,ce100
fever:89544,ce100,ce100
fever:89573,ce100,ce100
fever:89583,ce100,ce100
fever:89608,ce20,bm25
fever:89615,ce100,ce100
fever:89633,bm25,bm25
fever:89661,ce100,ce100
fever:89663,bm25,bm25
fever:89681,ce100,ce100
fever:89682,ce100,ce100
fever:89691,ce20,ce100
fever:89707,ce20,ce100
fever:8971,bm25,bm25
fever:89719,bm25,bm25
fever:89727,ce100,ce100
fever:89730,bm25,bm25
fever:89734,ce100,ce100
fever:89739,ce20,ce100
fever:89747,ce20,bm25
fever:89751,ce100,ce100
fever:89771,bm25,bm25
fever:89777,ce20,ce100
fever:89789,ce20,ce100
fever:89796,ce20,ce100
fever:89804,ce20,ce100
fever:89809,ce100,ce100
fever:89814,bm25,bm25
fever:89815,ce20,bm25
fever:8982,ce20,ce100
fever:89835,ce20,ce100
fever:89875,ce20,bm25
fever:89876,ce20,ce100
fever:89891,ce100,ce100
fever:89908,ce20,ce100
fever:89912,ce100,ce100
fever:89920,ce20,ce100
fever:89932,ce20,ce100
fever:89936,ce100,ce100
fever:89937,ce20,bm25
fever:89985,ce100,ce100
fever:90000,bm25,bm25
fever:90080,ce20,ce100
fever:90085,ce20,ce100
fever:90098,ce100,ce100
fever:90141,ce100,ce100
fever:90151,ce20,bm25
fever:90158,ce100,ce100
fever:90174,ce20,ce100
fever:90208,ce100,ce100
fever:90220,ce20,ce100
fever:9023,ce20,ce100
fever:90230,ce100,ce100
fever:90236,ce100,ce100
fever:90279,ce20,ce100
fever:90291,ce20,ce100
fever:90314,ce100,ce100
fever:90336,bm25,bm25
fever:90350,ce100,ce100
fever:90355,ce20,ce100
fever:90356,ce20,ce100
fever:90359,ce20,ce100
fever:90367,ce100,ce100
fever:90378,ce20,ce100
fever:90392,ce20,bm25
fever:9040,ce20,ce100
fever:90408,bm25,bm25
fever:90409,ce20,bm25
fever:9041,ce20,ce100
fever:90427,ce20,ce100
fever:90443,ce100,ce100
fever:90446,ce20,ce100
fever:90447,ce100,ce100
fever:90469,ce20,ce100
fever:90476,ce20,ce100
fever:90480,ce100,ce100
fever:90509,ce20,bm25
fever:90517,ce100,ce100
fever:90549,ce20,ce100
fever:90589,ce100,ce100
fever:90606,ce20,ce100
fever:90611,ce100,ce100
fever:90615,ce20,ce100
fever:90666,ce100,ce100
fever:90688,ce20,ce100
fever:90717,ce100,ce100
fever:90733,bm25,bm25
fever:9075,ce100,ce100
fever:90754,ce20,ce100
fever:90769,ce20,bm25
fever:90777,ce20,ce100
fever:90809,ce100,ce100
fever:90865,ce100,ce100
fever:90894,ce20,ce100
fever:90901,ce20,ce100
fever:90906,ce20,bm25
fever:90911,ce100,ce100
fever:90925,ce20,ce100
fever:90957,ce100,ce100
fever:90958,ce20,bm25
fever:90980,ce100,ce100
fever:90981,ce100,ce100
fever:9099,ce100,ce100
fever:90991,ce20,ce100
fever:910,ce100,ce100
fever:9100,ce100,ce100
fever:91002,ce100,ce100
fever:9101,ce20,bm25
fever:91028,ce100,ce100
fever:91033,ce100,ce100
fever:91047,ce100,ce100
fever:91082,ce100,ce100
fever:91090,ce100,ce100
fever:91100,ce100,ce100
fever:91111,ce20,ce100
fever:91114,ce100,ce100
fever:91121,ce20,ce100
fever:91135,ce20,ce100
fever:91139,ce100,ce100
fever:91165,ce20,bm25
fever:9119,ce20,ce100
fever:91197,ce20,ce100
fever:91200,ce100,ce100
fever:91204,ce100,ce100
fever:91234,bm25,bm25
fever:91254,ce100,ce100
fever:91299,ce100,ce100
fever:91313,bm25,bm25
fever:91315,bm25,bm25
fever:91317,ce20,ce100
fever:91321,ce100,ce100
fever:91340,ce20,ce100
fever:91371,ce20,ce100
fever:91384,ce20,bm25
fever:91387,bm25,bm25
fever:91414,ce20,ce100
fever:91459,ce100,ce100
fever:91479,ce100,ce100
fever:91492,ce20,ce100
fever:91498,ce20,ce100
fever:915,ce20,ce100
fever:91508,bm25,bm25
fever:9152,ce20,ce100
fever:91534,ce100,ce100
fever:91599,ce100,ce100
fever:916,ce20,ce100
fever:91635,ce100,ce100
fever:91674,ce100,ce100
fever:91703,ce20,ce100
fever:91705,ce20,ce100
fever:91721,ce100,ce100
fever:91738,ce20,ce100
fever:91751,ce20,ce100
fever:91752,ce20,ce100
fever:91767,ce20,ce100
fever:91784,ce100,ce100
fever:91798,bm25,bm25
fever:9181,ce100,ce100
fever:9182,ce100,ce100
fever:91843,ce20,ce100
fever:91849,ce100,ce100
fever:91868,ce20,ce100
fever:91881,bm25,bm25
fever:91884,ce20,ce100
fever:91889,bm25,bm25
fever:91898,ce20,ce100
fever:91963,ce20,ce100
fever:91964,ce100,ce100
fever:91973,ce100,ce100
fever:91976,ce100,ce100
fever:91984,bm25,bm25
fever:92010,ce100,ce100
fever:92020,ce100,ce100
fever:92030,ce100,ce100
fever:92090,ce100,ce100
fever:92103,ce20,bm25
fever:92126,ce20,bm25
fever:92127,ce20,bm25
fever:92128,ce100,ce100
fever:92150,ce20,ce100
fever:92151,ce20,ce100
fever:92154,ce100,ce100
fever:92161,bm25,bm25
fever:92181,ce100,ce100
fever:92193,ce20,ce100
fever:92229,ce20,ce100
fever:92231,ce100,ce100
fever:92241,ce100,ce100
fever:92243,ce100,ce100
fever:92277,ce20,ce100
fever:9234,ce100,ce100
fever:92344,ce100,ce100
fever:92347,ce20,ce100
fever:9235,ce100,ce100
fever:92352,ce100,ce100
fever:92371,ce20,ce100
fever:92374,ce20,bm25
fever:92383,ce20,ce100
fever:92415,ce20,ce100
fever:92419,ce20,ce100
fever:92429,ce20,ce100
fever:92430,ce100,ce100
fever:92439,ce100,ce100
fever:92444,ce100,ce100
fever:92447,ce20,ce100
fever:92471,ce100,ce100
fever:92472,ce20,bm25
fever:92489,ce20,ce100
fever:92498,bm25,bm25
fever:92505,ce20,ce100
fever:92507,ce20,ce100
fever:92509,ce20,ce100
fever:92524,ce20,ce100
fever:92557,bm25,bm25
fever:92580,ce100,ce100
fever:92586,ce20,ce100
fever:92587,ce20,ce100
fever:92625,ce20,ce100
fever:92638,ce20,ce100
fever:92641,ce20,bm25
fever:92644,ce20,ce100
fever:92651,bm25,bm25
fever:92657,ce100,ce100
fever:9267,ce100,ce100
fever:92675,ce100,ce100
fever:9268,bm25,bm25
fever:92687,ce20,ce100
fever:92719,ce100,ce100
fever:92731,ce100,ce100
fever:92769,bm25,bm25
fever:92787,ce100,ce100
fever:92791,bm25,bm25
fever:92796,ce20,ce100
fever:92807,ce20,bm25
fever:92811,ce100,ce100
fever:92813,ce20,ce100
fever:92816,ce100,ce100
fever:9282,ce20,ce100
fever:92824,ce20,ce100
fever:92833,ce100,ce100
fever:92851,ce20,ce100
fever:92889,ce100,ce100
fever:92891,ce20,bm25
fever:92900,ce20,ce100
fever:92905,ce20,ce100
fever:9292,ce20,bm25
fever:92922,ce20,ce100
fever:92939,ce100,ce100
fever:92949,bm25,bm25
fever:92961,ce100,ce100
fever:92988,ce20,ce100
fever:93018,ce20,ce100
fever:93033,ce100,ce100
fever:93051,ce100,ce100
fever:93059,bm25,bm25
fever:93062,ce100,ce100
fever:93064,ce20,ce100
fever:93082,ce100,ce100
fever:93087,ce100,ce100
fever:93099,ce20,bm25
fever:93137,ce20,ce100
fever:93147,bm25,bm25
fever:93173,ce100,ce100
fever:93184,ce20,bm25
fever:93250,ce20,ce100
fever:93273,ce20,bm25
fever:93285,ce20,ce100
fever:93287,ce20,ce100
fever:93300,ce20,ce100
fever:93307,ce100,ce100
fever:93320,bm25,bm25
fever:93331,ce100,ce100
fever:93333,ce20,bm25
fever:93334,ce100,ce100
fever:93339,bm25,bm25
fever:93342,ce20,ce100
fever:93343,ce20,ce100
fever:93350,ce100,ce100
fever:93358,bm25,bm25
fever:93383,ce100,ce100
fever:93405,ce20,ce100
fever:93412,ce20,ce100
fever:93416,ce20,bm25
fever:93426,ce100,ce100
fever:93448,ce20,ce100
fever:93455,ce100,ce100
fever:93465,ce100,ce100
fever:93473,ce20,ce100
fever:9348,ce20,ce100
fever:93493,ce20,bm25
fever:93546,ce100,ce100
fever:93550,ce100,ce100
fever:93594,ce20,ce100
fever:93600,ce20,ce100
fever:93610,ce20,ce100
fever:93621,bm25,bm25
fever:93624,ce20,ce100
fever:93645,ce20,ce100
fever:93646,ce20,ce100
fever:93660,ce100,ce100
fever:93689,ce20,ce100
fever:93725,ce100,ce100
fever:93726,ce100,ce100
fever:93732,ce100,ce100
fever:93739,ce100,ce100
fever:93740,ce100,ce100
fever:93756,ce20,ce100
fever:93782,ce100,ce100
fever:93802,ce100,ce100
fever:93823,ce100,ce100
fever:93839,ce100,ce100
fever:93855,ce100,ce100
fever:93857,ce100,ce100
fever:93864,ce20,ce100
fever:93878,bm25,bm25
fever:93887,ce100,ce100
fever:93894,ce20,bm25
fever:93901,bm25,bm25
fever:93911,ce100,ce100
fever:93952,ce100,ce100
fever:93974,ce20,ce100
fever:93981,ce20,ce100
fever:93991,bm25,bm25
fever:93998,ce20,ce100
fever:94017,ce20,ce100
fever:94019,ce100,ce100
fever:94030,ce100,ce100
fever:94032,ce100,ce100
fever:94055,ce20,bm25
fever:94056,ce20,ce100
fever:94058,ce20,ce100
fever:94059,ce100,ce100
fever:94068,ce20,ce100
fever:9410,ce100,ce100
fever:94116,ce100,ce100
fever:94136,ce100,ce100
fever:94137,ce100,ce100
fever:94151,ce100,ce100
fever:94159,ce20,bm25
fever:94160,ce100,ce100
fever:94168,bm25,bm25
fever:94231,bm25,bm25
fever:94234,ce20,ce100
fever:94247,ce100,ce100
fever:94252,ce20,ce100
fever:94262,ce100,ce100
fever:94288,ce20,bm25
fever:94321,ce100,ce100
fever:94344,bm25,bm25
fever:94357,ce20,bm25
fever:94358,ce20,bm25
fever:94376,ce20,bm25
fever:94377,ce100,ce100
fever:94382,ce100,ce100
fever:94383,ce100,ce100
fever:94414,ce100,ce100
fever:94451,ce100,ce100
fever:94454,ce20,ce100
fever:94500,ce100,ce100
fever:94522,ce100,ce100
fever:94546,ce100,ce100
fever:94556,ce20,bm25
fever:94565,ce20,bm25
fever:94603,ce20,bm25
fever:94624,ce20,ce100
fever:94637,ce100,ce100
fever:94660,bm25,bm25
fever:94685,bm25,bm25
fever:94686,ce100,ce100
fever:94690,ce20,ce100
fever:94705,ce100,ce100
fever:94724,ce20,ce100
fever:94729,ce20,ce100
fever:94733,ce100,ce100
fever:94740,ce100,ce100
fever:94746,bm25,bm25
fever:94759,bm25,bm25
fever:94760,bm25,bm25
fever:94779,ce20,bm25
fever:94787,ce20,ce100
fever:94793,ce100,ce100
fever:94812,ce20,bm25
fever:94829,ce20,ce100
fever:94861,ce100,ce100
fever:94918,ce100,ce100
fever:94931,ce100,ce100
fever:94947,ce100,ce100
fever:94958,ce20,ce100
fever:95018,ce20,ce100
fever:9503,ce100,ce100
fever:95032,bm25,bm25
fever:95039,ce20,ce100
fever:9504,ce100,ce100
fever:95056,ce20,ce100
fever:95061,ce100,ce100
fever:95082,ce20,ce100
fever:95094,ce20,bm25
fever:95105,ce20,bm25
fever:95109,ce20,ce100
fever:9515,bm25,bm25
fever:95159,ce20,ce100
fever:95210,ce100,ce100
fever:95212,bm25,bm25
fever:95222,ce100,ce100
fever:95236,ce100,ce100
fever:95239,ce100,ce100
fever:95259,ce20,ce100
fever:95262,ce100,ce100
fever:95271,ce100,ce100
fever:9532,ce100,ce100
fever:9533,ce20,ce100
fever:95330,ce20,ce100
fever:95358,bm25,bm25
fever:95417,ce100,ce100
fever:95429,ce100,ce100
fever:95431,bm25,bm25
fever:95456,ce20,ce100
fever:95518,ce100,ce100
fever:95542,ce20,ce100
fever:95547,ce20,bm25
fever:95585,ce100,ce100
fever:95601,ce100,ce100
fever:95621,ce20,bm25
fever:95652,ce20,ce100
fever:95658,ce100,ce100
fever:95673,ce100,ce100
fever:95679,ce100,ce100
fever:95680,ce100,ce100
fever:95728,bm25,bm25
fever:95738,ce20,ce100
fever:95739,ce100,ce100
fever:95754,ce20,ce100
fever:95835,ce20,bm25
fever:95839,ce20,ce100
fever:95842,ce100,ce100
fever:95864,bm25,bm25
fever:95877,ce100,ce100
fever:95935,bm25,bm25
fever:95991,ce100,ce100
fever:9600,ce100,ce100
fever:96065,ce100,ce100
fever:96079,ce20,ce100
fever:96115,ce100,ce100
fever:96121,ce100,ce100
fever:96128,ce20,ce100
fever:96135,ce20,ce100
fever:96137,ce20,ce100
fever:96145,ce20,ce100
fever:96211,ce20,ce100
fever:96239,bm25,bm25
fever:96262,ce100,ce100
fever:96271,bm25,bm25
fever:96289,bm25,bm25
fever:9629,ce20,ce100
fever:963,ce20,bm25
fever:96303,ce100,ce100
fever:96333,ce20,ce100
fever:96344,ce100,ce100
fever:96377,bm25,bm25
fever:96401,bm25,bm25
fever:9642,ce20,ce100
fever:96425,ce100,ce100
fever:9643,ce20,ce100
fever:96466,ce100,ce100
fever:96470,ce20,ce100
fever:96476,ce100,ce100
fever:96501,ce20,ce100
fever:96551,ce20,ce100
fever:96576,ce20,ce100
fever:96578,ce20,ce100
fever:96584,ce20,ce100
fever:96603,ce20,ce100
fever:96616,ce100,ce100
fever:96622,ce20,ce100
fever:96644,ce100,ce100
fever:96657,ce20,ce100
fever:96688,ce100,ce100
fever:96710,ce20,ce100
fever:96711,ce20,ce100
fever:96723,ce20,ce100
fever:96739,ce100,ce100
fever:96740,ce100,ce100
fever:96765,bm25,bm25
fever:9680,ce20,ce100
fever:96817,ce20,ce100
fever:96840,ce100,ce100
fever:96841,ce100,ce100
fever:96850,bm25,bm25
fever:96878,ce100,ce100
fever:96901,ce100,ce100
fever:96906,ce20,ce100
fever:96910,ce20,ce100
fever:9693,ce20,ce100
fever:96937,ce20,ce100
fever:96943,ce20,ce100
fever:96948,ce100,ce100
fever:96954,ce100,ce100
fever:96963,ce20,ce100
fever:96969,ce100,ce100
fever:97,ce20,ce100
fever:97004,ce20,ce100
fever:97008,ce20,bm25
fever:97013,ce20,bm25
fever:97017,bm25,bm25
fever:97025,ce20,ce100
fever:97028,ce20,ce100
fever:97036,ce100,ce100
fever:97045,ce100,ce100
fever:97057,ce100,ce100
fever:97077,ce20,ce100
fever:97087,ce20,ce100
fever:97091,ce100,ce100
fever:97113,ce20,bm25
fever:9712,ce20,ce100
fever:9713,ce20,ce100
fever:97150,ce20,ce100
fever:9718,ce100,ce100
fever:97181,ce100,ce100
fever:97183,ce100,ce100
fever:972,ce20,bm25
fever:97204,ce20,ce100
fever:97209,ce100,ce100
fever:97251,ce100,ce100
fever:97298,ce20,ce100
fever:97307,ce100,ce100
fever:97333,ce20,ce100
fever:97348,ce20,ce100
fever:9735,bm25,bm25
fever:97418,ce20,ce100
fever:97419,ce100,ce100
fever:97422,ce100,ce100
fever:97449,ce20,bm25
fever:97458,ce100,ce100
fever:97474,ce20,ce100
fever:97494,ce20,ce100
fever:975,bm25,bm25
fever:97522,ce100,ce100
fever:97534,ce20,ce100
fever:97538,ce100,ce100
fever:97549,ce20,ce100
fever:97554,ce20,ce100
fever:97576,ce20,ce100
fever:97589,bm25,bm25
fever:976,ce20,ce100
fever:97606,ce20,ce100
fever:9762,bm25,bm25
fever:97623,ce20,ce100
fever:97649,ce100,ce100
fever:97655,ce20,ce100
fever:9767,ce20,ce100
fever:97693,ce100,ce100
fever:97726,ce100,ce100
fever:97739,ce100,ce100
fever:97752,ce100,ce100
fever:97774,ce100,ce100
fever:97783,ce100,ce100
fever:97794,ce100,ce100
fever:97807,ce20,bm25
fever:97816,bm25,bm25
fever:97837,ce100,ce100
fever:97871,ce100,ce100
fever:97880,ce100,ce100
fever:97886,ce100,ce100
fever:97890,ce100,ce100
fever:97921,ce100,ce100
fever:97926,bm25,bm25
fever:97927,ce100,ce100
fever:97930,ce100,ce100
fever:97937,ce100,ce100
fever:97957,ce20,ce100
fever:98042,ce100,ce100
fever:98062,ce20,ce100
fever:98066,ce100,ce100
fever:98078,ce100,ce100
fever:98087,ce100,ce100
fever:98107,ce20,ce100
fever:98108,ce20,ce100
fever:98110,ce20,ce100
fever:98146,ce20,ce100
fever:9817,ce100,ce100
fever:98225,ce20,ce100
fever:9824,ce20,ce100
fever:9825,ce20,ce100
fever:98274,ce100,ce100
fever:98304,ce100,ce100
fever:98305,ce100,ce100
fever:98306,ce100,ce100
fever:98312,ce100,ce100
fever:98315,ce20,ce100
fever:9833,ce100,ce100
fever:98380,ce100,ce100
fever:98406,ce20,ce100
fever:9842,ce20,ce100
fever:98436,ce100,ce100
fever:98448,ce20,ce100
fever:98453,ce20,ce100
fever:98475,ce100,ce100
fever:9849,ce100,ce100
fever:98550,ce20,ce100
fever:98559,ce20,ce100
fever:98578,ce20,bm25
fever:9859,ce20,ce100
fever:9860,ce100,ce100
fever:98606,ce20,bm25
fever:98622,ce20,ce100
fever:98623,ce100,ce100
fever:98655,ce20,ce100
fever:98672,ce20,ce100
fever:9868,ce100,ce100
fever:98682,ce20,ce100
fever:98693,ce20,ce100
fever:98711,ce20,ce100
fever:98730,ce100,ce100
fever:98759,ce100,ce100
fever:98786,ce100,ce100
fever:98797,ce20,ce100
fever:98810,bm25,bm25
fever:98848,ce100,ce100
fever:98866,ce20,bm25
fever:98875,ce100,ce100
fever:98879,ce100,ce100
fever:98890,ce20,ce100
fever:98893,ce100,ce100
fever:98911,ce20,ce100
fever:98916,ce100,ce100
fever:98966,ce20,ce100
fever:98970,ce20,ce100
fever:98984,ce20,ce100
fever:99007,ce20,bm25
fever:99026,ce20,ce100
fever:99033,bm25,bm25
fever:99039,ce100,ce100
fever:99043,ce20,ce100
fever:99049,ce20,bm25
fever:99053,ce100,ce100
fever:99060,ce100,ce100
fever:99088,ce100,ce100
fever:99099,ce100,ce100
fever:99102,ce20,bm25
fever:99105,ce100,ce100
fever:99118,ce100,ce100
fever:9913,ce20,ce100
fever:99135,ce20,ce100
fever:99144,ce100,ce100
fever:99146,ce100,ce100
fever:9915,ce20,ce100
fever:99170,ce100,ce100
fever:99200,ce20,ce100
fever:99213,ce20,ce100
fever:99236,ce100,ce100
fever:99251,bm25,bm25
fever:99252,ce100,ce100
fever:99255,ce100,ce100
fever:99260,ce100,ce100
fever:99267,bm25,bm25
fever:99277,ce100,ce100
fever:99302,ce20,ce100
fever:99336,ce100,ce100
fever:99370,ce20,ce100
fever:9938,ce20,bm25
fever:99386,ce100,ce100
fever:99395,ce20,ce100
fever:99428,ce20,ce100
fever:99435,ce20,ce100
fever:99441,ce20,ce100
fever:99443,ce100,ce100
fever:9945,ce100,ce100
fever:99454,ce20,ce100
fever:99461,ce100,ce100
fever:99465,ce100,ce100
fever:99495,ce100,ce100
fever:99511,ce20,ce100
fever:99531,ce20,ce100
fever:99546,ce20,ce100
fever:99551,ce100,ce100
fever:99635,ce20,ce100
fever:99654,ce100,ce100
fever:99696,ce20,ce100
fever:99730,ce100,ce100
fever:99736,ce20,bm25
fever:99740,ce20,ce100
fever:99775,ce100,ce100
fever:99800,ce20,ce100
fever:99822,ce20,bm25
fever:99838,ce20,ce100
fever:99849,ce20,ce100
fever:99850,ce20,ce100
fever:99852,ce20,ce100
fever:99877,ce100,ce100
fever:99904,ce100,ce100
fever:99911,ce100,ce100
fever:99914,ce20,bm25
fever:99932,ce100,ce100
fever:99939,ce20,ce100
fever:99942,bm25,bm25
fever:99971,ce100,ce100
fever:99974,ce20,ce100
fever:99986,ce20,ce100
