query_uid,arr3_seed20260807,arr3_seed20260808,arr3_seed20260809,arr3_seed20260810,arr3_seed20260811,arr5_seed20260807,arr5_seed20260808,arr5_seed20260809,arr5_seed20260810,arr5_seed20260811
fever:100030,bm25,ce20,bm25,bm25,ce20,ce100,ce20,hybrid,hybrid,hybrid
fever:100038,bm25,bm25,bm25,bm25,bm25,bm25,bm25,ce20,ce20,bm25
fever:100060,bm25,bm25,bm25,bm25,bm25,ce100,bi200,hybrid,ce20,bi200
fever:100083,bm25,bm25,bm25,bm25,bm25,ce20,bm25,bm25,ce20,bm25
fever:100088,ce20,ce20,bm25,ce20,ce20,hybrid,hybrid,hybrid,hybrid,hybrid
fever:100145,ce100,ce20,ce20,ce20,bm25,hybrid,ce20,bm25,ce20,bi200
fever:100169,ce20,bm25,bm25,bm25,bm25,ce20,ce20,ce20,ce20,ce20
fever:100194,bm25,ce20,bm25,ce20,ce20,hybrid,bi200,bm25,bi200,ce20
fever:100200,ce100,ce100,ce100,ce100,ce100,bi200,bi200,bi200,bi200,hybrid
fever:100204,ce20,bm25,bm25,ce20,ce100,ce100,bm25,bi200,ce20,bm25
fever:100234,ce20,ce100,ce100,ce20,ce100,hybrid,bi200,hybrid,hybrid,ce20
fever:100243,bm25,bm25,bm25,bm25,bm25,bm25,bm25,bm25,bm25,bm25
fever:100245,bm25,ce20,bm25,bm25,bm25,ce20,ce20,bm25,ce20,bm25
fever:100261,ce20,ce100,ce20,bm25,ce100,bi200,ce100,bi200,hybrid,bi200
fever:100271,bm25,ce20,bm25,bm25,bm25,ce20,bm25,bm25,ce20,bm25
fever:100280,ce20,ce20,ce100,bm25,ce20,bi200,bi200,bi200,hybrid,ce20
fever:100318,bm25,bm25,bm25,bm25,bm25,bm25,bm25,bm25,bm25,bm25
fever:100320,ce20,ce100,ce20,ce20,ce20,ce100,ce20,bm25,hybrid,ce20
fever:100358,bm25,ce100,ce100,ce100,ce100,hybrid,bi200,hybrid,bi200,bi200
fever:100366,ce100,ce100,ce20,ce100,ce20,bi200,bi200,bi200,bi200,bi200
fever:10040,ce100,ce20,ce20,ce20,ce100,ce20,bm25,bm25,ce20,bi200
fever:100400,ce20,ce20,ce20,ce20,ce20,ce20,ce20,hybrid,ce20,ce20
fever:100407,ce100,ce20,ce100,ce20,ce20,bi200,ce100,ce100,ce100,bm25
fever:10041,ce100,ce100,ce20,ce100,ce100,ce20,ce100,bm25,ce100,bi200
fever:100429,ce20,ce100,ce100,bm25,ce20,bi200,ce100,bi200,ce20,ce20
fever:100446,bm25,bm25,bm25,bm25,ce20,bm25,bm25,hybrid,ce20,bm25
fever:100467,ce20,ce20,bm25,bm25,ce20,bi200,ce100,bi200,hybrid,hybrid
fever:100487,ce100,ce100,bm25,ce100,ce100,bi200,bi200,bi200,bi200,bi200
fever:100505,bm25,ce100,ce100,bm25,ce100,ce100,ce100,hybrid,ce20,hybrid
fever:10051,ce20,ce20,ce20,ce20,ce20,bi200,ce20,bi200,ce100,ce20
fever:10052,ce20,bm25,ce20,bm25,ce20,ce100,ce20,hybrid,ce20,hybrid
fever:100584,ce100,ce20,ce20,bm25,ce100,bi200,bi200,ce20,ce20,ce20
fever:100615,bm25,bm25,bm25,bm25,bm25,ce20,bm25,bm25,bm25,bm25
fever:100617,ce20,ce100,ce20,ce20,ce20,ce100,bm25,bm25,ce20,bm25
fever:100659,ce20,bm25,ce100,bm25,ce20,bi200,ce100,ce100,ce20,bi200
fever:100683,ce100,ce100,bm25,bm25,ce100,bi200,hybrid,hybrid,hybrid,hybrid
fever:100684,ce20,ce20,ce20,bm25,ce100,ce100,ce100,ce20,ce100,hybrid
fever:100771,ce20,ce100,ce20,ce20,ce20,ce20,ce100,ce100,ce20,ce20
fever:100781,ce20,ce20,ce20,ce20,bm25,ce20,ce20,ce20,ce20,bm25
fever:100782,ce20,ce20,bm25,ce20,ce20,bi200,ce20,bi200,bi200,bi200
fever:100785,ce20,bm25,bm25,bm25,bm25,ce100,bm25,hybrid,hybrid,ce20
fever:100788,bm25,bm25,bm25,bm25,bm25,ce100,bm25,ce20,ce100,ce20
fever:100795,ce20,ce20,bm25,bm25,ce20,ce20,bm25,bm25,hybrid,bm25
fever:100802,ce100,ce100,ce20,ce100,ce100,bi200,bi200,hybrid,bi200,bi200
fever:10082,ce20,ce20,ce20,ce20,ce100,ce20,ce100,ce100,ce20,hybrid
fever:100821,bm25,bm25,bm25,bm25,bm25,bi200,ce20,hybrid,bi200,bi200
fever:100832,ce20,ce20,ce20,bm25,ce20,ce20,ce100,bm25,ce100,ce20
fever:100836,bm25,bm25,bm25,bm25,ce20,hybrid,bm25,bi200,bm25,bm25
fever:100852,bm25,ce20,ce20,bm25,ce20,bm25,ce100,ce100,hybrid,ce20
fever:100893,ce100,ce100,ce20,ce100,ce100,hybrid,bi200,hybrid,bi200,bi200
fever:100919,ce20,ce20,bm25,ce20,ce20,bm25,ce20,bm25,bm25,ce20
fever:100938,ce100,ce100,ce100,ce100,ce100,bi200,ce100,hybrid,bi200,hybrid
fever:100958,ce100,ce100,ce20,ce100,ce100,ce100,ce100,ce20,hybrid,bi200
fever:100967,bm25,ce100,ce100,ce100,bm25,hybrid,bi200,hybrid,bi200,hybrid
fever:10100,bm25,bm25,ce100,ce100,ce100,hybrid,hybrid,hybrid,bi200,bi200
fever:101008,bm25,bm25,bm25,bm25,bm25,ce20,bm25,bm25,bm25,bm25
fever:101012,bm25,bm25,bm25,bm25,bm25,bm25,bm25,hybrid,hybrid,ce20
fever:101014,ce20,bm25,bm25,bm25,bm25,ce20,ce20,bm25,ce20,hybrid
fever:101017,ce20,ce100,ce20,ce100,ce100,ce20,ce100,ce100,hybrid,ce100
fever:101027,ce20,ce100,ce100,ce100,ce20,ce100,ce100,ce20,ce20,hybrid
fever:10103,ce20,ce100,bm25,bm25,bm25,bm25,ce20,hybrid,bi200,ce20
fever:101042,ce100,ce100,ce100,ce20,ce100,hybrid,bm25,hybrid,bi200,bm25
fever:101062,ce20,bm25,bm25,ce20,bm25,bi200,hybrid,hybrid,hybrid,hybrid
fever:101101,ce20,ce100,ce20,ce20,ce20,ce100,ce100,ce20,bi200,hybrid
fever:101109,bm25,bm25,bm25,bm25,bm25,bm25,bm25,bm25,bm25,bi200
fever:101111,ce100,ce100,ce100,ce100,ce100,ce100,ce100,hybrid,hybrid,hybrid
fever:101118,bm25,bm25,ce20,bm25,ce20,hybrid,hybrid,ce100,bi200,bi200
fever:101125,ce20,ce100,ce20,ce100,ce100,ce100,bi200,bi200,ce100,hybrid
fever:101142,bm25,ce20,ce20,ce20,ce20,ce20,ce100,ce20,ce20,bi200
fever:10117,ce20,ce20,ce20,bm25,ce20,bi200,bm25,bm25,bi200,bm25
fever:101176,ce20,ce100,bm25,ce20,bm25,ce20,bm25,ce20,ce100,bm25
fever:10118,ce20,ce20,bm25,bm25,ce20,ce20,bm25,bi200,ce20,bi200
fever:101183,ce20,ce100,ce100,ce100,ce100,bi200,ce100,hybrid,bi200,bi200
fever:101212,ce100,ce100,ce100,bm25,bm25,bi200,ce100,hybrid,hybrid,hybrid
fever:101224,bm25,bm25,bm25,bm25,bm25,bi200,bm25,hybrid,bi200,bm25
fever:101300,ce100,ce100,ce100,ce100,ce100,bi200,ce100,bi200,hybrid,hybrid
fever:101322,bm25,ce100,bm25,bm25,bm25,hybrid,ce100,bm25,hybrid,bm25
fever:101340,ce20,ce20,bm25,ce20,bm25,ce20,ce100,ce20,ce20,ce20
fever:101434,ce100,bm25,ce20,bm25,ce100,ce20,ce100,ce100,ce100,bi200
fever:10146,bm25,ce20,bm25,bm25,ce20,hybrid,bm25,ce20,ce20,hybrid
fever:101462,bm25,ce20,ce20,ce20,ce100,bi200,hybrid,bi200,ce100,ce20
fever:10147,bm25,ce20,bm25,ce20,ce20,ce20,bm25,ce20,ce20,bm25
fever:101473,ce20,ce20,bm25,ce20,ce20,ce20,ce20,bm25,ce20,ce20
fever:101482,ce20,ce20,bm25,bm25,ce20,ce20,ce100,ce20,ce20,ce20
fever:101506,bm25,bm25,bm25,bm25,bm25,bi200,bm25,ce20,bm25,hybrid
fever:10151,ce20,bm25,ce20,bm25,bm25,ce100,bm25,bm25,bi200,bi200
fever:10152,ce20,bm25,bm25,bm25,ce100,ce100,ce100,ce20,hybrid,ce20
fever:101528,bm25,bm25,bm25,bm25,bm25,bm25,bm25,bm25,bm25,hybrid
fever:101552,bm25,bm25,bm25,bm25,bm25,ce100,bm25,hybrid,hybrid,bm25
fever:101553,ce100,ce100,ce100,ce100,ce100,bi200,ce100,hybrid,ce100,bi200
fever:101558,bm25,ce20,ce100,ce20,bm25,bm25,bm25,ce20,bi200,bi200
fever:101565,ce100,ce100,ce100,bm25,ce100,bi200,ce20,hybrid,bi200,bi200
fever:10158,bm25,ce20,ce20,ce20,ce20,ce100,bi200,hybrid,hybrid,ce20
fever:101583,ce100,ce100,ce100,ce20,ce20,ce20,ce100,ce20,ce20,ce100
fever:101604,bm25,bm25,bm25,bm25,ce20,hybrid,hybrid,hybrid,hybrid,bi200
fever:101618,ce20,ce20,bm25,bm25,ce20,ce20,bm25,hybrid,ce20,bm25
fever:101619,bm25,bm25,bm25,bm25,bm25,bi200,bm25,bm25,bm25,bm25
fever:101638,ce100,bm25,bm25,bm25,ce20,bi200,ce100,ce20,ce20,bm25
fever:10164,ce20,bm25,bm25,ce100,ce100,bi200,ce100,ce20,ce20,ce100
fever:101641,ce100,ce100,bm25,ce100,ce100,bi200,ce100,hybrid,bi200,ce20
fever:101656,bm25,bm25,bm25,bm25,bm25,bi200,bm25,hybrid,hybrid,hybrid
fever:101661,bm25,bm25,bm25,bm25,ce20,hybrid,ce100,bi200,ce100,hybrid
fever:101668,bm25,ce20,ce20,ce20,ce20,bm25,ce20,ce20,ce20,bm25
fever:101680,ce20,ce20,bm25,ce20,ce20,bi200,bi200,hybrid,ce20,hybrid
fever:101683,ce20,ce100,ce20,bm25,ce20,ce100,ce20,hybrid,bm25,ce100
fever:101702,ce20,ce20,bm25,ce20,ce20,ce100,bi200,ce20,bi200,hybrid
fever:101708,bm25,ce20,bm25,bm25,ce20,ce20,bm25,bm25,ce20,ce20
fever:101715,ce20,ce20,bm25,bm25,ce20,bi200,bm25,hybrid,ce20,ce100
fever:101716,bm25,ce100,ce100,bm25,ce100,bi200,bi200,hybrid,bi200,bi200
fever:101722,bm25,bm25,ce20,bm25,bm25,ce100,bm25,hybrid,hybrid,hybrid
fever:101759,ce100,ce100,ce100,bm25,ce100,hybrid,bm25,bi200,bi200,bm25
fever:101771,ce100,ce20,ce20,ce20,ce20,ce20,bi200,hybrid,bi200,hybrid
fever:101773,bm25,ce20,bm25,bm25,ce20,ce20,bm25,ce20,ce20,ce20
fever:101795,ce20,ce20,ce20,ce20,ce100,ce100,bi200,hybrid,hybrid,hybrid
fever:101808,ce100,ce100,ce100,ce100,ce100,ce100,ce100,hybrid,bi200,hybrid
fever:101812,ce20,bm25,bm25,bm25,bm25,bi200,bi200,ce20,ce100,bm25
fever:101821,bm25,bm25,ce20,bm25,bm25,ce20,bi200,bm25,bm25,ce20
fever:101839,bm25,ce100,ce20,ce20,ce20,ce100,ce100,ce20,ce20,ce20
fever:101845,bm25,ce20,ce20,bm25,ce20,ce20,ce20,ce20,ce20,bm25
fever:101883,ce20,ce20,bm25,bm25,ce20,bm25,ce100,ce20,ce20,ce20
fever:101898,ce100,ce100,ce100,ce100,ce100,ce100,ce100,bi200,ce20,ce20
fever:101906,ce100,ce100,ce100,bm25,ce100,hybrid,ce100,bi200,hybrid,hybrid
fever:101932,ce20,ce20,ce20,ce100,ce100,ce100,bi200,ce20,bi200,bi200
fever:101985,bm25,ce20,ce20,ce100,ce20,ce20,ce20,bi200,ce100,hybrid
fever:102001,ce20,ce100,ce20,bm25,ce20,ce100,ce100,bi200,hybrid,hybrid
fever:102003,bm25,bm25,bm25,bm25,bm25,bi200,ce20,hybrid,ce20,ce20
fever:102014,bm25,bm25,ce20,bm25,ce20,ce100,hybrid,hybrid,hybrid,hybrid
fever:102019,ce20,bm25,bm25,bm25,bm25,hybrid,bi200,bi200,bm25,bi200
fever:102020,ce20,ce100,ce100,ce100,ce100,bi200,ce100,bi200,bi200,bi200
fever:102035,ce20,ce20,bm25,ce20,bm25,bm25,bi200,bm25,bm25,bi200
fever:102038,bm25,ce100,ce100,bm25,ce100,ce100,bi200,hybrid,hybrid,hybrid
fever:10204,bm25,ce20,bm25,ce20,ce20,bi200,bi200,hybrid,bi200,bi200
fever:10205,bm25,ce20,bm25,bm25,ce20,bi200,bi200,hybrid,bi200,bm25
fever:102079,bm25,bm25,bm25,ce20,bm25,bm25,bi200,bm25,ce20,bm25
fever:102080,ce20,bm25,ce20,ce20,ce20,ce100,hybrid,hybrid,hybrid,hybrid
fever:102120,bm25,ce20,ce20,bm25,bm25,bm25,bm25,bi200,ce20,bm25
fever:102142,ce20,ce100,ce20,ce100,ce100,ce100,ce100,ce100,ce100,ce100
fever:102151,bm25,bm25,bm25,bm25,bm25,bm25,bm25,bi200,ce20,ce20
fever:102161,bm25,ce20,ce20,bm25,ce100,ce20,ce100,ce20,ce20,ce100
fever:102173,bm25,ce20,ce20,ce20,ce20,ce20,ce100,hybrid,ce20,ce20
fever:102175,bm25,bm25,bm25,bm25,ce100,ce100,bi200,bi200,bi200,ce20
fever:102209,ce20,ce100,ce20,ce20,ce20,ce20,bi200,ce20,ce20,ce20
fever:102297,ce20,ce100,ce20,ce100,ce20,bi200,bm25,ce100,ce20,bi200
fever:102303,ce20,ce100,bm25,bm25,bm25,ce100,ce100,ce20,bm25,hybrid
fever:102346,ce20,bm25,ce100,ce20,ce20,ce20,ce100,ce20,ce20,hybrid
fever:102352,bm25,ce20,bm25,bm25,ce20,bi200,bi200,hybrid,bi200,ce100
fever:102355,bm25,bm25,bm25,bm25,bm25,bi200,bm25,hybrid,bi200,bi200
fever:102393,bm25,ce20,bm25,bm25,bm25,hybrid,ce100,bm25,hybrid,bm25
fever:102417,ce100,ce100,ce100,ce100,ce100,ce20,ce100,ce100,bi200,bi200
fever:102418,ce100,ce100,ce100,ce20,ce100,ce20,bi200,ce100,bi200,bi200
fever:102445,ce100,ce100,ce20,ce100,ce100,ce100,ce100,bi200,ce100,ce100
fever:102448,bm25,ce20,ce20,bm25,ce20,ce20,bi200,ce20,ce20,bi200
fever:102487,bm25,bm25,bm25,bm25,bm25,bm25,ce20,bm25,bm25,bm25
fever:102523,ce100,ce100,ce100,ce100,ce100,hybrid,bi200,hybrid,ce100,bi200
fever:102528,ce100,ce20,ce20,bm25,ce20,ce20,bi200,bm25,ce20,bi200
fever:102540,ce100,ce20,ce20,bm25,ce20,ce20,ce100,ce100,hybrid,ce100
fever:102547,ce20,ce20,ce20,bm25,ce20,ce20,ce100,ce20,ce100,bm25
fever:102583,ce100,ce100,ce100,ce100,ce100,ce100,bi200,ce100,hybrid,bi200
fever:102594,bm25,ce20,ce20,bm25,bm25,ce20,bm25,ce20,ce20,hybrid
fever:102600,ce20,bm25,bm25,bm25,ce20,hybrid,bm25,bm25,bm25,ce20
fever:102605,ce20,ce20,bm25,ce20,ce20,ce100,bi200,bi200,ce20,ce100
fever:10261,ce20,ce100,ce100,ce100,ce100,ce100,ce100,bi200,bi200,bi200
fever:10262,ce20,bm25,bm25,ce20,ce100,ce100,ce100,bi200,bi200,bi200
fever:102627,ce20,ce20,bm25,ce20,ce20,bi200,ce100,ce100,ce100,hybrid
fever:102636,bm25,bm25,bm25,bm25,ce20,bm25,ce20,hybrid,bm25,bm25
fever:102714,ce100,ce100,bm25,bm25,ce100,bi200,bi200,bi200,bi200,bm25
fever:10272,bm25,ce20,ce20,bm25,ce20,ce20,ce100,ce20,ce20,ce100
fever:102721,ce100,ce20,bm25,ce20,ce20,ce100,hybrid,bi200,ce20,ce20
fever:102741,bm25,ce20,ce20,bm25,ce20,ce100,bi200,ce100,hybrid,ce20
fever:102745,ce100,ce100,bm25,ce100,ce100,bi200,bi200,ce20,bi200,hybrid
fever:102751,ce20,ce20,ce20,bm25,ce20,ce100,ce100,ce20,hybrid,bi200
fever:10277,bm25,bm25,bm25,bm25,bm25,bm25,ce20,bi200,bm25,bm25
fever:10278,ce20,bm25,bm25,bm25,bm25,ce20,ce20,bi200,ce20,bi200
fever:102784,bm25,bm25,bm25,bm25,bm25,bm25,bi200,bm25,ce20,bi200
fever:102789,bm25,bm25,bm25,bm25,bm25,hybrid,bm25,bm25,bm25,bm25
fever:102793,bm25,ce20,ce20,bm25,ce20,bi200,hybrid,hybrid,hybrid,ce20
fever:102797,ce20,ce20,ce20,bm25,ce100,ce20,ce100,ce20,ce20,ce20
fever:102818,ce100,ce100,ce20,bm25,ce100,ce100,ce100,bi200,bi200,hybrid
fever:102832,ce100,ce100,ce20,ce20,ce100,ce20,ce100,ce100,ce100,ce100
fever:102872,ce20,ce100,ce20,ce100,ce20,ce100,bi200,ce20,bi200,ce100
fever:102875,ce100,ce100,ce100,ce100,ce100,bi200,ce100,ce20,hybrid,bi200
fever:102876,bm25,ce20,bm25,ce100,ce20,bi200,bi200,hybrid,hybrid,hybrid
fever:102884,bm25,bm25,ce100,bm25,bm25,bm25,bm25,bm25,bi200,bm25
fever:102892,ce20,ce100,bm25,bm25,ce100,ce100,bm25,ce20,ce20,hybrid
fever:102911,ce20,ce100,ce20,bm25,ce20,ce20,bm25,ce20,ce20,bm25
fever:102913,ce20,ce20,ce100,ce20,ce100,bi200,ce20,bm25,bm25,bm25
fever:102920,ce100,ce20,ce20,ce100,ce100,bi200,ce100,bi200,hybrid,bi200
fever:102932,ce20,ce20,bm25,bm25,ce20,bi200,ce100,bi200,bm25,ce20
fever:102986,ce20,ce20,bm25,ce20,ce20,bi200,hybrid,ce20,ce20,hybrid
fever:102990,bm25,bm25,bm25,bm25,bm25,bm25,bm25,bm25,bm25,bm25
fever:10300,ce100,ce20,ce20,bm25,ce100,bm25,ce100,bi200,hybrid,hybrid
fever:103003,ce20,bm25,bm25,bm25,ce20,bi200,ce100,hybrid,bm25,hybrid
fever:103005,bm25,bm25,bm25,bm25,bm25,bm25,ce100,ce20,ce20,ce20
fever:103014,ce20,bm25,bm25,bm25,ce20,bm25,bm25,bm25,bm25,bm25
fever:103040,ce20,ce100,ce100,bm25,ce20,bi200,ce100,ce20,ce20,hybrid
fever:103050,ce100,ce100,ce100,ce100,ce100,ce100,ce100,bi200,hybrid,ce100
fever:103051,ce20,ce100,ce100,ce20,ce20,ce100,ce100,ce20,ce20,ce100
fever:103060,bm25,bm25,ce20,bm25,bm25,bm25,bm25,ce20,ce20,bm25
fever:103063,ce100,ce100,ce100,bm25,ce100,ce100,bi200,bi200,bi200,hybrid
fever:103084,ce20,ce20,ce20,bm25,ce20,bi200,bm25,hybrid,ce20,bm25
fever:103098,bm25,bm25,ce20,bm25,ce20,ce20,ce100,ce20,ce100,bi200
fever:103111,ce20,ce100,ce20,ce100,ce20,ce20,ce100,ce20,ce100,hybrid
fever:103116,ce20,ce20,ce20,bm25,ce20,ce20,ce20,ce20,ce20,bm25
fever:103118,bm25,bm25,bm25,bm25,ce20,bi200,bm25,bm25,bi200,hybrid
fever:10312,ce100,ce100,ce100,ce100,ce100,hybrid,ce100,ce20,ce100,ce100
fever:103154,bm25,ce20,bm25,bm25,ce20,ce100,bm25,bm25,bi200,ce20
fever:103158,bm25,bm25,ce20,bm25,bm25,ce20,hybrid,ce100,ce20,ce20
fever:103167,bm25,bm25,bm25,bm25,bm25,bi200,bi200,bm25,bi200,ce20
fever:103173,bm25,bm25,ce20,bm25,bm25,ce20,bi200,ce20,hybrid,bm25
fever:1032,ce100,ce100,ce100,ce100,bm25,ce100,bi200,ce100,ce100,ce100
fever:103221,ce20,bm25,bm25,ce20,ce20,hybrid,bm25,hybrid,hybrid,bi200
fever:103234,bm25,bm25,ce20,ce20,ce20,bm25,ce100,ce20,ce20,ce20
fever:10324,bm25,ce20,ce20,bm25,bm25,ce20,bi200,bi200,ce20,ce20
fever:10327,ce20,bm25,bm25,bm25,bm25,ce20,ce20,ce20,bm25,bm25
fever:10328,ce20,bm25,bm25,bm25,ce20,bm25,ce20,ce20,bm25,bm25
fever:103298,ce20,ce100,ce100,ce100,ce20,bi200,bi200,bi200,hybrid,bi200
fever:103307,bm25,bm25,ce100,bm25,ce100,ce20,bm25,bm25,ce20,ce20
fever:103325,ce20,bm25,ce20,ce20,ce20,bi200,bi200,bm25,bm25,bi200
fever:103357,ce20,ce100,ce20,bm25,ce20,ce100,ce100,ce20,hybrid,hybrid
fever:103375,ce100,ce100,bm25,ce100,ce100,bi200,bi200,hybrid,hybrid,bi200
fever:103398,ce100,bm25,bm25,bm25,bm25,bi200,ce100,hybrid,hybrid,bi200
fever:103402,ce100,ce100,ce100,ce20,ce100,ce100,ce100,hybrid,ce20,hybrid
fever:103451,ce100,ce20,ce100,ce100,ce100,ce100,ce100,ce100,ce100,hybrid
fever:103456,bm25,ce20,bm25,bm25,ce20,ce20,bi200,hybrid,bi200,bm25
fever:103484,ce20,bm25,bm25,bm25,ce20,bi200,ce100,ce20,hybrid,hybrid
fever:1035,bm25,bm25,bm25,bm25,ce20,ce20,bm25,hybrid,bm25,bm25
fever:103503,ce20,ce20,bm25,bm25,bm25,ce20,bm25,bm25,bm25,bm25
fever:103509,ce20,bm25,bm25,bm25,bm25,bi200,ce20,hybrid,bi200,hybrid
fever:103511,bm25,ce100,ce100,bm25,ce100,bi200,bi200,hybrid,bi200,bi200
fever:103535,ce20,bm25,bm25,bm25,ce20,hybrid,bi200,hybrid,hybrid,hybrid
fever:103545,bm25,ce20,ce20,bm25,ce20,ce20,hybrid,hybrid,hybrid,bm25
fever:103562,ce20,bm25,bm25,bm25,ce20,bm25,ce20,bm25,bm25,bm25
fever:103568,bm25,bm25,bm25,bm25,ce20,ce20,hybrid,bm25,ce20,ce20
fever:10357,ce20,ce20,ce20,ce20,ce20,ce20,ce20,ce20,bm25,bm25
fever:103583,ce100,ce100,ce100,ce100,ce100,ce100,ce100,bi200,hybrid,hybrid
fever:103643,ce20,ce20,ce20,bm25,ce20,ce20,ce100,ce20,ce20,ce20
fever:103663,bm25,ce100,ce100,bm25,ce20,bi200,bi200,hybrid,bi200,hybrid
fever:103665,ce20,bm25,bm25,ce20,ce20,ce20,ce20,bi200,bm25,ce20
fever:103709,bm25,ce100,bm25,ce20,ce100,ce20,ce20,hybrid,bi200,ce20
fever:103717,ce20,ce100,bm25,bm25,ce20,ce100,ce20,hybrid,hybrid,ce20
fever:103742,ce20,ce20,ce20,ce20,ce100,bi200,bi200,bi200,bi200,ce20
fever:103745,bm25,ce100,bm25,bm25,bm25,bm25,bm25,hybrid,bi200,ce20
fever:103757,bm25,bm25,ce100,bm25,ce20,bi200,hybrid,hybrid,bi200,bi200
fever:103758,bm25,bm25,ce20,bm25,bm25,bm25,bm25,hybrid,hybrid,bi200
fever:103767,bm25,ce100,bm25,bm25,ce100,bi200,bi200,bi200,bi200,bm25
fever:103773,ce100,ce100,ce20,ce100,ce100,ce20,ce20,ce100,ce100,hybrid
fever:10378,bm25,bm25,bm25,bm25,bm25,ce100,bi200,hybrid,ce20,hybrid
fever:103786,bm25,bm25,ce20,bm25,ce20,ce20,ce20,ce20,bm25,bm25
fever:10379,bm25,bm25,bm25,bm25,bm25,ce100,bi200,ce20,ce20,hybrid
fever:103809,ce20,ce100,ce20,bm25,ce100,bi200,bi200,bm25,hybrid,bi200
fever:103816,bm25,ce100,ce20,bm25,bm25,ce20,ce100,ce100,ce20,bi200
fever:103833,bm25,bm25,ce20,bm25,ce100,bi200,hybrid,bi200,ce20,bi200
fever:103840,ce20,bm25,bm25,bm25,bm25,ce20,bm25,ce20,bm25,bm25
fever:103862,bm25,ce20,ce20,ce20,ce20,bm25,ce20,ce20,ce20,bm25
fever:103863,ce20,bm25,ce20,bm25,ce20,ce20,hybrid,bm25,hybrid,ce20
fever:103872,ce100,ce100,ce20,ce20,ce20,ce20,ce20,hybrid,ce20,bi200
fever:103893,ce100,bm25,bm25,ce20,ce20,hybrid,hybrid,bi200,hybrid,ce20
fever:103914,bm25,ce20,bm25,bm25,ce20,ce20,bm25,hybrid,bm25,hybrid
fever:103934,ce20,bm25,ce20,ce20,ce20,ce20,ce100,ce100,ce100,ce20
fever:103941,ce20,ce20,ce20,bm25,ce20,bi200,bi200,hybrid,bi200,hybrid
fever:103947,ce100,ce100,ce100,bm25,bm25,bi200,ce100,bi200,hybrid,ce20
fever:103948,bm25,bm25,ce20,bm25,ce100,ce20,bi200,hybrid,ce20,bm25
fever:103951,bm25,ce100,ce100,ce100,ce100,bi200,bi200,ce100,hybrid,bi200
fever:103964,ce100,ce100,ce100,bm25,ce100,bi200,bi200,hybrid,hybrid,bi200
fever:103994,ce20,ce20,ce100,ce20,ce20,ce20,ce100,bm25,ce20,ce100
fever:104017,ce100,ce100,ce100,ce100,ce100,ce100,ce100,hybrid,hybrid,bm25
fever:104021,bm25,bm25,bm25,bm25,bm25,bm25,bm25,hybrid,bi200,bm25
fever:104031,ce100,ce100,bm25,ce100,ce20,ce100,bi200,ce100,hybrid,ce20
fever:104036,ce20,bm25,ce100,ce100,ce100,hybrid,ce100,bi200,bi200,bi200
fever:104075,ce20,ce20,ce20,bm25,ce100,ce100,ce20,hybrid,ce20,ce20
fever:104129,ce100,ce100,bm25,bm25,ce100,bi200,ce100,hybrid,hybrid,ce20
fever:104135,bm25,bm25,bm25,bm25,bm25,bm25,ce20,bm25,ce20,bm25
fever:104150,ce20,bm25,bm25,ce20,bm25,ce20,bm25,hybrid,hybrid,ce100
fever:104152,bm25,ce20,bm25,bm25,ce20,bi200,bi200,bm25,bi200,bi200
fever:104178,ce20,bm25,bm25,bm25,ce20,hybrid,ce100,bm25,ce20,bm25
fever:104205,bm25,bm25,bm25,ce20,bm25,ce20,bm25,bi200,ce20,bm25
fever:104206,ce20,bm25,bm25,bm25,ce20,ce20,ce100,hybrid,ce20,ce20
fever:104221,ce20,bm25,bm25,bm25,ce20,bi200,bi200,bm25,bi200,bi200
fever:104241,bm25,ce20,bm25,bm25,ce20,bi200,ce100,ce20,hybrid,hybrid
fever:104244,bm25,bm25,bm25,bm25,bm25,bm25,bm25,bm25,bm25,bm25
fever:104249,ce20,ce100,bm25,ce20,bm25,ce20,bm25,ce100,ce20,bi200
fever:104255,ce20,bm25,ce20,bm25,ce20,ce20,ce100,ce20,ce20,ce20
fever:104298,ce20,ce100,ce20,ce100,ce20,ce20,bi200,ce20,ce100,hybrid
fever:104308,bm25,bm25,bm25,bm25,bm25,bm25,bm25,bm25,bm25,bm25
fever:104332,bm25,bm25,bm25,bm25,bm25,ce20,bm25,ce20,bm25,bm25
fever:104365,ce20,ce100,ce20,bm25,ce20,bi200,ce100,ce100,hybrid,hybrid
fever:104380,ce100,ce100,ce100,ce100,ce20,ce100,hybrid,ce100,ce100,bi200
fever:104386,ce20,ce20,ce20,bm25,ce20,bi200,ce100,ce20,bi200,bi200
fever:104423,ce20,bm25,bm25,bm25,ce20,bi200,bm25,ce20,bm25,bm25
fever:104426,ce20,bm25,bm25,bm25,ce20,ce20,ce100,hybrid,ce20,bi200
fever:104427,ce20,ce20,bm25,bm25,ce20,ce20,hybrid,hybrid,ce20,bi200
fever:104438,bm25,ce20,ce20,ce20,ce20,ce20,bm25,ce20,ce20,bm25
fever:104458,bm25,bm25,bm25,ce20,bm25,bm25,bm25,ce20,bi200,bm25
fever:104472,bm25,ce20,ce20,ce20,ce100,ce20,ce100,ce20,ce20,ce100
fever:104495,bm25,ce20,bm25,bm25,ce20,bi200,bi200,hybrid,hybrid,bi200
fever:104499,bm25,ce20,bm25,ce20,bm25,ce20,ce20,ce20,ce20,bm25
fever:10450,bm25,bm25,bm25,bm25,ce20,bm25,ce100,bm25,bm25,hybrid
fever:10451,bm25,bm25,bm25,bm25,ce20,ce100,ce20,bm25,bm25,hybrid
fever:10452,ce20,ce20,bm25,ce20,ce20,hybrid,bi200,bi200,hybrid,hybrid
fever:10453,bm25,ce20,bm25,ce20,ce20,ce100,ce20,bm25,hybrid,hybrid
fever:104530,ce100,ce20,ce20,ce20,ce20,ce20,ce100,bm25,ce20,bm25
fever:104547,ce20,bm25,ce20,ce100,ce20,ce100,bm25,ce100,ce20,bm25
fever:10455,ce20,ce20,ce100,bm25,ce100,bi200,hybrid,ce100,bi200,hybrid
fever:104553,bm25,ce20,ce20,ce20,bm25,ce20,ce20,ce20,ce20,ce20
fever:104555,ce100,bm25,ce20,ce100,ce100,bi200,ce20,bi200,hybrid,bi200
fever:104594,ce20,bm25,bm25,bm25,ce20,hybrid,hybrid,hybrid,bi200,hybrid
fever:10460,ce100,bm25,bm25,bm25,bm25,hybrid,ce100,hybrid,hybrid,hybrid
fever:10461,ce100,ce100,ce100,bm25,ce100,bi200,ce100,hybrid,hybrid,ce20
fever:104617,bm25,bm25,ce20,bm25,ce20,ce20,ce20,ce20,ce20,bm25
fever:104631,ce100,ce100,ce100,ce100,ce100,bi200,bi200,bi200,hybrid,bi200
fever:104632,ce20,ce100,ce20,ce100,ce100,ce20,ce100,ce100,ce100,ce20
fever:104650,ce100,ce20,ce20,bm25,ce20,ce20,ce100,ce100,bi200,bi200
fever:104677,ce20,ce20,bm25,bm25,bm25,hybrid,bi200,bm25,bi200,bi200
fever:10468,ce20,ce20,bm25,bm25,bm25,bm25,ce20,ce20,bm25,hybrid
fever:104697,bm25,bm25,bm25,bm25,ce20,bi200,ce100,ce20,bi200,bi200
fever:104703,bm25,bm25,bm25,bm25,bm25,hybrid,bi200,hybrid,bi200,bi200
fever:104710,bm25,bm25,ce20,bm25,ce20,ce20,ce100,ce20,ce20,ce20
fever:104729,ce100,ce100,ce100,ce100,ce100,ce100,ce100,hybrid,bi200,bi200
fever:104735,bm25,bm25,ce20,ce20,bm25,ce20,bm25,ce20,ce20,ce20
fever:104747,bm25,bm25,bm25,bm25,bm25,bm25,bm25,hybrid,ce20,bm25
fever:104798,bm25,bm25,ce20,bm25,ce20,ce20,ce100,bm25,ce20,ce20
fever:104808,ce100,ce100,bm25,bm25,ce20,ce20,bm25,ce20,ce100,bm25
fever:104811,bm25,ce20,bm25,bm25,bm25,bm25,bm25,bm25,bm25,bi200
fever:104847,bm25,ce100,ce20,bm25,ce20,bi200,bi200,bm25,bi200,bm25
fever:104913,bm25,bm25,bm25,bm25,ce20,bm25,bi200,bm25,bm25,bm25
fever:104922,ce20,bm25,bm25,ce20,ce20,ce20,bm25,ce100,ce20,ce20
fever:104926,ce20,ce20,bm25,ce20,ce20,bi200,bm25,bm25,hybrid,bi200
fever:104930,bm25,ce20,bm25,bm25,bm25,hybrid,bi200,bm25,bm25,bm25
fever:10496,bm25,bm25,bm25,bm25,bm25,bi200,bm25,bm25,bm25,bm25
fever:104970,ce20,bm25,ce20,bm25,ce20,bm25,hybrid,hybrid,bm25,hybrid
fever:104982,bm25,ce20,bm25,bm25,bm25,bm25,bm25,bi200,bi200,ce20
fever:104983,ce100,ce20,ce20,ce20,ce100,ce20,ce100,hybrid,bi200,hybrid
fever:104988,ce20,ce100,ce100,bm25,ce20,ce100,ce100,ce20,ce20,ce100
fever:105025,ce100,ce100,ce100,ce100,ce100,bi200,hybrid,hybrid,hybrid,bi200
fever:105038,bm25,bm25,bm25,ce20,ce20,ce20,bm25,hybrid,ce20,bi200
fever:10504,ce20,ce20,ce100,ce20,ce20,ce20,ce100,ce100,hybrid,hybrid
fever:105049,bm25,bm25,bm25,bm25,bm25,hybrid,bm25,hybrid,hybrid,hybrid
fever:105059,bm25,ce20,bm25,bm25,ce20,ce20,bm25,ce20,ce20,bm25
fever:105060,ce20,ce100,bm25,ce20,ce20,ce20,bi200,bm25,ce20,bi200
fever:105077,bm25,ce100,bm25,bm25,bm25,ce100,ce100,ce20,ce20,bi200
fever:105095,bm25,bm25,bm25,bm25,ce20,ce20,bm25,bm25,bm25,bm25
fever:105123,bm25,bm25,bm25,bm25,bm25,bi200,bi200,bm25,bi200,hybrid
fever:105128,ce20,ce100,ce100,ce20,ce100,ce20,ce100,ce100,ce20,bi200
fever:105134,bm25,bm25,bm25,ce20,bm25,bi200,bm25,bm25,hybrid,bm25
fever:105176,bm25,ce100,bm25,bm25,bm25,hybrid,bm25,bm25,bi200,bm25
fever:105216,bm25,ce20,ce20,bm25,ce20,bi200,bi200,bi200,ce20,bm25
fever:105236,ce100,ce100,bm25,bm25,bm25,ce20,bm25,bm25,bm25,hybrid
fever:105256,bm25,bm25,bm25,ce20,ce20,ce20,bm25,ce20,bm25,bi200
fever:105257,bm25,bm25,ce20,bm25,ce20,bi200,bm25,bi200,ce20,bi200
fever:105298,bm25,bm25,bm25,bm25,ce100,hybrid,ce100,hybrid,bi200,bi200
fever:105299,ce100,ce20,bm25,bm25,ce20,ce100,bi200,bi200,hybrid,bi200
fever:10530,ce20,ce20,ce20,bm25,ce20,bi200,ce100,ce20,ce20,bi200
fever:105301,ce20,ce20,ce20,bm25,ce20,hybrid,bi200,bm25,bi200,bi200
fever:105304,bm25,ce100,bm25,bm25,ce20,ce20,ce100,ce20,ce20,ce20
fever:105310,bm25,ce20,ce20,bm25,ce20,ce20,ce100,ce20,ce20,ce20
fever:105313,bm25,bm25,bm25,bm25,ce20,ce20,ce20,hybrid,ce20,ce20
fever:105361,ce100,ce100,ce100,ce100,ce100,bi200,bi200,hybrid,hybrid,bi200
fever:105383,ce20,bm25,bm25,bm25,ce100,bm25,hybrid,hybrid,hybrid,hybrid
fever:105401,bm25,bm25,ce20,bm25,bm25,bi200,bi200,bm25,bm25,bm25
fever:105419,ce100,ce100,ce100,ce100,ce100,ce100,bi200,bi200,bi200,ce100
fever:105432,ce20,ce100,ce100,ce20,ce20,ce100,ce100,bi200,ce20,ce20
fever:105437,ce20,bm25,bm25,ce20,ce20,ce20,ce100,bi200,ce20,bi200
fever:105526,ce20,bm25,ce20,bm25,bm25,bm25,ce100,ce20,ce20,bi200
fever:105530,bm25,ce20,ce20,bm25,ce20,ce20,ce100,ce20,ce20,ce20
fever:105540,bm25,bm25,ce20,bm25,bm25,bi200,bm25,bi200,ce20,ce20
fever:105558,ce20,bm25,ce20,bm25,ce20,ce20,ce100,ce20,ce20,ce20
fever:105584,ce20,ce20,ce20,bm25,ce20,ce20,ce100,bm25,ce20,ce20
fever:105594,ce100,ce20,ce20,ce20,ce20,bi200,hybrid,hybrid,bi200,ce20
fever:105600,ce100,ce100,ce100,ce20,ce100,bi200,ce20,bi200,hybrid,ce20
fever:105614,bm25,ce20,ce20,ce100,ce20,bi200,bi200,hybrid,ce20,hybrid
fever:105634,ce20,ce100,ce20,bm25,ce20,ce20,bi200,ce20,ce20,bi200
fever:105645,ce20,bm25,bm25,bm25,bm25,ce100,bm25,hybrid,bm25,ce20
fever:105651,ce100,ce20,ce100,ce20,ce100,bi200,ce20,ce100,bi200,hybrid
fever:105664,ce100,ce100,ce100,ce100,ce100,ce100,bi200,ce20,ce20,ce100
fever:10567,bm25,ce100,bm25,bm25,ce100,bi200,ce100,ce20,ce20,bm25
fever:105693,bm25,bm25,bm25,bm25,bm25,bi200,bm25,hybrid,bm25,hybrid
fever:105702,bm25,bm25,bm25,bm25,bm25,bm25,bm25,hybrid,hybrid,ce20
fever:105719,bm25,ce100,ce20,bm25,ce100,ce20,ce100,ce20,ce20,ce20
fever:105724,ce20,ce100,bm25,ce20,ce100,ce20,bi200,ce100,bm25,hybrid
fever:105788,bm25,bm25,bm25,bm25,bm25,bi200,bm25,hybrid,bi200,bm25
fever:105806,ce20,ce100,ce20,ce100,ce20,ce20,bi200,ce20,ce100,ce100
fever:105813,bm25,bm25,bm25,bm25,bm25,ce20,bm25,bm25,bm25,bm25
fever:105835,bm25,ce20,bm25,bm25,bm25,bm25,bm25,bi200,bi200,bm25
fever:105842,ce20,bm25,ce20,ce20,ce20,ce20,ce20,ce20,bm25,bm25
fever:105896,bm25,ce100,bm25,bm25,bm25,ce100,bm25,hybrid,bm25,bm25
fever:105928,ce20,ce20,bm25,ce20,ce20,ce20,ce100,hybrid,hybrid,hybrid
fever:105931,ce20,ce20,bm25,ce20,ce20,bi200,ce20,bi200,ce20,ce20
fever:105933,bm25,ce20,bm25,ce20,ce20,bi200,bm25,ce20,hybrid,hybrid
fever:105954,ce20,ce20,ce20,ce20,ce100,ce100,ce100,ce100,ce100,bm25
fever:105997,bm25,bm25,bm25,bm25,bm25,ce20,ce100,hybrid,hybrid,bm25
fever:106010,ce100,ce100,ce100,ce100,ce100,bi200,hybrid,hybrid,bi200,bi200
fever:106016,bm25,bm25,ce100,bm25,bm25,bm25,bm25,hybrid,ce20,hybrid
fever:106019,ce100,bm25,bm25,ce100,ce20,hybrid,bm25,bi200,hybrid,bi200
fever:106023,ce20,ce20,ce20,ce20,ce100,ce100,ce20,ce20,bm25,hybrid
fever:106030,bm25,bm25,bm25,bm25,bm25,hybrid,bm25,bm25,bi200,bm25
fever:106044,ce100,ce100,bm25,ce20,ce100,hybrid,bi200,hybrid,hybrid,hybrid
fever:106071,ce20,ce20,bm25,ce20,ce20,hybrid,bm25,bm25,ce20,bi200
fever:106078,ce100,ce20,bm25,bm25,bm25,ce20,bm25,bm25,bm25,ce20
fever:106084,bm25,bm25,ce20,bm25,bm25,ce20,bi200,ce20,hybrid,ce20
fever:106114,bm25,bm25,ce100,ce100,bm25,hybrid,bi200,hybrid,bi200,bi200
fever:106115,bm25,bm25,ce100,ce100,bm25,hybrid,bi200,hybrid,bi200,bi200
fever:106132,bm25,ce20,bm25,bm25,bm25,hybrid,bi200,hybrid,bm25,bm25
fever:106144,ce20,bm25,bm25,bm25,ce20,ce20,bm25,ce20,ce20,ce20
fever:106162,bm25,ce20,bm25,bm25,bm25,bm25,bi200,bm25,ce20,ce20
fever:106176,bm25,ce100,bm25,bm25,ce100,bi200,hybrid,hybrid,bi200,bi200
fever:106191,bm25,bm25,bm25,bm25,bm25,bi200,bm25,bi200,bm25,bi200
fever:106206,ce20,bm25,bm25,ce20,ce20,bm25,ce100,hybrid,ce20,ce20
fever:106209,ce100,ce100,ce100,ce100,ce100,bi200,bi200,bi200,bi200,ce20
fever:106211,ce20,ce100,ce20,ce20,ce100,ce20,ce100,ce100,ce20,bi200
fever:106236,ce100,ce100,bm25,bm25,ce100,ce100,ce20,hybrid,hybrid,ce100
fever:106288,bm25,bm25,bm25,bm25,bm25,ce20,bm25,ce20,hybrid,bm25
fever:106296,ce100,ce100,bm25,ce20,ce20,ce100,ce100,bi200,bi200,hybrid
fever:106308,ce100,ce20,ce100,ce20,ce100,bi200,bm25,ce100,bi200,ce20
fever:10634,ce100,bm25,ce100,bm25,ce100,hybrid,bi200,ce20,bi200,bi200
fever:10635,ce100,ce100,ce100,bm25,ce20,hybrid,bi200,ce20,bi200,ce100
fever:106359,ce20,ce20,ce20,ce20,ce20,ce20,ce100,ce20,ce20,ce20
fever:106369,bm25,bm25,bm25,bm25,ce20,ce20,hybrid,ce20,ce20,ce20
fever:106387,bm25,bm25,bm25,bm25,bm25,bm25,bm25,ce20,bm25,ce20
fever:106392,ce20,bm25,ce20,bm25,ce20,bi200,ce20,hybrid,ce20,ce20
fever:106404,bm25,ce100,ce20,ce20,bm25,ce20,ce20,hybrid,ce20,ce100
fever:106458,ce20,ce100,ce20,ce20,ce20,ce100,hybrid,hybrid,hybrid,hybrid
fever:106478,bm25,ce100,bm25,ce20,ce100,bm25,ce100,bi200,hybrid,bm25
fever:106481,ce20,ce20,bm25,ce20,ce100,bi200,bi200,hybrid,bi200,hybrid
fever:106496,ce100,ce100,ce100,bm25,bm25,bi200,ce20,hybrid,ce20,ce20
fever:106498,ce20,ce20,ce100,ce20,ce20,bi200,ce100,bi200,hybrid,hybrid
fever:10650,bm25,bm25,ce100,bm25,ce100,bi200,bi200,hybrid,bi200,ce20
fever:106513,ce100,ce100,ce100,ce100,ce100,hybrid,hybrid,hybrid,bi200,bi200
fever:106526,ce100,ce100,ce20,ce20,ce100,ce100,bi200,bi200,hybrid,ce100
fever:10654,bm25,bm25,bm25,bm25,bm25,bi200,bm25,hybrid,bm25,bm25
fever:10655,bm25,bm25,bm25,bm25,bm25,ce20,bm25,hybrid,bm25,bm25
fever:106557,bm25,bm25,ce20,ce20,bm25,ce20,bm25,bm25,ce20,bm25
fever:106600,bm25,ce20,bm25,bm25,ce20,ce100,bm25,ce20,bi200,hybrid
fever:106615,ce20,bm25,ce20,bm25,ce20,ce100,ce20,ce20,bm25,bm25
fever:106627,bm25,bm25,ce20,bm25,bm25,bi200,bi200,bi200,bi200,bi200
fever:106646,bm25,bm25,bm25,bm25,bm25,hybrid,bm25,bi200,hybrid,bi200
fever:106668,ce100,ce20,bm25,bm25,ce20,ce100,ce100,bi200,bi200,bm25
fever:106683,ce20,bm25,bm25,ce100,ce100,ce100,ce100,ce20,bi200,bi200
fever:10670,ce20,bm25,bm25,bm25,ce20,bm25,bm25,bm25,ce20,bi200
fever:10671,ce20,bm25,ce20,ce20,ce20,bm25,bm25,bm25,bm25,ce20
fever:106732,bm25,bm25,bm25,bm25,bm25,ce20,bm25,bi200,bm25,bi200
fever:10674,ce20,ce100,bm25,ce20,ce100,bi200,bm25,bi200,bm25,bi200
fever:10675,ce20,ce100,bm25,bm25,ce100,bi200,bm25,bi200,bm25,bi200
fever:106802,bm25,bm25,bm25,bm25,bm25,bi200,bm25,bm25,hybrid,bm25
fever:106809,bm25,ce100,bm25,ce20,ce20,bi200,bi200,hybrid,bi200,bm25
fever:106826,bm25,bm25,bm25,bm25,bm25,ce20,bm25,bm25,bm25,bm25
fever:106832,bm25,ce20,ce20,bm25,ce20,bm25,bm25,bm25,ce20,ce20
fever:106836,bm25,bm25,bm25,bm25,ce20,bm25,bm25,ce20,hybrid,ce20
fever:106851,ce100,bm25,bm25,ce100,bm25,bi200,ce20,hybrid,bi200,hybrid
fever:106855,ce20,ce20,ce20,ce100,ce20,bi200,bi200,hybrid,hybrid,bi200
fever:106859,ce20,bm25,ce20,ce20,ce20,hybrid,ce100,bm25,bm25,ce20
fever:106870,bm25,ce100,ce20,ce20,ce100,ce100,ce100,ce20,ce100,hybrid
fever:10688,bm25,ce20,ce20,bm25,bm25,ce20,bi200,bm25,ce20,bm25
fever:10689,bm25,ce20,bm25,bm25,bm25,ce20,ce100,bm25,ce20,hybrid
fever:106912,ce100,ce100,ce100,bm25,bm25,ce20,ce100,ce20,ce20,ce20
fever:10692,ce100,ce100,ce100,ce100,ce100,bi200,bi200,bi200,bi200,ce20
fever:106921,ce20,bm25,bm25,bm25,bm25,bm25,bm25,bm25,hybrid,bi200
fever:106926,bm25,ce20,ce20,bm25,bm25,ce20,ce100,bm25,ce20,bm25
fever:106928,bm25,bm25,ce100,bm25,ce20,ce20,bm25,ce20,ce20,ce20
fever:106929,ce20,ce100,bm25,bm25,ce20,hybrid,bm25,hybrid,ce20,bm25
fever:106940,ce20,ce100,ce20,bm25,ce20,ce100,ce100,ce100,ce20,bi200
fever:106966,ce20,ce100,ce20,bm25,ce100,bi200,bi200,bi200,bi200,hybrid
fever:10698,bm25,bm25,bm25,bm25,bm25,ce20,bm25,hybrid,hybrid,bm25
fever:106981,bm25,bm25,bm25,bm25,bm25,hybrid,bi200,bi200,bi200,bi200
fever:106996,bm25,bm25,ce20,bm25,bm25,ce20,bm25,ce20,ce20,ce20
fever:107005,ce20,ce20,bm25,bm25,ce20,ce20,bm25,bm25,ce20,bm25
fever:107035,ce20,ce100,ce100,ce100,ce100,hybrid,hybrid,hybrid,hybrid,ce100
fever:107036,ce20,ce100,bm25,bm25,ce20,bm25,bm25,hybrid,bm25,bm25
fever:107042,bm25,ce20,ce20,ce20,bm25,bm25,ce100,ce20,bi200,ce20
fever:10706,bm25,bm25,bm25,bm25,ce100,ce20,bm25,bm25,bm25,bm25
fever:107060,bm25,ce100,bm25,bm25,ce20,bm25,bm25,bi200,ce20,bm25
fever:107064,bm25,bm25,ce20,bm25,ce20,ce20,ce100,ce100,ce20,ce20
fever:107067,bm25,bm25,bm25,bm25,bm25,bm25,bm25,bm25,ce20,bi200
fever:10707,bm25,bm25,bm25,bm25,ce100,ce20,hybrid,bm25,bm25,bm25
fever:107073,ce20,bm25,ce20,ce100,ce20,hybrid,hybrid,hybrid,hybrid,ce20
fever:107119,ce20,bm25,bm25,bm25,ce20,bi200,hybrid,hybrid,bi200,bi200
fever:10712,ce20,ce100,ce20,bm25,ce20,ce100,bi200,bm25,ce20,bi200
fever:107124,ce20,bm25,bm25,bm25,ce20,ce20,bm25,hybrid,ce20,ce20
fever:10713,bm25,ce20,ce20,bm25,ce20,ce20,ce100,ce20,ce20,hybrid
fever:107135,ce20,ce20,ce100,bm25,ce20,ce20,bm25,bm25,ce20,ce20
fever:107163,ce100,ce100,ce100,ce100,ce100,hybrid,bi200,hybrid,hybrid,hybrid
fever:107185,ce20,ce20,ce20,bm25,ce100,ce100,bm25,ce20,ce20,bm25
fever:107192,bm25,ce20,bm25,bm25,bm25,ce20,bm25,ce20,ce20,bi200
fever:10721,ce100,ce100,ce100,ce100,ce100,hybrid,ce100,bi200,hybrid,hybrid
fever:107258,bm25,bm25,bm25,bm25,ce20,bm25,ce20,bm25,ce20,ce20
fever:107273,bm25,bm25,bm25,bm25,bm25,bm25,bm25,bm25,bm25,bm25
fever:107285,ce20,ce20,ce20,bm25,ce20,ce100,ce20,hybrid,bi200,hybrid
fever:107287,ce20,ce100,bm25,bm25,bm25,hybrid,ce100,hybrid,hybrid,hybrid
fever:107305,bm25,bm25,ce20,ce20,ce20,bm25,bm25,bm25,ce20,bm25
fever:107307,bm25,bm25,bm25,ce20,bm25,ce20,hybrid,bm25,bm25,bm25
fever:107308,ce20,bm25,bm25,bm25,ce20,bm25,bm25,hybrid,hybrid,ce20
fever:107320,ce20,ce100,bm25,ce20,ce20,ce100,bm25,hybrid,hybrid,bi200
fever:107322,bm25,bm25,bm25,bm25,bm25,bi200,bm25,bi200,bm25,bi200
fever:107335,ce100,ce100,ce100,bm25,ce100,ce100,bm25,hybrid,hybrid,ce20
fever:107347,bm25,bm25,bm25,bm25,ce20,ce20,bm25,bm25,ce20,ce100
fever:107362,bm25,ce20,ce20,ce20,ce20,ce20,ce100,ce20,ce20,ce20
fever:107364,ce20,ce20,bm25,bm25,ce20,bi200,ce20,ce100,ce20,ce20
fever:10738,bm25,bm25,ce100,bm25,bm25,bm25,bm25,hybrid,bm25,ce20
fever:107384,ce20,ce20,ce20,ce20,ce20,bi200,bi200,bi200,ce20,ce20
fever:107413,bm25,bm25,ce100,bm25,ce100,bm25,hybrid,hybrid,ce20,hybrid
fever:107419,bm25,bm25,bm25,bm25,bm25,bm25,bm25,ce20,ce20,ce20
fever:107438,ce20,ce20,ce20,bm25,ce100,ce20,ce20,ce20,bm25,ce20
fever:107465,ce100,ce20,ce20,ce20,ce20,bi200,ce100,ce20,hybrid,bi200
fever:107470,bm25,ce100,ce20,bm25,ce20,bi200,bi200,ce20,ce20,ce20
fever:107480,bm25,bm25,bm25,bm25,bm25,bm25,bm25,bm25,bm25,bm25
fever:107503,ce100,ce100,ce100,ce100,ce100,ce100,ce100,hybrid,ce100,hybrid
fever:107510,bm25,ce20,bm25,bm25,ce20,ce20,ce20,hybrid,bm25,bm25
fever:107511,bm25,ce20,ce20,ce20,ce20,ce20,ce20,ce20,bm25,bm25
fever:107520,ce20,bm25,bm25,ce20,ce100,bi200,bm25,hybrid,hybrid,bm25
fever:107543,ce20,ce100,ce100,bm25,ce100,bi200,bm25,hybrid,bi200,bi200
fever:107547,ce20,ce100,ce20,bm25,ce20,ce20,hybrid,bi200,bi200,hybrid
fever:107583,bm25,ce20,bm25,bm25,ce20,bi200,bi200,hybrid,bm25,bm25
fever:107585,ce20,bm25,ce20,bm25,ce20,ce100,bi200,hybrid,ce20,hybrid
fever:107589,ce20,ce20,ce20,ce100,ce20,ce100,ce100,ce20,hybrid,hybrid
fever:1076,ce20,bm25,ce20,ce20,ce20,ce20,bm25,bi200,ce20,bi200
fever:107600,ce20,bm25,bm25,bm25,bm25,ce20,bi200,bi200,bi200,bi200
fever:107611,bm25,bm25,bm25,bm25,bm25,ce20,ce100,ce20,ce20,ce20
fever:10765,bm25,bm25,bm25,bm25,ce20,ce100,bm25,bi200,bi200,ce20
fever:107654,bm25,ce20,ce20,bm25,ce20,ce20,bi200,hybrid,bm25,bm25
fever:107667,bm25,ce100,ce20,ce100,ce100,bi200,hybrid,ce100,bi200,bi200
fever:107699,ce100,ce100,ce100,ce20,ce100,ce100,ce100,ce20,ce20,bi200
fever:1077,ce20,ce100,ce20,ce100,ce20,ce20,bi200,ce100,ce20,ce20
fever:107725,bm25,bm25,bm25,bm25,bm25,hybrid,bi200,bm25,hybrid,bi200
fever:107731,ce100,ce100,ce100,ce100,ce100,bi200,bi200,bi200,bi200,bi200
fever:107749,ce20,ce100,ce100,ce100,ce100,ce100,bi200,bm25,ce20,bi200
fever:107764,ce20,bm25,bm25,bm25,ce20,hybrid,hybrid,ce20,ce20,bm25
fever:107783,ce100,ce100,ce100,bm25,ce20,ce20,ce100,hybrid,hybrid,hybrid
fever:107786,ce20,ce20,ce20,bm25,bm25,ce20,ce100,ce20,bm25,hybrid
fever:107793,ce20,bm25,ce100,bm25,bm25,ce100,bm25,hybrid,bi200,bi200
fever:107816,bm25,ce20,ce20,bm25,bm25,bi200,bm25,ce20,ce20,ce100
fever:107833,bm25,bm25,bm25,bm25,bm25,bi200,bm25,bi200,bm25,bi200
fever:107856,bm25,ce100,ce100,ce100,bm25,bi200,bi200,ce20,bi200,bi200
fever:107878,ce20,bm25,bm25,bm25,bm25,bi200,bm25,bm25,bi200,bm25
fever:107910,ce20,ce20,ce20,ce20,ce20,bi200,ce20,ce20,ce20,bm25
fever:107926,bm25,bm25,bm25,ce20,ce20,bm25,bm25,ce20,bm25,bm25
fever:107928,bm25,ce100,ce100,bm25,ce20,hybrid,bm25,ce100,ce20,ce100
fever:107968,ce20,ce20,ce20,bm25,ce20,bi200,ce100,ce20,ce20,bi200
fever:107977,bm25,bm25,bm25,bm25,ce20,bm25,bm25,hybrid,ce20,bm25
fever:10798,ce100,ce20,ce20,ce20,ce20,bi200,bi200,hybrid,bi200,bi200
fever:108003,ce100,bm25,ce20,ce20,ce20,ce20,ce100,ce20,ce100,bm25
fever:108031,bm25,ce20,ce20,ce20,ce100,ce20,ce100,ce100,ce20,ce100
fever:108034,ce20,ce20,ce20,bm25,ce100,ce20,bm25,ce20,ce20,bi200
fever:108079,bm25,ce100,ce20,bm25,ce100,hybrid,bm25,ce100,hybrid,hybrid
fever:108085,ce100,ce100,bm25,bm25,ce100,bi200,bi200,hybrid,bi200,ce20
fever:10810,bm25,ce20,bm25,ce20,bm25,bm25,bm25,hybrid,bi200,bm25
fever:108104,bm25,bm25,ce20,bm25,ce20,bi200,ce100,ce20,ce20,bi200
fever:108107,bm25,ce20,bm25,ce20,bm25,ce100,bi200,bm25,bm25,bm25
fever:108115,bm25,bm25,ce100,bm25,ce100,hybrid,bm25,ce100,hybrid,bm25
fever:108119,ce20,bm25,bm25,ce100,ce20,ce20,hybrid,ce20,ce20,hybrid
fever:108122,ce100,ce100,ce100,ce100,ce100,hybrid,bm25,ce20,bi200,ce20
fever:10814,ce20,ce20,bm25,ce20,ce20,bi200,ce20,ce20,ce20,bm25
fever:108145,ce100,ce100,ce100,ce100,ce100,ce100,bi200,ce100,bi200,bi200
fever:108162,ce100,ce100,ce100,ce100,ce100,ce20,bi200,ce100,ce100,bi200
fever:108171,ce100,ce100,ce100,ce100,ce100,ce100,ce100,ce100,ce100,hybrid
fever:108198,ce20,ce20,ce20,ce20,ce100,ce100,bm25,ce20,bm25,ce20
fever:108201,bm25,ce20,bm25,ce20,ce20,ce20,ce100,ce20,ce20,ce20
fever:108202,bm25,bm25,bm25,bm25,bm25,ce20,bm25,ce20,bm25,bm25
fever:108208,ce100,ce100,ce100,ce100,ce100,hybrid,ce100,hybrid,hybrid,hybrid
fever:108267,bm25,bm25,bm25,bm25,bm25,bm25,bm25,bi200,bm25,bm25
fever:108279,bm25,ce100,ce20,ce20,bm25,bi200,bi200,ce20,ce20,bi200
fever:108281,bm25,bm25,ce20,bm25,ce20,ce20,ce100,ce20,ce20,ce20
fever:108297,bm25,bm25,bm25,bm25,bm25,bm25,bm25,bm25,ce20,bm25
fever:108301,bm25,bm25,ce100,bm25,ce100,bi200,bi200,bi200,bi200,bm25
fever:108315,bm25,ce100,bm25,bm25,ce20,bi200,ce100,hybrid,hybrid,bi200
fever:108325,bm25,bm25,bm25,bm25,ce20,bm25,bm25,ce20,bm25,bm25
fever:108326,bm25,bm25,ce20,ce20,ce20,ce20,ce20,ce20,ce20,ce20
fever:108345,ce20,ce20,ce20,bm25,bm25,ce20,ce100,ce20,ce20,ce20
fever:108352,ce20,bm25,ce20,ce20,ce20,bi200,bm25,ce20,bm25,ce20
fever:108376,ce100,ce100,ce100,ce20,ce20,bi200,ce20,bi200,hybrid,hybrid
fever:10838,ce100,ce20,ce100,bm25,ce100,ce100,ce100,bi200,bi200,hybrid
fever:108420,ce20,ce100,ce20,bm25,ce100,ce100,bi200,ce100,ce20,ce20
fever:108426,bm25,bm25,bm25,bm25,bm25,bm25,bm25,ce20,bm25,bm25
fever:108434,ce20,bm25,ce20,bm25,bm25,bi200,bm25,ce20,bm25,bm25
fever:10844,ce100,ce20,ce100,bm25,ce20,bi200,ce100,bi200,ce100,ce20
fever:108444,bm25,bm25,bm25,bm25,bm25,ce20,bm25,bm25,ce20,bi200
fever:108456,bm25,ce20,bm25,bm25,ce20,bm25,bm25,bm25,ce20,bm25
fever:108481,ce100,ce100,ce100,ce100,ce100,ce100,bi200,ce100,ce100,ce100
fever:108486,ce20,bm25,bm25,bm25,bm25,ce100,bm25,hybrid,hybrid,hybrid
fever:108498,ce20,ce20,bm25,bm25,bm25,ce20,bi200,bi200,bi200,bm25
fever:108510,ce20,bm25,bm25,bm25,bm25,bm25,bm25,bm25,bi200,bi200
fever:108518,ce100,ce100,ce20,ce100,ce100,ce20,bi200,bi200,hybrid,bi200
fever:108525,bm25,bm25,ce20,bm25,bm25,ce20,bm25,ce20,bi200,bm25
fever:108547,ce100,ce20,ce20,ce20,ce20,bi200,ce20,ce100,ce100,hybrid
fever:108548,ce100,ce100,ce100,bm25,ce100,bi200,hybrid,bi200,bi200,bi200
fever:108567,bm25,ce100,ce20,ce20,ce100,ce20,bm25,ce20,ce100,bi200
fever:108598,ce20,bm25,bm25,bm25,ce20,ce20,bi200,hybrid,bi200,bm25
fever:108618,ce100,ce100,ce100,ce100,ce100,ce100,ce100,ce100,hybrid,ce100
fever:108634,bm25,ce20,bm25,bm25,bm25,bi200,bi200,bm25,bi200,bi200
fever:108646,bm25,bm25,bm25,bm25,bm25,ce20,bm25,ce20,bm25,bm25
fever:108663,ce100,ce20,ce100,ce20,ce20,ce20,hybrid,ce100,bi200,hybrid
fever:108705,ce20,ce20,ce20,ce20,ce20,hybrid,ce100,bm25,ce20,hybrid
fever:108727,ce20,ce20,ce20,ce20,ce20,bi200,bm25,ce100,bi200,hybrid
fever:108734,ce20,ce20,ce100,bm25,ce20,bi200,bm25,bi200,bi200,bm25
fever:108736,ce100,ce100,ce100,bm25,ce100,ce100,bi200,bi200,bi200,ce100
fever:108739,bm25,bm25,bm25,bm25,bm25,bm25,ce20,ce20,bm25,hybrid
fever:108752,ce20,ce100,bm25,bm25,ce20,ce100,ce20,hybrid,ce20,ce20
fever:108753,ce20,bm25,ce100,bm25,ce100,ce20,ce100,ce100,ce100,bi200
fever:108755,ce20,bm25,ce20,bm25,ce100,bi200,bi200,bi200,bi200,bm25
fever:108756,ce20,bm25,bm25,bm25,ce100,hybrid,bi200,bi200,bi200,bi200
fever:108767,ce20,bm25,bm25,bm25,ce20,ce100,bm25,ce20,bi200,bi200
fever:108772,bm25,ce20,bm25,bm25,ce20,ce20,bm25,bm25,bi200,ce20
fever:108791,bm25,bm25,bm25,ce20,bm25,ce20,bm25,bm25,bm25,bm25
fever:108803,bm25,bm25,bm25,bm25,bm25,bi200,bm25,bi200,bm25,bm25
fever:108814,bm25,bm25,bm25,bm25,bm25,ce20,bm25,bm25,ce20,bi200
fever:108836,ce20,bm25,ce20,ce20,ce20,ce20,bm25,bm25,ce20,ce20
fever:108837,bm25,bm25,bm25,bm25,ce100,ce20,bm25,ce20,bm25,bm25
fever:108839,bm25,bm25,bm25,bm25,bm25,hybrid,bm25,bm25,bm25,bi200
fever:108859,ce100,bm25,bm25,bm25,ce20,ce100,ce100,ce20,ce20,ce20
fever:108868,ce20,ce20,ce20,bm25,bm25,bi200,bm25,hybrid,ce20,hybrid
fever:108880,ce100,ce20,bm25,bm25,ce100,ce100,ce20,hybrid,ce20,hybrid
fever:108882,ce20,bm25,ce20,bm25,ce20,hybrid,bm25,bi200,ce20,bi200
fever:108889,ce20,ce20,ce20,ce20,ce20,bi200,bi200,bi200,hybrid,bm25
fever:108894,bm25,ce100,ce100,ce20,ce100,ce100,bi200,hybrid,ce20,hybrid
fever:10890,ce20,ce100,ce100,ce20,ce100,hybrid,ce100,ce100,ce100,hybrid
fever:108917,ce100,ce100,bm25,ce100,ce100,ce100,ce20,ce100,hybrid,ce20
fever:108919,bm25,bm25,bm25,ce20,ce20,bi200,bm25,bi200,bm25,bm25
fever:108920,bm25,bm25,bm25,bm25,ce20,ce100,bm25,bi200,bm25,ce20
fever:108937,ce100,ce100,ce20,ce100,ce100,ce20,ce100,bi200,bi200,hybrid
fever:108940,ce20,ce20,bm25,ce20,ce20,ce100,ce20,hybrid,ce20,ce20
fever:108947,ce100,ce100,ce20,ce100,ce100,ce100,ce100,hybrid,hybrid,hybrid
fever:108950,bm25,bm25,bm25,bm25,ce20,ce20,bm25,bm25,ce20,bm25
fever:108956,ce20,bm25,bm25,bm25,bm25,ce20,ce20,bm25,ce20,bm25
fever:108957,ce20,ce20,ce20,bm25,ce20,ce20,hybrid,ce20,ce20,bi200
fever:108997,ce20,ce20,ce20,ce100,ce100,bi200,ce20,ce20,ce20,hybrid
fever:109024,bm25,bm25,ce20,bm25,ce100,ce100,ce100,ce20,hybrid,bm25
fever:109036,bm25,ce100,bm25,ce100,ce100,bi200,bi200,bi200,hybrid,bi200
fever:109073,ce20,ce100,ce20,ce20,ce20,ce20,ce100,ce20,ce100,ce100
fever:109128,bm25,bm25,bm25,bm25,bm25,bm25,bm25,hybrid,hybrid,bi200
fever:109129,bm25,bm25,bm25,bm25,bm25,bm25,bm25,hybrid,hybrid,bi200
fever:109140,ce20,ce100,bm25,ce20,bm25,bi200,bi200,hybrid,bi200,bi200
fever:109142,bm25,ce100,bm25,bm25,ce20,ce20,bm25,bi200,hybrid,bi200
fever:109145,ce100,ce20,ce100,bm25,ce20,ce20,ce100,bi200,bi200,bi200
fever:109162,bm25,ce100,bm25,ce20,bm25,bm25,ce100,bi200,hybrid,bm25
fever:109171,ce20,ce20,ce20,ce20,ce20,bi200,ce100,ce20,ce100,bm25
fever:109195,bm25,ce20,ce20,bm25,bm25,ce20,ce100,ce20,bm25,hybrid
fever:109210,ce20,bm25,ce20,ce20,ce20,hybrid,hybrid,ce100,hybrid,ce100
fever:10923,ce20,ce20,ce100,ce100,ce20,bi200,bi200,hybrid,bi200,bi200
fever:109234,ce20,ce20,ce100,bm25,ce20,ce20,ce100,bm25,ce20,ce100
fever:109246,bm25,ce100,bm25,bm25,ce20,hybrid,bi200,hybrid,bi200,bm25
fever:109288,ce20,ce100,ce20,ce20,ce100,ce100,ce100,bi200,bi200,bi200
fever:109293,ce20,ce20,ce20,ce20,ce20,bm25,ce20,ce20,bm25,ce20
fever:1093,ce20,ce20,ce20,bm25,ce20,ce20,bm25,bm25,ce20,ce20
fever:109368,bm25,ce20,ce20,ce20,ce20,ce20,ce100,ce20,ce20,ce20
fever:109373,ce20,bm25,bm25,bm25,bm25,ce100,ce20,ce100,ce20,bi200
fever:1094,ce20,ce20,ce20,bm25,ce20,ce20,ce100,bm25,ce20,ce20
fever:109408,bm25,ce20,bm25,bm25,bm25,bm25,bm25,hybrid,bm25,bm25
fever:10942,bm25,ce100,ce20,bm25,bm25,ce100,ce100,bm25,bm25,bm25
fever:109431,bm25,bm25,ce20,bm25,bm25,hybrid,bi200,bm25,hybrid,bm25
fever:109447,bm25,bm25,bm25,bm25,ce20,ce20,bm25,ce20,bm25,bi200
fever:109461,bm25,ce20,bm25,bm25,ce20,bi200,bi200,hybrid,hybrid,bm25
fever:10947,ce20,ce20,bm25,bm25,ce20,bi200,ce100,ce100,ce20,bi200
fever:109499,ce100,ce100,ce100,bm25,ce100,ce100,bi200,hybrid,hybrid,ce100
fever:109522,ce20,bm25,ce20,bm25,ce20,ce20,bm25,ce20,bm25,bm25
fever:10954,ce20,bm25,bm25,bm25,ce20,bi200,bm25,ce100,hybrid,hybrid
fever:109563,ce20,ce100,bm25,bm25,ce100,ce100,ce100,hybrid,hybrid,hybrid
fever:109564,ce20,ce100,bm25,bm25,ce20,bm25,bm25,hybrid,bm25,hybrid
fever:109566,ce20,bm25,bm25,bm25,ce20,ce20,hybrid,ce20,ce20,hybrid
fever:109582,bm25,ce100,bm25,bm25,ce20,bm25,bm25,hybrid,bm25,bm25
fever:109623,ce20,ce100,ce100,ce100,ce100,ce20,bi200,bi200,hybrid,ce100
fever:109701,bm25,ce100,bm25,bm25,ce20,bm25,bm25,bm25,bm25,bi200
fever:109719,ce20,bm25,ce20,bm25,ce20,bi200,ce100,ce100,ce20,ce20
fever:109728,bm25,ce20,ce20,bm25,ce20,ce100,bm25,hybrid,ce20,hybrid
fever:109737,bm25,ce20,bm25,bm25,ce20,ce20,bm25,ce20,bi200,ce20
fever:109744,ce20,bm25,bm25,bm25,bm25,ce20,bm25,bm25,ce20,bm25
fever:109785,ce100,bm25,bm25,ce100,bm25,ce100,bi200,bi200,bi200,hybrid
fever:109786,ce20,ce20,ce20,bm25,ce20,ce20,bm25,ce20,bi200,bi200
fever:109793,bm25,bm25,bm25,bm25,bm25,bm25,bm25,bm25,hybrid,bm25
fever:109817,bm25,ce100,ce20,ce20,ce20,ce100,ce20,ce100,hybrid,ce100
fever:109831,ce100,ce100,ce100,bm25,ce100,ce100,bi200,bi200,ce20,bi200
fever:109834,ce20,ce20,ce20,bm25,bm25,ce20,ce100,hybrid,ce20,hybrid
fever:109876,bm25,bm25,bm25,ce20,bm25,ce100,bm25,bm25,ce20,bi200
fever:109877,ce100,ce100,bm25,ce20,ce100,bi200,bi200,bi200,bi200,bi200
fever:109878,ce100,ce100,ce100,ce100,ce100,bi200,bi200,bi200,bi200,bi200
fever:109898,bm25,ce100,ce20,ce20,ce100,ce20,ce100,bm25,ce20,ce20
fever:109933,ce100,ce100,ce100,bm25,ce100,bi200,ce100,ce100,ce100,bi200
fever:109941,ce20,bm25,bm25,ce20,ce20,bi200,hybrid,bi200,bi200,hybrid
fever:110008,ce20,ce100,ce100,ce20,ce100,hybrid,hybrid,bi200,hybrid,ce20
fever:110011,bm25,bm25,ce20,ce20,ce20,ce20,ce100,ce20,ce20,ce20
fever:110012,bm25,bm25,bm25,bm25,ce20,bm25,bm25,ce20,ce20,bm25
fever:11002,ce20,ce20,bm25,ce20,bm25,hybrid,bm25,bi200,bi200,bm25
fever:110035,ce20,ce20,ce20,bm25,bm25,ce100,bi200,bi200,hybrid,bm25
fever:110040,ce100,ce20,ce20,ce100,ce100,ce20,ce100,ce100,hybrid,ce100
fever:110059,bm25,bm25,bm25,bm25,ce20,bi200,bm25,ce20,hybrid,bm25
fever:11009,bm25,bm25,bm25,ce20,bm25,hybrid,hybrid,hybrid,bi200,bm25
fever:110106,bm25,ce20,ce20,bm25,ce20,bm25,bm25,ce20,ce20,ce20
fever:110110,ce100,ce100,ce100,ce100,ce100,hybrid,bi200,hybrid,hybrid,ce20
fever:110133,ce100,ce20,ce20,bm25,ce100,bi200,bi200,bi200,hybrid,ce20
fever:110147,bm25,bm25,ce20,bm25,ce100,bi200,bm25,bi200,ce100,bi200
fever:110175,ce100,ce100,ce100,ce100,ce100,bi200,bi200,bi200,bi200,bi200
fever:110197,bm25,bm25,ce20,bm25,ce20,ce20,hybrid,ce20,ce20,bm25
fever:110205,bm25,bm25,bm25,bm25,ce20,bm25,bm25,ce20,bm25,bm25
fever:110209,ce20,ce20,ce20,bm25,ce20,ce20,ce100,hybrid,bi200,ce20
fever:110221,bm25,ce20,bm25,bm25,bm25,bm25,bi200,bm25,bm25,bm25
fever:110242,ce100,ce100,ce100,bm25,ce100,bi200,hybrid,hybrid,hybrid,ce20
fever:110274,bm25,bm25,ce20,bm25,ce20,bi200,hybrid,hybrid,ce20,hybrid
fever:110276,ce20,bm25,ce20,ce20,ce20,ce20,ce100,ce20,ce20,ce20
fever:110280,bm25,ce100,bm25,ce100,bm25,hybrid,bi200,bi200,hybrid,bi200
fever:110294,bm25,bm25,bm25,bm25,bm25,hybrid,bm25,bm25,hybrid,bm25
fever:110334,ce100,ce100,ce100,ce100,ce20,bi200,ce100,bm25,hybrid,ce100
fever:110351,ce20,bm25,bm25,bm25,ce20,ce20,bm25,bm25,ce20,ce20
fever:110357,ce20,ce20,ce20,ce20,ce100,ce100,bi200,hybrid,hybrid,hybrid
fever:110376,ce100,ce100,ce100,ce100,ce20,ce100,bi200,bi200,ce100,hybrid
fever:110379,bm25,ce20,ce20,bm25,ce20,ce20,ce100,ce20,ce20,ce20
fever:110394,ce100,ce100,ce20,ce100,ce20,bi200,hybrid,hybrid,hybrid,hybrid
fever:110396,ce100,ce100,ce20,bm25,ce100,ce20,bi200,ce100,ce100,bi200
fever:110420,ce20,ce20,bm25,bm25,ce20,ce20,ce100,bm25,ce20,bi200
fever:110429,ce20,ce20,ce20,bm25,ce20,bi200,hybrid,hybrid,hybrid,hybrid
fever:110489,bm25,ce20,bm25,bm25,bm25,bi200,bm25,hybrid,hybrid,bi200
fever:110504,bm25,ce100,ce20,ce20,bm25,ce100,ce100,hybrid,ce20,hybrid
fever:110506,ce20,ce100,bm25,ce20,ce20,bm25,ce100,ce20,ce20,ce100
fever:110514,bm25,bm25,bm25,bm25,bm25,bi200,bm25,bm25,ce20,bm25
fever:110534,bm25,ce20,ce100,bm25,ce20,ce20,ce100,hybrid,ce20,ce20
fever:110538,bm25,ce20,bm25,bm25,ce20,hybrid,bi200,bi200,hybrid,hybrid
fever:110571,ce20,bm25,ce20,bm25,ce20,hybrid,bm25,ce20,hybrid,bm25
fever:110581,ce100,ce100,ce100,ce100,ce20,ce20,ce100,ce20,ce20,ce100
fever:110585,ce100,ce100,ce100,ce100,ce100,ce100,ce100,bi200,ce100,bi200
fever:110599,ce20,bm25,bm25,ce20,ce20,ce20,ce20,ce20,ce20,ce20
fever:110602,ce20,ce20,bm25,bm25,ce20,bi200,bi200,hybrid,hybrid,hybrid
fever:110635,ce20,ce100,ce100,bm25,ce20,ce100,ce20,hybrid,ce20,ce20
fever:110645,bm25,bm25,bm25,bm25,bm25,hybrid,bm25,hybrid,bm25,bm25
fever:110647,ce100,ce100,ce100,bm25,ce100,bi200,ce100,ce100,bi200,ce100
fever:110652,ce20,ce100,ce20,bm25,ce20,bi200,bm25,hybrid,hybrid,ce20
fever:110672,ce100,ce100,ce100,ce100,ce100,ce100,hybrid,hybrid,hybrid,hybrid
fever:110681,bm25,bm25,bm25,bm25,bm25,bi200,ce20,bi200,bi200,bm25
fever:110683,bm25,ce20,bm25,bm25,ce20,bi200,bm25,bm25,hybrid,bm25
fever:110703,ce100,ce20,ce100,ce20,ce100,bi200,bi200,hybrid,bi200,ce100
fever:110717,ce100,ce20,ce100,bm25,bm25,ce100,bi200,ce20,bm25,ce100
fever:110731,ce20,bm25,ce100,ce20,ce20,ce100,bi200,hybrid,hybrid,hybrid
fever:110749,ce20,bm25,bm25,ce20,ce20,ce20,ce20,ce20,bm25,bm25
fever:110760,bm25,bm25,bm25,bm25,bm25,bm25,bm25,bm25,bm25,bm25
fever:110761,bm25,bm25,bm25,bm25,bm25,bm25,bm25,bm25,bm25,bm25
fever:110762,bm25,ce100,ce20,ce20,bm25,ce20,bm25,ce100,ce20,ce20
fever:110770,ce100,ce100,ce20,bm25,ce100,bi200,bi200,bi200,bi200,bi200
fever:110772,ce20,ce20,ce100,ce20,ce100,ce20,ce100,ce20,ce20,ce20
fever:110815,ce100,ce100,ce100,ce100,ce100,ce100,ce100,bi200,ce100,ce20
fever:110831,bm25,bm25,bm25,bm25,bm25,hybrid,bm25,hybrid,bm25,ce20
fever:110839,bm25,bm25,bm25,bm25,bm25,hybrid,bm25,hybrid,hybrid,bm25
fever:110873,bm25,ce20,ce100,bm25,ce100,bi200,hybrid,bi200,bi200,ce20
fever:110887,bm25,bm25,bm25,bm25,bm25,ce20,bm25,bm25,bm25,bm25
fever:11090,ce100,ce100,bm25,bm25,ce100,ce100,bi200,bi200,hybrid,bi200
fever:11091,ce100,ce100,ce100,bm25,ce100,ce100,bi200,bi200,hybrid,ce100
fever:110925,ce20,ce20,ce20,bm25,ce20,bi200,hybrid,hybrid,hybrid,hybrid
fever:110933,ce100,ce100,ce100,ce100,ce100,bi200,hybrid,ce20,hybrid,bm25
fever:110998,ce20,bm25,ce100,ce100,ce100,bi200,hybrid,bm25,bi200,hybrid
fever:111004,ce20,ce100,ce100,ce20,ce20,bi200,hybrid,hybrid,hybrid,hybrid
fever:111005,ce20,ce100,ce100,ce20,ce100,ce100,ce100,ce20,bi200,bi200
fever:111049,bm25,ce20,ce20,ce20,bm25,ce20,bi200,hybrid,hybrid,hybrid
fever:111060,bm25,ce20,bm25,bm25,bm25,bm25,bm25,bm25,hybrid,bm25
fever:111069,ce20,ce100,ce100,ce20,ce100,bm25,bm25,hybrid,ce20,ce20
fever:111074,bm25,bm25,ce20,ce20,ce20,bm25,bm25,ce20,ce20,bm25
fever:1111,bm25,bm25,bm25,bm25,bm25,hybrid,bm25,hybrid,bi200,bm25
fever:111113,bm25,bm25,bm25,ce20,bm25,bm25,bm25,bm25,ce20,ce20
fever:111121,ce20,bm25,bm25,bm25,bm25,bi200,bm25,bi200,hybrid,hybrid
fever:111138,bm25,bm25,bm25,bm25,bm25,bm25,bm25,hybrid,bm25,bm25
fever:111151,ce100,ce100,ce20,ce100,ce100,ce100,bi200,bi200,hybrid,bi200
fever:111153,bm25,ce20,ce100,bm25,ce20,ce20,ce100,bm25,ce100,bm25
fever:111176,bm25,bm25,bm25,ce20,bm25,bm25,bm25,hybrid,hybrid,bi200
fever:111185,ce100,ce20,bm25,ce20,ce20,ce100,ce20,ce20,ce20,ce20
fever:1112,bm25,bm25,ce100,bm25,bm25,hybrid,bi200,hybrid,hybrid,bi200
fever:111203,ce20,ce20,ce20,ce20,ce20,bi200,bi200,ce20,ce20,hybrid
fever:111206,ce100,ce100,ce100,ce100,ce100,bi200,ce100,ce100,hybrid,ce100
fever:111213,bm25,bm25,ce20,bm25,bm25,ce20,bi200,ce20,bm25,bm25
fever:111285,ce20,ce20,bm25,ce20,ce100,hybrid,bm25,bi200,bi200,ce20
fever:111302,ce20,ce100,bm25,ce20,ce100,bi200,bi200,bi200,bm25,hybrid
fever:111321,bm25,bm25,bm25,bm25,bm25,ce20,ce100,ce20,bm25,bm25
fever:111325,ce100,bm25,ce100,ce20,ce20,bi200,bi200,ce20,ce100,ce20
fever:111363,bm25,ce20,ce20,bm25,ce100,hybrid,bm25,bi200,bm25,ce20
fever:111408,ce20,ce100,bm25,ce20,ce100,hybrid,bi200,bi200,ce20,hybrid
fever:111414,bm25,bm25,bm25,bm25,bm25,hybrid,bm25,bm25,hybrid,bi200
fever:111424,ce20,bm25,bm25,bm25,ce100,bi200,bi200,hybrid,hybrid,hybrid
fever:111428,ce20,bm25,ce100,bm25,ce20,bm25,bm25,ce100,ce20,bi200
fever:11145,ce20,ce20,ce20,bm25,ce20,ce20,bm25,hybrid,bi200,hybrid
fever:11146,ce20,ce20,bm25,ce20,ce20,bi200,bm25,hybrid,bi200,bm25
fever:111462,ce20,bm25,bm25,ce20,ce20,bm25,bm25,hybrid,bm25,bm25
fever:111503,bm25,ce20,ce20,ce20,ce20,ce100,ce20,hybrid,ce100,hybrid
fever:11151,ce20,bm25,bm25,bm25,ce20,ce20,bm25,bm25,hybrid,bm25
fever:111510,ce20,ce20,ce20,ce20,ce20,bi200,ce20,hybrid,ce20,ce20
fever:111514,ce100,ce100,bm25,bm25,bm25,ce20,ce100,hybrid,bi200,hybrid
fever:111590,ce100,ce100,ce100,ce100,ce100,bi200,ce100,ce100,hybrid,bi200
fever:111594,ce20,bm25,bm25,ce20,ce20,hybrid,ce20,hybrid,bm25,ce20
fever:111620,bm25,bm25,bm25,bm25,bm25,bi200,bm25,hybrid,hybrid,hybrid
fever:111646,ce20,ce20,ce100,bm25,ce20,bi200,bi200,ce20,bi200,hybrid
fever:111662,ce20,ce20,bm25,ce20,ce20,hybrid,ce20,ce20,hybrid,hybrid
fever:111685,ce20,bm25,bm25,bm25,ce20,bi200,ce100,bm25,ce20,bi200
fever:111713,bm25,ce20,ce20,ce20,bm25,ce20,ce100,hybrid,ce20,ce20
fever:111717,ce20,ce100,ce20,ce20,ce20,ce20,bm25,bm25,ce20,ce20
fever:111719,bm25,bm25,bm25,bm25,ce20,ce20,ce20,ce20,hybrid,ce20
fever:111721,ce20,bm25,bm25,bm25,ce100,hybrid,ce20,ce20,hybrid,hybrid
fever:111764,ce100,ce100,bm25,ce100,ce20,bi200,ce100,ce100,ce100,ce100
fever:111769,ce100,ce20,ce100,bm25,ce100,ce20,ce100,ce100,ce20,bi200
fever:11178,bm25,ce20,ce20,bm25,ce20,ce20,bm25,bm25,ce20,bm25
fever:111823,bm25,bm25,bm25,bm25,bm25,bm25,bm25,bi200,hybrid,bm25
fever:11184,bm25,bm25,ce20,bm25,ce20,bm25,ce20,ce20,bm25,ce20
fever:111850,bm25,ce20,bm25,bm25,bm25,bm25,bm25,bi200,ce20,bi200
fever:111893,ce100,ce100,bm25,bm25,ce100,ce100,ce100,bm25,ce20,bi200
fever:111897,ce20,ce20,bm25,ce20,ce100,bi200,ce100,bm25,bi200,bi200
fever:111938,ce20,ce20,bm25,bm25,ce20,bi200,bm25,bm25,bm25,bm25
fever:11194,ce20,bm25,ce20,ce20,bm25,ce20,bm25,bm25,bm25,bm25
fever:111943,ce100,bm25,ce100,ce100,ce100,bi200,bi200,bi200,bi200,bi200
fever:111976,bm25,bm25,bm25,bm25,ce20,bm25,ce20,hybrid,bm25,ce20
fever:111980,ce20,ce100,ce20,ce20,ce20,ce20,ce100,ce20,ce20,ce20
fever:111993,ce20,bm25,ce20,ce20,ce20,bi200,ce100,ce100,hybrid,bi200
fever:112048,bm25,ce100,bm25,ce20,bm25,ce20,bm25,bm25,bi200,bm25
fever:112064,ce20,ce100,ce20,ce20,ce100,bi200,bm25,bi200,bi200,bi200
fever:112082,bm25,ce20,bm25,ce20,bm25,ce100,bm25,bm25,ce20,bm25
fever:112087,bm25,bm25,ce100,ce100,ce100,ce100,bi200,hybrid,bi200,bi200
fever:112137,bm25,bm25,bm25,bm25,ce20,ce100,ce100,ce20,ce20,hybrid
fever:112163,ce20,bm25,bm25,bm25,ce20,ce20,bm25,bm25,hybrid,bi200
fever:112166,bm25,bm25,bm25,bm25,bm25,bm25,bm25,bm25,bi200,bm25
fever:112167,bm25,ce20,bm25,ce20,bm25,bm25,bm25,ce20,ce20,bm25
fever:112180,ce100,ce100,ce100,ce100,ce100,ce100,ce100,hybrid,ce20,bi200
fever:112222,ce100,ce20,ce20,ce100,ce100,ce100,hybrid,hybrid,hybrid,hybrid
fever:112242,ce20,bm25,bm25,ce100,ce20,bi200,bi200,bi200,bm25,bi200
fever:112270,bm25,bm25,ce20,bm25,ce20,ce20,bi200,bm25,ce20,ce20
fever:112277,ce20,bm25,bm25,ce20,ce20,ce20,bm25,bm25,bm25,bm25
fever:112295,ce100,ce20,bm25,ce20,bm25,bi200,hybrid,hybrid,hybrid,hybrid
fever:112301,ce20,bm25,bm25,ce20,bm25,bm25,bm25,bi200,ce20,bm25
fever:112302,ce100,ce100,bm25,ce100,ce100,bm25,ce100,bi200,hybrid,hybrid
fever:112315,ce20,ce100,ce20,ce20,ce20,ce100,ce100,ce20,bi200,hybrid
fever:112316,ce20,ce20,ce20,bm25,bm25,bm25,bm25,hybrid,hybrid,bi200
fever:112320,bm25,ce20,ce20,bm25,ce20,ce20,bm25,ce20,ce20,bm25
fever:112326,bm25,bm25,bm25,bm25,bm25,bi200,bi200,bm25,ce20,ce20
fever:112329,ce100,ce100,ce100,ce100,ce100,ce100,bi200,hybrid,hybrid,bi200
fever:112334,bm25,bm25,bm25,bm25,bm25,bm25,bm25,bm25,bm25,bm25
fever:112341,ce20,bm25,bm25,ce20,ce20,ce100,ce100,ce20,bm25,hybrid
fever:112345,bm25,bm25,bm25,bm25,bm25,bi200,bm25,hybrid,hybrid,bi200
fever:112362,bm25,ce20,bm25,bm25,bm25,hybrid,bi200,hybrid,bm25,bm25
fever:11237,bm25,ce20,bm25,bm25,bm25,ce20,bm25,hybrid,bm25,bm25
fever:112371,bm25,ce100,bm25,ce20,ce20,ce20,bm25,hybrid,hybrid,bm25
fever:112394,bm25,bm25,bm25,bm25,bm25,bm25,bm25,hybrid,ce20,bm25
fever:112396,ce20,ce20,ce20,ce20,ce20,bi200,bm25,bi200,bi200,bi200
fever:112416,ce20,bm25,ce20,bm25,bm25,hybrid,bi200,ce20,bm25,bm25
fever:112423,bm25,ce100,ce20,bm25,ce20,ce20,ce100,ce20,ce20,ce20
fever:112427,bm25,ce20,bm25,ce20,bm25,hybrid,bi200,bi200,hybrid,ce20
fever:112438,bm25,ce20,bm25,bm25,ce20,ce20,bm25,bi200,bi200,hybrid
fever:112454,bm25,ce20,bm25,bm25,ce20,ce20,bm25,ce100,hybrid,hybrid
fever:112471,bm25,ce20,bm25,ce20,bm25,ce100,bm25,bm25,ce20,bm25
fever:112488,bm25,bm25,ce20,bm25,ce20,bm25,ce100,ce20,ce20,ce20
fever:112489,ce20,ce20,ce20,bm25,ce20,ce20,ce20,ce100,ce20,ce20
fever:112495,ce100,ce100,ce100,bm25,ce100,bi200,ce100,bi200,ce100,bi200
fever:112506,ce100,ce100,ce100,bm25,ce100,bi200,ce20,bi200,ce20,ce20
fever:11253,bm25,ce20,bm25,bm25,bm25,bm25,bm25,hybrid,ce20,hybrid
fever:112545,ce20,bm25,bm25,bm25,ce20,bm25,ce100,ce20,ce20,ce20
fever:112565,bm25,ce100,ce100,ce100,ce100,bi200,hybrid,bi200,bi200,bi200
fever:112568,ce20,ce20,bm25,ce20,ce20,bi200,bi200,hybrid,hybrid,hybrid
fever:112573,ce100,ce100,bm25,ce100,bm25,bm25,bm25,hybrid,ce20,hybrid
fever:112585,ce20,ce20,ce20,ce20,ce20,bi200,bi200,hybrid,bm25,hybrid
fever:112592,ce20,ce20,bm25,bm25,ce20,hybrid,hybrid,bm25,hybrid,bi200
fever:1126,bm25,bm25,bm25,bm25,ce20,bi200,bm25,ce20,bm25,ce20
fever:112650,ce20,ce20,ce20,bm25,ce20,ce20,bi200,hybrid,hybrid,bm25
fever:112668,bm25,ce100,ce100,ce100,ce100,bi200,bi200,bi200,bi200,bi200
fever:11269,bm25,ce20,bm25,bm25,ce20,ce100,bm25,hybrid,bm25,ce20
fever:112698,ce100,ce100,ce100,ce100,ce100,hybrid,hybrid,bi200,hybrid,hybrid
fever:112701,ce100,ce100,ce20,ce100,ce20,ce100,ce20,ce20,ce20,ce20
fever:112725,bm25,bm25,bm25,bm25,ce20,bi200,bm25,ce20,ce20,bm25
fever:112757,ce100,bm25,bm25,bm25,bm25,bi200,bi200,hybrid,hybrid,bi200
fever:112773,ce20,ce20,ce20,bm25,ce20,bi200,bi200,ce100,ce20,ce20
fever:112777,ce20,ce20,bm25,bm25,ce20,bi200,bm25,hybrid,ce20,bi200
fever:112782,bm25,bm25,ce20,ce20,bm25,ce20,bm25,hybrid,ce20,hybrid
fever:112790,ce100,ce100,ce20,ce100,ce20,hybrid,hybrid,ce20,hybrid,hybrid
fever:112842,ce20,bm25,bm25,bm25,ce20,bm25,bm25,bm25,ce20,bi200
fever:112877,ce20,ce20,ce20,bm25,ce20,bm25,bi200,hybrid,hybrid,bm25
fever:112890,ce20,ce20,ce20,bm25,ce100,ce20,ce100,ce100,ce20,ce20
fever:11290,bm25,bm25,bm25,bm25,ce20,ce20,bi200,hybrid,hybrid,ce20
fever:112906,ce20,bm25,bm25,bm25,bm25,ce20,bm25,ce20,bm25,bi200
fever:112911,bm25,bm25,bm25,bm25,bm25,bm25,bm25,bi200,bi200,bm25
fever:112933,ce100,ce20,ce20,ce100,ce20,bi200,bi200,bi200,hybrid,bi200
fever:112934,bm25,ce100,bm25,bm25,ce100,bi200,bi200,ce20,bi200,hybrid
fever:112940,bm25,ce20,ce20,bm25,bm25,ce20,bm25,ce20,bm25,bi200
fever:112950,ce100,ce100,ce100,bm25,ce100,ce100,bi200,ce100,bi200,bi200
fever:112965,bm25,ce100,ce20,bm25,ce100,bi200,bm25,hybrid,hybrid,hybrid
fever:112981,ce20,ce20,bm25,ce20,ce20,bi200,bi200,bm25,bi200,bi200
fever:112986,ce100,ce20,ce20,ce20,bm25,ce20,ce100,hybrid,hybrid,ce20
fever:112990,ce20,ce20,bm25,ce20,ce20,bm25,ce20,ce20,ce20,ce20
fever:113008,ce20,ce100,ce20,ce100,ce100,ce20,ce100,ce100,ce100,ce20
fever:113010,bm25,ce20,ce20,bm25,ce20,ce20,ce100,ce20,ce20,ce20
fever:113032,bm25,ce20,ce100,bm25,ce100,ce100,ce100,bi200,ce20,hybrid
fever:113047,bm25,ce20,ce20,bm25,ce20,ce20,bm25,bm25,ce20,bm25
fever:113068,ce100,bm25,bm25,ce20,ce100,hybrid,bm25,bi200,bi200,bm25
fever:113080,bm25,ce20,ce20,ce20,ce20,ce20,bi200,hybrid,hybrid,bm25
fever:113098,bm25,bm25,bm25,bm25,bm25,bm25,bm25,hybrid,bi200,bi200
fever:11310,ce100,ce100,ce100,ce100,ce100,bi200,bi200,hybrid,bi200,bi200
fever:113103,ce20,ce20,ce20,bm25,bm25,ce20,ce20,ce20,ce20,bi200
fever:113106,ce20,ce20,bm25,bm25,bm25,bi200,bm25,ce20,bi200,hybrid
fever:11312,ce20,ce100,ce100,ce100,ce20,ce100,ce100,bi200,hybrid,ce20
fever:113127,ce100,bm25,bm25,bm25,ce100,bi200,hybrid,hybrid,hybrid,hybrid
fever:11315,bm25,ce20,ce20,bm25,ce20,bm25,ce20,bm25,ce20,ce20
fever:113150,ce100,ce100,ce100,ce100,ce100,bi200,ce100,ce20,bi200,bi200
fever:113188,bm25,ce20,bm25,bm25,bm25,hybrid,ce100,bm25,ce20,ce20
fever:113210,ce100,ce100,ce100,ce100,ce100,hybrid,bi200,bi200,hybrid,bi200
fever:113212,bm25,ce100,bm25,bm25,bm25,bm25,bm25,bm25,bm25,bm25
fever:113214,bm25,ce100,ce100,bm25,ce100,hybrid,bi200,bm25,hybrid,ce20
fever:113235,ce20,bm25,ce20,ce20,ce20,bi200,bm25,hybrid,bm25,ce20
fever:113247,ce20,ce20,ce20,ce20,ce20,bi200,ce20,ce20,ce20,ce20
fever:113260,ce100,ce20,ce20,ce20,ce20,ce20,ce20,hybrid,bi200,bi200
fever:113267,bm25,ce100,ce20,bm25,ce100,bi200,ce100,bi200,bi200,bi200
fever:113275,ce20,ce20,ce20,ce20,ce20,hybrid,ce100,ce100,hybrid,hybrid
fever:113279,ce20,ce20,ce20,ce100,ce20,hybrid,hybrid,hybrid,hybrid,hybrid
fever:113297,ce100,ce20,ce20,ce100,ce20,ce20,ce20,ce100,hybrid,ce100
fever:113302,bm25,ce20,bm25,bm25,bm25,bm25,bm25,bi200,bi200,ce20
fever:113333,bm25,ce100,bm25,bm25,ce20,bi200,bi200,bi200,hybrid,hybrid
fever:113341,ce20,bm25,ce100,ce100,ce100,ce100,ce100,ce100,ce20,ce100
fever:113343,bm25,ce20,ce100,bm25,ce20,bi200,bm25,hybrid,bm25,bi200
fever:113349,ce100,ce20,ce20,ce20,ce20,ce20,ce20,bi200,ce100,hybrid
fever:113357,ce20,ce20,bm25,bm25,ce20,ce100,bi200,ce20,ce20,ce20
fever:113361,ce20,ce100,ce20,bm25,ce100,ce20,ce100,ce100,ce20,ce20
fever:113374,ce100,ce100,bm25,bm25,bm25,ce100,ce100,bi200,ce20,hybrid
fever:113381,bm25,ce20,bm25,bm25,ce100,hybrid,ce100,hybrid,hybrid,bi200
fever:113422,ce20,ce20,bm25,ce20,ce20,bi200,ce20,hybrid,bm25,bm25
fever:11345,ce20,bm25,bm25,bm25,bm25,ce20,bm25,ce20,bm25,bm25
fever:11346,ce20,bm25,bm25,bm25,bm25,ce20,bm25,ce20,ce20,bm25
fever:113467,bm25,ce100,ce100,ce20,ce100,bi200,ce100,ce20,hybrid,bi200
fever:113476,bm25,bm25,ce20,bm25,bm25,ce20,ce20,ce20,ce20,ce20
fever:113488,ce20,ce20,ce20,bm25,ce20,bi200,bi200,bi200,bi200,bm25
fever:113505,ce100,ce100,ce100,ce100,ce100,hybrid,hybrid,bi200,bi200,bi200
fever:113518,ce100,ce100,ce100,ce100,ce100,ce100,ce100,ce100,hybrid,hybrid
fever:11352,ce20,bm25,bm25,ce20,ce20,hybrid,hybrid,bm25,hybrid,hybrid
fever:113560,ce20,ce100,bm25,bm25,bm25,bm25,ce100,bm25,ce20,ce20
fever:1136,ce20,ce20,bm25,bm25,ce20,bi200,ce20,hybrid,bi200,ce20
fever:113613,ce20,ce100,ce100,bm25,bm25,hybrid,bm25,ce20,hybrid,bm25
fever:113664,ce100,ce100,bm25,bm25,ce20,hybrid,bi200,bm25,hybrid,hybrid
fever:113679,ce20,ce20,bm25,bm25,ce20,ce20,ce100,hybrid,hybrid,ce20
fever:113686,bm25,ce20,ce20,bm25,ce100,ce100,bm25,bm25,bi200,hybrid
fever:113688,bm25,bm25,ce20,bm25,ce100,ce100,bi200,bi200,bi200,bi200
fever:11369,ce20,bm25,bm25,bm25,bm25,bm25,bm25,hybrid,hybrid,ce20
fever:113691,ce20,ce100,ce20,ce20,ce20,bi200,hybrid,hybrid,hybrid,hybrid
fever:113712,ce20,bm25,bm25,ce20,ce20,ce20,hybrid,bm25,ce20,bi200
fever:113754,ce100,ce100,ce20,bm25,ce20,bi200,ce20,ce20,bi200,bm25
fever:113780,ce100,ce100,ce100,ce100,ce100,ce100,bi200,ce100,ce100,ce100
fever:113824,bm25,ce100,ce100,bm25,ce100,bi200,bi200,bi200,hybrid,hybrid
fever:113882,bm25,ce100,ce100,ce20,ce20,ce100,ce20,ce20,ce20,hybrid
fever:113884,bm25,bm25,ce20,ce20,ce20,ce20,bm25,bm25,bm25,bm25
fever:113889,ce20,bm25,bm25,bm25,ce20,ce20,bm25,ce20,bm25,bm25
fever:1139,bm25,bm25,bm25,bm25,ce20,ce20,bm25,hybrid,ce20,ce20
fever:113912,bm25,ce100,ce100,bm25,bm25,ce20,hybrid,ce20,ce20,ce20
fever:113927,ce100,bm25,ce100,bm25,ce20,ce100,ce100,ce20,ce20,ce20
fever:113936,ce100,ce100,ce100,bm25,ce100,bi200,bi200,hybrid,hybrid,hybrid
fever:113944,ce20,ce100,ce20,ce20,ce20,bi200,bm25,hybrid,ce20,ce20
fever:113953,ce20,bm25,bm25,ce100,ce20,ce100,bm25,ce20,ce20,ce20
fever:113963,ce100,ce100,ce100,ce20,ce100,ce20,bi200,hybrid,hybrid,hybrid
fever:11398,ce20,ce100,ce20,ce20,ce20,bi200,hybrid,hybrid,hybrid,ce20
fever:113990,ce100,bm25,ce100,ce100,ce100,bi200,bi200,hybrid,bi200,ce100
fever:114000,bm25,bm25,bm25,bm25,ce100,ce100,bm25,hybrid,ce20,bi200
fever:114010,ce20,ce100,ce100,bm25,bm25,bi200,bm25,bm25,bi200,bi200
fever:114012,bm25,ce20,bm25,bm25,bm25,bm25,ce100,hybrid,bm25,bm25
fever:11404,bm25,ce100,ce100,bm25,ce100,ce20,bm25,hybrid,bi200,bi200
fever:11405,bm25,bm25,bm25,bm25,bm25,ce20,bm25,bm25,hybrid,bi200
fever:114050,ce20,bm25,bm25,ce20,ce20,ce20,ce20,ce100,ce20,bi200
fever:114062,bm25,ce100,ce100,ce20,bm25,ce100,ce100,bi200,ce20,bi200
fever:114066,bm25,bm25,ce20,bm25,bm25,ce100,bi200,bm25,hybrid,hybrid
fever:114093,ce20,ce100,ce100,ce100,ce100,ce20,ce100,ce100,ce20,ce100
fever:114122,ce100,ce100,bm25,bm25,bm25,bi200,ce100,bi200,hybrid,bi200
fever:11414,bm25,ce20,bm25,ce20,ce20,bi200,bm25,hybrid,bi200,hybrid
fever:114158,ce20,bm25,bm25,bm25,bm25,ce100,ce20,bm25,ce20,ce20
fever:11418,bm25,bm25,bm25,bm25,ce20,ce20,bm25,bm25,bm25,ce20
fever:114188,ce20,ce20,bm25,ce20,ce100,bi200,bi200,hybrid,hybrid,ce20
fever:114200,bm25,ce20,bm25,bm25,ce20,bi200,bi200,ce20,bi200,bi200
fever:114249,ce20,ce100,ce100,ce20,ce100,bi200,bi200,hybrid,bi200,bi200
fever:114251,ce20,bm25,ce20,ce20,ce20,bi200,ce100,bi200,ce100,bm25
fever:11431,bm25,bm25,bm25,bm25,ce20,bi200,bi200,bi200,hybrid,bm25
fever:11432,bm25,bm25,bm25,ce20,ce20,bi200,bi200,bi200,hybrid,hybrid
fever:114360,ce100,ce100,ce100,ce20,ce100,ce20,ce100,ce100,bi200,bi200
fever:114387,ce20,ce20,ce20,bm25,ce20,bi200,ce100,bi200,ce20,bm25
fever:11441,ce20,bm25,bm25,ce20,bm25,bm25,ce100,ce20,ce20,ce20
fever:114422,ce100,ce100,bm25,bm25,ce20,ce100,bi200,hybrid,bm25,hybrid
fever:11443,bm25,bm25,bm25,bm25,ce20,bm25,bm25,bm25,ce20,bm25
fever:114463,bm25,bm25,bm25,bm25,bm25,bm25,bm25,bm25,bm25,bm25
fever:114469,ce20,bm25,ce20,bm25,ce20,ce20,bm25,ce20,hybrid,bm25
fever:114475,bm25,bm25,ce100,ce100,ce100,ce20,bi200,ce20,hybrid,hybrid
fever:11449,ce20,ce100,ce20,bm25,bm25,bi200,hybrid,hybrid,hybrid,ce20
fever:114495,ce20,ce20,bm25,ce20,ce20,ce100,bm25,ce20,ce20,bi200
fever:11451,ce100,ce100,ce100,ce20,ce100,ce100,bi200,ce100,bi200,bi200
fever:114523,bm25,ce20,ce20,ce20,bm25,ce20,hybrid,ce20,ce20,bm25
fever:114538,bm25,bm25,bm25,bm25,bm25,bm25,bm25,bm25,bm25,bm25
fever:114567,ce100,ce20,ce20,bm25,bm25,ce20,ce100,ce20,ce20,bi200
fever:114574,bm25,ce100,ce20,bm25,ce100,hybrid,ce100,ce20,hybrid,hybrid
fever:114588,bm25,ce20,ce100,bm25,ce20,ce20,ce20,ce100,ce20,ce100
fever:114609,bm25,ce20,bm25,bm25,ce20,ce20,ce100,bm25,bm25,ce20
fever:114620,ce20,ce20,bm25,bm25,ce20,ce20,bm25,ce20,hybrid,hybrid
fever:114625,bm25,ce20,bm25,bm25,ce20,ce20,bm25,ce20,ce20,bm25
fever:114640,ce20,ce100,ce20,bm25,bm25,ce100,ce100,ce20,ce20,ce20
fever:114659,bm25,ce20,ce100,bm25,ce20,ce20,hybrid,ce20,ce20,hybrid
fever:114720,bm25,ce20,ce20,ce20,ce20,ce20,ce20,ce20,ce20,ce20
fever:114735,bm25,ce20,bm25,ce20,ce20,ce20,ce20,ce20,hybrid,bi200
fever:114739,ce100,ce100,ce100,ce100,ce100,bi200,hybrid,bi200,bi200,bi200
fever:114748,bm25,bm25,bm25,bm25,bm25,bm25,bm25,bm25,bm25,bm25
fever:114770,ce100,ce20,bm25,ce100,ce20,bi200,ce100,bi200,hybrid,bm25
fever:114778,ce20,bm25,ce20,bm25,ce20,bm25,ce100,ce20,ce20,bm25
fever:11478,bm25,bm25,bm25,ce20,bm25,ce20,hybrid,ce20,ce20,bm25
fever:11479,ce20,ce20,ce20,ce20,ce20,ce20,bm25,ce20,ce20,bm25
fever:114792,ce20,bm25,ce20,bm25,bm25,ce20,ce100,ce20,ce20,bi200
fever:114795,ce100,ce20,ce100,ce20,ce20,ce20,hybrid,ce100,bi200,bi200
fever:114829,bm25,ce20,bm25,bm25,bm25,bi200,bm25,bm25,bm25,bm25
fever:114857,ce20,ce20,ce20,ce100,ce20,bi200,ce100,bm25,ce100,ce20
fever:114896,ce20,bm25,bm25,bm25,ce20,hybrid,ce100,hybrid,hybrid,hybrid
fever:114897,ce20,bm25,bm25,ce20,bm25,bi200,bm25,bi200,bi200,bi200
fever:114900,ce20,ce100,ce100,ce100,ce20,hybrid,bi200,bi200,hybrid,hybrid
fever:11491,bm25,bm25,bm25,bm25,ce20,ce20,bm25,ce20,bi200,hybrid
fever:114912,bm25,ce20,bm25,bm25,ce20,ce20,ce20,ce20,ce20,bm25
fever:114936,ce100,bm25,ce100,ce100,ce20,bi200,hybrid,ce20,hybrid,ce20
fever:11497,ce20,ce100,ce100,ce20,ce20,hybrid,ce100,bi200,hybrid,bi200
fever:114974,bm25,ce20,bm25,bm25,ce100,bi200,ce100,hybrid,ce20,hybrid
fever:114984,bm25,bm25,bm25,bm25,bm25,bm25,bm25,ce20,ce20,bi200
fever:115002,ce100,ce100,ce100,ce100,ce100,ce100,ce100,ce100,ce100,hybrid
fever:115004,ce100,ce20,bm25,ce20,ce100,ce20,ce100,ce20,bi200,ce20
fever:115020,bm25,bm25,bm25,ce20,ce20,ce20,bm25,bm25,bm25,bi200
fever:115028,ce100,ce100,ce100,ce100,ce100,ce100,ce100,ce100,ce100,hybrid
fever:115062,ce20,bm25,ce20,bm25,bm25,ce20,bm25,ce20,ce20,bm25
fever:115079,ce20,ce20,bm25,ce20,bm25,bi200,bm25,bm25,ce20,ce20
fever:115108,ce100,ce100,ce100,bm25,ce100,bi200,ce100,bm25,ce20,bi200
fever:115128,bm25,bm25,bm25,bm25,bm25,bm25,bm25,ce20,ce20,bm25
fever:115131,bm25,bm25,bm25,bm25,bm25,ce20,bm25,ce20,bm25,bm25
fever:115132,ce100,ce100,bm25,bm25,bm25,bi200,ce100,bi200,hybrid,ce20
fever:115143,ce20,ce20,bm25,ce20,ce20,bi200,bi200,ce20,bm25,bm25
fever:115153,ce20,ce20,ce20,ce20,ce20,bi200,bi200,bi200,bi200,ce20
fever:115173,bm25,bm25,bm25,bm25,bm25,ce20,ce20,bm25,ce20,bi200
fever:115175,bm25,bm25,ce100,ce100,ce100,ce100,ce100,ce100,bi200,bi200
fever:115181,bm25,bm25,bm25,bm25,ce20,ce20,bm25,bm25,ce20,bm25
fever:115183,ce20,ce100,bm25,ce100,ce20,ce100,bi200,ce100,hybrid,ce100
fever:115185,ce20,ce20,ce20,bm25,ce20,ce20,bm25,bm25,ce20,bm25
fever:115211,bm25,bm25,bm25,bm25,bm25,bm25,bm25,bm25,hybrid,bm25
fever:115234,ce100,ce100,ce100,ce100,ce100,ce100,bi200,bi200,ce100,ce100
fever:115244,ce20,ce100,ce20,bm25,ce20,bi200,ce20,ce100,ce100,bm25
fever:115257,ce20,ce100,ce20,bm25,ce100,bi200,bi200,bi200,bi200,bi200
fever:11528,bm25,bm25,bm25,ce20,ce100,ce20,ce100,hybrid,ce20,bm25
fever:115283,bm25,bm25,bm25,bm25,bm25,ce100,bi200,hybrid,ce20,bi200
fever:115294,ce20,ce20,ce20,bm25,ce20,ce100,bm25,ce20,hybrid,bi200
fever:115305,ce20,ce20,bm25,bm25,ce20,bi200,bi200,hybrid,hybrid,bm25
fever:115320,bm25,bm25,bm25,bm25,bm25,hybrid,ce100,hybrid,ce20,bm25
fever:11538,ce20,ce20,ce20,ce20,ce20,bi200,bi200,hybrid,bm25,hybrid
fever:115386,ce20,ce20,bm25,bm25,bm25,ce20,bm25,hybrid,ce20,bm25
fever:115388,ce20,ce100,ce20,ce20,bm25,ce100,hybrid,ce20,bm25,bm25
fever:11539,ce20,ce20,ce20,ce20,ce20,bi200,hybrid,hybrid,hybrid,ce20
fever:115397,bm25,bm25,bm25,bm25,bm25,hybrid,bi200,bi200,bi200,bm25
fever:115430,ce20,ce20,bm25,ce20,ce20,hybrid,bi200,hybrid,bm25,hybrid
fever:115460,bm25,ce20,ce20,ce20,ce20,bi200,bi200,hybrid,bi200,bi200
fever:115473,bm25,bm25,bm25,bm25,bm25,bi200,bi200,bi200,bm25,bm25
fever:115518,bm25,bm25,ce100,ce100,bm25,hybrid,bi200,bi200,bi200,bm25
fever:115528,bm25,bm25,bm25,bm25,ce20,bm25,bm25,bi200,bm25,bm25
fever:11553,ce20,ce20,bm25,ce20,ce100,bi200,ce100,hybrid,hybrid,ce20
fever:11554,ce20,ce20,ce100,ce100,ce100,bi200,ce100,bi200,bi200,bi200
fever:115594,ce100,ce20,ce20,bm25,bm25,ce100,bm25,bi200,hybrid,hybrid
fever:115628,bm25,bm25,bm25,bm25,bm25,hybrid,bm25,bm25,bm25,bm25
fever:115632,ce100,ce100,ce100,ce20,ce20,ce100,bi200,ce20,bi200,ce100
fever:115659,bm25,ce20,bm25,bm25,bm25,hybrid,bm25,bm25,bm25,hybrid
fever:115678,bm25,ce20,bm25,ce20,bm25,ce100,bi200,bm25,hybrid,ce20
fever:11570,ce20,ce20,ce20,bm25,bm25,ce100,bm25,bm25,hybrid,hybrid
fever:115705,bm25,ce100,bm25,bm25,bm25,bi200,bi200,bi200,bi200,ce20
fever:11572,ce100,ce100,bm25,bm25,bm25,bi200,bm25,bm25,hybrid,bi200
fever:115720,bm25,bm25,bm25,bm25,bm25,ce20,bm25,bi200,bm25,bm25
fever:115752,bm25,ce100,ce20,ce100,ce20,bi200,bi200,bi200,bi200,bi200
fever:115760,bm25,bm25,bm25,bm25,bm25,bi200,ce20,bi200,ce20,hybrid
fever:115773,bm25,ce100,ce100,bm25,ce20,bi200,bi200,ce100,hybrid,bi200
fever:115782,bm25,bm25,bm25,bm25,bm25,bm25,bm25,bm25,bm25,bm25
fever:115788,bm25,ce20,ce20,ce20,ce20,ce100,ce100,bi200,ce20,ce20
fever:115789,ce20,ce20,ce100,bm25,ce20,ce100,ce100,hybrid,ce20,hybrid
fever:115799,bm25,bm25,bm25,bm25,ce20,bm25,bm25,ce20,ce20,bm25
fever:115807,bm25,bm25,bm25,bm25,bm25,bm25,bm25,bm25,bm25,ce20
fever:115832,bm25,ce20,bm25,ce20,ce20,ce20,ce20,ce20,bm25,bm25
fever:115861,ce20,ce20,ce20,ce20,ce20,ce20,bm25,ce20,ce20,hybrid
fever:115863,bm25,ce20,ce100,bm25,ce100,ce100,ce100,ce20,ce20,bm25
fever:115898,bm25,ce20,bm25,ce20,ce20,bi200,bm25,bi200,bi200,bi200
fever:115920,ce100,ce100,ce100,ce100,ce100,hybrid,hybrid,ce100,bi200,hybrid
fever:115940,ce20,bm25,bm25,bm25,ce20,ce20,bm25,ce20,bm25,ce20
fever:115957,bm25,ce20,ce20,bm25,ce20,bi200,bm25,hybrid,ce20,ce20
fever:115976,bm25,bm25,bm25,bm25,bm25,bm25,bm25,bm25,ce20,bm25
fever:115985,bm25,bm25,bm25,bm25,bm25,hybrid,bm25,hybrid,hybrid,bm25
fever:115989,bm25,ce20,ce20,ce20,bm25,bm25,ce100,ce100,ce20,ce20
fever:115993,ce20,ce100,ce20,bm25,ce100,ce20,ce100,ce100,ce20,ce20
fever:116019,ce20,ce20,ce20,ce20,bm25,ce20,ce20,ce100,ce20,ce20
fever:116026,bm25,bm25,bm25,bm25,bm25,bm25,bm25,ce20,ce20,bm25
fever:116103,ce100,ce100,ce20,ce100,ce20,ce20,ce100,hybrid,hybrid,hybrid
fever:116113,ce20,ce20,bm25,ce20,ce20,ce20,bm25,hybrid,hybrid,hybrid
fever:116125,bm25,ce20,bm25,ce20,ce20,ce100,ce20,ce100,ce20,ce20
fever:116129,ce20,ce20,bm25,ce20,ce20,bi200,bi200,bi200,bi200,hybrid
fever:116148,ce20,ce100,bm25,bm25,ce20,hybrid,ce100,bi200,ce100,bi200
fever:116159,bm25,bm25,bm25,bm25,bm25,bm25,bm25,bm25,bi200,bm25
fever:116177,bm25,bm25,bm25,bm25,bm25,bm25,bm25,hybrid,ce20,bm25
fever:11620,ce100,ce100,ce100,ce100,ce100,bi200,bi200,ce100,hybrid,ce100
fever:116209,bm25,bm25,ce20,ce20,ce100,ce20,ce100,bm25,ce20,ce20
fever:116244,ce20,ce100,bm25,ce100,ce100,ce100,ce100,hybrid,ce100,ce20
fever:116269,bm25,ce20,bm25,bm25,ce20,ce100,bm25,hybrid,ce20,hybrid
fever:116278,ce100,ce100,ce100,ce100,ce100,bi200,bi200,ce100,bi200,hybrid
fever:116315,bm25,ce20,ce20,bm25,ce20,bi200,ce20,hybrid,ce20,bi200
fever:116319,bm25,bm25,bm25,bm25,bm25,bm25,ce20,bm25,bm25,bm25
fever:116321,bm25,bm25,ce20,bm25,bm25,ce20,ce100,ce20,bi200,bm25
fever:116349,bm25,ce20,bm25,bm25,bm25,bm25,bm25,hybrid,bm25,bm25
fever:116366,bm25,bm25,bm25,bm25,bm25,ce20,ce100,ce20,bi200,ce20
fever:11637,bm25,bm25,bm25,bm25,bm25,bm25,bm25,hybrid,bm25,bm25
fever:116391,bm25,bm25,bm25,bm25,bm25,ce100,ce100,bm25,ce20,ce20
fever:116398,bm25,bm25,bm25,ce20,bm25,ce20,bm25,hybrid,ce20,bi200
fever:116423,bm25,ce100,ce20,bm25,ce100,bi200,bi200,hybrid,hybrid,hybrid
fever:116424,ce20,bm25,bm25,bm25,ce20,ce100,ce100,bm25,ce20,ce100
fever:116433,bm25,ce100,bm25,bm25,ce100,ce100,bi200,bm25,ce20,bi200
fever:116446,ce20,bm25,bm25,ce20,ce20,bi200,bi200,ce20,hybrid,bm25
fever:116464,ce20,ce20,ce100,ce20,ce20,bi200,ce100,bi200,hybrid,hybrid
fever:116502,bm25,ce20,ce20,ce20,ce100,bi200,bi200,bi200,bi200,bi200
fever:116527,ce100,ce100,bm25,ce100,ce100,bi200,ce100,hybrid,hybrid,hybrid
fever:11656,ce20,bm25,bm25,bm25,ce20,bi200,ce20,hybrid,bi200,bm25
fever:116565,ce20,ce20,bm25,bm25,ce20,bi200,bi200,hybrid,bm25,bm25
fever:11658,ce20,bm25,ce20,bm25,bm25,ce20,ce20,bm25,ce20,bi200
fever:116588,bm25,bm25,bm25,bm25,ce20,bi200,bm25,ce20,bm25,hybrid
fever:116604,ce20,ce100,ce100,ce100,ce100,ce100,ce100,ce100,hybrid,ce100
fever:116619,bm25,bm25,bm25,ce20,ce20,bi200,bm25,bi200,ce20,bi200
fever:11666,bm25,ce100,ce20,bm25,ce20,ce20,bi200,ce20,ce100,hybrid
fever:116668,bm25,ce20,ce20,ce20,ce20,bi200,bi200,hybrid,bi200,bi200
fever:116673,ce20,ce20,ce20,bm25,bm25,ce20,ce20,ce100,ce20,ce20
fever:116676,ce100,ce100,ce20,bm25,ce100,ce20,bi200,ce100,ce100,bi200
fever:116686,ce100,ce100,ce20,ce100,ce100,bi200,ce100,ce100,bi200,hybrid
fever:116711,ce20,ce20,bm25,ce20,ce20,bi200,bi200,bm25,ce20,bi200
fever:116715,ce20,ce20,ce20,bm25,ce20,ce20,ce100,bi200,ce20,ce20
fever:116723,bm25,bm25,bm25,bm25,bm25,hybrid,hybrid,hybrid,bm25,bm25
fever:116737,bm25,bm25,bm25,ce20,ce20,hybrid,bi200,bi200,bm25,hybrid
fever:11674,ce20,bm25,ce20,bm25,bm25,ce20,bm25,bi200,bm25,bm25
fever:116786,bm25,bm25,ce20,ce20,bm25,ce20,ce20,ce20,ce20,bm25
fever:116789,ce100,ce100,ce100,ce100,ce20,ce100,bi200,ce20,hybrid,hybrid
fever:116795,bm25,ce20,ce20,ce20,ce20,ce20,ce20,bm25,bi200,bm25
fever:116801,ce100,ce100,ce20,bm25,ce100,ce100,bi200,ce100,bi200,ce20
fever:116812,bm25,bm25,ce20,bm25,ce20,bm25,bm25,bm25,bm25,bm25
fever:116832,ce20,ce20,ce20,ce20,ce20,ce20,bm25,bm25,ce20,ce100
fever:116860,bm25,ce20,ce20,ce20,ce20,ce20,ce20,hybrid,bm25,ce100
fever:116870,ce20,bm25,bm25,bm25,bm25,ce100,bm25,hybrid,hybrid,bm25
fever:11688,bm25,ce20,ce20,ce20,ce20,ce20,ce100,hybrid,bm25,bm25
fever:11689,bm25,ce20,ce20,ce20,ce20,ce20,ce100,hybrid,bm25,bm25
fever:116890,ce20,bm25,ce20,bm25,bm25,ce100,ce100,bm25,ce20,bm25
fever:116891,ce100,ce20,ce100,ce20,ce100,ce20,bi200,bi200,bi200,hybrid
fever:116918,bm25,ce20,ce20,bm25,ce20,bi200,bi200,bi200,hybrid,bi200
fever:116920,ce100,ce100,ce100,ce100,ce100,hybrid,bi200,bi200,hybrid,hybrid
fever:116937,bm25,ce20,ce20,ce20,ce20,ce20,hybrid,hybrid,ce20,ce20
fever:116991,bm25,ce20,bm25,bm25,ce20,ce20,ce100,hybrid,hybrid,bm25
fever:116998,bm25,bm25,bm25,bm25,bm25,ce20,ce100,bm25,ce20,bm25
fever:117000,bm25,ce100,bm25,ce20,ce20,bi200,bi200,bi200,hybrid,ce20
fever:117001,ce100,ce100,ce100,ce100,ce100,bi200,ce100,ce100,ce100,ce100
fever:117003,bm25,bm25,bm25,bm25,bm25,bm25,bm25,bm25,bm25,ce20
fever:117023,ce20,ce20,bm25,bm25,ce20,bi200,ce20,bi200,ce20,bm25
fever:117038,ce20,bm25,ce20,ce20,ce100,hybrid,bm25,bm25,bi200,bi200
fever:117043,ce100,ce100,ce100,ce20,ce100,ce100,ce100,ce100,ce100,hybrid
fever:117046,bm25,ce20,ce20,bm25,ce20,ce100,bi200,bi200,bi200,bi200
fever:117056,bm25,bm25,bm25,ce20,ce20,bm25,bm25,hybrid,bm25,ce20
fever:117061,bm25,bm25,bm25,bm25,ce20,ce20,ce20,bm25,hybrid,ce20
fever:117063,ce100,bm25,ce20,bm25,ce20,ce100,hybrid,hybrid,ce20,ce20
fever:117065,bm25,ce20,ce20,bm25,ce20,ce20,bm25,bm25,ce20,bm25
fever:117114,ce100,ce100,ce100,bm25,ce100,bi200,ce100,bi200,ce20,bm25
fever:117126,bm25,ce20,ce20,bm25,ce20,ce20,bi200,bi200,ce20,ce20
fever:117129,bm25,bm25,bm25,ce20,bm25,bm25,bm25,bm25,bm25,bm25
fever:117154,bm25,bm25,bm25,bm25,bm25,hybrid,bm25,bm25,hybrid,bm25
fever:117186,ce100,ce100,ce100,bm25,bm25,ce100,ce100,hybrid,hybrid,hybrid
fever:117192,bm25,ce100,ce20,ce20,ce20,bi200,ce100,bi200,hybrid,ce100
fever:117199,bm25,ce20,bm25,bm25,ce20,hybrid,bi200,bm25,bm25,bm25
fever:11721,ce20,ce100,bm25,ce100,ce20,ce100,bm25,ce20,ce20,ce20
fever:117251,bm25,ce100,bm25,bm25,bm25,bi200,bi200,hybrid,hybrid,hybrid
fever:117278,ce100,ce100,ce100,ce100,ce100,ce100,ce100,bi200,bi200,ce100
fever:11730,ce100,ce20,ce20,bm25,ce100,ce100,ce20,bm25,ce20,hybrid
fever:117305,ce20,bm25,ce20,ce20,ce20,bi200,ce100,bi200,ce20,ce20
fever:117316,ce100,ce100,ce100,bm25,ce100,hybrid,bi200,bi200,bi200,bi200
fever:117351,ce20,ce100,bm25,bm25,ce100,ce100,ce100,hybrid,ce20,hybrid
fever:117369,ce20,ce100,ce100,ce20,ce100,ce100,ce100,bi200,ce100,ce20
fever:117374,ce100,ce100,bm25,bm25,ce100,bi200,bi200,ce20,hybrid,bm25
fever:117380,bm25,bm25,bm25,bm25,ce20,ce20,ce100,bi200,bm25,ce20
fever:117398,bm25,ce20,ce20,bm25,bm25,ce20,bm25,ce20,ce100,bi200
fever:117409,ce20,bm25,bm25,bm25,bm25,bm25,bm25,bm25,bm25,bm25
fever:117416,ce100,ce100,ce100,ce100,ce100,bi200,ce100,ce100,ce100,ce100
fever:117439,ce20,bm25,bm25,ce20,ce100,bi200,bm25,bi200,bm25,bi200
fever:117447,ce100,ce100,ce100,ce100,ce100,bi200,bi200,bi200,bi200,bi200
fever:117495,ce100,ce100,ce100,ce100,ce100,ce100,bi200,ce100,ce100,hybrid
fever:117520,bm25,ce20,bm25,bm25,ce20,bm25,bm25,bm25,ce20,ce20
fever:117540,ce20,ce100,ce20,ce100,ce20,ce20,ce100,ce100,ce100,bi200
fever:117552,bm25,ce20,ce20,bm25,ce100,ce20,bi200,hybrid,bi200,bm25
fever:117555,bm25,ce20,ce100,bm25,ce20,ce20,ce100,bm25,bm25,ce20
fever:117604,bm25,ce20,ce20,bm25,bm25,ce20,bm25,bi200,bm25,bm25
fever:117605,ce100,ce100,ce100,ce100,ce100,ce20,ce100,ce100,ce100,ce100
fever:117636,bm25,ce20,bm25,bm25,bm25,bi200,bi200,bi200,hybrid,bm25
fever:117656,ce100,ce100,ce100,ce20,ce100,ce100,ce100,bi200,ce20,ce100
fever:117658,bm25,bm25,bm25,bm25,bm25,bi200,bi200,hybrid,bi200,bi200
fever:117699,bm25,ce20,bm25,bm25,bm25,ce20,ce20,ce100,bm25,bi200
fever:117767,bm25,ce100,bm25,bm25,ce100,hybrid,ce100,hybrid,hybrid,bi200
fever:117840,ce100,bm25,bm25,ce20,ce100,bi200,hybrid,hybrid,hybrid,hybrid
fever:117842,ce20,ce100,ce100,bm25,ce20,bi200,hybrid,ce100,ce20,hybrid
fever:117862,ce20,ce100,ce20,ce100,ce100,bi200,ce100,bi200,hybrid,hybrid
fever:117869,bm25,bm25,ce20,ce20,ce20,ce20,bm25,bi200,ce20,bi200
fever:117889,ce20,bm25,bm25,ce20,bm25,hybrid,bm25,ce20,bm25,hybrid
fever:117900,bm25,ce100,bm25,bm25,bm25,bm25,ce20,bm25,bm25,bm25
fever:117948,bm25,ce100,ce20,bm25,ce20,ce20,bi200,hybrid,bi200,bi200
fever:117966,bm25,bm25,bm25,bm25,bm25,ce20,bm25,ce100,bm25,ce20
fever:117967,ce20,ce20,ce20,bm25,ce20,hybrid,bm25,ce20,ce20,ce100
fever:117998,bm25,ce20,ce20,bm25,bm25,bm25,ce100,ce20,ce20,ce100
fever:1180,bm25,ce20,ce20,bm25,ce20,ce20,bm25,bm25,ce20,ce20
fever:118044,ce20,bm25,bm25,bm25,ce20,bi200,bm25,bm25,bm25,hybrid
fever:118048,ce20,ce100,bm25,ce20,ce100,ce100,ce100,hybrid,ce20,ce20
fever:118057,ce20,ce100,ce100,ce20,ce20,bi200,hybrid,ce100,ce100,hybrid
fever:118068,ce100,ce100,ce100,ce100,ce100,ce100,ce100,hybrid,hybrid,bi200
fever:118071,bm25,bm25,ce100,bm25,ce20,bi200,ce100,hybrid,hybrid,ce20
fever:118072,ce100,ce100,ce20,ce100,ce100,bi200,bi200,bi200,bi200,bi200
fever:118081,bm25,bm25,bm25,bm25,bm25,bm25,bm25,bm25,bm25,bm25
fever:118091,ce20,ce20,bm25,ce20,bm25,ce100,bm25,bi200,hybrid,bi200
fever:118099,ce20,bm25,ce20,bm25,ce20,bi200,hybrid,ce100,ce20,ce20
fever:118104,ce20,ce20,bm25,ce20,bm25,bi200,bm25,ce100,ce20,ce100
fever:118111,bm25,ce20,ce20,bm25,ce20,ce20,bm25,ce20,ce20,bm25
fever:118115,ce100,ce20,ce100,bm25,ce100,ce20,ce20,ce100,ce20,bi200
fever:118117,ce20,bm25,ce100,bm25,bm25,bm25,hybrid,hybrid,ce20,hybrid
fever:118126,ce100,ce100,bm25,ce100,ce100,bi200,hybrid,bi200,hybrid,hybrid
fever:118127,ce20,ce20,ce20,ce20,ce100,ce100,ce20,ce20,ce20,ce20
fever:118139,ce20,ce100,ce100,ce100,ce100,ce100,ce100,ce100,ce100,bi200
fever:118160,ce100,ce20,ce100,ce20,ce20,ce20,ce100,ce20,ce100,bm25
fever:118195,bm25,bm25,bm25,bm25,ce20,bm25,bm25,hybrid,bi200,hybrid
fever:118200,ce20,bm25,ce20,bm25,ce100,hybrid,ce100,bi200,bi200,ce20
fever:118208,ce100,ce100,ce100,ce100,ce100,bi200,ce100,ce100,hybrid,hybrid
fever:118217,ce20,ce20,bm25,bm25,bm25,ce100,ce100,hybrid,bm25,hybrid
fever:11823,bm25,bm25,ce100,bm25,ce100,bi200,bi200,bi200,bi200,bm25
fever:118272,ce100,bm25,ce20,bm25,ce100,bi200,hybrid,bi200,bi200,bi200
fever:11830,ce20,ce20,ce20,bm25,ce100,ce100,bm25,ce20,bi200,hybrid
fever:118333,ce20,ce100,ce100,ce100,ce100,ce20,hybrid,ce100,ce20,ce100
fever:118395,bm25,ce100,bm25,bm25,ce100,bm25,bm25,bm25,ce20,bi200
fever:118411,ce20,bm25,bm25,bm25,bm25,bm25,ce20,bm25,ce20,ce100
fever:118414,ce100,ce100,ce100,ce20,ce100,hybrid,bi200,ce100,ce100,ce100
fever:118430,ce20,ce100,ce20,ce20,ce20,ce20,ce20,ce100,ce20,ce20
fever:118434,ce100,ce100,ce100,ce100,ce100,bi200,ce100,ce100,bi200,ce100
fever:118442,ce100,bm25,ce20,ce20,ce20,bi200,bi200,ce20,bi200,bi200
fever:118446,bm25,bm25,bm25,ce20,ce20,bi200,bm25,hybrid,ce20,bm25
fever:118448,bm25,ce20,bm25,bm25,ce20,ce20,ce20,bm25,ce20,ce20
fever:118481,bm25,bm25,ce20,bm25,bm25,bi200,bm25,bm25,ce20,bm25
fever:118515,bm25,ce20,ce20,bm25,bm25,bi200,ce100,bm25,ce20,ce20
fever:11853,bm25,ce20,ce20,bm25,ce20,ce20,hybrid,ce20,ce20,bi200
fever:118545,ce100,ce100,ce20,ce100,ce20,ce20,hybrid,ce100,ce100,ce100
fever:118552,bm25,bm25,bm25,bm25,bm25,bm25,ce100,bm25,ce20,bm25
fever:118593,bm25,ce20,bm25,ce20,ce20,hybrid,bi200,bi200,hybrid,hybrid
fever:118594,bm25,ce20,bm25,ce20,ce20,ce20,bm25,ce20,ce20,bm25
fever:118603,ce20,ce20,ce20,ce20,ce20,ce20,bm25,ce20,ce20,bm25
fever:118632,ce20,ce20,ce20,bm25,ce20,ce20,ce100,ce100,ce100,ce20
fever:118651,bm25,bm25,ce20,bm25,ce20,bi200,bm25,bi200,bi200,bm25
fever:118664,ce20,ce20,ce20,ce20,ce20,ce20,bm25,bm25,ce20,ce20
fever:118696,ce20,ce20,ce20,bm25,ce20,bi200,ce100,ce100,ce20,ce20
fever:118708,ce20,ce100,bm25,ce20,ce100,hybrid,hybrid,hybrid,hybrid,hybrid
fever:118736,ce20,ce20,ce20,bm25,ce20,ce20,ce20,ce20,ce20,bm25
fever:1188,ce100,ce20,bm25,ce20,ce100,ce100,bm25,hybrid,bi200,hybrid
fever:118800,ce100,ce100,ce100,bm25,ce100,ce20,bm25,bi200,bm25,bm25
fever:118806,ce20,ce20,ce20,bm25,bm25,ce20,ce20,ce20,bm25,bm25
fever:118810,ce20,ce20,ce20,bm25,ce20,bi200,bi200,bi200,hybrid,hybrid
fever:118833,ce20,bm25,bm25,ce20,ce20,ce100,hybrid,hybrid,bm25,bm25
fever:118840,ce100,ce100,ce100,bm25,ce100,hybrid,bi200,ce20,bi200,hybrid
fever:118842,bm25,bm25,bm25,bm25,bm25,bm25,bm25,hybrid,hybrid,bm25
fever:118844,ce100,ce100,ce20,ce20,ce100,ce20,ce100,ce100,ce20,ce100
fever:118885,bm25,bm25,bm25,bm25,bm25,bi200,bi200,hybrid,hybrid,bi200
fever:118917,ce20,ce20,ce20,ce20,ce20,bi200,ce100,bi200,ce20,ce20
fever:118940,ce20,bm25,bm25,bm25,bm25,bi200,bm25,bi200,hybrid,bi200
fever:118943,ce20,ce100,ce100,ce20,ce100,ce100,hybrid,bi200,hybrid,bm25
fever:119047,bm25,ce20,bm25,bm25,ce20,ce100,bi200,bm25,hybrid,bm25
fever:119048,bm25,ce100,ce100,ce20,ce20,ce100,bm25,ce100,ce20,ce100
fever:119066,bm25,ce20,ce20,ce20,ce20,ce20,ce100,bm25,bm25,bm25
fever:119080,ce20,ce100,ce20,ce20,ce100,bi200,bi200,bi200,bi200,bm25
fever:119081,ce100,ce100,ce20,ce20,ce20,ce100,ce20,bi200,ce20,hybrid
fever:119089,bm25,bm25,bm25,bm25,ce20,hybrid,bm25,bm25,hybrid,ce20
fever:119122,bm25,ce20,ce20,bm25,ce20,ce100,ce20,ce100,ce20,ce20
fever:119126,bm25,ce100,ce100,ce100,ce100,bi200,bm25,ce100,hybrid,hybrid
fever:119132,bm25,ce20,bm25,ce20,ce20,hybrid,bm25,bm25,bm25,bi200
fever:11914,bm25,bm25,bm25,bm25,bm25,ce20,bm25,bm25,ce20,ce20
fever:11915,ce100,ce100,ce20,bm25,ce100,bi200,hybrid,bi200,bi200,bi200
fever:119165,ce100,ce100,ce20,ce100,ce100,ce100,bm25,ce20,ce20,ce100
fever:11917,ce100,ce20,ce20,ce100,ce20,bi200,ce100,bi200,ce100,bi200
fever:119193,ce20,ce20,bm25,bm25,ce20,ce20,ce100,ce20,ce20,ce20
fever:119201,ce20,bm25,bm25,bm25,bm25,bi200,bm25,bm25,hybrid,bi200
fever:119205,bm25,bm25,bm25,bm25,bm25,bm25,bm25,bm25,bi200,bm25
fever:119212,ce100,ce100,ce100,ce100,ce100,bi200,ce100,ce100,hybrid,ce20
fever:119215,bm25,ce20,ce20,bm25,ce20,ce20,bm25,ce20,ce20,bm25
fever:119219,bm25,ce100,ce100,ce100,ce100,hybrid,bi200,hybrid,bi200,bi200
fever:119221,bm25,bm25,bm25,bm25,ce20,ce20,bm25,ce20,ce20,bm25
fever:119227,bm25,ce20,bm25,ce20,ce20,bi200,bm25,bi200,bm25,bm25
fever:119250,bm25,ce20,ce20,bm25,bm25,bi200,hybrid,ce20,hybrid,hybrid
fever:119253,bm25,ce20,ce20,bm25,ce20,bm25,ce100,ce20,ce20,bm25
fever:119267,bm25,bm25,bm25,bm25,bm25,ce20,bm25,bm25,bm25,bm25
fever:11928,ce100,ce20,ce100,ce20,ce100,ce20,ce100,ce100,ce20,ce100
fever:119287,bm25,ce20,bm25,ce20,ce20,ce20,ce20,hybrid,bm25,hybrid
fever:119288,ce100,ce20,bm25,bm25,bm25,ce20,bi200,hybrid,ce20,hybrid
fever:119298,ce20,bm25,bm25,ce20,ce20,bi200,bm25,bm25,ce20,bi200
fever:119358,bm25,bm25,ce20,bm25,ce20,bi200,bm25,bi200,bi200,bm25
fever:119362,ce100,bm25,ce20,bm25,bm25,ce100,bi200,bm25,bi200,bm25
fever:11937,ce20,bm25,ce20,ce20,ce100,hybrid,bi200,hybrid,hybrid,bm25
fever:119389,ce20,ce20,bm25,bm25,ce20,bi200,bm25,ce20,ce20,ce20
fever:11940,ce20,ce20,bm25,bm25,ce20,ce100,ce100,bm25,ce20,ce100
fever:119405,bm25,ce20,ce20,bm25,ce20,ce20,ce20,ce20,ce20,ce100
fever:119422,ce100,ce100,ce100,ce100,ce100,ce20,ce100,ce100,ce100,ce100
fever:119428,bm25,bm25,bm25,bm25,bm25,bm25,bm25,bm25,bm25,bm25
fever:119437,bm25,ce20,bm25,bm25,bm25,bm25,bi200,hybrid,hybrid,bi200
fever:119448,ce20,bm25,bm25,bm25,ce20,ce100,bi200,hybrid,bi200,hybrid
fever:119493,bm25,ce100,bm25,bm25,bm25,ce100,bi200,bm25,bi200,bm25
fever:119515,ce20,bm25,ce20,ce20,ce20,ce20,bi200,ce100,ce20,bm25
fever:119516,ce100,ce100,bm25,ce100,ce100,ce100,ce100,hybrid,ce100,hybrid
fever:119519,ce20,ce20,ce20,ce20,ce20,ce20,ce100,ce20,ce20,ce20
fever:119528,ce20,bm25,ce20,ce20,ce20,bi200,ce20,bi200,ce20,ce20
fever:119549,ce20,ce20,ce100,ce100,ce100,ce100,ce100,bi200,hybrid,hybrid
fever:119557,bm25,bm25,ce20,bm25,ce20,bm25,ce100,hybrid,bm25,bm25
fever:119558,bm25,ce100,ce20,bm25,ce20,ce20,ce100,bi200,ce20,bi200
fever:119580,bm25,bm25,bm25,bm25,bm25,bm25,bm25,ce20,ce20,bm25
fever:119606,ce100,ce100,ce100,ce100,ce100,ce100,ce100,ce100,ce100,ce100
fever:119624,ce100,ce100,bm25,ce100,ce100,hybrid,bi200,ce100,bi200,bm25
fever:119630,bm25,bm25,ce100,ce20,ce20,bi200,bi200,hybrid,ce100,bi200
fever:119681,bm25,bm25,bm25,bm25,bm25,bi200,bm25,hybrid,hybrid,bi200
fever:119687,ce20,ce100,ce100,ce100,ce20,ce100,bi200,ce20,ce100,ce100
fever:119695,bm25,ce100,ce100,bm25,bm25,hybrid,bm25,ce20,bm25,ce20
fever:119738,ce20,ce20,ce20,ce20,ce100,bi200,bm25,bi200,bi200,bm25
fever:119765,ce20,ce20,ce20,ce20,bm25,bi200,hybrid,hybrid,ce20,ce20
fever:119794,bm25,ce20,ce20,ce20,ce20,ce20,bm25,ce20,ce20,ce100
fever:119829,ce20,bm25,ce20,ce20,ce20,ce20,hybrid,ce20,bm25,bi200
fever:119831,ce20,bm25,bm25,bm25,ce20,bi200,bi200,bi200,bm25,bm25
fever:119857,bm25,bm25,bm25,bm25,bm25,ce20,ce20,ce20,ce20,ce20
fever:119863,bm25,bm25,ce20,bm25,bm25,bi200,hybrid,bm25,bm25,bm25
fever:119867,bm25,bm25,ce100,bm25,bm25,bi200,bm25,bi200,bm25,bm25
fever:119870,bm25,ce100,ce100,bm25,ce100,bi200,bi200,ce20,bi200,bi200
fever:119875,bm25,bm25,bm25,bm25,bm25,hybrid,bm25,hybrid,hybrid,hybrid
fever:119878,ce20,bm25,ce20,bm25,ce20,bi200,bi200,hybrid,bi200,bi200
fever:119884,bm25,ce20,bm25,bm25,ce20,ce20,bm25,bm25,ce20,bm25
fever:11989,ce20,bm25,bm25,bm25,bm25,bi200,bm25,ce20,ce20,bi200
fever:119891,bm25,bm25,bm25,bm25,ce20,ce20,bm25,ce20,ce20,bm25
fever:119911,ce20,ce20,bm25,ce20,ce20,ce100,ce100,ce20,hybrid,hybrid
fever:119915,bm25,bm25,bm25,bm25,ce20,bm25,bm25,bm25,ce20,bm25
fever:119918,ce20,bm25,bm25,bm25,ce20,bm25,bm25,hybrid,ce20,hybrid
fever:119935,ce100,bm25,ce20,ce20,ce100,ce20,bm25,hybrid,bi200,hybrid
fever:119940,ce20,ce20,bm25,ce20,ce20,ce20,ce100,ce20,ce20,ce20
fever:119989,bm25,bm25,bm25,bm25,bm25,bm25,bm25,bm25,bm25,bm25
fever:119992,bm25,bm25,ce100,ce100,ce100,bi200,hybrid,bi200,bm25,bi200
fever:119993,ce20,bm25,ce20,bm25,ce20,ce20,ce20,hybrid,bm25,bm25
fever:12,ce20,ce20,ce20,ce20,ce20,hybrid,hybrid,hybrid,hybrid,hybrid
fever:120000,ce20,bm25,ce20,bm25,ce20,bi200,ce100,ce20,ce20,ce20
fever:120026,ce100,ce100,ce20,bm25,ce100,bi200,ce100,ce20,hybrid,hybrid
fever:120046,bm25,bm25,ce20,bm25,ce20,ce20,ce20,ce100,bm25,bi200
fever:120060,ce100,ce20,ce20,ce100,ce100,ce100,ce100,bi200,hybrid,hybrid
fever:120069,bm25,bm25,ce20,ce20,bm25,ce20,bm25,bm25,bm25,bm25
fever:120077,ce20,bm25,ce20,ce20,ce100,bi200,bi200,bi200,bi200,bi200
fever:120126,ce20,ce20,ce20,bm25,ce20,ce20,ce20,ce20,ce20,ce20
fever:120133,ce20,ce20,ce20,ce20,ce20,hybrid,ce100,ce20,ce20,bm25
fever:120140,ce20,ce20,bm25,bm25,ce20,ce20,ce20,ce20,bm25,bm25
fever:12015,ce20,ce100,bm25,ce20,ce20,ce100,bm25,ce20,bm25,bm25
fever:12016,ce100,ce100,ce100,ce20,ce100,ce100,ce100,ce20,ce20,bi200
fever:120173,ce100,ce20,ce20,ce20,ce20,ce20,bi200,bm25,ce20,bi200
fever:120185,ce100,ce20,bm25,bm25,bm25,ce20,ce100,ce20,ce20,bi200
fever:120190,ce100,bm25,ce20,ce20,ce20,bi200,bi200,bi200,bi200,bm25
fever:120210,ce20,bm25,ce20,bm25,ce20,ce20,ce100,ce20,ce20,bm25
fever:120242,bm25,ce20,bm25,bm25,bm25,ce20,ce100,hybrid,ce20,ce20
fever:120259,ce20,ce20,ce20,ce20,ce20,ce20,ce20,ce20,ce100,ce20
fever:120277,bm25,bm25,ce20,bm25,ce20,ce20,bm25,ce20,ce20,bm25
fever:120290,ce20,bm25,ce100,ce20,ce20,bi200,ce100,ce100,ce100,bm25
fever:120297,ce20,bm25,ce100,bm25,ce20,ce100,ce100,ce20,ce20,bi200
fever:120315,ce100,ce100,bm25,bm25,ce100,bi200,bi200,hybrid,bi200,hybrid
fever:120319,bm25,ce20,bm25,bm25,ce20,ce20,bm25,ce20,ce20,bm25
fever:120364,bm25,bm25,bm25,bm25,ce20,ce20,bm25,ce20,ce20,ce20
fever:120372,ce20,ce100,ce100,ce100,ce100,bi200,ce100,hybrid,ce100,ce100
fever:120422,ce20,ce100,bm25,ce100,bm25,ce100,hybrid,ce100,ce20,hybrid
fever:120442,ce20,ce20,ce20,bm25,ce20,ce20,bi200,bi200,ce20,ce100
fever:120461,bm25,bm25,bm25,ce100,bm25,bm25,hybrid,hybrid,hybrid,bi200
fever:120480,ce100,bm25,bm25,bm25,ce100,ce100,ce20,bi200,bi200,bi200
fever:120520,ce100,bm25,bm25,bm25,ce100,bi200,ce100,bm25,bi200,bi200
fever:120558,ce100,ce100,ce20,ce100,ce100,bi200,ce100,bi200,hybrid,hybrid
fever:12059,bm25,ce20,ce20,ce100,bm25,ce20,bi200,ce20,ce100,bm25
fever:120591,bm25,bm25,ce20,bm25,ce20,ce20,bm25,ce20,bm25,bm25
fever:120630,bm25,bm25,bm25,bm25,bm25,bi200,bi200,hybrid,hybrid,hybrid
fever:120644,ce100,ce100,ce20,ce100,ce100,bi200,bi200,ce20,ce20,ce20
fever:120655,bm25,ce20,ce20,bm25,ce20,bm25,bm25,bm25,ce20,ce20
fever:120664,bm25,ce100,ce20,bm25,ce100,bi200,bi200,hybrid,bi200,bm25
fever:120678,bm25,bm25,ce100,bm25,ce20,bi200,ce100,ce20,bi200,hybrid
fever:120681,bm25,bm25,bm25,bm25,ce20,ce20,bm25,bm25,bm25,hybrid
fever:120684,ce100,ce100,ce100,bm25,ce100,ce100,bm25,bi200,bi200,bi200
fever:120704,bm25,bm25,ce20,bm25,ce20,bm25,ce20,ce20,ce20,ce20
fever:120735,ce100,ce100,ce100,ce100,ce100,bi200,bi200,bi200,bi200,bi200
fever:120737,ce100,ce100,ce20,ce20,ce100,bi200,hybrid,hybrid,hybrid,hybrid
fever:120759,ce100,bm25,ce100,ce100,ce100,hybrid,ce100,ce100,ce20,hybrid
fever:120778,bm25,ce20,ce20,bm25,ce20,ce20,ce100,bm25,ce20,ce20
fever:120781,bm25,bm25,bm25,ce20,ce20,ce100,bm25,bm25,bi200,hybrid
fever:120817,bm25,bm25,bm25,bm25,ce20,bi200,ce20,hybrid,hybrid,hybrid
fever:120836,ce20,ce100,ce100,ce20,ce20,ce100,bm25,bi200,ce20,hybrid
fever:12084,bm25,ce20,bm25,bm25,bm25,ce20,bm25,hybrid,bm25,bm25
fever:120846,ce20,ce20,bm25,bm25,ce20,ce100,ce20,ce20,ce20,hybrid
fever:120866,ce100,ce100,ce100,ce100,ce100,ce100,ce100,ce100,ce100,ce100
fever:120873,bm25,ce20,bm25,bm25,ce20,bi200,bm25,bm25,bm25,bm25
fever:12088,ce100,bm25,ce20,ce100,ce100,bi200,hybrid,hybrid,hybrid,bi200
fever:12089,bm25,bm25,bm25,bm25,ce100,bi200,ce20,hybrid,hybrid,bi200
fever:120971,ce20,ce20,ce20,bm25,ce20,ce100,ce20,hybrid,ce20,ce20
fever:120983,ce20,ce20,bm25,bm25,ce20,ce20,hybrid,ce100,ce20,bi200
fever:120997,bm25,ce20,bm25,bm25,ce100,bi200,bi200,bi200,bi200,bi200
fever:12105,ce100,ce100,ce20,ce100,ce20,bi200,hybrid,bi200,ce100,bi200
fever:121052,ce20,ce100,ce100,bm25,bm25,hybrid,bm25,ce100,ce20,bi200
fever:121065,ce100,ce100,ce100,bm25,bm25,hybrid,ce20,bi200,hybrid,ce100
fever:121090,ce20,ce20,ce20,ce20,bm25,ce20,ce100,hybrid,ce20,hybrid
fever:121093,bm25,ce20,ce100,bm25,ce100,hybrid,bi200,hybrid,bi200,bi200
fever:121094,bm25,ce100,ce100,bm25,ce100,hybrid,bi200,hybrid,bi200,bi200
fever:121119,ce20,ce100,ce20,ce20,ce100,ce100,bm25,bi200,hybrid,bi200
fever:121121,ce20,ce20,ce20,ce20,ce20,ce20,ce100,bi200,ce20,ce20
fever:121139,ce20,ce100,bm25,ce100,ce100,bi200,hybrid,ce20,hybrid,ce20
fever:121157,ce20,ce20,bm25,bm25,ce20,bi200,ce100,ce100,ce20,bi200
fever:12118,ce100,ce100,ce100,ce100,ce100,bi200,bi200,ce100,bi200,bi200
fever:121189,ce20,ce100,bm25,bm25,bm25,bi200,ce100,hybrid,ce20,ce20
fever:12119,ce100,ce100,ce100,bm25,ce100,bi200,bi200,hybrid,bi200,ce100
fever:12120,bm25,ce100,bm25,bm25,bm25,bm25,ce100,hybrid,hybrid,hybrid
fever:121202,ce100,bm25,ce20,bm25,bm25,ce100,bi200,ce20,ce20,bi200
fever:12121,bm25,ce100,bm25,bm25,bm25,bm25,ce100,hybrid,bm25,bm25
fever:121218,ce20,ce100,ce20,ce20,ce20,ce20,hybrid,ce20,hybrid,bi200
fever:121238,bm25,ce20,bm25,bm25,bm25,bm25,bm25,ce20,bi200,bm25
fever:121242,ce100,ce100,ce100,ce100,ce100,ce100,bi200,ce20,ce100,ce100
fever:121251,ce20,ce20,ce20,bm25,ce20,ce20,bm25,ce20,bi200,hybrid
fever:121260,bm25,bm25,bm25,bm25,bm25,hybrid,bm25,bm25,bm25,bm25
fever:121280,bm25,bm25,bm25,bm25,ce20,ce20,bm25,bm25,bm25,bm25
fever:121283,bm25,bm25,bm25,ce100,ce20,ce20,bm25,bm25,ce20,bm25
fever:121313,ce20,ce20,ce20,bm25,ce20,ce20,ce100,ce20,ce20,ce20
fever:121338,ce20,ce100,ce20,ce20,ce20,ce100,hybrid,hybrid,bi200,hybrid
fever:121362,ce20,ce20,ce20,bm25,ce20,ce20,ce100,bm25,ce20,bi200
fever:121370,bm25,ce20,ce20,ce20,ce20,bm25,ce20,hybrid,ce20,bm25
fever:121398,ce100,ce100,ce100,ce100,ce100,ce100,ce100,ce100,ce100,ce100
fever:121427,ce20,bm25,bm25,bm25,ce20,ce20,ce20,hybrid,ce20,bm25
fever:121431,ce100,ce100,ce20,ce20,bm25,bi200,ce100,ce20,ce20,ce20
fever:121454,ce100,ce100,bm25,ce20,bm25,ce20,ce20,bi200,bi200,hybrid
fever:121468,bm25,bm25,ce100,bm25,bm25,hybrid,bi200,hybrid,bi200,bm25
fever:121472,ce100,ce100,ce100,ce100,ce100,ce100,ce100,ce100,ce100,ce100
fever:121486,bm25,bm25,bm25,bm25,bm25,hybrid,bm25,bm25,ce20,ce20
fever:121496,bm25,bm25,bm25,bm25,bm25,hybrid,hybrid,bm25,hybrid,hybrid
fever:121517,ce20,bm25,bm25,bm25,bm25,bm25,ce100,bm25,bm25,bm25
fever:121522,bm25,bm25,bm25,bm25,bm25,bm25,bm25,bm25,ce20,bm25
fever:121541,ce20,bm25,bm25,bm25,ce20,hybrid,hybrid,hybrid,hybrid,hybrid
fever:121545,bm25,bm25,ce20,bm25,ce100,bi200,hybrid,hybrid,hybrid,bi200
fever:121548,ce100,bm25,ce100,ce100,ce100,ce100,hybrid,bi200,bi200,bi200
fever:121562,ce100,ce100,ce100,ce20,bm25,bm25,ce100,ce20,bi200,ce20
fever:121634,ce20,ce20,ce20,ce20,bm25,hybrid,ce100,hybrid,hybrid,ce20
fever:121636,bm25,ce100,bm25,bm25,ce100,ce100,bi200,bm25,bi200,bm25
fever:121645,ce20,bm25,bm25,bm25,ce20,bi200,hybrid,hybrid,hybrid,hybrid
fever:121646,bm25,ce20,ce20,ce20,ce100,ce20,bm25,bm25,bi200,bm25
fever:121662,ce100,bm25,ce100,bm25,ce20,bi200,ce20,ce20,hybrid,hybrid
fever:121668,ce20,bm25,bm25,ce20,ce100,ce20,ce100,hybrid,hybrid,hybrid
fever:121683,bm25,ce20,ce20,bm25,ce20,ce20,bi200,bm25,ce20,bi200
fever:121702,bm25,ce100,ce20,bm25,ce20,ce100,bm25,bm25,ce100,bm25
fever:121709,ce20,ce20,ce20,bm25,ce20,ce20,ce100,ce20,ce20,hybrid
fever:121716,bm25,ce100,ce100,bm25,ce20,bm25,ce100,bm25,ce20,bm25
fever:121718,ce100,ce20,ce20,bm25,ce100,ce100,bi200,bi200,hybrid,hybrid
fever:12172,bm25,ce20,ce20,bm25,ce20,bm25,bm25,ce20,ce20,bm25
fever:121723,ce20,ce20,ce20,bm25,ce20,bi200,bm25,bm25,bi200,bm25
fever:121757,bm25,ce20,bm25,bm25,ce20,bm25,bm25,hybrid,ce20,bm25
fever:121765,ce20,ce20,ce20,bm25,ce20,bi200,bi200,bi200,hybrid,bm25
fever:12178,ce100,ce100,ce100,ce20,ce100,bi200,hybrid,hybrid,bm25,hybrid
fever:121786,ce100,ce100,bm25,ce20,ce100,hybrid,ce100,ce100,ce100,hybrid
fever:121817,ce20,ce100,ce20,bm25,ce20,ce100,bm25,bi200,hybrid,bi200
fever:121833,bm25,bm25,bm25,bm25,bm25,bm25,bm25,ce20,bm25,bm25
fever:121847,ce100,ce100,ce100,ce100,ce100,ce100,bi200,ce20,bi200,bi200
fever:121852,ce100,ce20,ce20,ce20,ce100,ce20,ce100,ce100,ce100,ce100
fever:121854,bm25,ce20,bm25,ce20,ce20,ce20,bm25,ce20,ce20,hybrid
fever:121875,bm25,bm25,bm25,bm25,bm25,bi200,bi200,bi200,bi200,bi200
fever:121880,ce100,ce100,ce100,bm25,ce100,bi200,ce100,ce20,hybrid,bi200
fever:121897,bm25,ce100,ce20,bm25,bm25,bm25,bm25,bm25,ce20,bi200
fever:1219,bm25,ce20,ce100,bm25,ce100,bi200,bi200,ce100,bi200,hybrid
fever:121902,ce20,bm25,bm25,bm25,ce20,hybrid,bm25,bm25,hybrid,hybrid
fever:121913,ce20,bm25,bm25,ce20,ce20,bi200,bi200,hybrid,bi200,bm25
fever:121921,ce100,bm25,ce20,ce100,ce100,bi200,bi200,bm25,bi200,ce20
fever:121923,ce20,ce20,ce20,ce20,ce20,ce20,ce20,bm25,ce20,ce20
fever:121936,ce20,ce20,ce20,bm25,ce20,bi200,ce100,ce100,ce100,hybrid
fever:12199,bm25,bm25,bm25,bm25,bm25,bm25,ce100,ce20,ce20,bm25
fever:121994,ce100,ce100,ce100,bm25,ce100,ce20,ce100,ce100,hybrid,ce100
fever:1220,bm25,ce20,bm25,bm25,ce100,bi200,bi200,ce100,bi200,hybrid
fever:122000,ce20,bm25,ce20,ce20,ce20,ce20,ce100,ce100,ce20,ce20
fever:122006,ce100,ce20,ce20,bm25,ce100,ce100,bi200,bi200,hybrid,hybrid
fever:12204,ce20,bm25,ce100,ce20,ce20,ce100,bm25,hybrid,hybrid,hybrid
fever:122095,ce100,ce100,ce100,ce100,ce100,ce100,ce100,bi200,ce100,bi200
fever:122111,bm25,ce20,bm25,bm25,bm25,ce20,bi200,ce20,ce20,bi200
fever:122159,bm25,bm25,bm25,bm25,bm25,bm25,bm25,bm25,bm25,bm25
fever:122169,bm25,bm25,bm25,ce20,ce20,ce20,bi200,hybrid,hybrid,bi200
fever:122180,ce100,bm25,bm25,bm25,ce20,bi200,bi200,hybrid,hybrid,bi200
fever:122204,bm25,ce100,ce20,bm25,ce100,ce100,ce20,bi200,bi200,bi200
fever:122207,bm25,bm25,bm25,bm25,bm25,bm25,bm25,bm25,bm25,bm25
fever:122239,ce100,ce100,ce20,ce100,ce100,ce100,hybrid,hybrid,bi200,bi200
fever:122252,bm25,ce20,ce100,bm25,ce100,ce20,ce100,bm25,hybrid,hybrid
fever:12227,ce20,ce100,ce100,ce100,ce100,hybrid,ce100,ce20,ce100,hybrid
fever:122285,ce100,ce20,ce20,ce20,ce20,ce20,ce100,ce100,ce20,ce100
fever:122288,ce20,ce100,bm25,ce20,ce20,ce100,ce100,ce20,ce20,bm25
fever:122343,bm25,bm25,bm25,ce20,ce20,bm25,ce100,ce20,ce20,bm25
fever:122348,ce100,ce100,ce100,ce20,ce100,ce100,ce100,bi200,bi200,bi200
fever:122351,ce20,bm25,ce20,ce20,bm25,hybrid,bm25,ce20,ce100,ce20
fever:122358,ce20,bm25,bm25,ce100,ce100,bi200,hybrid,hybrid,hybrid,ce100
fever:122375,ce20,ce20,ce100,ce20,ce20,bi200,ce100,ce20,hybrid,hybrid
fever:122391,bm25,ce100,ce100,ce20,ce100,ce100,bi200,bm25,ce100,bi200
fever:122396,ce20,bm25,bm25,bm25,bm25,ce20,ce20,ce100,ce20,ce100
fever:122457,ce100,ce100,ce100,bm25,ce20,hybrid,bi200,hybrid,bm25,hybrid
fever:122463,ce100,ce100,ce100,ce100,ce100,ce100,ce20,ce100,hybrid,ce100
fever:122465,ce20,ce20,ce20,bm25,ce20,hybrid,ce20,ce20,ce20,ce20
fever:122477,ce100,ce100,ce100,ce20,ce20,bi200,bi200,bi200,hybrid,ce20
fever:122507,ce20,ce100,bm25,ce20,ce100,hybrid,bm25,hybrid,hybrid,ce20
fever:12252,ce100,ce100,ce100,ce100,ce100,bi200,ce100,ce100,ce100,bm25
fever:122530,bm25,bm25,bm25,ce20,bm25,ce20,bm25,bi200,ce20,bi200
fever:122572,ce20,ce20,ce20,ce100,ce20,ce100,bi200,ce100,ce20,ce20
fever:122583,bm25,ce20,bm25,bm25,ce20,bi200,bi200,hybrid,bi200,bi200
fever:122596,bm25,bm25,bm25,bm25,bm25,hybrid,bm25,hybrid,hybrid,hybrid
fever:122614,ce20,bm25,ce20,bm25,ce20,ce20,bi200,hybrid,hybrid,ce20
fever:122615,ce20,bm25,bm25,ce20,bm25,hybrid,hybrid,bi200,hybrid,ce20
fever:12264,ce100,ce100,ce20,ce100,ce100,ce100,ce100,bi200,ce100,ce100
fever:122650,bm25,bm25,bm25,bm25,bm25,bm25,bm25,hybrid,hybrid,ce20
fever:122652,bm25,bm25,ce20,bm25,ce20,hybrid,bm25,ce20,ce20,ce20
fever:122657,bm25,ce100,bm25,bm25,ce20,hybrid,bi200,bm25,hybrid,ce20
fever:122673,ce100,ce100,ce100,ce100,ce100,bi200,bi200,hybrid,bi200,bi200
fever:122683,ce20,bm25,ce20,ce20,ce20,bi200,ce20,ce100,ce100,bm25
fever:122692,bm25,bm25,bm25,bm25,bm25,bm25,bm25,bi200,bm25,bm25
fever:122744,ce100,ce100,ce100,ce100,ce20,ce100,hybrid,hybrid,hybrid,ce20
fever:122745,ce20,bm25,bm25,ce100,ce20,bi200,hybrid,ce100,ce20,ce20
fever:12275,ce100,ce20,ce20,bm25,ce100,hybrid,bi200,hybrid,bi200,ce20
fever:122767,ce20,bm25,bm25,bm25,ce20,bm25,ce100,bm25,ce20,bi200
fever:122772,bm25,bm25,bm25,bm25,ce20,ce100,bm25,bi200,bm25,ce100
fever:122776,ce100,ce100,ce20,ce100,ce100,ce100,ce20,ce100,hybrid,ce100
fever:122794,ce20,bm25,bm25,bm25,bm25,ce20,ce20,hybrid,bm25,ce20
fever:122812,bm25,ce100,ce100,ce100,ce100,bm25,bi200,hybrid,bi200,bi200
fever:122828,ce20,bm25,bm25,bm25,ce20,hybrid,bm25,bm25,ce20,hybrid
fever:122878,ce20,ce20,bm25,bm25,ce20,hybrid,ce20,hybrid,ce20,hybrid
fever:122887,ce20,ce100,ce20,bm25,ce20,ce20,ce100,ce20,ce20,ce20
fever:122891,ce100,ce100,ce100,ce100,bm25,hybrid,bi200,bi200,hybrid,bi200
fever:122922,bm25,bm25,bm25,bm25,bm25,bi200,bm25,hybrid,hybrid,bi200
fever:122950,ce20,ce20,ce20,ce100,bm25,ce100,ce100,hybrid,ce20,hybrid
fever:122970,bm25,ce20,ce20,bm25,bm25,bi200,bm25,bm25,ce20,bm25
fever:122977,bm25,bm25,bm25,bm25,ce20,ce100,bi200,bm25,ce20,bm25
fever:123023,bm25,bm25,bm25,bm25,bm25,bm25,bm25,bm25,bm25,bm25
fever:123031,ce100,ce100,ce100,bm25,ce100,ce100,ce100,bm25,ce100,bi200
fever:123051,ce20,ce20,bm25,bm25,ce20,bi200,bm25,ce20,bm25,ce20
fever:12306,bm25,ce100,bm25,ce20,ce20,bi200,bm25,hybrid,hybrid,hybrid
fever:123080,bm25,bm25,bm25,ce20,ce20,hybrid,bi200,bi200,bm25,hybrid
fever:123087,ce20,bm25,bm25,bm25,ce20,hybrid,bm25,hybrid,hybrid,bi200
fever:123100,ce20,ce20,ce20,bm25,ce20,ce20,ce100,ce20,ce100,bm25
fever:123108,bm25,bm25,ce100,bm25,bm25,bm25,ce100,hybrid,ce20,hybrid
fever:123112,bm25,bm25,bm25,bm25,bm25,ce20,ce20,ce20,bm25,bm25
fever:123121,ce20,bm25,bm25,bm25,bm25,ce20,bm25,bm25,ce20,bi200
fever:123141,bm25,ce20,ce20,ce20,ce20,bi200,ce100,bi200,bi200,ce20
fever:123142,ce20,ce20,bm25,ce20,ce20,bi200,bi200,hybrid,hybrid,hybrid
fever:123179,ce20,ce20,ce20,ce20,ce100,hybrid,hybrid,hybrid,hybrid,hybrid
fever:123189,ce20,ce100,bm25,ce20,bm25,bi200,bm25,ce20,ce20,ce20
fever:12319,ce20,bm25,bm25,bm25,bm25,bi200,bm25,bi200,bi200,bm25
fever:123193,ce20,bm25,ce20,bm25,bm25,ce20,bm25,hybrid,bm25,bm25
fever:1232,bm25,ce100,ce20,ce20,bm25,hybrid,bm25,ce20,ce20,bm25
fever:123203,ce20,ce100,bm25,bm25,ce20,hybrid,bm25,hybrid,ce20,hybrid
fever:123226,ce20,ce20,ce100,bm25,ce20,ce100,ce100,bm25,ce20,hybrid
fever:123236,ce100,ce100,bm25,ce20,ce100,hybrid,bi200,hybrid,bi200,bi200
fever:123238,ce20,ce100,bm25,ce20,ce20,hybrid,bi200,hybrid,bi200,bm25
fever:123248,bm25,bm25,ce20,bm25,ce20,ce20,ce100,ce20,ce20,ce20
fever:123276,ce20,ce20,ce20,bm25,ce100,ce20,bm25,ce100,ce20,bm25
fever:123285,ce20,bm25,ce20,bm25,ce100,ce100,bm25,ce20,ce20,bm25
fever:123296,ce100,bm25,ce100,ce100,ce100,ce100,hybrid,hybrid,bi200,ce100
fever:1233,ce20,bm25,bm25,bm25,ce20,ce20,bm25,hybrid,bm25,bm25
fever:123364,bm25,bm25,ce20,ce20,ce20,bm25,ce100,ce20,bi200,ce20
fever:123375,bm25,ce100,bm25,bm25,ce100,hybrid,ce100,bm25,hybrid,bi200
fever:123411,bm25,ce100,bm25,bm25,bm25,ce100,ce100,hybrid,hybrid,hybrid
fever:123416,bm25,bm25,ce100,bm25,ce100,hybrid,bi200,ce20,bi200,bm25
fever:123434,bm25,ce20,bm25,bm25,bm25,ce20,bm25,hybrid,bm25,bm25
fever:123446,bm25,ce20,ce20,bm25,bm25,ce20,ce20,ce100,ce20,ce20
fever:123447,ce100,bm25,ce20,ce100,ce100,hybrid,hybrid,hybrid,hybrid,hybrid
fever:123452,bm25,ce100,bm25,bm25,ce100,bi200,bi200,hybrid,hybrid,hybrid
fever:123477,ce20,ce20,ce20,bm25,ce20,ce20,bm25,ce20,bi200,bi200
fever:123479,ce100,ce100,ce100,ce100,ce100,bi200,bi200,hybrid,hybrid,hybrid
fever:123488,ce100,ce20,bm25,ce20,ce20,hybrid,hybrid,bm25,hybrid,hybrid
fever:123544,ce20,bm25,ce20,bm25,bm25,ce20,bm25,ce20,bm25,bm25
fever:123561,bm25,ce20,bm25,bm25,bm25,ce20,ce20,bm25,bi200,bm25
fever:123576,bm25,bm25,ce20,bm25,bm25,ce20,bm25,bm25,ce20,ce20
fever:123591,ce20,ce100,ce100,ce100,ce20,ce20,ce100,ce100,ce100,ce100
fever:123612,bm25,ce20,bm25,bm25,ce20,ce20,bm25,ce20,bi200,bm25
fever:123614,bm25,ce20,bm25,bm25,ce20,bm25,bm25,ce20,hybrid,bm25
fever:123647,ce20,bm25,bm25,bm25,ce100,ce100,ce100,bi200,hybrid,bm25
fever:123675,ce20,ce20,bm25,bm25,ce20,ce20,bm25,ce20,ce20,bm25
fever:12369,bm25,ce20,bm25,bm25,bm25,hybrid,ce100,ce20,hybrid,hybrid
fever:12372,ce20,ce100,ce20,bm25,ce100,ce20,bi200,hybrid,ce100,bi200
fever:123753,ce20,ce20,ce20,bm25,ce100,bi200,bi200,bi200,ce100,hybrid
fever:123756,bm25,ce100,bm25,ce100,ce100,ce100,ce100,hybrid,bi200,bi200
fever:123762,bm25,bm25,bm25,bm25,bm25,bm25,ce100,bm25,hybrid,ce20
fever:123777,ce20,bm25,bm25,bm25,bm25,bi200,bm25,bm25,bm25,bi200
fever:123785,ce20,bm25,bm25,bm25,bm25,ce100,ce100,bi200,hybrid,hybrid
fever:123794,ce20,ce20,ce20,bm25,ce20,ce100,bm25,ce20,ce100,bi200
fever:123816,ce100,bm25,ce20,bm25,ce100,ce100,ce20,hybrid,bi200,hybrid
fever:123823,bm25,bm25,bm25,bm25,bm25,ce20,bm25,bm25,bm25,bm25
fever:123826,ce100,ce100,ce100,bm25,bm25,ce100,bi200,ce20,bi200,ce100
fever:123831,bm25,ce100,ce20,bm25,bm25,ce20,ce100,ce100,ce100,bi200
fever:123833,ce20,ce100,ce20,ce100,ce100,bi200,hybrid,bi200,hybrid,bi200
fever:123889,ce20,bm25,bm25,bm25,ce20,ce20,bm25,bm25,ce20,bm25
fever:123896,bm25,bm25,bm25,ce20,bm25,ce20,bm25,ce20,ce20,ce20
fever:123925,ce100,ce100,bm25,bm25,bm25,ce100,ce100,ce100,hybrid,hybrid
fever:123942,bm25,ce20,ce20,bm25,bm25,ce20,ce100,ce20,ce20,bm25
fever:123947,ce20,ce20,ce20,ce20,ce20,ce20,ce20,ce20,bm25,ce20
fever:123956,ce100,ce100,ce20,ce100,ce100,bi200,bi200,ce100,bi200,bi200
fever:123958,ce20,ce100,ce100,ce20,ce20,ce100,hybrid,hybrid,bi200,hybrid
fever:124011,bm25,ce100,ce20,bm25,ce20,ce20,ce100,ce20,ce20,bi200
fever:124021,ce20,bm25,ce20,bm25,ce20,hybrid,ce20,bi200,ce100,hybrid
fever:124022,bm25,bm25,ce20,bm25,ce20,ce20,bm25,ce20,ce20,bm25
fever:12403,ce20,bm25,ce20,ce20,ce20,ce20,ce20,ce20,ce20,ce20
fever:124042,bm25,ce100,ce100,bm25,ce100,bi200,ce100,hybrid,hybrid,bi200
fever:124045,bm25,bm25,bm25,bm25,bm25,ce20,bm25,ce20,ce20,ce20
fever:124049,bm25,ce20,bm25,bm25,bm25,hybrid,bm25,bm25,bm25,bi200
fever:124050,ce20,bm25,bm25,ce20,ce20,hybrid,bm25,bm25,hybrid,bi200
fever:124077,bm25,bm25,bm25,bm25,bm25,bm25,bi200,hybrid,bi200,hybrid
fever:124087,bm25,ce20,ce20,bm25,ce20,ce20,bm25,ce20,ce20,bm25
fever:124088,bm25,ce20,ce20,bm25,ce20,bi200,hybrid,bm25,ce20,hybrid
fever:124118,bm25,bm25,bm25,bm25,bm25,bi200,bm25,bi200,bm25,bm25
fever:124138,ce20,ce20,ce20,ce20,ce20,ce20,ce100,ce100,ce20,ce20
fever:124189,bm25,ce20,ce20,ce20,ce20,ce20,hybrid,hybrid,bm25,bm25
fever:12419,ce100,ce100,ce20,ce100,ce100,bi200,ce100,ce100,ce20,bi200
fever:124190,ce20,ce20,ce20,ce20,ce20,ce100,ce100,ce20,ce20,bm25
fever:12420,bm25,bm25,bm25,bm25,ce20,bm25,bm25,bi200,bm25,bm25
fever:124203,ce20,bm25,bm25,bm25,bm25,ce20,ce20,ce20,ce20,ce20
fever:12421,bm25,bm25,bm25,bm25,bm25,bm25,bm25,bm25,bm25,bm25
fever:124215,ce100,ce100,ce100,ce100,ce100,bi200,ce100,hybrid,hybrid,hybrid
fever:124240,ce20,bm25,ce100,bm25,ce20,ce20,ce100,ce100,bi200,bi200
fever:124243,ce20,bm25,bm25,bm25,ce20,ce20,ce20,bm25,ce20,ce100
fever:124244,ce20,ce20,ce20,bm25,ce20,bm25,ce100,bm25,ce20,ce20
fever:124264,ce20,ce20,ce20,ce20,ce20,ce20,ce100,ce20,ce20,ce20
fever:124268,bm25,ce20,bm25,bm25,ce100,ce20,ce20,hybrid,ce20,ce20
fever:124277,ce20,ce20,ce20,bm25,bm25,bi200,bi200,hybrid,hybrid,ce20
fever:124295,ce100,ce100,ce100,ce100,bm25,bi200,bi200,ce20,bi200,bi200
fever:124339,ce20,ce20,ce100,ce100,ce20,hybrid,bi200,hybrid,bi200,hybrid
fever:124341,bm25,bm25,bm25,bm25,bm25,bm25,bm25,bm25,bi200,bm25
fever:124353,ce20,bm25,ce20,ce20,ce20,ce20,bi200,bi200,bi200,bm25
fever:124355,bm25,bm25,ce20,ce20,bm25,ce20,bm25,bm25,ce20,bm25
fever:124363,bm25,bm25,ce20,bm25,ce20,bi200,bi200,hybrid,ce20,bi200
fever:1244,bm25,ce100,ce100,ce20,ce100,ce100,bm25,bm25,ce100,hybrid
fever:124400,bm25,bm25,bm25,ce20,bm25,ce20,bm25,ce20,ce20,ce20
fever:12443,ce20,ce20,ce20,ce20,ce100,ce20,ce100,ce100,ce20,hybrid
fever:124443,ce100,ce100,ce100,ce100,ce100,hybrid,ce100,hybrid,hybrid,hybrid
fever:124472,bm25,bm25,bm25,bm25,bm25,hybrid,bm25,bi200,bm25,bm25
fever:124476,ce100,ce100,ce100,bm25,ce20,bi200,ce100,bi200,bi200,bi200
fever:124479,bm25,bm25,ce100,ce20,ce100,bm25,bm25,bm25,ce100,ce20
fever:124492,ce20,bm25,bm25,bm25,bm25,ce100,bm25,ce20,ce20,bi200
fever:12450,bm25,ce20,bm25,bm25,bm25,hybrid,bm25,bm25,bm25,bm25
fever:12453,ce100,bm25,ce100,ce100,ce20,bi200,bi200,ce20,ce100,hybrid
fever:12454,ce100,ce20,bm25,ce20,ce100,bi200,bi200,hybrid,bi200,ce20
fever:124540,ce100,ce100,ce100,ce20,ce100,hybrid,bm25,ce20,hybrid,bi200
fever:124565,ce100,ce100,ce100,ce100,bm25,bi200,ce100,bi200,hybrid,hybrid
fever:124578,ce100,ce100,ce100,ce100,ce20,hybrid,bi200,ce20,hybrid,ce20
fever:124597,bm25,ce20,bm25,bm25,bm25,bm25,bi200,hybrid,hybrid,bi200
fever:124614,ce20,bm25,bm25,bm25,ce20,bm25,bm25,hybrid,bm25,bm25
fever:124618,bm25,bm25,bm25,bm25,bm25,bm25,bm25,bm25,bm25,bm25
fever:124620,ce100,ce100,bm25,ce100,ce100,bi200,bi200,hybrid,hybrid,hybrid
fever:124622,ce20,bm25,ce20,ce20,ce20,ce20,bm25,bi200,ce20,ce20
fever:124629,bm25,ce20,bm25,ce20,bm25,ce20,bi200,hybrid,hybrid,bm25
fever:12466,ce20,ce20,bm25,bm25,ce20,bi200,bm25,bm25,bm25,bi200
fever:124662,ce20,ce20,ce20,bm25,ce100,bm25,bm25,hybrid,ce100,hybrid
fever:124663,ce100,ce100,ce100,ce100,ce100,hybrid,ce100,ce100,ce100,hybrid
fever:124667,bm25,ce20,ce20,bm25,ce20,ce20,ce20,ce20,ce20,ce20
fever:124669,ce20,ce20,ce20,bm25,ce20,ce20,ce100,ce20,hybrid,ce20
fever:12467,ce20,bm25,bm25,bm25,ce20,bi200,bm25,bm25,bm25,bi200
fever:124677,bm25,ce20,bm25,bm25,bm25,hybrid,bm25,bm25,bm25,bm25
fever:12469,bm25,ce100,ce100,ce100,ce100,bi200,bi200,bi200,bi200,bi200
fever:124707,bm25,bm25,bm25,bm25,bm25,bm25,bm25,bm25,ce20,bm25
fever:124717,ce100,ce100,ce20,ce100,ce100,ce20,ce20,ce100,ce100,ce100
fever:124719,ce20,bm25,bm25,ce20,ce20,ce20,ce100,ce20,bi200,bm25
fever:124720,bm25,ce100,bm25,bm25,bm25,bm25,bi200,bm25,bm25,bm25
fever:124723,bm25,ce100,bm25,bm25,bm25,bm25,bm25,ce20,hybrid,bi200
fever:124730,ce20,ce20,ce20,bm25,ce20,ce20,hybrid,hybrid,ce20,hybrid
fever:124736,ce20,ce20,bm25,bm25,ce20,ce20,bm25,hybrid,hybrid,bi200
fever:1248,bm25,ce20,bm25,bm25,ce20,bi200,hybrid,hybrid,ce20,bm25
fever:124805,ce20,bm25,bm25,ce20,ce20,hybrid,bm25,bm25,bi200,bi200
fever:124817,bm25,bm25,bm25,bm25,ce20,bi200,ce100,bi200,ce20,bi200
fever:124819,bm25,bm25,bm25,bm25,ce20,ce20,ce20,ce20,bm25,bm25
fever:12482,bm25,ce20,bm25,ce20,ce20,ce100,ce20,bm25,ce20,ce20
fever:124823,ce20,ce100,bm25,bm25,ce20,ce100,bm25,bm25,hybrid,bi200
fever:12483,bm25,bm25,ce20,bm25,ce20,ce100,ce20,bm25,ce20,hybrid
fever:124862,ce20,bm25,bm25,ce20,bm25,ce20,bm25,ce20,ce20,bm25
fever:124872,bm25,ce20,bm25,bm25,ce20,ce20,bm25,ce20,ce20,bm25
fever:124875,bm25,ce20,bm25,bm25,ce20,ce20,bm25,ce20,ce20,bm25
fever:12488,ce100,bm25,bm25,bm25,bm25,ce100,ce20,hybrid,hybrid,hybrid
fever:124881,ce100,bm25,ce20,ce100,ce20,bi200,bi200,bi200,bi200,ce20
fever:124904,ce20,ce20,bm25,bm25,ce20,bi200,bm25,ce20,ce20,hybrid
fever:124905,ce20,ce20,ce100,ce20,bm25,bm25,bm25,hybrid,ce20,bi200
fever:124934,ce20,ce20,ce100,ce20,ce100,ce20,ce100,ce20,ce20,ce20
fever:124938,bm25,ce20,ce20,ce20,ce20,ce20,bm25,bm25,ce20,ce20
fever:124959,ce100,ce20,ce100,bm25,ce20,ce20,ce100,hybrid,ce20,ce20
fever:124967,bm25,bm25,bm25,bm25,bm25,bi200,bi200,bi200,hybrid,bi200
fever:124971,ce100,bm25,ce100,ce100,ce100,hybrid,hybrid,hybrid,bi200,bi200
fever:124984,ce20,ce20,ce20,bm25,ce20,ce20,ce20,ce20,bm25,bm25
fever:124986,ce100,bm25,ce100,ce100,ce100,ce100,bi200,hybrid,bi200,ce20
fever:124993,bm25,ce20,bm25,bm25,bm25,bm25,bm25,hybrid,bm25,bm25
fever:125009,bm25,bm25,bm25,bm25,bm25,ce20,ce100,bm25,ce20,bm25
fever:125010,bm25,bm25,bm25,bm25,bm25,ce20,bm25,bm25,ce20,bm25
fever:125024,ce100,ce100,ce20,ce20,ce20,bi200,ce100,hybrid,bi200,hybrid
fever:125031,ce20,ce20,ce20,ce20,ce20,ce20,ce20,ce20,ce20,ce20
fever:125037,ce20,bm25,bm25,ce100,ce100,bi200,ce100,ce20,ce20,hybrid
fever:1251,bm25,ce100,ce20,ce100,ce20,bi200,bi200,bi200,hybrid,bi200
fever:125117,bm25,bm25,ce20,bm25,bm25,bm25,ce20,bm25,ce20,bm25
fever:125131,bm25,bm25,bm25,bm25,bm25,ce20,ce100,bi200,ce20,ce20
fever:125146,ce20,ce100,bm25,bm25,ce20,hybrid,ce100,hybrid,hybrid,bi200
fever:125156,bm25,ce20,bm25,ce20,bm25,hybrid,bi200,bi200,hybrid,ce20
fever:125164,ce20,ce100,bm25,bm25,ce100,ce20,ce100,hybrid,ce20,ce20
fever:125185,bm25,ce100,ce100,bm25,ce100,bi200,ce100,bm25,bi200,ce20
fever:125197,bm25,ce20,ce20,ce20,ce20,ce20,ce20,ce20,ce20,ce20
fever:125223,bm25,ce20,ce20,ce100,ce20,bi200,bi200,ce100,ce20,ce20
fever:125225,ce100,bm25,ce20,bm25,ce20,ce20,bm25,ce100,hybrid,ce20
fever:125227,ce20,ce100,ce100,ce100,ce20,ce20,hybrid,ce20,ce20,hybrid
fever:125275,bm25,ce100,bm25,ce20,ce20,ce100,bi200,bm25,hybrid,bi200
fever:125287,bm25,bm25,bm25,bm25,bm25,bm25,bm25,ce20,bi200,bm25
fever:125292,ce100,ce100,ce100,ce100,ce100,hybrid,hybrid,hybrid,hybrid,hybrid
fever:125304,bm25,ce100,ce20,bm25,ce20,bi200,ce20,ce100,hybrid,hybrid
fever:125309,ce20,bm25,bm25,ce20,bm25,ce20,hybrid,hybrid,ce100,bm25
fever:125315,bm25,ce20,bm25,ce20,ce20,bi200,bi200,bi200,hybrid,ce20
fever:125317,ce20,ce100,ce100,ce100,ce100,ce100,ce100,hybrid,ce20,ce100
fever:125322,bm25,ce100,ce20,bm25,ce20,bi200,bi200,bm25,bi200,bi200
fever:125333,ce20,bm25,ce20,ce20,ce20,ce20,ce100,ce20,bi200,ce20
fever:125334,bm25,bm25,bm25,bm25,bm25,ce20,bm25,ce20,ce20,bm25
fever:125369,ce20,ce20,ce100,bm25,ce20,bi200,bi200,bi200,hybrid,hybrid
fever:12537,bm25,bm25,ce20,ce20,ce100,ce20,bi200,ce20,ce100,bi200
fever:125385,bm25,ce20,ce20,bm25,bm25,ce20,bi200,bm25,bm25,bm25
fever:125388,bm25,bm25,bm25,bm25,bm25,bm25,ce100,ce100,ce20,ce20
fever:125398,ce100,ce20,ce20,bm25,ce20,bi200,ce20,hybrid,bm25,hybrid
fever:125437,ce20,bm25,bm25,bm25,ce20,ce20,ce100,ce20,ce100,ce20
fever:125440,ce20,bm25,bm25,bm25,ce20,ce20,bm25,ce20,hybrid,bm25
fever:125449,ce100,ce20,bm25,bm25,ce100,bi200,bi200,hybrid,hybrid,hybrid
fever:125458,bm25,ce20,bm25,ce20,ce20,ce20,ce20,hybrid,bm25,hybrid
fever:125464,ce20,ce100,ce100,ce100,ce100,hybrid,ce100,hybrid,hybrid,hybrid
fever:125478,ce100,ce100,ce100,ce100,ce100,ce100,bi200,hybrid,bi200,hybrid
fever:125491,bm25,bm25,bm25,bm25,bm25,bi200,ce20,hybrid,bi200,bi200
fever:125496,ce20,ce100,bm25,ce100,ce100,hybrid,hybrid,hybrid,hybrid,hybrid
fever:125513,ce20,bm25,bm25,bm25,bm25,bm25,bm25,hybrid,ce20,bm25
fever:125524,bm25,ce20,ce20,bm25,ce20,ce100,ce20,ce20,ce20,ce20
fever:12553,bm25,ce20,bm25,bm25,ce20,ce20,ce100,ce20,hybrid,ce20
fever:125533,bm25,bm25,bm25,bm25,bm25,bm25,ce20,ce20,hybrid,hybrid
fever:125537,ce20,bm25,bm25,bm25,bm25,bi200,bm25,bi200,hybrid,bi200
fever:125550,ce100,ce100,ce20,bm25,ce100,ce20,bm25,bi200,ce20,bm25
fever:125557,ce20,ce100,ce100,ce100,ce100,bi200,bi200,bi200,bi200,bi200
fever:125577,ce20,ce20,ce20,bm25,ce20,ce20,ce100,hybrid,ce20,ce20
fever:125630,bm25,bm25,bm25,bm25,bm25,ce100,bm25,ce20,bm25,bi200
fever:125673,bm25,bm25,ce20,bm25,bm25,ce20,ce20,ce20,hybrid,bm25
fever:125695,bm25,ce20,bm25,bm25,ce100,bi200,ce100,hybrid,bi200,hybrid
fever:125749,bm25,ce20,ce20,bm25,ce100,ce20,ce100,ce20,ce20,ce20
fever:125760,bm25,bm25,bm25,bm25,bm25,hybrid,bm25,hybrid,ce20,hybrid
fever:125763,ce100,ce20,bm25,bm25,ce20,ce100,bi200,hybrid,bi200,hybrid
fever:125780,ce20,bm25,bm25,bm25,ce20,bi200,bm25,bi200,bm25,bi200
fever:125803,ce100,ce100,ce100,ce100,ce100,ce100,bi200,hybrid,ce20,hybrid
fever:125829,ce20,ce100,bm25,ce20,ce20,ce100,ce100,bm25,ce20,hybrid
fever:125865,ce100,ce100,ce100,ce100,ce100,ce100,ce100,ce100,ce100,ce100
fever:125900,bm25,bm25,bm25,bm25,bm25,bm25,bm25,bm25,bi200,bm25
fever:125912,bm25,ce20,bm25,bm25,ce20,ce20,bm25,hybrid,ce20,ce20
fever:125925,ce20,bm25,bm25,bm25,ce20,bm25,bm25,bm25,ce100,bi200
fever:125930,bm25,bm25,bm25,bm25,ce20,bm25,bm25,bm25,bm25,bm25
fever:125971,bm25,bm25,bm25,bm25,bm25,bm25,bm25,bm25,bm25,ce20
fever:125982,ce100,ce100,ce20,ce100,ce100,ce20,ce100,hybrid,ce100,bm25
fever:125989,bm25,bm25,bm25,bm25,bm25,bm25,bm25,bm25,bm25,bm25
fever:126009,ce20,bm25,ce20,bm25,ce20,ce20,ce100,ce20,ce20,bm25
fever:126045,ce100,ce100,ce100,ce100,ce100,ce100,hybrid,bi200,hybrid,hybrid
fever:126055,bm25,ce20,bm25,bm25,bm25,ce100,bi200,bm25,bm25,bi200
fever:126079,ce100,ce20,ce20,ce100,ce100,ce20,hybrid,ce100,ce100,ce100
fever:12610,ce20,ce20,bm25,bm25,bm25,bm25,ce100,bm25,ce20,ce20
fever:12612,ce20,bm25,bm25,ce20,ce20,bi200,ce20,ce100,ce20,bm25
fever:126157,ce20,bm25,bm25,ce100,ce100,ce100,hybrid,hybrid,ce100,hybrid
fever:126172,ce20,ce100,bm25,bm25,ce100,hybrid,bm25,bm25,ce20,bm25
fever:126206,ce100,ce20,ce20,ce100,ce20,ce100,ce100,ce100,ce100,ce100
fever:126220,ce20,ce20,ce20,ce20,ce20,ce100,ce100,ce20,ce100,hybrid
fever:126228,ce20,ce20,ce20,ce20,ce20,ce20,bm25,bm25,ce20,bm25
fever:126229,ce100,ce100,ce100,bm25,ce100,ce100,ce20,ce20,ce20,ce100
fever:126235,ce20,bm25,ce100,ce100,ce20,hybrid,hybrid,ce100,ce100,hybrid
fever:126292,ce100,ce100,ce100,ce100,ce100,hybrid,bi200,hybrid,hybrid,hybrid
fever:126296,bm25,bm25,ce100,ce20,bm25,bi200,bm25,hybrid,bi200,bi200
fever:126300,ce20,ce20,bm25,bm25,ce100,bi200,bi200,hybrid,ce20,bm25
fever:126380,ce20,ce100,bm25,bm25,ce20,bm25,bm25,bm25,ce20,ce20
fever:12639,bm25,ce20,bm25,bm25,bm25,ce20,bi200,ce20,ce20,bm25
fever:126423,ce100,ce100,ce100,ce100,ce100,bi200,hybrid,ce20,bi200,hybrid
fever:126455,bm25,bm25,bm25,ce20,bm25,bi200,bm25,hybrid,ce20,bi200
fever:126466,ce100,bm25,ce20,bm25,ce100,ce100,ce100,ce20,ce20,bm25
fever:126474,bm25,bm25,bm25,bm25,bm25,ce20,bm25,hybrid,hybrid,bm25
fever:12649,ce20,ce100,ce20,ce20,ce100,hybrid,bi200,ce20,hybrid,hybrid
fever:126496,ce20,ce100,ce100,ce100,ce100,hybrid,bi200,bi200,bi200,bi200
fever:126509,ce20,bm25,bm25,ce20,ce20,bm25,bm25,ce20,ce20,bm25
fever:126533,ce20,ce100,ce20,ce20,ce20,hybrid,ce100,ce20,bi200,hybrid
fever:126551,ce20,bm25,bm25,bm25,ce20,bi200,bi200,bm25,ce20,bm25
fever:126559,ce100,bm25,ce100,ce100,ce100,bi200,hybrid,bi200,bi200,ce20
fever:126560,bm25,bm25,ce100,ce100,ce100,bi200,bi200,bi200,bi200,hybrid
fever:126561,bm25,ce20,bm25,ce20,bm25,bm25,bm25,hybrid,bm25,ce20
fever:126568,bm25,ce100,bm25,bm25,ce20,ce100,bi200,hybrid,ce20,ce20
fever:126590,bm25,bm25,bm25,bm25,ce20,hybrid,bm25,bm25,hybrid,bm25
fever:126652,ce100,ce100,bm25,ce20,ce20,hybrid,bi200,bi200,hybrid,hybrid
fever:126678,ce20,ce100,ce20,ce20,ce20,ce20,ce20,ce100,ce100,ce100
fever:126693,bm25,ce100,ce20,ce20,ce100,hybrid,ce20,hybrid,hybrid,ce100
fever:126705,bm25,bm25,bm25,bm25,ce20,bm25,bm25,bm25,bm25,bm25
fever:126728,bm25,bm25,bm25,bm25,bm25,ce100,bm25,bm25,ce20,hybrid
fever:126740,bm25,bm25,bm25,ce100,ce100,bi200,hybrid,bi200,bi200,hybrid
fever:126747,bm25,bm25,bm25,bm25,ce20,hybrid,ce100,ce20,ce20,ce20
fever:126773,ce100,ce20,ce20,bm25,ce20,bm25,ce100,hybrid,ce20,bi200
fever:126775,ce20,ce100,ce20,ce20,ce100,ce100,bi200,bi200,ce100,hybrid
fever:12678,ce100,ce20,bm25,ce20,bm25,ce20,bi200,hybrid,bi200,bm25
fever:126794,ce100,ce20,ce100,ce100,ce100,bi200,ce100,bi200,hybrid,hybrid
fever:126795,ce20,ce20,bm25,ce20,ce20,ce20,ce20,hybrid,ce20,bm25
fever:126799,ce20,ce20,ce20,bm25,ce20,ce20,bm25,hybrid,ce20,ce20
fever:12681,ce100,ce100,ce20,bm25,ce100,bi200,bi200,bi200,bi200,bi200
fever:126814,ce100,ce100,ce100,ce100,ce20,bi200,hybrid,ce100,hybrid,hybrid
fever:126818,ce100,ce20,bm25,ce20,ce20,bi200,bm25,ce100,ce100,ce20
fever:12682,bm25,bm25,ce20,bm25,ce100,ce20,bi200,bi200,bi200,bi200
fever:126823,bm25,bm25,bm25,bm25,ce20,hybrid,bi200,hybrid,bi200,bi200
fever:126828,ce20,bm25,bm25,bm25,bm25,hybrid,bm25,hybrid,ce20,bm25
fever:12683,bm25,ce100,bm25,bm25,ce20,bi200,bm25,bm25,hybrid,bi200
fever:12684,ce20,ce100,bm25,ce20,ce20,ce100,bi200,bm25,hybrid,bi200
fever:126856,ce100,ce100,ce100,ce100,ce20,bm25,hybrid,ce100,ce100,ce100
fever:126878,ce100,ce20,ce20,bm25,ce100,ce100,ce20,bi200,ce20,ce100
fever:126882,bm25,ce20,bm25,bm25,bm25,ce20,ce100,ce20,ce20,bm25
fever:12691,ce20,ce100,bm25,ce20,ce100,ce100,bi200,bi200,ce20,bi200
fever:126912,bm25,ce100,bm25,bm25,bm25,bi200,ce100,bi200,bi200,bi200
fever:126915,ce20,ce100,ce20,ce100,ce20,ce20,bi200,ce20,ce100,ce100
fever:126916,ce20,bm25,bm25,bm25,ce20,ce20,hybrid,ce20,bm25,ce20
fever:126926,ce100,ce100,ce20,ce100,ce100,ce100,bi200,bi200,bi200,bi200
fever:12693,ce20,bm25,ce20,bm25,ce20,ce20,ce20,ce20,bm25,bm25
fever:126933,ce20,bm25,bm25,bm25,ce20,ce20,bm25,bm25,ce20,ce20
fever:126936,ce100,ce100,ce20,ce100,ce100,ce20,ce100,bi200,ce20,hybrid
fever:126942,ce100,ce20,ce20,ce20,ce20,ce20,ce100,bm25,ce20,bi200
fever:126958,ce100,bm25,bm25,ce20,bm25,bi200,bi200,bi200,bi200,bm25
fever:126962,bm25,ce20,ce20,bm25,ce20,ce20,ce100,hybrid,bi200,hybrid
fever:126963,bm25,ce20,bm25,bm25,bm25,ce20,ce100,ce20,ce20,bm25
fever:126973,ce100,bm25,bm25,ce100,bm25,ce100,bm25,ce20,hybrid,bi200
fever:126982,bm25,bm25,ce20,ce20,bm25,ce20,ce100,ce20,ce20,ce20
fever:127013,ce20,bm25,ce20,ce20,ce20,bm25,ce100,ce20,ce20,bm25
fever:127015,bm25,bm25,ce100,ce100,ce100,bi200,bi200,bi200,bi200,bi200
fever:127045,ce20,bm25,bm25,bm25,bm25,hybrid,bm25,ce20,bm25,bm25
fever:127048,bm25,bm25,bm25,bm25,bm25,bm25,ce20,bi200,bm25,bm25
fever:127088,bm25,bm25,bm25,ce20,ce100,ce20,ce100,hybrid,bi200,ce20
fever:127090,ce20,ce20,ce20,bm25,ce20,ce20,bm25,ce20,bm25,bm25
fever:127098,bm25,bm25,bm25,bm25,ce20,ce20,bm25,ce20,ce100,bm25
fever:127118,ce20,ce20,ce20,bm25,ce20,bi200,bi200,bi200,bi200,bm25
fever:127128,bm25,ce100,ce100,bm25,ce100,ce100,ce100,bi200,hybrid,bi200
fever:127133,bm25,bm25,bm25,bm25,bm25,bm25,bm25,bm25,hybrid,bm25
fever:127166,ce20,ce100,ce100,ce20,ce20,ce20,ce100,hybrid,hybrid,ce20
fever:127180,bm25,ce100,bm25,ce20,ce20,bi200,bi200,bm25,hybrid,bi200
fever:127197,bm25,ce20,ce20,bm25,bm25,ce20,ce100,ce20,ce20,ce20
fever:1272,bm25,ce20,ce20,bm25,ce20,bm25,bm25,bm25,ce20,bm25
fever:127225,ce20,ce20,ce20,bm25,ce20,ce20,ce20,ce20,ce20,ce20
fever:127233,ce20,ce100,ce20,ce20,ce100,ce100,ce100,hybrid,ce20,ce20
fever:127240,ce100,ce100,ce100,ce100,ce100,ce100,hybrid,hybrid,bi200,ce20
fever:127244,bm25,bm25,bm25,bm25,bm25,ce100,bm25,bi200,hybrid,bm25
fever:127306,ce20,ce20,ce20,bm25,bm25,bi200,bi200,hybrid,bm25,bm25
fever:127340,ce20,bm25,bm25,bm25,ce20,bi200,ce100,hybrid,hybrid,bi200
fever:127359,bm25,ce20,ce20,bm25,ce20,ce20,bi200,bi200,ce20,bi200
fever:127363,bm25,ce20,ce20,bm25,bm25,ce20,ce100,bm25,hybrid,bm25
fever:127366,ce100,ce100,ce100,bm25,ce100,hybrid,ce100,ce20,hybrid,hybrid
fever:127369,bm25,ce100,ce20,ce20,ce100,ce20,ce100,ce100,ce20,ce20
fever:127376,ce100,bm25,bm25,ce100,ce100,bi200,bi200,ce20,ce20,ce20
fever:12738,bm25,bm25,bm25,bm25,bm25,ce20,ce20,bm25,ce20,ce20
fever:127402,ce20,ce20,ce100,bm25,ce20,ce20,bm25,hybrid,ce100,ce20
fever:127403,bm25,bm25,bm25,bm25,bm25,ce20,bm25,bm25,bm25,bm25
fever:127408,bm25,ce100,ce20,bm25,ce100,ce100,bi200,bm25,ce100,bi200
fever:127415,bm25,bm25,bm25,bm25,bm25,bm25,bm25,ce20,ce20,bm25
fever:127416,ce20,bm25,bm25,ce20,bm25,ce100,ce100,ce100,ce20,ce20
fever:127419,ce100,ce100,ce100,ce100,ce100,hybrid,bi200,bi200,bi200,bi200
fever:127438,ce20,ce20,bm25,bm25,bm25,ce20,ce20,bm25,bm25,hybrid
fever:127456,bm25,bm25,bm25,bm25,ce20,bm25,ce20,bm25,ce20,bm25
fever:12747,ce100,ce100,ce100,ce100,ce100,ce100,ce100,ce100,bi200,hybrid
fever:127472,ce100,ce100,bm25,bm25,ce100,ce100,bi200,ce20,ce20,bm25
fever:12748,bm25,bm25,bm25,bm25,ce20,bi200,bi200,bi200,bi200,bi200
fever:127482,ce100,ce20,ce100,bm25,ce100,hybrid,bm25,hybrid,hybrid,hybrid
fever:127490,bm25,bm25,bm25,bm25,bm25,bm25,ce20,hybrid,bm25,bm25
fever:1275,ce100,ce100,ce20,ce20,ce100,ce20,bi200,bi200,bi200,bi200
fever:127539,ce100,ce100,ce100,ce100,ce100,ce100,bi200,ce100,bi200,bi200
fever:127540,ce100,ce100,bm25,ce20,ce20,ce20,ce100,hybrid,ce20,ce100
fever:127573,bm25,bm25,bm25,bm25,ce20,ce100,ce100,hybrid,bm25,hybrid
fever:127576,ce20,bm25,bm25,bm25,bm25,ce20,bm25,bm25,ce20,bi200
fever:127583,ce100,ce100,ce100,bm25,ce100,ce100,bi200,bi200,bi200,bi200
fever:127596,ce20,bm25,bm25,bm25,ce20,bi200,bi200,bi200,hybrid,ce20
fever:12762,bm25,bm25,bm25,bm25,ce20,bm25,ce100,bm25,ce20,bm25
fever:127651,ce100,ce100,ce100,ce100,ce100,ce100,bi200,ce100,bi200,bi200
fever:127658,ce100,ce20,ce20,bm25,ce20,ce20,ce100,bm25,bi200,bi200
fever:127659,ce20,bm25,bm25,bm25,bm25,hybrid,bm25,hybrid,hybrid,bm25
fever:127665,bm25,bm25,bm25,bm25,bm25,bm25,bm25,bm25,bm25,bm25
fever:127682,bm25,bm25,bm25,bm25,ce20,ce20,bm25,hybrid,bm25,bm25
fever:127697,bm25,bm25,bm25,bm25,bm25,hybrid,bm25,hybrid,ce20,bm25
fever:12772,bm25,ce20,ce20,ce20,ce20,ce20,ce100,ce20,ce20,ce20
fever:127722,bm25,bm25,bm25,bm25,ce100,bi200,bi200,bi200,bm25,bi200
fever:127731,ce100,ce20,ce100,bm25,ce100,bi200,hybrid,ce100,hybrid,bi200
fever:127772,bm25,bm25,bm25,bm25,bm25,bm25,bm25,ce20,bm25,bm25
fever:127773,ce20,ce20,ce20,ce20,ce20,ce20,ce20,ce20,ce20,ce20
fever:127777,ce20,bm25,bm25,bm25,bm25,ce100,ce20,ce20,ce20,bi200
fever:127808,bm25,bm25,ce20,bm25,bm25,bm25,bm25,bm25,bm25,bm25
fever:127814,bm25,bm25,ce20,bm25,ce20,bi200,bm25,bi200,hybrid,bm25
fever:127819,ce20,ce20,bm25,bm25,ce100,ce20,bi200,ce20,ce20,bm25
fever:127820,ce20,bm25,bm25,ce20,ce20,hybrid,bm25,hybrid,bi200,bm25
fever:127822,ce20,bm25,ce20,bm25,ce20,hybrid,bi200,hybrid,ce20,bi200
fever:127869,bm25,bm25,bm25,bm25,ce20,hybrid,bm25,bi200,bm25,bm25
fever:127870,ce100,ce100,ce100,ce100,ce100,bi200,ce100,bi200,bi200,hybrid
fever:127872,bm25,ce20,bm25,bm25,bm25,ce20,ce100,ce20,ce20,bm25
fever:127876,ce20,bm25,ce20,ce20,ce20,bi200,hybrid,hybrid,hybrid,ce20
fever:127894,bm25,ce20,bm25,ce20,ce20,ce100,bi200,hybrid,ce20,ce20
fever:127955,ce100,ce100,ce20,ce100,ce100,bi200,bi200,hybrid,bi200,hybrid
fever:127956,ce100,ce100,ce100,ce100,ce100,bi200,ce100,bi200,ce100,bi200
fever:127957,ce20,ce20,bm25,bm25,bm25,bm25,bm25,ce20,ce20,ce20
fever:127969,bm25,bm25,bm25,bm25,ce20,bi200,bm25,hybrid,bi200,bm25
fever:127973,ce20,ce20,ce20,bm25,ce20,ce20,ce20,ce100,hybrid,ce20
fever:127981,bm25,bm25,bm25,bm25,bm25,ce20,bm25,bm25,ce20,bm25
fever:128004,ce20,ce100,ce20,bm25,ce20,ce100,ce20,ce20,ce20,bi200
fever:128005,bm25,ce100,ce20,bm25,ce100,ce20,ce100,bi200,hybrid,ce20
fever:128027,ce100,ce100,ce100,ce100,ce100,ce100,ce100,bi200,ce100,ce100
fever:128035,ce20,ce20,bm25,bm25,ce20,bi200,ce20,hybrid,hybrid,bm25
fever:128045,ce20,ce20,ce20,ce20,ce20,ce20,ce100,ce20,ce20,bm25
fever:128071,bm25,bm25,bm25,bm25,bm25,hybrid,bm25,bm25,bm25,bi200
fever:128078,bm25,ce100,ce100,ce100,bm25,bi200,bi200,bi200,bi200,bi200
fever:128115,ce100,bm25,ce100,bm25,ce100,bi200,bi200,hybrid,bi200,bi200
fever:128121,bm25,bm25,ce20,bm25,ce20,ce20,bm25,ce20,ce20,ce20
fever:128123,ce20,ce20,ce20,bm25,ce20,ce20,ce100,ce20,ce100,ce100
fever:128141,bm25,ce20,bm25,ce20,ce20,bi200,bm25,bm25,hybrid,bm25
fever:128154,bm25,ce20,bm25,bm25,ce20,bi200,bi200,bm25,bm25,bm25
fever:128175,ce20,ce20,bm25,bm25,ce20,bi200,ce100,ce20,bi200,bm25
fever:12820,ce100,ce100,ce100,ce20,ce100,ce100,ce20,ce20,ce20,bm25
fever:128204,ce20,bm25,bm25,ce20,ce20,bi200,bm25,bi200,hybrid,bi200
fever:128229,ce100,ce100,ce100,bm25,ce20,ce100,bi200,ce20,bm25,ce100
fever:128230,ce100,ce100,ce100,ce100,ce100,bi200,ce100,ce100,ce20,bi200
fever:128243,ce20,ce20,ce20,bm25,ce20,ce20,ce100,ce100,ce100,ce20
fever:128248,ce20,bm25,bm25,ce20,bm25,ce100,bm25,ce20,ce20,bm25
fever:128258,bm25,ce20,ce20,bm25,bm25,ce20,ce20,hybrid,ce20,ce20
fever:128268,bm25,bm25,bm25,ce20,ce20,bi200,ce20,hybrid,bm25,bi200
fever:128278,ce100,ce20,ce20,bm25,ce20,bi200,ce100,ce100,ce100,hybrid
fever:12829,ce20,ce100,bm25,ce20,ce20,hybrid,bi200,ce100,hybrid,bi200
fever:128295,bm25,ce20,ce20,bm25,ce20,ce20,ce100,bm25,ce20,ce20
fever:128297,bm25,ce20,ce20,ce20,ce100,ce100,bm25,bi200,bi200,bi200
fever:12831,ce20,ce20,ce20,bm25,ce20,ce20,ce20,ce20,ce20,ce20
fever:128319,ce20,ce20,ce20,bm25,bm25,ce100,ce100,ce20,ce20,bi200
fever:128322,ce20,bm25,bm25,bm25,bm25,ce100,bm25,bm25,ce20,hybrid
fever:128332,bm25,bm25,bm25,bm25,bm25,ce20,bm25,bm25,ce20,bi200
fever:128336,bm25,ce20,bm25,bm25,bm25,ce20,ce100,ce20,ce20,ce20
fever:128356,ce20,bm25,bm25,bm25,bm25,ce100,hybrid,hybrid,hybrid,hybrid
fever:128370,bm25,ce100,bm25,ce100,ce100,ce100,bi200,ce20,ce20,bi200
fever:128385,bm25,ce20,ce20,bm25,ce20,bm25,ce100,ce20,ce20,bm25
fever:128406,bm25,bm25,bm25,bm25,bm25,hybrid,ce100,bi200,hybrid,bi200
fever:128415,bm25,ce20,ce20,bm25,ce20,bi200,bi200,bi200,hybrid,bm25
fever:128418,bm25,ce100,bm25,ce20,ce100,bi200,bi200,bi200,bi200,bi200
fever:12843,ce100,ce20,bm25,bm25,bm25,hybrid,ce20,bi200,hybrid,bi200
fever:12844,ce100,ce20,bm25,bm25,bm25,hybrid,ce20,bi200,hybrid,hybrid
fever:128454,ce20,bm25,bm25,bm25,bm25,ce20,ce100,ce20,ce20,ce20
fever:128459,bm25,bm25,bm25,bm25,bm25,bm25,ce100,hybrid,ce20,bm25
fever:128461,bm25,bm25,bm25,bm25,bm25,bm25,bm25,bi200,bi200,bi200
fever:128467,bm25,ce20,ce20,ce100,bm25,ce20,hybrid,ce20,hybrid,ce20
fever:128497,bm25,bm25,bm25,ce20,ce20,hybrid,bm25,hybrid,bi200,bm25
fever:12852,bm25,bm25,bm25,bm25,bm25,ce20,bm25,bm25,hybrid,bm25
fever:128532,ce100,ce20,ce100,ce100,ce100,bi200,bi200,ce100,hybrid,hybrid
fever:128538,ce20,bm25,bm25,ce20,bm25,ce20,bi200,bm25,bm25,bm25
fever:128539,ce100,bm25,ce100,ce20,ce100,bi200,ce100,bm25,ce20,bm25
fever:128551,ce20,ce100,ce20,ce20,ce20,ce20,ce100,ce100,hybrid,ce20
fever:128575,bm25,ce100,bm25,bm25,bm25,bm25,bm25,bi200,ce20,ce20
fever:128584,bm25,bm25,bm25,bm25,ce20,ce20,bm25,bm25,bm25,ce20
fever:128601,ce20,ce20,ce20,bm25,ce100,ce20,ce100,ce100,ce100,ce20
fever:128606,ce100,ce100,ce100,ce100,ce100,bi200,hybrid,ce100,hybrid,hybrid
fever:128631,bm25,ce20,bm25,bm25,ce20,ce20,bm25,bm25,bm25,bm25
fever:128642,bm25,bm25,bm25,ce20,bm25,ce20,bm25,bm25,ce20,bm25
fever:128676,ce20,bm25,bm25,ce20,ce100,ce20,ce20,ce20,ce20,bm25
fever:128686,ce20,ce100,ce100,ce100,ce100,ce100,ce100,ce20,ce100,ce20
fever:128709,bm25,ce20,bm25,bm25,bm25,ce20,bi200,hybrid,ce20,bm25
fever:128720,bm25,ce20,ce20,ce20,ce20,ce20,ce100,ce20,bm25,bm25
fever:128723,bm25,bm25,bm25,bm25,bm25,bm25,bm25,bm25,bm25,bm25
fever:128741,ce20,bm25,bm25,bm25,bm25,hybrid,ce100,hybrid,ce20,bm25
fever:128744,bm25,ce20,ce20,ce20,ce20,ce20,ce20,ce100,ce20,ce20
fever:128760,ce20,ce20,ce20,ce20,ce20,ce20,ce100,hybrid,ce20,ce20
fever:128768,bm25,ce20,bm25,bm25,ce100,hybrid,ce20,hybrid,hybrid,bi200
fever:128793,ce20,ce100,ce20,ce100,ce20,ce100,hybrid,bi200,ce20,ce100
fever:128807,ce20,ce100,ce100,ce100,ce100,hybrid,ce100,hybrid,hybrid,hybrid
fever:128826,ce20,bm25,bm25,ce20,ce20,ce20,ce20,hybrid,ce20,hybrid
fever:128827,bm25,ce20,ce20,ce20,ce20,ce20,bm25,ce20,ce20,ce20
fever:128837,bm25,ce20,bm25,bm25,bm25,hybrid,bm25,bm25,ce20,hybrid
fever:128843,bm25,ce20,bm25,bm25,bm25,ce20,ce100,ce20,ce20,ce20
fever:128844,ce20,ce100,ce100,bm25,ce100,ce100,bi200,bi200,hybrid,hybrid
fever:128856,ce20,ce100,ce20,ce100,bm25,bi200,ce100,bi200,bi200,hybrid
fever:128870,ce100,bm25,ce100,bm25,ce100,bi200,ce100,hybrid,hybrid,ce20
fever:128888,ce20,ce20,bm25,ce20,ce20,bi200,ce100,bi200,hybrid,ce20
fever:128896,bm25,bm25,bm25,ce20,bm25,ce20,bm25,hybrid,bi200,bi200
fever:128909,ce100,ce20,ce100,ce20,ce20,ce20,ce100,bm25,ce20,ce20
fever:128931,bm25,ce20,bm25,bm25,bm25,ce20,ce20,bm25,bm25,ce20
fever:128967,bm25,ce20,ce20,bm25,bm25,ce20,bm25,hybrid,hybrid,ce20
fever:128975,bm25,bm25,bm25,bm25,ce20,bm25,ce100,ce20,hybrid,bm25
fever:129006,bm25,ce20,bm25,bm25,bm25,ce20,bi200,bm25,bm25,bi200
fever:129011,ce100,ce20,ce20,ce100,ce20,ce20,bm25,ce20,ce20,bi200
fever:129026,ce20,ce20,ce20,ce20,ce20,ce20,ce100,ce20,ce20,ce20
fever:129051,bm25,ce100,ce100,bm25,bm25,ce100,bi200,hybrid,hybrid,hybrid
fever:129063,bm25,bm25,bm25,bm25,bm25,bm25,bm25,bm25,ce20,bm25
fever:129066,bm25,bm25,bm25,bm25,ce20,bm25,ce100,bm25,ce20,bi200
fever:129071,ce100,ce20,ce20,ce20,ce20,bi200,bi200,bi200,ce100,hybrid
fever:129088,ce20,bm25,ce20,bm25,bm25,ce20,ce20,ce20,bm25,bm25
fever:129093,bm25,ce100,bm25,bm25,bm25,ce100,bi200,bm25,ce20,bi200
fever:129108,ce100,ce20,ce100,ce20,ce100,ce20,ce100,ce100,bi200,hybrid
fever:129137,ce20,ce20,ce100,ce20,ce100,ce20,ce100,hybrid,ce20,bm25
fever:129171,ce100,ce100,ce20,ce100,ce20,hybrid,ce20,ce100,ce100,ce100
fever:129180,bm25,ce20,bm25,bm25,bm25,bi200,bi200,bm25,bi200,bi200
fever:129221,bm25,ce20,ce20,ce20,ce20,ce20,bm25,bm25,hybrid,bm25
fever:129239,ce20,bm25,ce20,bm25,ce20,ce20,ce100,ce20,ce20,ce20
fever:129241,bm25,bm25,bm25,ce20,ce20,bi200,bm25,hybrid,hybrid,bm25
fever:129248,ce20,ce20,ce20,bm25,ce20,bi200,ce100,hybrid,ce20,ce20
fever:129254,ce20,ce20,ce20,ce20,ce20,ce20,ce20,bm25,ce20,hybrid
fever:129255,bm25,bm25,bm25,bm25,bm25,bm25,ce100,ce20,bm25,ce20
fever:129305,ce20,bm25,bm25,ce20,bm25,bi200,ce20,bi200,bi200,bi200
fever:129352,ce20,ce20,bm25,ce20,bm25,ce20,ce100,ce20,ce20,ce20
fever:12936,ce100,ce100,ce100,ce20,ce100,bi200,bi200,bi200,bi200,bi200
fever:129369,ce100,ce100,ce100,bm25,bm25,ce100,ce100,bi200,hybrid,ce100
fever:129378,ce20,ce100,ce20,ce20,ce100,bi200,hybrid,hybrid,hybrid,hybrid
fever:129391,ce100,ce100,ce20,bm25,ce100,ce100,bm25,hybrid,hybrid,bm25
fever:129412,ce20,ce100,bm25,bm25,bm25,bm25,bi200,hybrid,bi200,hybrid
fever:129419,ce100,ce100,ce20,ce100,ce100,ce100,ce100,bm25,ce100,hybrid
fever:129420,ce100,ce100,bm25,bm25,ce100,bi200,ce100,bi200,hybrid,bi200
fever:129426,ce20,bm25,bm25,bm25,ce20,hybrid,bm25,hybrid,bm25,ce20
fever:12943,ce20,bm25,ce20,bm25,ce20,ce20,ce100,bm25,ce20,ce20
fever:129439,bm25,bm25,bm25,bm25,bm25,bm25,bm25,bm25,bm25,bm25
fever:129441,ce20,bm25,ce20,ce100,ce100,bi200,ce100,bi200,hybrid,ce20
fever:129460,ce20,bm25,bm25,bm25,ce20,bi200,bm25,ce20,ce20,bm25
fever:129462,bm25,bm25,bm25,bm25,bm25,bm25,bm25,bm25,ce20,bm25
fever:129463,ce100,ce20,ce20,ce100,ce100,bi200,bi200,ce100,bi200,bi200
fever:12948,bm25,bm25,bm25,ce20,bm25,bm25,bm25,bm25,bm25,bm25
fever:129517,ce100,ce100,ce100,bm25,ce100,bi200,bi200,bi200,bi200,bi200
fever:129531,bm25,ce20,bm25,bm25,bm25,hybrid,bm25,hybrid,bm25,ce20
fever:129554,ce20,ce20,ce20,ce20,ce100,hybrid,hybrid,hybrid,hybrid,ce20
fever:129557,ce100,ce100,bm25,ce100,ce100,hybrid,hybrid,bi200,hybrid,bi200
fever:129558,ce20,ce20,ce20,bm25,ce20,ce100,ce100,ce20,bi200,ce20
fever:129570,bm25,ce100,bm25,bm25,bm25,bi200,bm25,bm25,bi200,bm25
fever:129575,ce20,ce100,ce100,ce20,ce100,ce100,ce100,bi200,hybrid,bi200
fever:129578,ce20,ce100,bm25,bm25,bm25,ce100,bm25,ce20,hybrid,bm25
fever:129601,bm25,ce20,ce20,bm25,ce20,ce20,bm25,ce100,ce20,bm25
fever:129632,bm25,ce100,ce20,bm25,ce20,ce20,ce100,ce20,ce100,hybrid
fever:129634,ce100,ce100,ce20,bm25,ce100,ce100,bi200,ce100,bi200,ce100
fever:129650,bm25,bm25,bm25,ce20,bm25,bi200,ce100,ce100,bi200,bi200
fever:129654,ce100,ce100,ce100,ce100,ce100,ce100,bi200,bi200,hybrid,bi200
fever:12967,ce20,bm25,ce20,ce20,ce20,ce100,ce100,ce100,bi200,hybrid
fever:129672,ce20,bm25,bm25,bm25,bm25,bi200,bi200,hybrid,hybrid,bi200
fever:129698,bm25,bm25,bm25,bm25,bm25,bm25,bm25,bm25,ce20,bm25
fever:129710,bm25,ce100,bm25,bm25,bm25,ce20,bi200,bm25,bi200,bm25
fever:129729,ce20,ce20,ce20,bm25,ce20,bi200,ce20,ce100,ce20,ce20
fever:129736,ce20,bm25,bm25,ce20,ce20,bi200,bm25,bm25,ce20,bm25
fever:129752,bm25,ce20,bm25,bm25,ce20,bi200,bi200,bm25,bi200,bi200
fever:129753,ce100,ce100,ce20,ce20,ce100,hybrid,ce20,hybrid,bi200,hybrid
fever:129767,ce20,ce20,ce20,bm25,ce20,bi200,ce20,ce20,ce20,ce20
fever:129780,bm25,bm25,ce20,ce100,ce100,ce20,ce20,ce20,ce20,ce20
fever:129805,ce100,ce100,ce100,ce100,ce100,ce100,ce100,ce20,hybrid,bm25
fever:129816,ce100,ce100,ce100,ce100,ce100,hybrid,ce100,bm25,hybrid,hybrid
fever:129818,ce20,ce20,ce20,ce20,ce100,bi200,ce100,ce100,ce20,ce20
fever:129819,bm25,ce20,bm25,ce20,ce20,bi200,bi200,hybrid,bi200,bi200
fever:129820,ce20,ce100,ce20,ce100,ce20,ce20,ce100,ce100,ce100,ce100
fever:129829,bm25,ce20,bm25,bm25,ce20,bi200,bm25,bm25,bm25,bm25
fever:129835,bm25,ce20,bm25,bm25,ce100,bi200,bm25,hybrid,bi200,hybrid
fever:129878,bm25,bm25,bm25,bm25,bm25,ce20,ce100,bm25,bm25,ce20
fever:12990,ce100,ce100,ce20,bm25,ce20,ce100,ce20,ce20,hybrid,hybrid
fever:129907,bm25,bm25,bm25,bm25,ce20,bi200,ce20,hybrid,bm25,hybrid
fever:129909,bm25,ce100,ce100,bm25,ce100,ce100,bm25,ce20,bm25,ce100
fever:129921,bm25,ce20,bm25,bm25,bm25,hybrid,bi200,bm25,bi200,bi200
fever:129932,bm25,bm25,bm25,bm25,bm25,bm25,bm25,bm25,bm25,bm25
fever:129996,bm25,bm25,ce20,bm25,bm25,bm25,bm25,ce20,bm25,bm25
fever:130007,ce100,ce100,ce100,bm25,ce100,ce100,ce100,ce20,ce20,bm25
fever:13001,ce20,ce100,ce100,ce20,ce20,bi200,ce100,bi200,hybrid,hybrid
fever:130010,ce100,ce100,ce100,ce100,ce100,ce20,ce100,ce100,ce100,bi200
fever:130027,ce20,bm25,ce20,bm25,ce20,bi200,bi200,bi200,bi200,bi200
fever:130048,bm25,bm25,ce100,ce20,ce20,ce20,ce20,ce100,ce20,ce100
fever:130052,ce100,ce100,bm25,bm25,ce100,bi200,bi200,bi200,bi200,bi200
fever:130059,ce20,bm25,ce20,ce20,ce20,bi200,bi200,ce100,ce20,ce20
fever:130077,ce20,ce100,ce100,ce20,ce100,ce100,bm25,hybrid,ce20,hybrid
fever:130108,bm25,bm25,bm25,bm25,bm25,ce20,bm25,bm25,ce20,bm25
fever:130146,ce20,ce20,ce20,ce20,ce20,bm25,hybrid,bi200,ce20,hybrid
fever:130147,bm25,ce20,ce20,ce20,ce20,bm25,ce20,hybrid,ce20,ce20
fever:130151,ce100,ce100,ce100,ce100,ce100,hybrid,bi200,hybrid,hybrid,hybrid
fever:130158,bm25,ce100,bm25,ce20,ce20,ce100,ce20,hybrid,ce100,bi200
fever:130181,bm25,ce100,ce20,bm25,ce20,ce20,ce100,ce20,ce20,ce20
fever:130204,bm25,ce100,ce20,ce20,ce20,bi200,bi200,bi200,bi200,bi200
fever:130220,ce100,ce100,ce20,ce100,ce100,ce20,ce100,hybrid,hybrid,hybrid
fever:130226,bm25,bm25,bm25,ce20,bm25,bi200,bm25,hybrid,ce20,bm25
fever:130248,ce100,ce100,ce100,ce100,ce100,bi200,ce100,bi200,ce100,bi200
fever:130289,bm25,ce100,ce100,bm25,ce100,bm25,ce100,bi200,bi200,bm25
fever:130301,ce20,bm25,ce20,bm25,ce20,ce100,ce100,hybrid,ce100,ce20
fever:130317,ce20,ce20,ce20,ce20,ce20,ce20,ce20,ce100,ce100,ce20
fever:130325,ce100,ce100,ce20,bm25,ce100,ce20,bi200,bi200,bi200,bi200
fever:130332,ce20,ce20,bm25,bm25,ce20,bi200,bm25,hybrid,hybrid,bi200
fever:130338,bm25,bm25,ce20,ce100,ce100,ce100,ce100,ce100,ce100,ce100
fever:130400,ce100,ce100,ce100,bm25,ce100,bm25,ce100,bm25,ce20,ce20
fever:130406,bm25,ce20,bm25,bm25,bm25,bm25,bm25,ce20,ce20,bm25
fever:130415,ce20,ce20,bm25,ce20,ce20,ce100,bi200,bm25,ce20,hybrid
fever:130501,bm25,bm25,bm25,bm25,bm25,hybrid,bm25,hybrid,hybrid,bm25
fever:130561,ce100,ce100,ce100,bm25,ce100,bi200,hybrid,hybrid,hybrid,ce100
fever:130593,ce20,ce20,ce20,ce20,ce20,bi200,ce20,ce100,ce100,ce20
fever:130611,bm25,ce100,ce20,ce20,ce100,bi200,bi200,bi200,hybrid,bi200
fever:130614,bm25,ce20,ce20,bm25,bm25,ce20,ce20,ce20,ce20,ce20
fever:130631,bm25,bm25,bm25,bm25,bm25,bm25,bm25,ce20,ce20,ce20
fever:130637,bm25,bm25,bm25,bm25,bm25,bm25,bi200,hybrid,hybrid,hybrid
fever:130683,ce20,ce20,bm25,bm25,ce100,bi200,bi200,ce20,bi200,bi200
fever:13069,ce20,ce100,ce100,ce100,ce100,ce100,ce100,ce100,ce100,ce100
fever:130703,ce20,bm25,bm25,bm25,ce20,hybrid,ce20,ce20,ce20,ce20
fever:130717,ce20,ce20,ce100,ce20,ce20,bi200,hybrid,hybrid,bi200,bm25
fever:130721,bm25,bm25,bm25,bm25,bm25,ce20,ce20,ce20,ce20,hybrid
fever:130726,ce20,ce100,bm25,ce20,ce20,ce100,bm25,bi200,ce20,bi200
fever:130727,bm25,bm25,bm25,bm25,ce100,ce20,ce100,bm25,bm25,bm25
fever:13076,ce20,bm25,bm25,bm25,bm25,bm25,ce100,ce20,hybrid,bm25
fever:130763,ce20,ce20,bm25,ce20,ce100,ce20,ce20,ce20,bm25,ce20
fever:13079,bm25,bm25,bm25,bm25,bm25,ce20,ce100,ce20,bi200,bm25
fever:130820,bm25,bm25,bm25,bm25,bm25,ce20,bm25,ce20,bm25,bm25
fever:130833,bm25,ce20,bm25,bm25,ce20,ce20,ce20,ce20,ce20,bm25
fever:130849,ce100,ce100,ce100,ce20,ce100,ce20,ce100,ce100,ce20,ce100
fever:13085,bm25,ce20,ce20,bm25,ce20,ce20,ce100,ce20,bm25,bi200
fever:130854,bm25,bm25,bm25,bm25,bm25,bm25,bm25,hybrid,hybrid,bm25
fever:13086,ce20,ce20,ce20,bm25,ce20,ce20,ce20,bi200,bm25,bm25
fever:130871,ce20,ce20,ce20,ce20,ce20,ce100,bm25,hybrid,hybrid,ce20
fever:130920,bm25,ce20,ce20,ce20,bm25,ce20,ce20,bm25,bm25,bm25
fever:130923,bm25,bm25,bm25,bm25,ce20,ce20,ce20,ce20,ce20,ce20
fever:130932,bm25,bm25,bm25,bm25,ce20,ce20,ce100,ce20,bm25,ce20
fever:130946,ce100,ce20,ce20,bm25,ce20,bi200,bi200,bi200,bi200,bm25
fever:130948,ce100,ce100,bm25,ce100,ce100,ce100,ce100,hybrid,ce100,hybrid
fever:130955,ce20,bm25,bm25,bm25,bm25,bm25,bm25,bm25,ce20,hybrid
fever:130959,ce20,ce100,bm25,bm25,ce20,hybrid,ce100,ce20,bi200,hybrid
fever:130963,ce20,bm25,bm25,bm25,ce100,ce20,bi200,ce20,hybrid,ce20
fever:130978,bm25,bm25,bm25,bm25,bm25,bm25,bm25,hybrid,bm25,bm25
fever:130998,bm25,bm25,bm25,bm25,bm25,bm25,bm25,bm25,bm25,bm25
fever:131006,ce20,ce100,ce20,ce20,bm25,ce20,ce100,ce20,ce20,ce20
fever:131009,ce20,ce100,ce100,bm25,ce100,ce100,ce100,hybrid,ce20,hybrid
fever:131056,ce20,bm25,bm25,bm25,ce20,hybrid,bm25,bm25,hybrid,hybrid
fever:131060,ce100,ce100,bm25,ce20,ce100,ce100,ce100,hybrid,hybrid,hybrid
fever:131072,bm25,bm25,bm25,bm25,bm25,bm25,bm25,ce20,hybrid,bm25
fever:131087,bm25,bm25,bm25,bm25,bm25,hybrid,bm25,ce20,hybrid,bm25
fever:131105,bm25,bm25,bm25,bm25,ce20,ce100,bm25,ce20,bi200,bm25
fever:131139,ce20,bm25,bm25,bm25,ce20,ce20,ce100,hybrid,ce20,bi200
fever:131149,bm25,bm25,ce20,bm25,ce20,bm25,ce100,hybrid,ce20,ce20
fever:131163,ce100,ce100,bm25,bm25,ce100,hybrid,ce100,hybrid,hybrid,hybrid
fever:131174,ce100,bm25,ce100,ce100,ce100,bi200,ce100,bi200,bi200,hybrid
fever:131244,bm25,ce20,ce20,bm25,ce20,ce20,ce100,ce100,ce20,bi200
fever:131250,ce20,ce20,bm25,bm25,ce100,bi200,bi200,bi200,hybrid,bi200
fever:131251,bm25,bm25,bm25,bm25,bm25,bm25,bm25,ce20,ce20,bm25
fever:131255,ce100,bm25,ce20,ce20,ce100,ce100,bi200,ce20,bm25,bi200
fever:13126,ce20,ce20,ce100,bm25,ce100,ce20,bm25,hybrid,ce20,bm25
fever:131268,ce100,ce100,ce100,ce100,ce100,ce100,bi200,bm25,ce100,ce100
fever:13127,ce20,ce20,ce20,ce20,ce100,ce20,bm25,bi200,ce20,bi200
fever:131277,ce20,ce100,ce20,ce20,ce20,bi200,ce100,bi200,ce20,bi200
fever:131295,ce20,bm25,bm25,ce20,ce20,bi200,ce100,ce20,ce20,ce20
fever:1313,ce100,ce100,ce20,ce100,ce100,ce100,ce100,ce100,hybrid,hybrid
fever:131309,bm25,ce20,ce20,bm25,ce20,ce20,ce100,ce20,ce20,ce20
fever:131314,ce20,bm25,ce20,ce100,ce20,ce20,ce100,ce20,ce20,bi200
fever:131318,bm25,ce20,ce20,ce100,ce100,bi200,ce100,ce20,hybrid,hybrid
fever:13132,ce100,ce100,ce100,ce100,ce20,ce100,bi200,ce100,ce100,ce20
fever:131337,ce20,ce20,bm25,ce100,ce20,bi200,ce100,ce100,ce100,hybrid
fever:131373,ce100,ce100,ce100,ce100,ce20,ce20,ce100,ce100,ce100,bi200
fever:131375,ce20,ce20,ce20,ce20,ce20,ce20,bm25,ce20,ce20,bm25
fever:131376,ce20,ce20,ce20,ce20,ce20,ce20,hybrid,ce20,hybrid,hybrid
fever:13138,ce100,ce100,ce100,ce20,ce20,ce20,ce100,ce100,ce20,bi200
fever:131396,ce20,ce20,bm25,ce20,ce20,bi200,bi200,hybrid,bi200,ce20
fever:131409,ce20,ce100,ce100,bm25,ce100,bi200,bi200,hybrid,hybrid,bi200
fever:131411,ce100,bm25,bm25,ce20,ce20,bi200,bm25,hybrid,bi200,bi200
fever:131416,ce20,ce100,ce20,bm25,ce20,ce100,bm25,bi200,hybrid,bi200
fever:131417,ce20,bm25,bm25,bm25,bm25,ce100,ce100,ce20,ce20,bi200
fever:131422,ce100,ce100,ce20,ce100,ce100,ce20,ce100,bi200,bi200,hybrid
fever:131440,ce20,bm25,bm25,bm25,ce20,hybrid,bm25,hybrid,hybrid,bm25
fever:131477,ce20,bm25,bm25,bm25,bm25,bm25,ce20,ce20,bm25,bm25
fever:131487,ce20,ce100,ce100,ce100,ce100,ce20,ce100,ce20,ce100,bm25
fever:131495,ce100,ce20,bm25,bm25,ce100,hybrid,ce100,hybrid,hybrid,hybrid
fever:131512,bm25,ce20,bm25,bm25,ce20,ce20,bm25,ce20,bm25,bm25
fever:131513,bm25,ce20,bm25,bm25,ce20,ce20,bm25,ce20,ce20,ce20
fever:131520,bm25,bm25,bm25,bm25,bm25,hybrid,bi200,bm25,ce20,bm25
fever:131529,bm25,bm25,ce20,bm25,bm25,ce20,bi200,ce20,hybrid,bm25
fever:131530,ce20,bm25,bm25,bm25,bm25,bm25,bm25,ce20,bi200,bm25
fever:131540,ce20,ce20,ce20,bm25,ce20,ce20,ce100,ce20,ce20,ce20
fever:131547,ce100,ce100,ce100,ce100,ce100,bi200,hybrid,hybrid,bi200,bi200
fever:13155,ce20,ce100,ce20,ce100,ce20,ce100,ce100,bi200,ce20,bi200
fever:131576,ce20,bm25,ce20,bm25,ce20,ce20,bm25,bm25,ce20,ce20
fever:131584,ce100,ce100,ce20,bm25,ce100,hybrid,bi200,hybrid,hybrid,hybrid
fever:131591,ce100,ce100,ce20,bm25,ce100,ce20,hybrid,ce20,hybrid,hybrid
fever:131594,ce20,ce20,bm25,ce20,bm25,ce20,bi200,bi200,ce20,ce20
fever:131597,bm25,bm25,bm25,bm25,bm25,ce20,bm25,ce20,bi200,ce20
fever:131625,bm25,ce20,bm25,ce20,ce20,ce20,ce20,ce20,ce20,ce20
fever:131634,ce20,bm25,ce20,ce20,ce100,ce20,ce100,bm25,ce100,bm25
fever:131650,ce100,ce100,ce20,ce100,ce100,bi200,ce100,bi200,ce20,ce20
fever:131660,ce100,ce100,ce100,bm25,ce100,bi200,ce100,bi200,bi200,bi200
fever:131663,bm25,bm25,bm25,bm25,bm25,ce100,bi200,bm25,bm25,bm25
fever:131670,ce20,ce20,ce20,bm25,ce20,bm25,bi200,hybrid,hybrid,bm25
fever:131690,bm25,bm25,bm25,ce20,bm25,ce100,bi200,ce20,hybrid,hybrid
fever:131701,ce20,ce20,ce100,ce20,ce20,ce20,ce100,bi200,ce100,ce20
fever:131703,ce20,bm25,ce20,ce20,ce20,ce20,bm25,ce100,ce100,hybrid
fever:131728,bm25,bm25,bm25,bm25,bm25,bm25,bm25,bm25,bm25,bm25
fever:131735,ce20,ce20,ce20,ce20,ce20,ce20,ce100,bi200,ce20,bm25
fever:131756,bm25,ce100,bm25,ce20,bm25,ce20,ce20,ce100,ce20,bm25
fever:131765,ce20,ce100,ce100,ce100,ce100,ce100,bi200,bi200,ce100,hybrid
fever:131782,ce20,ce100,ce100,ce100,ce20,hybrid,ce100,hybrid,hybrid,ce100
fever:131786,bm25,bm25,bm25,bm25,bm25,ce20,bm25,bm25,ce20,ce20
fever:131823,ce100,ce100,ce20,ce100,ce100,ce20,ce100,ce100,ce100,ce100
fever:131839,ce20,ce20,ce20,bm25,ce20,ce20,ce100,hybrid,hybrid,bm25
fever:131865,bm25,bm25,ce20,ce20,bm25,bm25,bm25,ce20,ce20,ce20
fever:131931,ce100,ce20,ce20,bm25,ce100,ce20,ce100,ce20,hybrid,hybrid
fever:131965,ce20,ce20,ce20,bm25,ce20,ce20,bm25,ce20,ce20,ce20
fever:131969,ce100,ce100,ce100,ce100,ce100,hybrid,bi200,hybrid,hybrid,bi200
fever:131971,bm25,ce20,ce20,ce20,ce20,ce20,bm25,bm25,ce20,bm25
fever:13200,ce100,bm25,bm25,ce20,ce100,bi200,ce100,hybrid,hybrid,bi200
fever:13201,ce100,bm25,bm25,bm25,ce20,bi200,ce100,hybrid,hybrid,bi200
fever:132025,bm25,bm25,bm25,bm25,bm25,bi200,bm25,bi200,bm25,bm25
fever:132093,ce100,ce100,ce100,ce100,ce20,bi200,hybrid,ce100,hybrid,ce20
fever:13210,ce100,ce100,ce20,ce100,ce100,ce100,ce100,bi200,ce100,bi200
fever:132101,bm25,ce100,ce20,bm25,ce100,bi200,ce100,ce20,hybrid,bi200
fever:13211,ce100,ce100,ce100,ce100,ce100,bi200,bi200,bi200,bi200,hybrid
fever:13212,ce100,ce100,ce100,ce100,ce100,bi200,bi200,bi200,hybrid,bi200
fever:132132,bm25,bm25,ce20,ce20,ce20,ce20,bi200,bm25,ce20,ce20
fever:132133,ce20,ce20,ce20,bm25,ce100,ce20,ce100,ce100,ce100,bm25
fever:132134,bm25,bm25,ce20,bm25,bm25,ce20,bi200,bm25,ce20,bm25
fever:132151,ce20,bm25,bm25,ce20,ce20,ce20,ce100,hybrid,bm25,hybrid
fever:132159,ce20,ce20,ce20,bm25,bm25,ce20,ce20,ce20,ce20,hybrid
fever:132160,ce20,ce20,ce20,ce100,ce20,bi200,bi200,hybrid,hybrid,ce20
fever:13217,ce20,ce100,ce100,ce20,ce100,ce100,ce20,bm25,ce20,bm25
fever:132214,bm25,bm25,bm25,bm25,ce20,bm25,ce20,bm25,ce20,ce20
fever:132225,bm25,ce100,ce20,bm25,ce100,ce20,ce20,ce100,bi200,bi200
fever:132243,bm25,ce100,bm25,bm25,ce100,hybrid,ce100,hybrid,hybrid,hybrid
fever:13226,ce20,bm25,bm25,bm25,bm25,bi200,bm25,bi200,ce20,hybrid
fever:132273,ce20,ce100,ce20,ce100,ce100,ce20,ce100,ce100,ce20,hybrid
fever:132294,ce20,ce20,bm25,ce20,ce20,bi200,ce20,ce100,ce20,ce100
fever:13230,ce20,ce20,ce20,bm25,ce20,bi200,bi200,bi200,bi200,hybrid
fever:132312,bm25,bm25,bm25,ce20,ce20,ce100,bm25,bi200,bm25,ce20
fever:132313,bm25,bm25,bm25,ce20,ce20,ce100,bm25,bi200,bm25,ce20
fever:132317,ce20,ce20,bm25,bm25,bm25,ce20,bm25,ce20,ce20,ce20
fever:132331,ce100,ce100,ce100,ce100,ce100,bi200,ce100,hybrid,ce100,ce100
fever:132352,bm25,ce20,ce20,bm25,bm25,ce20,ce100,bm25,ce20,bm25
fever:132355,bm25,ce20,ce20,bm25,bm25,bm25,bm25,ce20,ce20,bm25
fever:13236,ce20,ce20,ce20,ce20,bm25,ce100,ce20,bi200,bi200,bi200
fever:13239,bm25,ce100,bm25,bm25,bm25,bi200,bi200,bi200,bi200,bi200
fever:132401,ce20,bm25,bm25,bm25,ce20,bi200,bi200,bi200,hybrid,bm25
fever:13242,ce100,ce100,bm25,ce100,ce100,ce100,hybrid,bi200,hybrid,bi200
fever:132420,bm25,bm25,ce20,ce20,bm25,ce20,bm25,ce20,ce20,bm25
fever:132447,bm25,ce20,ce20,bm25,ce20,hybrid,bm25,hybrid,bm25,bm25
fever:132471,bm25,ce100,ce20,bm25,bm25,ce100,bm25,bm25,ce20,bm25
fever:132473,ce20,ce100,ce100,ce100,ce20,ce20,bi200,ce100,ce20,ce100
fever:132495,ce20,bm25,ce20,bm25,ce20,ce20,hybrid,ce20,hybrid,hybrid
fever:1325,ce100,ce100,bm25,bm25,ce100,bi200,ce100,hybrid,hybrid,bm25
fever:132516,ce100,ce100,bm25,ce100,bm25,ce100,ce100,ce100,ce20,hybrid
fever:132524,bm25,ce20,bm25,bm25,ce20,ce100,bi200,ce20,ce20,bm25
fever:132528,ce20,bm25,bm25,bm25,ce100,hybrid,bi200,hybrid,hybrid,bm25
fever:132554,bm25,bm25,bm25,bm25,bm25,bm25,bm25,hybrid,hybrid,bm25
fever:132600,bm25,bm25,ce100,bm25,ce20,hybrid,ce20,hybrid,hybrid,bm25
fever:132619,ce100,ce100,ce100,ce100,ce100,ce100,ce100,ce100,ce20,ce100
fever:132620,ce100,ce20,bm25,ce100,ce100,hybrid,ce100,hybrid,hybrid,bm25
fever:132647,ce20,bm25,bm25,bm25,bm25,bm25,ce20,bm25,bm25,bm25
fever:132649,ce100,bm25,bm25,ce20,ce20,bi200,ce100,hybrid,ce100,bi200
fever:132679,bm25,ce100,ce20,bm25,ce20,ce100,bm25,ce20,ce100,ce100
fever:132681,ce20,ce20,ce20,bm25,ce20,ce100,ce100,hybrid,ce20,hybrid
fever:132700,bm25,bm25,bm25,bm25,bm25,bm25,ce20,ce20,bm25,bm25
fever:132705,bm25,ce20,ce20,bm25,ce100,ce20,ce100,ce100,ce20,ce20
fever:132716,ce20,ce100,bm25,bm25,bm25,bm25,ce100,ce20,bm25,ce20
fever:132762,bm25,bm25,ce20,bm25,ce20,ce20,ce100,ce20,ce20,bi200
fever:132766,ce100,ce20,ce100,bm25,ce100,ce20,ce100,hybrid,bi200,ce100
fever:132775,ce20,bm25,ce100,bm25,ce20,ce20,hybrid,bm25,hybrid,hybrid
fever:132786,bm25,ce20,bm25,bm25,ce20,ce20,bm25,ce20,ce20,bm25
fever:132789,ce20,ce20,ce20,ce20,bm25,ce20,ce100,bm25,bm25,bm25
fever:132806,ce20,ce100,ce100,bm25,ce20,ce100,ce100,ce20,ce20,ce20
fever:132858,bm25,bm25,bm25,ce100,ce100,bi200,bi200,bi200,bi200,bi200
fever:132865,bm25,ce20,ce20,ce20,bm25,ce20,ce100,ce20,ce20,bm25
fever:132874,ce100,ce100,ce20,ce20,ce100,ce20,bi200,ce20,bi200,bi200
fever:132883,bm25,bm25,bm25,bm25,bm25,ce20,bi200,hybrid,bm25,bm25
fever:132900,bm25,ce20,bm25,ce20,ce20,bi200,ce100,bi200,bi200,hybrid
fever:132902,ce20,bm25,bm25,bm25,ce20,bi200,bm25,hybrid,hybrid,ce20
fever:132990,bm25,ce100,ce100,bm25,ce100,bi200,bi200,ce100,hybrid,ce20
fever:132996,ce20,ce20,bm25,bm25,ce20,bm25,ce100,ce100,ce20,ce100
fever:133021,ce20,bm25,ce20,ce20,ce20,bi200,ce100,hybrid,ce20,ce20
fever:133029,bm25,ce20,bm25,ce20,ce20,bi200,ce20,ce20,ce20,hybrid
fever:13312,ce100,ce20,ce100,ce100,ce20,hybrid,ce100,ce20,hybrid,hybrid
fever:133169,bm25,ce100,bm25,ce20,bm25,hybrid,ce100,bi200,bi200,bm25
fever:133176,bm25,ce20,ce20,ce20,ce100,ce100,bm25,ce100,ce20,ce20
fever:133186,bm25,ce20,ce20,ce20,ce20,ce20,ce100,ce20,ce20,ce20
fever:133233,ce20,bm25,bm25,bm25,ce20,hybrid,bi200,hybrid,hybrid,bi200
fever:133234,bm25,bm25,bm25,bm25,bm25,bi200,bi200,bm25,bi200,bi200
fever:133251,bm25,ce20,ce20,bm25,ce20,ce20,ce100,ce20,ce20,ce20
fever:13327,ce20,bm25,bm25,ce20,ce20,ce20,bm25,bm25,ce20,bi200
fever:133282,ce20,ce100,ce100,ce20,ce20,ce20,ce100,ce20,ce100,hybrid
fever:133284,ce100,bm25,bm25,bm25,bm25,bi200,bm25,ce100,ce20,ce20
fever:133295,bm25,bm25,bm25,bm25,ce20,bm25,bm25,bm25,bm25,bm25
fever:133360,bm25,ce20,bm25,ce20,ce100,bm25,hybrid,hybrid,hybrid,bm25
fever:133374,bm25,ce20,ce20,bm25,ce20,ce20,ce100,ce20,ce20,ce20
fever:133395,bm25,bm25,bm25,ce20,ce100,ce20,ce100,bm25,bm25,ce100
fever:133407,ce100,ce100,bm25,ce20,ce100,bi200,bi200,bi200,bi200,hybrid
fever:133418,ce100,ce100,ce20,bm25,ce100,bi200,hybrid,ce100,hybrid,bi200
fever:133441,ce20,bm25,bm25,bm25,ce20,bm25,bm25,bm25,ce20,bm25
fever:133446,ce100,ce20,bm25,bm25,ce100,bi200,bi200,hybrid,bi200,hybrid
fever:133456,ce100,ce100,ce100,ce100,ce100,bi200,bi200,bi200,bi200,bi200
fever:133461,ce20,ce20,ce20,ce20,ce20,ce20,bm25,bi200,ce20,ce20
fever:133476,bm25,bm25,bm25,bm25,bm25,bi200,bm25,ce20,hybrid,hybrid
fever:133512,ce20,ce100,ce20,bm25,ce100,bi200,bi200,bi200,bi200,bi200
fever:133523,ce100,ce100,ce100,ce100,ce100,ce100,ce100,bi200,ce20,ce100
fever:133529,ce100,ce100,ce100,ce20,ce100,bi200,ce100,ce100,bi200,ce100
fever:133539,ce20,ce20,ce20,bm25,bm25,bi200,bi200,bm25,bi200,bm25
fever:133564,bm25,ce20,bm25,bm25,bm25,hybrid,bi200,bm25,bm25,bm25
fever:133599,ce20,ce20,bm25,bm25,ce20,ce100,ce100,hybrid,ce20,hybrid
fever:13362,bm25,bm25,bm25,bm25,bm25,ce20,hybrid,bm25,ce20,ce20
fever:133650,ce20,ce20,ce20,bm25,ce100,ce20,ce100,bi200,ce20,ce20
fever:133680,bm25,ce100,bm25,ce100,ce100,bi200,bi200,hybrid,bi200,bi200
fever:133686,bm25,bm25,ce20,bm25,bm25,ce20,bm25,bm25,ce20,ce20
fever:13369,ce100,ce20,ce20,ce100,ce20,ce20,ce20,hybrid,ce20,ce20
fever:133704,ce100,ce20,ce100,ce100,ce100,ce20,ce100,hybrid,ce20,hybrid
fever:133707,ce20,ce100,ce20,ce20,ce20,ce20,ce100,ce20,ce100,ce100
fever:133767,ce20,bm25,ce20,bm25,ce20,ce20,bi200,bm25,ce20,bm25
fever:133783,ce100,ce100,ce100,ce100,ce20,bi200,ce20,bi200,hybrid,hybrid
fever:133797,bm25,bm25,ce20,bm25,bm25,ce20,bm25,ce20,ce20,bi200
fever:133803,ce100,ce100,ce100,ce100,ce100,ce100,bi200,ce100,ce100,ce100
fever:133840,ce20,ce20,bm25,bm25,ce20,ce100,ce20,hybrid,hybrid,bm25
fever:133843,ce20,ce20,bm25,ce20,ce100,ce100,bi200,bm25,bm25,bi200
fever:133910,bm25,ce100,ce100,ce100,ce100,ce100,bi200,bi200,bi200,bi200
fever:133948,ce20,ce20,ce100,bm25,ce20,ce100,bm25,hybrid,ce20,ce20
fever:13395,bm25,bm25,bm25,bm25,bm25,ce100,bm25,hybrid,hybrid,hybrid
fever:13396,bm25,bm25,bm25,bm25,bm25,hybrid,bm25,hybrid,hybrid,bi200
fever:133963,ce100,ce100,ce100,ce100,ce100,ce100,bi200,ce100,bi200,bi200
fever:134070,bm25,ce100,bm25,bm25,ce100,bi200,bi200,bm25,hybrid,bi200
fever:134076,bm25,ce20,ce20,ce20,ce20,bm25,bm25,ce20,ce20,ce20
fever:134086,bm25,bm25,bm25,bm25,bm25,bm25,bm25,bm25,bm25,hybrid
fever:134097,bm25,ce20,bm25,ce20,bm25,bm25,bm25,ce20,bm25,hybrid
fever:134099,ce20,ce100,bm25,bm25,ce20,ce100,ce20,ce20,bm25,bm25
fever:134101,ce100,ce100,ce100,ce100,ce100,ce100,ce100,hybrid,hybrid,bi200
fever:134118,ce100,bm25,bm25,bm25,ce20,bi200,ce100,bi200,ce20,bi200
fever:134119,ce20,bm25,bm25,ce20,ce20,bi200,bi200,hybrid,bi200,bm25
fever:134126,ce100,bm25,bm25,bm25,ce20,bi200,bm25,hybrid,ce20,bm25
fever:134135,bm25,ce20,ce20,bm25,ce20,bi200,bi200,bi200,bi200,bi200
fever:134179,ce20,ce20,bm25,bm25,ce20,bi200,ce100,hybrid,hybrid,bi200
fever:134188,ce20,bm25,ce20,bm25,bm25,ce100,ce20,ce20,bm25,bm25
fever:134200,bm25,bm25,bm25,ce20,bm25,ce20,bm25,ce20,bm25,bm25
fever:134212,ce20,ce20,ce20,bm25,ce20,ce20,ce20,ce100,hybrid,ce20
fever:134242,bm25,ce20,ce20,bm25,ce20,ce20,ce20,ce100,ce20,ce20
fever:134314,ce100,ce20,bm25,ce20,ce20,bi200,ce100,bi200,hybrid,bm25
fever:134344,ce100,ce20,ce20,ce100,ce100,ce20,ce100,ce100,ce100,ce100
fever:134346,bm25,bm25,bm25,bm25,bm25,bm25,bm25,bm25,ce20,bi200
fever:134349,bm25,ce20,ce20,bm25,ce20,ce20,ce20,bm25,ce20,ce20
fever:134384,bm25,ce100,bm25,bm25,bm25,ce100,bm25,bm25,bm25,bm25
fever:134387,bm25,bm25,ce20,bm25,ce20,bm25,bm25,bm25,bm25,ce20
fever:134401,ce100,ce100,ce100,ce100,ce100,bi200,hybrid,ce100,hybrid,hybrid
fever:134422,ce20,bm25,bm25,bm25,ce20,bm25,bi200,bi200,bm25,bi200
fever:134425,ce20,ce100,ce100,bm25,ce100,ce20,ce20,ce100,ce20,ce100
fever:134438,bm25,ce100,bm25,ce20,bm25,ce20,bm25,bm25,bi200,bi200
fever:134442,ce100,ce100,ce20,ce20,ce100,ce20,ce100,hybrid,ce20,ce20
fever:13446,bm25,ce20,ce20,bm25,ce20,ce20,ce20,ce20,ce20,bm25
fever:134464,ce100,ce100,ce100,ce100,ce100,bi200,bi200,hybrid,hybrid,bi200
fever:134473,bm25,bm25,bm25,bm25,bm25,bm25,bm25,bi200,hybrid,bm25
fever:134498,ce100,ce100,ce100,ce100,ce100,bi200,ce100,ce100,bi200,bi200
fever:134501,bm25,ce20,bm25,ce20,bm25,ce20,ce20,bm25,ce20,bm25
fever:134563,bm25,bm25,ce100,ce100,ce100,ce100,bi200,bm25,ce100,bi200
fever:134566,ce100,ce100,bm25,ce20,ce20,hybrid,ce100,bi200,ce100,ce20
fever:134582,ce100,bm25,bm25,bm25,bm25,ce100,bi200,bm25,bi200,bi200
fever:134592,bm25,ce20,bm25,bm25,bm25,ce20,bm25,hybrid,ce20,bm25
fever:134612,ce20,ce100,ce20,bm25,ce20,ce20,ce20,ce100,hybrid,ce20
fever:134615,bm25,ce20,ce20,bm25,ce20,hybrid,bm25,bm25,bm25,bm25
fever:134617,ce20,ce20,ce20,ce100,ce100,ce100,ce100,ce100,bi200,bi200
fever:134670,bm25,ce20,bm25,bm25,ce100,hybrid,bi200,bi200,hybrid,bi200
fever:134680,ce20,ce100,ce20,bm25,ce20,ce100,bm25,bi200,hybrid,bi200
fever:134682,ce100,ce100,ce100,ce100,ce100,ce100,ce100,hybrid,ce100,ce100
fever:134692,bm25,ce20,ce20,ce20,bm25,ce20,bm25,ce20,ce20,ce20
fever:134696,bm25,bm25,bm25,bm25,bm25,bm25,bm25,ce20,ce20,bm25
fever:134710,bm25,ce20,bm25,ce20,ce20,hybrid,bm25,bm25,bm25,ce20
fever:13473,bm25,bm25,bm25,bm25,ce20,ce20,ce100,hybrid,ce20,hybrid
fever:13474,bm25,bm25,ce20,bm25,ce20,bi200,ce100,bm25,ce20,bm25
fever:134744,ce20,ce100,ce20,bm25,ce20,ce20,ce100,ce100,hybrid,ce20
fever:134787,ce100,bm25,ce20,ce20,ce20,bi200,hybrid,hybrid,ce20,hybrid
fever:134825,bm25,bm25,ce100,bm25,bm25,ce100,bm25,ce20,ce20,bm25
fever:134828,ce100,ce100,ce100,ce100,ce100,hybrid,hybrid,bi200,hybrid,bi200
fever:134830,bm25,bm25,bm25,bm25,bm25,bm25,bm25,hybrid,ce20,ce20
fever:134848,ce20,bm25,ce20,ce20,ce20,hybrid,ce100,ce100,ce20,ce20
fever:134850,ce100,ce100,ce20,ce100,ce100,bi200,ce100,ce100,bi200,bi200
fever:134854,bm25,ce100,bm25,bm25,ce20,hybrid,bm25,bm25,bm25,bi200
fever:134889,bm25,bm25,bm25,bm25,ce20,bm25,ce100,hybrid,ce20,bm25
fever:134894,ce20,bm25,ce20,ce100,ce20,ce100,bm25,hybrid,ce100,hybrid
fever:134908,ce100,ce20,ce100,ce20,ce100,bi200,bi200,bi200,bi200,ce20
fever:134916,ce20,ce100,bm25,bm25,ce20,bm25,bm25,bi200,ce20,hybrid
fever:134927,ce20,bm25,bm25,bm25,ce100,bi200,bm25,bm25,bi200,bm25
fever:134944,ce20,ce20,ce20,bm25,ce20,bi200,hybrid,bi200,ce20,bm25
fever:134950,bm25,ce100,ce20,bm25,bm25,ce100,hybrid,hybrid,bi200,hybrid
fever:134983,ce20,ce100,ce100,ce20,ce100,ce100,ce100,bi200,bi200,bi200
fever:134995,bm25,bm25,bm25,bm25,bm25,ce100,bm25,bm25,bi200,bm25
fever:134997,bm25,ce20,ce20,ce20,ce20,ce20,ce20,ce100,ce20,ce20
fever:135008,ce100,bm25,bm25,ce100,ce20,hybrid,hybrid,ce100,bi200,bi200
fever:135020,bm25,ce100,ce100,bm25,ce20,ce100,bm25,bi200,bi200,hybrid
fever:135024,bm25,bm25,bm25,bm25,bm25,bi200,bm25,ce20,hybrid,hybrid
fever:13503,bm25,ce20,ce20,ce20,ce20,ce100,ce100,hybrid,hybrid,bm25
fever:135035,bm25,ce20,bm25,bm25,ce100,ce100,ce100,hybrid,bi200,ce20
fever:13504,ce100,bm25,bm25,ce20,ce20,ce100,bi200,bi200,hybrid,bm25
fever:135055,ce100,ce100,ce100,ce100,ce100,bi200,bi200,bi200,bi200,ce100
fever:135113,ce20,bm25,bm25,ce20,bm25,hybrid,bm25,bm25,bm25,bm25
fever:13515,bm25,ce100,ce20,ce20,bm25,ce20,bm25,ce100,ce20,bi200
fever:135150,ce20,bm25,bm25,ce20,ce20,bi200,ce100,bi200,hybrid,hybrid
fever:135151,bm25,bm25,bm25,bm25,bm25,bm25,bm25,bm25,bm25,bm25
fever:135159,bm25,bm25,bm25,bm25,bm25,bm25,bm25,bm25,bm25,bm25
fever:135160,bm25,ce20,bm25,bm25,bm25,bm25,bm25,bm25,bm25,bm25
fever:135180,ce100,ce100,ce100,bm25,ce100,ce100,bi200,bi200,ce20,bi200
fever:135212,ce100,ce20,bm25,bm25,ce20,bi200,ce100,hybrid,hybrid,hybrid
fever:135215,ce100,ce20,ce20,ce20,ce20,bi200,ce100,hybrid,hybrid,ce20
fever:135291,ce20,ce100,bm25,bm25,ce20,bm25,ce20,hybrid,ce20,ce20
fever:135302,ce20,bm25,bm25,bm25,bm25,bm25,ce20,hybrid,ce20,ce20
fever:135311,ce20,ce20,bm25,bm25,ce20,ce100,ce100,ce20,ce20,bm25
fever:135322,bm25,bm25,bm25,bm25,bm25,hybrid,bm25,bi200,bm25,bm25
fever:135327,ce100,ce100,ce20,ce100,ce100,ce100,ce100,bi200,hybrid,hybrid
fever:135336,ce20,bm25,ce100,bm25,bm25,bm25,ce100,ce20,ce20,ce20
fever:135338,ce20,ce20,bm25,bm25,ce20,bi200,bm25,hybrid,hybrid,bi200
fever:135340,ce20,ce100,ce20,ce100,ce100,ce20,bi200,ce20,ce100,ce100
fever:135341,bm25,ce20,bm25,bm25,bm25,ce20,bi200,ce20,bm25,bm25
fever:135369,ce20,ce20,ce20,bm25,ce20,ce100,ce100,hybrid,ce20,ce20
fever:135420,bm25,ce100,bm25,bm25,ce100,hybrid,bi200,hybrid,hybrid,hybrid
fever:135459,bm25,bm25,bm25,bm25,bm25,hybrid,bm25,hybrid,bi200,hybrid
fever:135468,bm25,bm25,bm25,bm25,bm25,bi200,bm25,ce20,bm25,bi200
fever:135477,ce20,ce100,bm25,bm25,bm25,ce100,ce100,bi200,bm25,bm25
fever:135485,bm25,bm25,bm25,ce20,ce100,hybrid,bm25,bi200,ce20,ce20
fever:135499,ce100,ce100,bm25,ce100,ce100,bi200,ce100,hybrid,hybrid,hybrid
fever:135519,ce20,ce20,ce100,bm25,ce20,ce100,bm25,ce20,bi200,bi200
fever:135552,bm25,ce20,bm25,bm25,bm25,bm25,bm25,bm25,bm25,ce20
fever:135572,ce20,ce20,ce20,ce20,ce20,bm25,ce100,ce20,ce100,ce20
fever:135583,ce20,bm25,bm25,ce20,ce20,ce20,ce100,hybrid,bm25,ce20
fever:135589,ce20,ce20,ce20,bm25,ce20,bi200,bi200,bm25,ce20,bm25
fever:13560,bm25,bm25,bm25,bm25,bm25,bi200,ce100,bi200,bi200,bm25
fever:135642,bm25,ce20,bm25,bm25,ce20,bi200,bi200,hybrid,ce20,bi200
fever:135647,ce20,bm25,bm25,bm25,ce20,bm25,bm25,bm25,bm25,bi200
fever:135680,ce20,ce20,ce20,ce20,ce100,ce20,hybrid,ce100,ce20,ce20
fever:135684,ce100,ce20,ce20,bm25,ce20,hybrid,bi200,hybrid,hybrid,hybrid
fever:1357,bm25,bm25,bm25,bm25,bm25,bm25,bm25,ce20,bm25,bm25
fever:135740,bm25,bm25,bm25,bm25,bm25,bm25,bm25,bm25,bm25,bm25
fever:135802,ce20,ce100,ce20,ce20,ce20,bi200,bm25,ce100,hybrid,bm25
fever:135813,ce20,ce20,ce100,bm25,ce20,ce20,bm25,ce20,ce20,ce20
fever:135832,ce100,ce100,ce100,ce100,ce100,bi200,bi200,bi200,bi200,bi200
fever:135836,bm25,bm25,bm25,bm25,bm25,ce20,bm25,ce20,bm25,bm25
fever:13588,ce20,ce100,bm25,ce100,ce20,ce20,ce100,ce20,ce20,bi200
fever:135910,bm25,ce20,bm25,bm25,ce20,bm25,ce20,ce20,ce20,bm25
fever:135921,ce20,bm25,bm25,bm25,ce20,hybrid,ce20,hybrid,bm25,hybrid
fever:135928,bm25,bm25,bm25,bm25,bm25,bm25,bm25,hybrid,hybrid,bi200
fever:135930,ce20,bm25,bm25,bm25,bm25,ce20,hybrid,hybrid,ce20,bm25
fever:135939,ce20,ce20,ce20,ce20,ce20,bi200,ce100,ce100,ce20,ce20
fever:135951,bm25,ce20,ce20,ce20,ce20,ce100,ce100,ce20,hybrid,ce100
fever:135962,bm25,bm25,ce100,bm25,bm25,bi200,ce100,ce20,ce100,ce20
fever:135964,ce20,bm25,bm25,bm25,ce20,ce100,ce100,bm25,ce20,hybrid
fever:135966,ce100,ce100,ce20,ce100,ce20,bi200,hybrid,bi200,ce20,bi200
fever:135968,ce20,bm25,ce20,ce20,ce20,ce20,ce100,hybrid,ce20,hybrid
fever:136019,ce20,bm25,bm25,bm25,bm25,ce100,bm25,ce20,ce20,ce20
fever:136031,ce100,ce100,ce100,ce100,ce100,bi200,bi200,bi200,bi200,bi200
fever:136040,ce20,ce100,ce20,bm25,ce20,bi200,ce20,hybrid,ce20,ce20
fever:136045,ce100,ce100,ce100,ce100,ce100,bi200,ce100,bi200,hybrid,ce20
fever:136062,ce20,bm25,bm25,bm25,ce20,hybrid,bm25,hybrid,hybrid,hybrid
fever:136089,ce20,bm25,bm25,bm25,ce20,bm25,bm25,hybrid,ce20,bi200
fever:136093,bm25,bm25,ce20,bm25,ce20,ce20,ce100,ce100,bm25,bm25
fever:1361,bm25,bm25,bm25,bm25,bm25,hybrid,bm25,bi200,hybrid,hybrid
fever:136131,ce100,ce100,ce100,ce100,ce100,ce100,ce20,hybrid,ce20,hybrid
fever:136153,ce100,ce100,ce20,ce100,ce100,hybrid,ce100,ce100,hybrid,hybrid
fever:136192,ce20,bm25,ce20,bm25,ce20,ce20,bi200,bi200,hybrid,bm25
fever:1362,bm25,ce20,ce20,bm25,bm25,bi200,bm25,bm25,ce20,ce20
fever:136205,ce100,ce100,ce100,ce100,ce100,ce100,ce100,hybrid,ce100,hybrid
fever:136213,bm25,bm25,ce20,bm25,ce20,bi200,bi200,bi200,hybrid,bi200
fever:136214,ce20,ce20,bm25,bm25,ce20,bi200,bm25,bm25,bm25,bm25
fever:136274,ce100,ce100,ce20,bm25,ce20,ce20,bi200,bm25,bi200,ce20
fever:136282,ce100,ce20,ce20,ce20,ce20,ce20,ce100,bm25,ce20,hybrid
fever:13629,bm25,ce20,ce20,bm25,bm25,ce20,bi200,bi200,ce20,bi200
fever:136290,ce100,bm25,ce100,ce100,ce100,ce100,bi200,hybrid,hybrid,hybrid
fever:13630,bm25,ce100,ce20,bm25,bm25,ce20,bi200,ce100,ce20,ce20
fever:136325,ce100,ce100,ce20,ce20,bm25,ce100,ce100,bi200,hybrid,ce20
fever:136331,bm25,ce100,bm25,ce100,ce100,bi200,bi200,bi200,bi200,bi200
fever:136335,bm25,ce20,ce20,bm25,ce20,ce20,ce100,bi200,ce20,bi200
fever:136376,bm25,bm25,bm25,bm25,ce20,bi200,bm25,bm25,bm25,bi200
fever:136427,bm25,bm25,ce100,ce100,ce100,bi200,bi200,bi200,bi200,bi200
fever:136463,ce100,ce100,ce20,bm25,ce20,ce20,ce20,ce100,ce20,bi200
fever:136530,ce20,ce100,bm25,ce100,ce100,hybrid,hybrid,hybrid,hybrid,hybrid
fever:136578,ce100,ce100,ce100,ce20,ce100,bi200,ce100,bi200,ce100,ce100
fever:136588,ce100,ce100,ce100,ce100,ce100,hybrid,hybrid,hybrid,hybrid,bm25
fever:136594,ce100,ce100,ce100,ce100,ce100,ce100,ce100,bi200,bi200,ce100
fever:136604,bm25,ce20,bm25,ce20,ce20,ce20,ce100,ce20,hybrid,ce20
fever:13663,bm25,bm25,bm25,bm25,bm25,bm25,bm25,bm25,bm25,bm25
fever:136658,ce20,bm25,bm25,bm25,bm25,ce20,bm25,bm25,ce20,bm25
fever:136665,ce20,bm25,bm25,bm25,ce100,hybrid,hybrid,hybrid,ce100,bm25
fever:13668,ce20,bm25,ce20,bm25,ce20,ce20,bm25,ce20,bm25,bm25
fever:136704,bm25,ce20,ce20,bm25,ce20,hybrid,hybrid,hybrid,hybrid,hybrid
fever:136719,ce20,bm25,ce20,bm25,ce20,ce20,ce100,ce20,ce20,bi200
fever:136725,ce20,bm25,bm25,ce20,ce20,ce20,bm25,hybrid,bi200,ce20
fever:136731,bm25,ce100,bm25,bm25,bm25,hybrid,bi200,bm25,hybrid,bi200
fever:1368,ce20,ce100,bm25,bm25,bm25,hybrid,bm25,hybrid,hybrid,hybrid
fever:136840,ce20,ce100,bm25,bm25,bm25,bi200,bi200,bm25,ce20,bi200
fever:136841,bm25,ce20,ce20,bm25,bm25,ce20,bm25,ce20,ce20,bm25
fever:136848,bm25,ce20,bm25,bm25,ce20,ce20,bi200,bm25,bm25,bm25
fever:136853,ce20,bm25,ce20,bm25,bm25,ce20,hybrid,hybrid,ce20,bm25
fever:136862,bm25,bm25,bm25,bm25,bm25,bm25,bm25,bi200,bm25,bm25
fever:136865,ce20,ce100,ce20,ce100,ce20,ce20,ce100,ce100,ce100,ce100
fever:13688,ce20,ce100,ce100,ce20,ce100,bi200,ce20,ce100,bi200,ce20
fever:1369,ce20,bm25,ce100,ce100,ce100,ce100,ce100,bi200,hybrid,bm25
fever:136909,ce20,bm25,ce20,ce20,ce20,ce20,ce100,ce100,bi200,bm25
fever:136914,ce100,ce20,ce100,bm25,ce100,hybrid,bi200,hybrid,hybrid,hybrid
fever:136918,bm25,bm25,bm25,ce20,ce20,ce20,bi200,ce100,ce20,bi200
fever:136928,ce20,ce20,ce20,ce20,ce20,bi200,ce20,ce20,bi200,ce20
fever:136946,ce20,bm25,bm25,bm25,bm25,bi200,bm25,ce20,ce20,hybrid
fever:136947,ce20,bm25,bm25,bm25,ce20,ce20,bm25,bm25,bm25,bm25
fever:13696,bm25,ce20,ce20,ce20,bm25,ce20,ce100,ce100,bi200,ce20
fever:13697,bm25,ce100,ce20,ce20,bm25,ce20,ce100,ce100,bm25,bi200
fever:136976,ce100,ce100,ce100,ce100,ce20,hybrid,ce100,bm25,ce20,bi200
fever:1370,ce20,ce20,ce100,ce100,ce100,ce100,bm25,bi200,hybrid,bm25
fever:137011,ce100,ce20,ce20,bm25,ce20,ce100,bm25,hybrid,bi200,hybrid
fever:137038,bm25,bm25,ce20,bm25,bm25,ce20,hybrid,hybrid,bm25,ce20
fever:137040,bm25,bm25,bm25,bm25,bm25,bm25,bm25,bi200,bi200,bi200
fever:137094,bm25,ce100,ce100,ce100,ce100,bi200,bi200,hybrid,hybrid,hybrid
fever:137126,ce100,ce20,ce100,ce20,ce20,bi200,bi200,bi200,ce20,hybrid
fever:137142,ce20,ce100,bm25,bm25,bm25,hybrid,bm25,ce20,bi200,bi200
fever:137149,bm25,ce20,ce20,ce20,ce20,ce20,ce100,ce20,ce20,bm25
fever:137159,ce100,bm25,ce20,ce100,ce100,ce20,ce100,ce20,ce100,ce20
fever:137173,bm25,bm25,bm25,bm25,ce20,ce20,bi200,bi200,bi200,bi200
fever:137198,ce100,ce20,ce20,bm25,ce20,bi200,bi200,ce20,bi200,bi200
fever:137201,bm25,ce20,bm25,bm25,bm25,ce20,bm25,bm25,bm25,bm25
fever:137210,bm25,bm25,bm25,bm25,bm25,bm25,bm25,bm25,bm25,bm25
fever:137266,ce20,ce20,ce20,ce20,bm25,ce20,bm25,ce20,ce20,ce20
fever:137267,ce100,ce100,bm25,ce20,ce100,bi200,bi200,ce20,ce20,bi200
fever:137276,bm25,ce100,ce20,ce100,ce100,ce20,bm25,ce20,ce20,hybrid
fever:13728,bm25,bm25,bm25,ce20,bm25,ce20,bi200,bm25,ce20,bi200
fever:137298,ce20,ce100,bm25,ce20,ce100,ce100,ce100,hybrid,ce20,bm25
fever:137334,ce20,bm25,bm25,bm25,ce20,hybrid,hybrid,hybrid,hybrid,bi200
fever:137335,bm25,bm25,bm25,bm25,bm25,hybrid,bm25,hybrid,bi200,bm25
fever:137360,bm25,ce20,ce20,bm25,ce100,hybrid,bi200,hybrid,bi200,bm25
fever:137370,bm25,ce20,ce20,ce20,ce20,bi200,bm25,hybrid,ce20,bm25
fever:137376,ce20,ce20,ce20,ce20,ce100,ce20,bi200,hybrid,ce20,bi200
fever:137384,bm25,ce100,ce20,ce20,ce20,ce20,ce100,ce20,ce20,ce20
fever:137385,ce20,ce20,ce20,bm25,ce20,ce100,ce100,ce20,ce20,ce20
fever:137391,bm25,ce20,ce20,ce20,ce20,bi200,bi200,bi200,bi200,bm25
fever:137401,bm25,ce20,bm25,bm25,ce20,hybrid,bi200,bm25,bi200,bm25
fever:137414,ce20,ce20,ce20,ce20,ce20,bi200,ce20,hybrid,bm25,bm25
fever:137416,ce100,ce100,ce100,bm25,ce100,bi200,bi200,bi200,bi200,ce100
fever:137417,bm25,bm25,ce20,bm25,ce100,ce20,ce100,ce20,ce100,bi200
fever:137429,ce20,ce100,ce20,ce20,bm25,ce100,bm25,ce20,ce20,hybrid
fever:137436,bm25,bm25,bm25,bm25,ce20,ce20,bm25,bi200,hybrid,ce20
fever:137438,ce20,bm25,bm25,bm25,ce20,bi200,bi200,bi200,bi200,hybrid
fever:137453,ce100,ce20,ce20,ce100,ce100,ce20,ce20,ce100,bi200,ce20
fever:137464,ce20,bm25,ce20,bm25,ce20,ce20,bm25,bm25,ce20,ce20
fever:137498,ce20,ce100,ce20,ce20,ce100,ce20,ce20,ce100,ce20,hybrid
fever:137508,ce20,ce20,bm25,ce20,ce20,ce20,ce20,bi200,bm25,bm25
fever:137531,ce100,ce20,ce100,ce100,ce100,ce100,ce100,hybrid,bi200,hybrid
fever:13757,ce20,ce20,ce20,bm25,ce100,hybrid,bm25,ce20,ce20,hybrid
fever:137577,ce20,bm25,ce20,ce20,ce100,ce20,ce100,ce100,ce20,bm25
fever:13758,ce20,ce20,ce20,bm25,ce100,hybrid,bm25,ce20,ce20,ce100
fever:137665,bm25,ce20,bm25,bm25,bm25,ce20,bm25,bm25,bm25,ce20
fever:137674,bm25,ce20,bm25,bm25,bm25,bi200,bm25,ce20,bi200,bm25
fever:137678,bm25,bm25,bm25,bm25,bm25,hybrid,bm25,bm25,bm25,bm25
fever:13768,ce20,ce100,ce100,bm25,ce100,ce20,ce100,ce100,ce20,bm25
fever:13769,ce20,ce100,ce100,bm25,ce100,ce100,hybrid,hybrid,bi200,ce20
fever:137706,bm25,ce100,ce100,ce100,ce100,bi200,bi200,bi200,hybrid,hybrid
fever:137715,bm25,ce20,bm25,bm25,ce20,ce100,ce100,hybrid,ce20,bi200
fever:137725,ce20,ce20,bm25,bm25,bm25,bm25,ce100,hybrid,hybrid,ce20
fever:13773,ce100,ce20,ce20,ce20,ce100,bi200,bi200,ce20,hybrid,hybrid
fever:137733,ce20,ce20,ce20,ce20,ce100,ce20,ce100,ce100,ce100,ce100
fever:137738,ce20,bm25,bm25,ce20,ce20,hybrid,bm25,bm25,ce20,bi200
fever:137741,bm25,ce20,ce20,bm25,ce100,bi200,bi200,bm25,bi200,ce100
fever:137788,ce20,ce100,ce20,ce20,ce20,ce100,ce100,ce100,ce100,ce100
fever:137790,ce20,ce20,bm25,bm25,bm25,bi200,bm25,bm25,ce20,ce20
fever:137809,bm25,bm25,bm25,bm25,bm25,hybrid,bi200,hybrid,bi200,bi200
fever:137813,ce100,ce100,ce20,ce100,ce100,bi200,hybrid,hybrid,hybrid,hybrid
fever:137825,bm25,ce20,bm25,bm25,bm25,ce20,bm25,hybrid,ce20,hybrid
fever:137842,ce100,bm25,ce100,bm25,ce100,bi200,bi200,hybrid,bi200,hybrid
fever:137888,bm25,bm25,ce20,bm25,ce20,ce20,ce20,ce20,ce20,bm25
fever:137907,bm25,bm25,ce20,bm25,ce20,ce20,bm25,ce20,bm25,bi200
fever:137909,ce20,bm25,ce20,ce20,ce20,bi200,ce100,ce20,hybrid,ce20
fever:137956,bm25,bm25,bm25,bm25,bm25,hybrid,bi200,bm25,bm25,bm25
fever:137963,bm25,ce20,bm25,bm25,ce20,bi200,bi200,bm25,ce100,bi200
fever:137968,ce20,ce20,ce20,bm25,ce20,ce20,ce100,ce20,ce20,ce20
fever:13801,ce20,ce20,ce100,ce100,ce20,ce100,ce100,bm25,ce20,hybrid
fever:138023,ce100,bm25,ce100,bm25,ce100,bi200,bi200,hybrid,hybrid,hybrid
fever:138033,bm25,ce20,ce20,ce20,ce20,ce20,ce20,ce20,ce20,ce20
fever:138047,ce20,bm25,bm25,bm25,bm25,ce20,ce100,bm25,ce20,ce20
fever:138067,bm25,bm25,bm25,ce20,ce100,ce20,bi200,ce100,bi200,ce20
fever:138095,bm25,ce100,ce20,bm25,ce100,ce20,ce100,bi200,hybrid,bm25
fever:138114,ce20,bm25,ce20,bm25,bm25,ce20,bm25,hybrid,hybrid,bm25
fever:138118,bm25,bm25,bm25,bm25,bm25,bm25,bi200,hybrid,bm25,bi200
fever:13815,ce100,bm25,ce20,ce100,ce20,ce20,ce100,ce20,hybrid,hybrid
fever:138159,ce100,ce100,ce100,ce100,ce20,bi200,bi200,ce100,ce100,hybrid
fever:138161,ce100,ce100,bm25,ce20,ce100,ce100,ce20,hybrid,bi200,bi200
fever:138181,bm25,ce100,bm25,bm25,ce20,hybrid,ce100,hybrid,ce20,ce20
fever:138188,ce20,ce20,bm25,ce20,ce20,ce20,bi200,bm25,bm25,bi200
fever:138204,ce20,ce20,ce20,bm25,ce20,bi200,ce100,ce20,ce20,bm25
fever:138206,bm25,bm25,bm25,bm25,ce20,bm25,bm25,bm25,ce20,ce20
fever:138213,ce100,ce100,ce100,ce100,ce100,bi200,bi200,bi200,bi200,bi200
fever:138248,ce100,ce100,ce20,ce100,ce100,bi200,ce100,ce100,hybrid,ce100
fever:138252,ce100,bm25,ce100,ce20,ce100,bi200,bi200,bi200,bi200,hybrid
fever:138263,ce100,bm25,ce20,ce20,ce20,hybrid,hybrid,bi200,bi200,bi200
fever:138271,ce20,ce20,ce20,bm25,ce20,ce20,ce100,hybrid,ce20,ce20
fever:138273,bm25,bm25,bm25,bm25,ce20,bm25,bm25,bm25,bm25,ce20
fever:13829,ce20,ce100,ce20,ce20,ce100,bi200,ce20,hybrid,ce20,bi200
fever:13830,ce20,ce100,ce20,ce20,ce100,bi200,ce20,hybrid,ce20,bi200
fever:138301,bm25,bm25,bm25,bm25,bm25,bm25,ce20,bm25,ce20,ce20
fever:138355,bm25,ce20,ce20,bm25,bm25,bi200,bm25,bm25,hybrid,bi200
fever:138356,bm25,bm25,bm25,bm25,bm25,ce100,bm25,ce20,ce20,bm25
fever:138357,ce20,bm25,ce20,ce20,ce20,hybrid,bm25,ce20,ce20,bm25
fever:138373,bm25,ce20,ce20,ce20,bm25,bm25,ce20,bm25,ce20,ce20
fever:138375,ce20,ce100,ce20,ce20,ce20,bi200,ce100,bm25,ce20,ce20
fever:138377,ce20,ce100,bm25,bm25,ce20,bi200,ce100,hybrid,hybrid,hybrid
fever:138392,bm25,bm25,bm25,ce20,bm25,hybrid,ce100,hybrid,bi200,bi200
fever:138435,bm25,ce20,bm25,bm25,ce100,bi200,bi200,hybrid,bi200,hybrid
fever:138436,ce20,ce100,bm25,ce100,ce20,hybrid,hybrid,hybrid,ce20,ce20
fever:138475,ce100,ce100,ce100,ce100,ce100,bi200,bi200,hybrid,hybrid,hybrid
fever:138498,bm25,ce20,bm25,bm25,ce20,ce20,hybrid,hybrid,bi200,ce20
fever:138500,ce100,ce100,ce100,ce100,ce100,bi200,bi200,bi200,bi200,bi200
fever:138501,bm25,bm25,bm25,bm25,bm25,bm25,ce20,hybrid,bm25,bm25
fever:138514,bm25,bm25,bm25,bm25,bm25,bm25,bm25,ce20,ce20,bm25
fever:138563,ce100,ce100,ce20,bm25,ce100,ce100,ce100,bi200,bi200,bi200
fever:138565,bm25,ce20,bm25,bm25,bm25,bm25,bm25,hybrid,bm25,bm25
fever:138593,bm25,ce20,ce20,bm25,bm25,ce20,bi200,ce20,ce20,ce20
fever:138622,ce20,ce20,ce20,bm25,ce20,ce20,ce100,hybrid,ce20,bm25
fever:138632,bm25,bm25,bm25,bm25,bm25,bm25,bm25,bm25,bm25,bm25
fever:138636,bm25,ce20,ce100,bm25,ce20,hybrid,bm25,bi200,hybrid,hybrid
fever:138664,bm25,bm25,bm25,ce20,ce100,bi200,bm25,bi200,hybrid,bm25
fever:13868,ce100,ce100,ce100,ce100,ce100,ce100,ce100,bi200,bi200,hybrid
fever:13869,ce100,ce100,ce20,ce20,ce100,ce20,ce100,bi200,bi200,hybrid
fever:138708,ce20,ce100,ce20,ce100,ce100,ce100,bi200,bi200,bi200,bi200
fever:138714,ce20,ce20,ce20,bm25,ce100,ce100,ce100,hybrid,bi200,bi200
fever:13872,ce100,bm25,bm25,bm25,ce100,hybrid,ce100,hybrid,hybrid,bm25
fever:138743,bm25,ce20,ce20,bm25,ce20,ce20,bi200,bm25,ce20,bi200
fever:13875,ce20,ce100,ce100,ce100,ce100,ce100,bi200,bi200,ce20,ce100
fever:138752,ce20,ce100,ce20,ce20,ce20,hybrid,ce100,ce20,ce100,ce20
fever:138758,ce20,bm25,ce20,ce100,ce20,bi200,bm25,hybrid,hybrid,ce20
fever:138759,ce100,ce100,ce20,ce100,ce100,ce20,ce100,ce100,ce100,ce20
fever:13876,ce100,ce100,ce100,ce20,ce100,ce100,bi200,bi200,ce20,ce100
fever:13881,ce100,ce100,ce100,ce100,ce100,bi200,bi200,hybrid,hybrid,hybrid
fever:138814,bm25,bm25,bm25,bm25,ce100,bi200,bi200,bi200,bi200,bi200
fever:13882,ce100,ce100,ce100,ce100,ce100,bi200,bi200,hybrid,hybrid,hybrid
fever:138821,ce20,ce100,ce20,bm25,ce20,bi200,bm25,bm25,hybrid,bm25
fever:138832,bm25,ce100,ce20,ce20,ce20,ce20,bi200,ce100,ce100,ce100
fever:138849,bm25,ce20,bm25,bm25,bm25,ce20,bm25,bm25,ce20,bm25
fever:13885,bm25,ce20,ce20,ce20,bm25,ce20,bm25,bm25,ce20,hybrid
fever:138865,bm25,ce100,ce100,bm25,ce100,bi200,bm25,ce100,hybrid,hybrid
fever:138884,ce20,bm25,bm25,bm25,ce100,hybrid,bm25,hybrid,ce100,hybrid
fever:138887,ce20,ce20,bm25,bm25,ce20,hybrid,ce100,ce20,ce20,bi200
fever:138910,ce100,ce100,ce100,ce100,ce100,bi200,bi200,hybrid,bi200,bi200
fever:13894,ce100,ce100,ce100,ce100,ce100,bi200,ce100,ce100,hybrid,hybrid
fever:138949,ce100,ce100,bm25,bm25,ce100,ce100,bm25,hybrid,bi200,hybrid
fever:138958,bm25,bm25,bm25,bm25,ce100,ce20,ce100,ce100,ce20,bm25
fever:138974,ce20,ce20,ce20,ce20,ce20,ce20,ce100,ce20,ce20,ce20
fever:138985,ce100,ce100,bm25,bm25,ce100,bi200,bi200,bi200,bi200,ce20
fever:138986,bm25,bm25,bm25,bm25,ce100,bi200,bi200,bm25,bi200,bi200
fever:139030,ce100,ce100,ce20,bm25,ce100,bi200,ce20,bi200,hybrid,bi200
fever:139037,ce20,ce20,ce20,ce20,ce100,bi200,hybrid,bi200,hybrid,hybrid
fever:139059,bm25,bm25,bm25,bm25,bm25,ce100,bm25,ce20,ce20,bm25
fever:13907,ce20,ce20,ce20,ce20,ce100,ce20,ce100,bm25,ce20,bm25
fever:139077,ce20,bm25,ce20,ce20,ce20,hybrid,hybrid,hybrid,ce20,bi200
fever:139090,ce20,bm25,bm25,bm25,ce20,hybrid,ce100,hybrid,hybrid,hybrid
fever:139097,bm25,bm25,bm25,ce20,ce20,bm25,bi200,ce20,ce20,bm25
fever:139103,ce20,ce100,ce20,ce20,ce20,ce20,ce100,hybrid,ce20,ce20
fever:139116,ce20,ce20,ce100,bm25,ce20,ce100,bi200,ce20,bm25,bi200
fever:139118,ce20,ce20,ce20,ce20,bm25,ce20,ce100,ce20,ce20,ce20
fever:139145,bm25,ce20,ce20,bm25,bm25,hybrid,bm25,bm25,bi200,hybrid
fever:139147,ce100,ce20,ce100,ce100,ce100,ce100,ce100,bi200,hybrid,hybrid
fever:139159,bm25,bm25,bm25,bm25,bm25,ce20,bm25,bm25,ce20,bm25
fever:139174,bm25,ce100,ce100,bm25,ce100,ce100,bi200,bm25,ce100,ce100
fever:139220,ce20,bm25,bm25,bm25,ce20,ce100,bm25,hybrid,hybrid,ce20
fever:139259,ce100,ce20,ce20,ce20,ce20,ce20,hybrid,ce20,hybrid,hybrid
fever:139271,bm25,bm25,bm25,bm25,ce100,ce20,ce100,ce20,ce20,ce20
fever:13928,bm25,bm25,bm25,ce20,bm25,bm25,bm25,bm25,bi200,ce20
fever:139284,bm25,ce20,ce20,bm25,bm25,bm25,ce100,ce20,ce20,ce20
fever:139289,ce20,ce20,ce20,ce20,ce20,bi200,bi200,ce100,ce100,hybrid
fever:13929,ce20,bm25,bm25,bm25,bm25,bm25,bm25,bm25,bi200,ce20
fever:139302,ce20,ce20,ce20,bm25,ce100,ce20,bi200,hybrid,bi200,hybrid
fever:139306,ce20,ce20,bm25,bm25,bm25,ce100,ce20,ce20,ce20,ce20
fever:139317,ce20,ce100,ce100,ce100,ce100,bi200,ce100,hybrid,ce100,ce100
fever:139330,bm25,ce20,ce20,bm25,bm25,hybrid,bm25,bi200,bm25,bm25
fever:13934,bm25,ce100,ce100,bm25,ce100,bi200,bi200,bi200,bi200,bi200
fever:139348,ce20,ce20,ce20,ce20,ce20,ce100,hybrid,hybrid,ce20,ce20
fever:139365,ce20,bm25,ce20,bm25,ce20,ce20,ce20,ce20,bm25,ce20
fever:139407,bm25,ce20,bm25,bm25,bm25,bi200,bm25,ce20,bm25,bi200
fever:13942,ce20,ce100,ce20,ce20,ce20,ce20,ce100,ce100,ce100,ce100
fever:139427,ce20,bm25,ce20,bm25,ce20,bi200,bm25,bi200,hybrid,bm25
fever:139429,ce20,bm25,ce20,bm25,ce100,bi200,bi200,hybrid,bi200,bi200
fever:139433,ce100,ce100,ce100,ce20,bm25,ce20,hybrid,hybrid,hybrid,hybrid
fever:139445,ce100,bm25,ce20,ce20,ce20,bi200,bi200,bm25,hybrid,bi200
fever:139466,ce100,bm25,bm25,ce100,ce100,ce20,bi200,ce20,ce20,bi200
fever:139484,bm25,ce20,ce20,bm25,ce20,ce20,ce100,ce20,hybrid,ce20
fever:13949,ce20,ce100,ce100,ce100,ce20,bi200,bi200,hybrid,ce20,hybrid
fever:139493,ce20,ce20,bm25,ce20,ce20,hybrid,bi200,bi200,ce20,ce20
fever:1395,bm25,ce20,ce20,ce20,ce100,hybrid,ce100,ce100,ce20,hybrid
fever:13951,bm25,ce20,ce20,ce20,ce20,ce20,bm25,bm25,ce20,bm25
fever:139522,ce100,ce100,ce100,ce100,ce100,ce100,ce100,hybrid,bi200,ce100
fever:13956,ce20,ce100,ce100,ce100,ce100,bi200,bi200,bi200,bi200,hybrid
fever:139563,bm25,ce20,bm25,bm25,bm25,hybrid,bi200,bm25,bm25,hybrid
fever:139569,ce100,ce100,ce20,bm25,ce100,ce100,ce100,ce20,ce100,ce100
fever:139636,ce20,ce20,ce100,ce100,ce20,hybrid,ce20,ce20,ce20,hybrid
fever:139650,ce100,bm25,ce20,ce20,ce20,ce20,ce100,ce20,ce100,bi200
fever:139661,bm25,ce20,bm25,bm25,bm25,bm25,bm25,bm25,ce20,bi200
fever:139666,bm25,ce100,bm25,bm25,bm25,bm25,bm25,bm25,hybrid,bi200
fever:139670,ce100,ce20,ce100,ce20,ce100,bi200,bi200,ce100,bi200,ce20
fever:139694,bm25,ce20,ce20,bm25,ce20,ce100,ce20,ce20,ce20,ce20
fever:139714,ce20,bm25,bm25,bm25,ce100,bi200,hybrid,hybrid,hybrid,bi200
fever:139717,ce100,ce100,ce20,bm25,ce100,ce100,bi200,hybrid,bi200,hybrid
fever:139728,ce20,ce100,ce100,bm25,ce100,ce100,ce100,ce100,bi200,bi200
fever:139730,bm25,ce20,bm25,bm25,bm25,ce100,bm25,ce20,ce20,bi200
fever:139749,bm25,bm25,bm25,bm25,bm25,bm25,bm25,bm25,bi200,bm25
fever:139762,ce100,ce100,ce20,bm25,ce20,ce100,ce100,ce100,ce100,ce100
fever:139820,ce100,ce100,ce100,ce100,ce100,bi200,hybrid,hybrid,hybrid,bi200
fever:139831,bm25,bm25,bm25,bm25,ce20,bm25,ce20,ce20,ce20,bm25
fever:139848,ce20,ce20,ce20,bm25,ce20,ce20,ce100,ce20,ce20,hybrid
fever:139849,ce20,ce20,ce100,ce20,ce20,bi200,ce100,ce20,bi200,ce100
fever:139863,ce100,ce100,bm25,bm25,bm25,ce100,ce20,hybrid,ce20,hybrid
fever:139873,ce20,ce100,bm25,bm25,ce20,bi200,bm25,hybrid,hybrid,bi200
fever:139876,ce100,ce100,ce20,ce100,ce100,ce20,ce100,hybrid,bi200,hybrid
fever:139910,ce20,ce100,ce100,bm25,ce20,hybrid,hybrid,hybrid,hybrid,bi200
fever:139946,ce20,bm25,ce20,bm25,ce20,ce20,hybrid,bm25,ce20,ce20
fever:139961,bm25,ce100,ce100,bm25,ce100,bi200,ce100,bi200,bi200,bi200
fever:139967,ce20,bm25,bm25,bm25,ce100,ce100,bi200,bi200,hybrid,hybrid
fever:139994,ce100,ce100,bm25,ce100,ce100,ce100,hybrid,ce100,ce100,ce100
fever:140005,bm25,bm25,ce20,ce20,bm25,ce20,ce100,bm25,ce20,bm25
fever:140010,ce20,ce20,ce20,ce20,ce20,ce20,ce100,ce20,ce100,ce20
fever:140018,bm25,ce100,ce20,bm25,ce100,hybrid,ce100,hybrid,bm25,bm25
fever:140032,bm25,ce20,bm25,bm25,bm25,bm25,bm25,bm25,bm25,bm25
fever:140036,ce20,ce20,ce20,bm25,ce20,bi200,bi200,bi200,hybrid,bi200
fever:140044,ce20,bm25,bm25,ce20,bm25,ce20,bm25,hybrid,bm25,hybrid
fever:140050,bm25,ce20,bm25,bm25,ce20,bi200,bm25,hybrid,ce20,bi200
fever:140051,ce20,ce20,ce100,ce100,ce100,ce100,ce100,ce100,ce100,ce20
fever:140067,bm25,bm25,bm25,ce100,ce100,bi200,bi200,bi200,ce20,bi200
fever:140070,bm25,bm25,bm25,bm25,bm25,bm25,bm25,bm25,bm25,bm25
fever:140072,bm25,bm25,bm25,ce20,bm25,ce20,bm25,bm25,ce20,ce20
fever:140083,ce20,ce100,ce100,ce20,ce20,bi200,ce100,ce100,ce100,ce20
fever:140104,ce20,ce20,ce20,bm25,bm25,ce100,bm25,ce20,ce20,bm25
fever:140139,ce100,ce100,ce100,ce100,ce20,ce20,bi200,ce100,ce100,hybrid
fever:140140,bm25,ce20,bm25,ce20,ce100,ce100,bi200,bi200,bm25,bm25
fever:14018,bm25,bm25,bm25,bm25,bm25,bi200,bm25,ce20,bm25,bm25
fever:14019,bm25,ce20,ce20,bm25,ce20,bi200,bm25,hybrid,bm25,bm25
fever:140193,ce20,bm25,ce20,bm25,ce20,ce20,bm25,bm25,ce20,bm25
fever:140196,ce100,ce100,bm25,ce20,ce20,hybrid,bi200,bi200,hybrid,hybrid
fever:140231,bm25,ce20,ce20,bm25,ce20,hybrid,bm25,hybrid,ce20,bi200
fever:140233,ce100,ce100,ce100,bm25,ce100,hybrid,ce100,ce100,hybrid,bi200
fever:140242,bm25,ce20,bm25,bm25,ce20,bi200,bi200,bi200,bi200,bm25
fever:140254,ce20,ce20,ce20,bm25,ce20,ce20,ce100,ce20,ce20,bm25
fever:140286,ce20,ce20,ce20,bm25,ce20,ce20,bm25,ce100,hybrid,ce100
fever:140292,ce100,ce100,ce20,ce100,ce100,ce100,ce100,bi200,bi200,ce100
fever:140299,bm25,ce20,ce20,bm25,bm25,ce20,ce100,bi200,ce20,bi200
fever:140316,ce20,ce20,ce20,ce20,ce20,ce20,ce100,ce20,ce100,ce100
fever:140330,ce20,bm25,ce20,ce20,ce20,bi200,ce20,ce20,ce20,ce20
fever:140337,bm25,ce20,bm25,bm25,bm25,hybrid,bi200,bm25,bm25,ce20
fever:140353,ce20,ce20,ce20,ce20,ce20,ce100,bi200,hybrid,hybrid,ce20
fever:140354,bm25,ce20,bm25,ce20,ce20,ce20,ce20,ce20,ce20,bm25
fever:140359,ce100,ce100,ce100,ce100,ce100,ce100,ce100,ce100,bi200,hybrid
fever:140377,bm25,ce20,ce20,ce20,ce100,hybrid,bm25,bi200,hybrid,bm25
fever:140390,ce100,ce100,ce20,ce100,ce100,ce20,ce100,ce100,ce100,bi200
fever:140391,ce20,bm25,bm25,ce20,ce20,ce20,bm25,bi200,ce20,bi200
fever:140399,ce100,ce100,ce100,ce100,bm25,ce100,ce100,bi200,ce100,bi200
fever:140417,ce100,ce20,ce20,bm25,ce20,ce100,ce100,hybrid,ce20,hybrid
fever:140430,ce20,ce20,ce20,ce20,ce100,bi200,bi200,bi200,ce20,bi200
fever:140442,ce20,ce100,ce20,bm25,ce100,bi200,bi200,hybrid,hybrid,bi200
fever:140443,bm25,ce100,bm25,ce20,ce20,hybrid,bm25,hybrid,hybrid,bi200
fever:140461,bm25,bm25,bm25,ce20,ce100,ce20,bi200,hybrid,ce20,ce20
fever:140462,ce20,ce20,ce20,ce20,ce100,bi200,bi200,bi200,bi200,bm25
fever:140463,ce20,ce100,bm25,bm25,ce20,hybrid,bm25,bm25,bi200,bm25
fever:140492,ce100,ce20,ce100,bm25,ce100,bi200,ce100,ce100,bi200,ce20
fever:14051,ce100,ce100,bm25,bm25,bm25,bi200,ce100,bi200,ce20,ce20
fever:140517,bm25,ce100,bm25,bm25,bm25,bm25,bm25,hybrid,hybrid,bm25
fever:140522,ce100,ce100,ce100,ce100,ce100,ce100,hybrid,hybrid,bi200,bm25
fever:140536,ce20,bm25,bm25,ce20,ce20,bi200,bm25,hybrid,hybrid,bi200
fever:140580,bm25,ce20,ce20,bm25,ce20,ce20,ce100,ce20,ce20,ce20
fever:140589,ce20,ce100,bm25,ce20,ce100,bi200,bm25,bm25,hybrid,bi200
fever:140612,ce20,ce20,bm25,bm25,ce100,ce20,bm25,hybrid,bi200,bm25
fever:140645,bm25,ce20,ce20,bm25,ce20,hybrid,bm25,bm25,hybrid,bi200
fever:140660,ce20,ce100,ce20,ce20,ce20,bi200,bm25,hybrid,bi200,hybrid
fever:140661,ce100,ce100,ce20,bm25,ce20,ce100,ce100,bi200,ce20,ce20
fever:140663,bm25,bm25,bm25,bm25,bm25,ce20,bm25,bm25,bm25,bi200
fever:140664,bm25,bm25,bm25,bm25,bm25,ce20,bm25,ce20,bm25,bm25
fever:14069,ce20,ce20,ce20,bm25,ce20,ce20,bi200,ce100,ce20,bm25
fever:140691,ce100,ce100,ce100,bm25,ce100,bi200,bi200,hybrid,bi200,hybrid
fever:14073,ce20,ce20,ce100,bm25,ce100,ce100,bm25,hybrid,bi200,ce100
fever:140750,bm25,bm25,bm25,bm25,bm25,ce100,bm25,hybrid,ce20,ce20
fever:140758,ce20,bm25,ce20,ce20,bm25,bi200,bm25,ce20,bm25,hybrid
fever:140762,bm25,bm25,bm25,bm25,bm25,bi200,ce100,ce20,hybrid,bi200
fever:140764,ce100,ce100,bm25,ce100,ce20,bi200,ce100,bi200,ce20,bi200
fever:140776,ce20,bm25,bm25,bm25,ce20,ce20,bm25,ce20,ce20,ce20
fever:14078,ce20,bm25,bm25,bm25,ce20,bi200,bm25,bi200,bm25,bi200
fever:140820,ce20,ce20,ce20,ce20,ce20,ce20,ce20,ce100,ce100,ce20
fever:140869,ce20,bm25,ce20,bm25,ce20,bi200,hybrid,bi200,ce20,ce20
fever:140923,ce20,bm25,ce20,bm25,bm25,ce20,ce100,ce100,ce20,ce20
fever:14096,bm25,bm25,bm25,bm25,bm25,bm25,ce20,bm25,bm25,bm25
fever:140967,ce100,bm25,ce100,ce100,ce100,bi200,hybrid,hybrid,hybrid,bm25
fever:140968,bm25,ce20,bm25,bm25,ce100,bm25,bm25,hybrid,bm25,bi200
fever:14100,ce20,bm25,bm25,bm25,bm25,bi200,hybrid,hybrid,bi200,hybrid
fever:141006,ce20,bm25,ce20,ce20,ce20,ce20,bi200,ce20,ce20,ce20
fever:14101,bm25,ce20,bm25,bm25,ce20,hybrid,ce100,ce20,ce20,bm25
fever:141012,ce100,bm25,ce100,bm25,ce20,ce100,ce100,hybrid,hybrid,hybrid
fever:141032,bm25,ce100,ce100,bm25,ce20,bm25,ce100,ce20,ce20,ce20
fever:141058,ce20,ce100,ce20,ce20,ce100,bi200,bi200,bi200,ce100,bi200
fever:141072,bm25,ce100,ce100,ce20,bm25,bi200,bm25,hybrid,bi200,bi200
fever:14112,ce20,bm25,ce20,bm25,bm25,ce20,bm25,hybrid,ce20,bm25
fever:141126,bm25,bm25,ce20,ce20,ce20,ce20,bm25,bi200,ce20,bi200
fever:14113,ce20,ce20,bm25,ce20,ce20,ce20,ce20,hybrid,ce20,bi200
fever:141134,ce20,ce20,ce20,bm25,ce20,bm25,ce20,bi200,ce20,bi200
fever:141159,ce20,ce20,ce20,bm25,ce100,bi200,ce100,ce100,ce100,ce20
fever:141188,bm25,ce20,ce20,bm25,ce20,bi200,ce100,bi200,ce20,ce20
fever:141189,ce20,ce100,ce20,ce20,ce20,hybrid,ce100,ce20,ce20,bi200
fever:141204,bm25,bm25,bm25,bm25,ce100,bi200,bi200,bi200,bi200,bi200
fever:14123,bm25,bm25,bm25,ce20,bm25,bm25,bm25,bi200,bi200,bm25
fever:141268,ce20,bm25,bm25,ce20,ce20,bm25,ce100,bi200,ce20,ce20
fever:141271,bm25,ce20,ce20,bm25,ce20,ce20,ce20,ce20,bm25,bm25
fever:141282,bm25,ce20,ce20,bm25,bm25,bm25,bm25,bm25,ce20,bi200
fever:141284,bm25,bm25,bm25,ce20,bm25,ce20,bm25,bi200,bm25,bm25
fever:141328,bm25,bm25,bm25,bm25,ce100,bm25,ce100,ce20,ce20,bm25
fever:141344,bm25,bm25,bm25,bm25,ce20,ce100,bm25,hybrid,bi200,hybrid
fever:141348,bm25,ce100,bm25,ce20,ce100,hybrid,ce100,hybrid,ce20,bi200
fever:141353,ce100,ce100,ce100,ce100,ce100,bi200,ce100,hybrid,hybrid,bi200
fever:141370,ce20,bm25,bm25,bm25,ce20,hybrid,hybrid,bi200,hybrid,bi200
fever:141434,ce20,ce20,bm25,bm25,ce20,bi200,ce100,bi200,ce100,hybrid
fever:141466,bm25,ce20,bm25,bm25,bm25,bm25,ce100,hybrid,bm25,bm25
fever:141476,ce20,bm25,bm25,bm25,ce20,ce20,ce100,hybrid,ce20,bi200
fever:141477,ce20,bm25,bm25,ce20,ce100,bi200,bm25,hybrid,hybrid,bm25
fever:1415,bm25,ce20,ce20,bm25,ce20,ce100,bi200,ce20,hybrid,hybrid
fever:141522,ce20,ce100,ce20,ce20,ce100,bm25,bm25,bm25,bi200,ce20
fever:141535,ce20,ce20,ce20,bm25,ce20,ce20,bm25,hybrid,ce20,bm25
fever:141547,ce100,ce100,ce20,bm25,ce20,bi200,ce100,hybrid,hybrid,ce20
fever:141561,ce20,ce20,ce20,ce20,ce100,ce100,ce100,hybrid,hybrid,ce100
fever:141587,bm25,ce100,bm25,ce100,ce100,bi200,bi200,bi200,bi200,bi200
fever:141600,ce20,bm25,bm25,ce20,ce100,hybrid,hybrid,hybrid,hybrid,hybrid
fever:141613,bm25,ce100,bm25,bm25,bm25,bi200,bm25,bm25,bi200,bm25
fever:141632,bm25,bm25,bm25,ce20,ce100,ce100,hybrid,bi200,hybrid,bm25
fever:141641,ce100,ce100,ce100,bm25,ce100,ce100,bi200,bi200,bi200,bi200
fever:141663,ce20,bm25,ce20,bm25,ce20,ce20,ce100,ce20,ce20,hybrid
fever:141668,bm25,bm25,bm25,bm25,ce100,ce20,bm25,bm25,ce20,ce20
fever:141683,bm25,ce100,bm25,ce20,ce20,bi200,bm25,hybrid,bi200,bm25
fever:141746,ce100,ce100,ce100,bm25,ce100,bi200,bi200,bi200,bi200,bi200
fever:141749,bm25,bm25,bm25,bm25,bm25,ce20,bm25,ce20,ce20,bi200
fever:141758,bm25,bm25,bm25,ce20,bm25,ce20,bm25,bm25,ce20,bm25
fever:141777,ce20,bm25,ce20,bm25,ce20,ce20,bi200,bm25,bi200,bm25
fever:141798,ce20,bm25,bm25,bm25,ce20,ce20,ce100,ce20,ce20,bm25
fever:141801,bm25,ce20,bm25,bm25,ce20,ce100,bm25,ce20,ce20,ce100
fever:141812,ce100,ce100,ce100,ce100,ce100,ce20,hybrid,ce100,bi200,bi200
fever:141838,bm25,bm25,bm25,bm25,bm25,bm25,bm25,bm25,bi200,bm25
fever:141846,bm25,ce100,bm25,bm25,ce20,bm25,bm25,bm25,bm25,bi200
fever:141870,bm25,ce20,bm25,bm25,ce100,ce100,bm25,hybrid,hybrid,bm25
fever:141885,ce20,bm25,bm25,ce20,ce20,bm25,bm25,bm25,ce20,ce20
fever:141894,ce20,ce20,bm25,ce20,ce100,bi200,bi200,hybrid,hybrid,ce20
fever:141911,bm25,bm25,bm25,bm25,bm25,bm25,bm25,bm25,bm25,bm25
fever:141925,ce20,ce100,ce20,ce20,ce100,ce20,ce100,ce20,ce20,bi200
fever:141932,ce20,ce100,ce100,ce20,ce20,ce20,bm25,bm25,ce100,ce20
fever:141942,bm25,ce20,ce20,ce20,bm25,hybrid,bm25,hybrid,bi200,hybrid
fever:141966,bm25,bm25,bm25,bm25,bm25,ce20,ce100,bm25,ce20,ce20
fever:141970,ce20,bm25,bm25,bm25,ce100,ce20,bi200,hybrid,bi200,bi200
fever:141971,bm25,ce20,ce20,bm25,ce20,bm25,bm25,ce20,bi200,hybrid
fever:142025,ce20,bm25,ce20,ce100,ce20,ce100,ce100,hybrid,hybrid,bi200
fever:14203,ce100,ce20,bm25,bm25,ce20,hybrid,bi200,hybrid,hybrid,bi200
fever:142043,ce100,ce20,ce100,bm25,ce100,ce20,ce100,ce100,ce20,bm25
fever:142055,bm25,bm25,ce20,ce20,bm25,ce20,bi200,ce20,ce20,ce20
fever:142120,bm25,ce100,bm25,bm25,ce20,ce100,bi200,ce20,ce20,bm25
fever:142127,ce100,ce100,ce100,ce20,ce100,bi200,bi200,hybrid,bi200,bi200
fever:142129,ce20,bm25,bm25,bm25,bm25,hybrid,bm25,ce20,hybrid,bi200
fever:142130,ce20,bm25,bm25,bm25,bm25,bm25,bm25,hybrid,bm25,bm25
fever:142135,ce20,ce100,bm25,ce20,ce100,hybrid,bi200,ce100,hybrid,bi200
fever:142161,bm25,bm25,ce100,bm25,ce20,ce100,ce100,ce20,ce20,bm25
fever:142224,ce100,ce20,ce100,ce100,ce100,bi200,bi200,bi200,bi200,hybrid
fever:14223,bm25,bm25,bm25,bm25,bm25,bm25,bm25,hybrid,hybrid,bm25
fever:142236,ce20,ce20,ce20,bm25,ce20,ce20,bm25,bm25,ce20,ce20
fever:142250,bm25,bm25,bm25,bm25,ce20,bm25,bm25,bi200,bm25,bm25
fever:14226,ce20,bm25,ce20,bm25,ce20,ce100,ce100,ce20,bi200,hybrid
fever:14227,bm25,bm25,ce20,bm25,ce20,ce20,bm25,ce20,ce20,bm25
fever:142286,bm25,bm25,bm25,bm25,bm25,bm25,bm25,bm25,ce20,bm25
fever:142294,ce100,ce100,ce100,ce100,ce100,ce100,ce100,ce100,ce100,hybrid
fever:1423,bm25,ce20,bm25,bm25,ce20,bm25,hybrid,hybrid,hybrid,bm25
fever:14231,bm25,bm25,bm25,ce20,bm25,bm25,bm25,bm25,ce20,bi200
fever:142313,bm25,ce100,ce20,ce20,ce20,ce20,ce100,bm25,ce20,ce20
fever:142438,ce20,bm25,bm25,bm25,bm25,bm25,bm25,ce20,bm25,bm25
fever:142448,bm25,bm25,bm25,bm25,bm25,bm25,bm25,bm25,bm25,bm25
fever:142454,ce100,ce100,ce100,ce100,ce100,ce100,ce100,ce20,bi200,ce100
fever:142462,bm25,ce100,bm25,bm25,ce20,bi200,bi200,bi200,hybrid,hybrid
fever:142490,ce100,ce100,ce20,ce100,ce100,ce100,hybrid,hybrid,hybrid,bm25
fever:142498,bm25,ce20,ce20,ce20,bm25,bm25,bm25,hybrid,bi200,bi200
fever:142527,ce20,ce100,bm25,bm25,bm25,bm25,bm25,hybrid,hybrid,bi200
fever:142556,ce20,ce20,bm25,bm25,ce20,bm25,bm25,hybrid,hybrid,hybrid
fever:142558,bm25,bm25,bm25,ce20,ce20,hybrid,bi200,bi200,bm25,hybrid
fever:142585,ce20,ce20,bm25,bm25,ce20,bm25,bm25,bm25,ce20,ce20
fever:142603,bm25,ce20,ce100,ce100,bm25,bi200,hybrid,hybrid,bi200,hybrid
fever:142620,ce100,ce100,bm25,bm25,ce100,bi200,ce20,bi200,hybrid,hybrid
fever:142631,ce20,bm25,bm25,bm25,ce20,bi200,bm25,ce20,bm25,bm25
fever:142638,ce20,bm25,bm25,ce20,ce100,ce20,ce20,ce20,ce20,ce20
fever:142668,ce20,ce20,bm25,bm25,ce20,bi200,ce20,ce20,hybrid,bm25
fever:142687,ce20,ce100,ce20,ce100,ce20,ce20,ce100,ce20,ce20,bi200
fever:142700,ce20,bm25,bm25,bm25,bm25,bi200,bm25,bi200,bm25,bi200
fever:142701,bm25,ce20,ce20,bm25,ce20,ce20,bm25,bm25,bm25,bm25
fever:142717,ce100,ce20,bm25,ce100,ce100,ce100,ce100,hybrid,ce20,ce20
fever:142728,bm25,ce100,ce100,ce100,ce20,ce100,bi200,bm25,ce100,bi200
fever:142729,ce100,ce20,ce20,bm25,ce100,ce20,ce100,hybrid,ce20,ce100
fever:142735,bm25,ce20,ce20,ce20,ce20,ce20,ce100,bm25,ce20,ce100
fever:142750,bm25,ce100,ce20,ce20,ce100,hybrid,ce100,bi200,ce20,ce100
fever:142758,ce20,bm25,ce20,bm25,ce100,ce20,ce20,ce20,bm25,bm25
fever:142765,bm25,bm25,bm25,bm25,bm25,bm25,bm25,bm25,bm25,bm25
fever:142802,ce20,bm25,ce20,bm25,ce20,ce100,bm25,bi200,ce20,ce20
fever:142839,ce20,ce20,ce20,ce20,ce20,ce20,ce20,bm25,ce20,ce20
fever:14285,ce20,bm25,ce20,bm25,ce20,ce20,ce100,bm25,ce20,bm25
fever:142854,bm25,ce100,ce100,ce20,ce100,bm25,ce100,ce100,ce100,bm25
fever:142855,bm25,bm25,bm25,ce20,bm25,bm25,bm25,hybrid,hybrid,bi200
fever:14286,ce20,bm25,ce20,ce20,ce20,ce20,ce100,ce20,ce20,bm25
fever:142863,bm25,ce20,bm25,bm25,ce20,bi200,bm25,ce20,bi200,bm25
fever:142873,ce20,ce100,ce20,ce20,ce20,bm25,ce20,bi200,ce20,ce20
fever:142888,ce100,ce100,ce100,ce100,ce20,bi200,ce100,bi200,ce20,ce20
fever:142891,ce20,bm25,ce20,bm25,ce20,ce100,bi200,bm25,ce20,bi200
fever:142899,bm25,ce20,ce20,ce20,ce20,ce20,ce20,ce20,ce20,ce20
fever:142923,ce20,ce20,ce20,ce20,ce100,ce20,ce100,ce100,ce20,ce100
fever:142942,ce20,ce20,ce20,ce20,ce20,ce100,bi200,hybrid,hybrid,hybrid
fever:142948,bm25,ce20,ce20,bm25,ce20,ce100,ce20,bi200,ce20,hybrid
fever:142951,ce20,ce20,ce20,bm25,ce20,ce20,ce100,ce100,ce20,ce20
fever:142966,bm25,bm25,bm25,bm25,bm25,bi200,bi200,bi200,bi200,bi200
fever:142972,bm25,ce20,bm25,ce20,bm25,ce100,ce100,hybrid,bm25,bm25
fever:142984,bm25,ce20,bm25,bm25,ce20,bm25,ce100,ce100,ce20,bi200
fever:143003,ce100,ce100,ce100,ce100,ce100,ce100,ce100,bi200,ce20,bi200
fever:143009,ce100,ce100,ce100,ce100,ce100,bi200,hybrid,hybrid,hybrid,hybrid
fever:143011,bm25,ce100,bm25,bm25,bm25,ce100,bm25,bm25,ce20,bm25
fever:143020,ce20,ce100,ce20,bm25,ce100,bi200,ce100,bi200,bi200,bi200
fever:143028,bm25,ce20,ce20,bm25,ce100,ce100,bi200,bm25,hybrid,ce20
fever:143029,ce100,ce100,ce100,ce20,ce100,ce100,bi200,hybrid,bi200,hybrid
fever:143041,ce100,ce100,ce20,ce20,ce100,hybrid,ce20,hybrid,hybrid,bm25
fever:143042,bm25,bm25,bm25,bm25,ce100,ce20,ce20,ce20,bm25,ce20
fever:143046,ce100,ce100,ce20,bm25,ce100,ce100,bi200,hybrid,bm25,hybrid
fever:143048,ce100,ce20,ce100,ce20,ce20,bi200,bm25,ce100,ce20,bm25
fever:143054,bm25,bm25,ce20,ce100,ce100,bi200,bi200,bi200,hybrid,bi200
fever:143060,bm25,bm25,ce100,ce100,ce100,hybrid,hybrid,hybrid,bi200,bi200
fever:143063,bm25,ce100,ce100,bm25,ce20,bi200,bi200,bm25,hybrid,ce20
fever:143075,ce20,ce20,ce20,bm25,ce100,ce20,ce100,ce100,ce20,ce20
fever:143094,ce100,ce100,ce100,ce100,ce20,bi200,hybrid,ce100,hybrid,hybrid
fever:143097,ce100,ce20,ce20,ce20,ce100,ce20,ce20,ce100,ce20,ce20
fever:1431,ce20,ce100,bm25,bm25,bm25,ce100,ce100,bm25,hybrid,hybrid
fever:14310,ce100,ce100,ce100,ce100,ce100,bi200,bi200,ce100,bi200,bi200
fever:143105,ce100,ce100,ce100,ce100,ce100,ce100,ce100,ce100,ce100,ce100
fever:143123,bm25,bm25,ce20,ce100,bm25,bi200,hybrid,bm25,ce20,bi200
fever:143144,bm25,bm25,bm25,bm25,bm25,bm25,bm25,bm25,bm25,bi200
fever:143157,bm25,ce20,bm25,bm25,bm25,bm25,bm25,bi200,hybrid,bm25
fever:143205,ce100,ce100,ce100,ce100,ce100,hybrid,bi200,hybrid,hybrid,hybrid
fever:143222,bm25,bm25,ce100,bm25,ce20,ce20,ce100,ce20,ce20,ce20
fever:143242,bm25,bm25,bm25,bm25,bm25,ce100,bm25,bm25,bi200,bi200
fever:143264,bm25,bm25,bm25,bm25,bm25,bm25,bi200,ce20,ce20,bm25
fever:143277,ce20,ce100,ce100,ce100,ce100,bi200,ce100,hybrid,hybrid,ce20
fever:14328,bm25,ce20,ce20,bm25,ce20,bi200,bi200,bi200,hybrid,bi200
fever:143283,bm25,bm25,bm25,ce20,ce20,bi200,bm25,bi200,bi200,bm25
fever:143287,bm25,bm25,bm25,ce20,bm25,bm25,ce20,ce20,hybrid,hybrid
fever:143288,ce20,ce20,ce100,bm25,ce100,ce20,bm25,hybrid,ce20,bm25
fever:143300,bm25,ce20,bm25,bm25,bm25,bm25,bm25,bm25,bm25,bm25
fever:143301,ce20,ce20,ce20,bm25,ce20,ce20,ce100,hybrid,ce20,hybrid
fever:143303,bm25,bm25,ce20,ce20,ce20,bi200,ce100,ce20,ce100,hybrid
fever:143387,ce20,bm25,bm25,bm25,bm25,ce20,bm25,bi200,ce20,bm25
fever:143417,bm25,ce20,ce20,ce20,bm25,bm25,bi200,hybrid,bi200,ce20
fever:143429,ce20,ce20,ce20,bm25,bm25,ce20,ce100,ce20,hybrid,bm25
fever:143457,bm25,ce20,bm25,bm25,ce20,ce20,ce20,hybrid,bm25,hybrid
fever:143488,ce20,ce100,ce100,bm25,bm25,ce100,ce100,bi200,ce20,hybrid
fever:143494,ce20,ce100,bm25,ce20,ce100,ce100,bi200,bi200,hybrid,hybrid
fever:143495,ce100,ce20,ce100,ce100,ce100,ce20,ce100,ce100,bi200,ce20
fever:143500,ce20,bm25,bm25,ce20,ce20,hybrid,bm25,bm25,hybrid,bi200
fever:143515,ce100,ce20,ce20,ce100,ce100,ce100,ce100,hybrid,ce100,ce20
fever:143526,ce100,ce100,ce20,ce100,ce100,ce100,ce100,bi200,bi200,ce20
fever:143533,ce20,ce20,ce20,ce20,ce20,ce20,ce100,ce20,ce100,hybrid
fever:143534,ce100,ce20,bm25,ce20,ce100,ce100,bi200,hybrid,hybrid,bm25
fever:143556,bm25,bm25,bm25,ce20,bm25,ce20,ce20,ce20,ce20,bi200
fever:143593,bm25,ce20,bm25,bm25,bm25,ce20,bi200,bm25,bm25,bi200
fever:14366,ce20,bm25,ce20,ce20,ce20,bm25,bm25,hybrid,bm25,bm25
fever:14367,ce20,bm25,ce20,ce20,ce20,bm25,bm25,hybrid,bm25,bm25
fever:143684,ce100,ce100,bm25,ce100,ce100,bi200,ce100,bi200,hybrid,bm25
fever:143686,ce100,ce100,ce100,ce100,ce100,bi200,bi200,hybrid,hybrid,ce20
fever:143712,ce20,ce20,ce20,ce20,ce20,ce20,bm25,bm25,ce20,ce20
fever:143728,ce20,ce20,ce20,bm25,ce20,ce20,ce20,hybrid,ce20,bi200
fever:143749,ce20,ce100,ce100,bm25,ce20,bi200,bi200,ce20,ce20,bi200
fever:14375,ce20,bm25,bm25,bm25,bm25,hybrid,bm25,bi200,bm25,bi200
fever:143788,ce100,ce100,bm25,ce20,ce20,ce100,bi200,hybrid,hybrid,ce20
fever:143803,bm25,bm25,bm25,bm25,ce20,ce20,bm25,bm25,bm25,ce20
fever:143807,bm25,ce20,ce20,bm25,ce100,ce20,ce100,ce20,ce20,ce20
fever:143832,ce20,ce20,ce20,bm25,ce20,ce100,ce20,bi200,ce20,bi200
fever:143847,bm25,bm25,ce100,bm25,bm25,bi200,bi200,bi200,bi200,bi200
fever:143852,ce20,ce100,ce100,ce100,ce20,ce20,ce100,ce100,hybrid,ce20
fever:143867,ce100,ce20,bm25,ce20,ce20,ce20,ce100,ce20,ce100,bm25
fever:143872,ce100,ce100,bm25,bm25,bm25,bi200,bi200,bi200,hybrid,bi200
fever:143875,ce100,bm25,ce100,bm25,ce20,bi200,hybrid,ce100,ce20,bi200
fever:14388,bm25,ce20,bm25,bm25,bm25,ce20,bm25,hybrid,bm25,bi200
fever:143882,bm25,ce100,ce100,ce100,bm25,hybrid,bi200,ce20,bi200,hybrid
fever:143895,bm25,ce20,ce100,bm25,bm25,bi200,bi200,bi200,ce20,bi200
fever:143905,bm25,bm25,bm25,bm25,bm25,ce100,bi200,bm25,bi200,bi200
fever:143951,bm25,ce20,ce100,ce20,ce20,hybrid,ce20,ce20,ce20,hybrid
fever:143965,ce20,bm25,ce20,bm25,ce100,hybrid,hybrid,hybrid,bi200,hybrid
fever:143974,ce20,ce100,ce20,ce100,ce20,ce20,bi200,hybrid,ce100,hybrid
fever:144018,ce20,bm25,bm25,bm25,ce20,ce20,bm25,bm25,bm25,bm25
fever:144049,ce100,ce100,ce100,ce100,ce20,bi200,bi200,hybrid,hybrid,hybrid
fever:14406,ce20,ce100,ce100,bm25,bm25,hybrid,bm25,hybrid,bi200,hybrid
fever:14407,ce20,ce100,bm25,bm25,bm25,hybrid,bm25,bm25,bi200,bi200
fever:14408,bm25,bm25,bm25,bm25,ce20,ce20,ce100,bi200,ce20,bi200
fever:144087,ce20,ce20,bm25,ce20,ce20,hybrid,bm25,bi200,ce20,bi200
fever:144102,ce100,ce100,ce100,ce100,ce100,hybrid,hybrid,hybrid,bi200,hybrid
fever:144130,ce20,bm25,ce100,bm25,bm25,ce20,bm25,ce20,ce20,ce20
fever:14415,ce20,bm25,bm25,bm25,ce20,ce20,hybrid,hybrid,bm25,hybrid
fever:144167,ce20,ce20,ce20,ce20,ce20,ce20,ce100,bm25,ce20,ce20
fever:144168,ce100,ce20,ce20,bm25,bm25,bi200,ce100,ce100,ce20,bm25
fever:144169,bm25,bm25,ce100,bm25,bm25,hybrid,hybrid,hybrid,hybrid,bm25
fever:144170,bm25,ce20,bm25,ce20,ce20,ce20,bm25,ce20,ce20,ce20
fever:144173,ce20,ce20,ce20,bm25,ce20,bi200,bm25,bi200,bi200,bi200
fever:144183,bm25,ce20,bm25,bm25,ce20,bi200,bi200,bm25,bm25,bm25
fever:144188,ce100,ce100,ce100,ce100,ce100,ce100,ce100,ce100,ce100,ce100
fever:144199,ce100,ce100,ce20,bm25,ce20,ce20,ce100,hybrid,ce20,hybrid
fever:144200,ce20,bm25,bm25,bm25,bm25,ce20,bm25,bm25,ce20,bi200
fever:144222,bm25,bm25,ce20,bm25,ce20,ce20,ce100,ce100,ce100,bi200
fever:144242,ce20,ce100,bm25,ce20,ce100,bm25,bi200,bm25,hybrid,ce20
fever:14428,ce100,bm25,ce100,bm25,ce20,ce100,bm25,ce20,ce20,ce20
fever:144293,ce100,ce100,ce100,bm25,ce100,bi200,hybrid,hybrid,bi200,bi200
fever:144296,ce20,bm25,bm25,bm25,bm25,hybrid,bm25,hybrid,hybrid,bm25
fever:14430,bm25,ce20,ce20,bm25,bm25,ce20,bi200,bm25,bm25,hybrid
fever:144302,bm25,ce20,ce20,bm25,ce20,ce20,ce100,bm25,ce100,ce20
fever:144309,ce20,ce20,ce20,ce20,ce20,bi200,bi200,bm25,ce20,bm25
fever:14431,bm25,ce20,ce20,bm25,bm25,ce20,bi200,bm25,ce20,ce20
fever:144380,ce20,ce100,ce100,bm25,ce20,ce100,ce100,ce100,hybrid,ce20
fever:144386,ce100,bm25,ce100,ce100,ce100,ce20,bi200,ce20,bi200,bi200
fever:144391,bm25,bm25,bm25,bm25,ce20,bi200,bm25,hybrid,hybrid,bi200
fever:144418,ce100,ce100,ce20,bm25,ce100,ce20,bi200,hybrid,bi200,bi200
fever:144456,bm25,ce100,bm25,bm25,bm25,hybrid,ce100,bm25,ce20,bm25
fever:14448,ce100,ce100,ce100,bm25,ce100,hybrid,bi200,ce20,bi200,bi200
fever:144487,ce100,ce20,ce100,ce100,ce100,hybrid,bi200,ce100,bi200,bi200
fever:144489,bm25,bm25,ce20,ce20,bm25,ce20,bm25,ce20,ce20,bm25
fever:14449,bm25,ce100,ce100,bm25,ce100,hybrid,bm25,ce20,bi200,ce100
fever:144497,bm25,bm25,ce20,bm25,ce20,ce20,bm25,ce20,ce20,ce20
fever:144500,bm25,bm25,ce100,bm25,bm25,hybrid,hybrid,hybrid,ce20,hybrid
fever:144506,ce100,ce20,ce100,bm25,ce100,bi200,bi200,bi200,hybrid,bi200
fever:144509,bm25,bm25,bm25,ce100,bm25,ce20,ce100,ce20,bi200,bi200
fever:144527,ce100,bm25,ce20,ce20,ce20,ce20,ce100,bi200,ce100,bi200
fever:144542,ce100,ce100,ce100,bm25,ce100,bi200,bi200,ce100,bi200,bi200
fever:144570,ce100,ce100,bm25,ce100,ce20,bi200,ce100,bi200,ce100,ce100
fever:144589,bm25,ce100,bm25,bm25,bm25,bm25,ce100,ce20,ce20,bi200
fever:144596,ce20,bm25,bm25,bm25,ce20,bm25,ce100,ce20,ce20,ce20
fever:144602,ce20,ce20,ce20,bm25,ce20,ce20,ce100,ce100,ce20,ce20
fever:144611,ce20,bm25,bm25,bm25,bm25,bm25,bm25,ce20,ce20,ce20
fever:144641,ce100,ce100,ce100,ce100,ce100,hybrid,hybrid,hybrid,hybrid,ce100
fever:144649,bm25,bm25,ce20,bm25,ce20,ce20,bm25,ce20,bm25,bi200
fever:144658,bm25,ce20,bm25,ce20,bm25,ce20,ce20,ce100,ce20,ce20
fever:144669,bm25,bm25,bm25,bm25,bm25,ce20,bm25,ce20,ce20,ce20
fever:144682,bm25,bm25,bm25,bm25,bm25,bm25,bm25,bm25,ce20,bm25
fever:144715,bm25,bm25,ce20,ce20,ce100,ce100,hybrid,bm25,bm25,hybrid
fever:144723,ce100,ce100,ce20,ce100,ce100,bi200,hybrid,ce100,hybrid,bi200
fever:144725,bm25,bm25,bm25,bm25,bm25,bi200,bi200,bi200,bi200,bi200
fever:144769,bm25,bm25,ce20,bm25,ce20,bi200,ce20,bi200,ce20,bi200
fever:144800,bm25,bm25,bm25,bm25,ce20,bi200,bi200,hybrid,bi200,ce20
fever:144806,bm25,ce20,ce20,bm25,bm25,ce20,bi200,ce20,ce20,bm25
fever:144809,ce20,bm25,bm25,bm25,ce20,bm25,ce100,ce20,ce20,bm25
fever:144815,ce20,ce20,ce20,bm25,ce20,bi200,bm25,ce20,bi200,bi200
fever:144819,ce20,ce20,bm25,bm25,ce20,bi200,hybrid,ce100,bi200,bi200
fever:144823,ce20,ce20,ce20,bm25,ce20,ce20,ce100,hybrid,ce20,ce20
fever:144897,ce20,bm25,bm25,bm25,bm25,ce100,bi200,bm25,bm25,bi200
fever:144899,ce20,ce100,bm25,bm25,ce20,bm25,ce100,hybrid,ce20,bm25
fever:144922,ce20,ce20,ce20,bm25,ce20,bm25,ce20,bm25,ce20,bm25
fever:144964,ce100,ce20,ce100,bm25,bm25,bi200,ce100,ce20,ce100,hybrid
fever:144978,bm25,bm25,ce100,bm25,bm25,ce100,ce100,hybrid,hybrid,bi200
fever:144983,bm25,bm25,ce20,bm25,bm25,bi200,bi200,bi200,bi200,bi200
fever:144993,ce20,ce100,ce20,ce20,ce20,bi200,hybrid,hybrid,hybrid,ce20
fever:14501,ce20,ce100,ce100,bm25,ce100,bi200,ce20,ce20,hybrid,bm25
fever:145012,bm25,ce20,bm25,bm25,bm25,hybrid,bi200,hybrid,bm25,bi200
fever:145013,ce20,ce20,ce100,ce20,ce20,ce20,ce100,bm25,ce100,ce100
fever:145041,ce20,ce20,ce20,ce20,ce20,ce20,bm25,bm25,bi200,bm25
fever:145061,bm25,ce20,bm25,ce20,bm25,ce20,ce20,hybrid,ce20,ce20
fever:145079,bm25,ce20,ce20,bm25,ce100,bi200,bi200,hybrid,bi200,bi200
fever:145120,ce20,ce20,ce20,bm25,bm25,bi200,ce100,ce20,ce100,ce20
fever:145130,ce20,ce20,bm25,ce20,ce20,hybrid,ce100,hybrid,bi200,hybrid
fever:145293,ce20,ce20,bm25,bm25,ce20,ce20,ce20,bi200,ce20,ce20
fever:145306,bm25,ce20,ce20,bm25,bm25,ce20,ce100,ce20,bm25,ce20
fever:145339,bm25,ce20,ce20,bm25,ce20,bm25,ce100,ce20,hybrid,hybrid
fever:145369,ce100,ce20,ce100,ce100,ce100,hybrid,ce100,hybrid,bi200,hybrid
fever:145389,ce100,ce20,ce100,ce20,ce100,ce100,bm25,bi200,bi200,bm25
fever:145403,ce100,ce100,ce100,ce20,ce20,bi200,ce100,bm25,bi200,ce100
fever:145424,ce100,ce100,ce100,ce100,ce20,bi200,ce20,ce20,ce20,ce20
fever:145446,bm25,bm25,bm25,bm25,bm25,bm25,bm25,hybrid,bm25,ce20
fever:145465,ce100,ce100,bm25,bm25,ce100,bi200,ce100,bi200,bi200,bi200
fever:145470,bm25,bm25,bm25,bm25,ce20,ce20,bm25,hybrid,bm25,bm25
fever:145474,ce100,ce20,ce100,ce100,ce100,ce100,ce20,bi200,bi200,hybrid
fever:145491,ce100,ce100,ce100,bm25,ce100,ce100,ce100,hybrid,hybrid,ce100
fever:145508,ce20,ce100,ce20,ce100,bm25,ce20,ce100,ce20,ce20,ce20
fever:145512,ce100,ce20,bm25,bm25,ce100,ce100,ce20,hybrid,ce20,hybrid
fever:145516,ce100,ce100,bm25,ce100,ce100,bi200,bi200,hybrid,bi200,hybrid
fever:145533,ce100,ce100,ce100,bm25,ce100,ce100,bi200,hybrid,bi200,bi200
fever:145537,ce100,ce100,ce100,ce100,ce100,ce100,bi200,bi200,ce100,ce100
fever:145549,ce20,bm25,bm25,bm25,ce20,ce20,bm25,bm25,ce20,ce20
fever:145558,ce20,ce100,bm25,ce100,ce100,bi200,ce100,ce20,bi200,hybrid
fever:145562,ce20,ce20,ce100,ce20,ce20,bi200,bi200,ce100,hybrid,bi200
fever:145570,bm25,bm25,bm25,ce20,bm25,hybrid,bm25,hybrid,bm25,bi200
fever:145572,ce100,ce100,ce100,ce100,ce100,ce20,ce100,ce100,ce100,hybrid
fever:145588,ce20,ce20,ce20,ce20,ce20,bi200,ce20,hybrid,bm25,bm25
fever:145616,ce20,ce20,ce20,ce20,ce100,bi200,bi200,bm25,hybrid,hybrid
fever:145617,ce100,bm25,ce20,ce20,ce20,hybrid,hybrid,ce100,ce20,hybrid
fever:145624,ce100,ce20,bm25,bm25,ce100,ce100,bm25,hybrid,bm25,hybrid
fever:145641,ce20,ce20,ce20,bm25,ce20,bi200,ce100,hybrid,ce20,ce20
fever:145662,bm25,bm25,bm25,bm25,bm25,bm25,ce20,bi200,bm25,ce20
fever:145672,bm25,ce100,ce100,bm25,ce100,bi200,bi200,ce20,bi200,bi200
fever:145705,bm25,bm25,bm25,bm25,bm25,ce20,bm25,bm25,bm25,bm25
fever:145707,ce100,ce20,bm25,bm25,ce20,ce100,bi200,bi200,bi200,bi200
fever:145710,ce20,ce20,ce20,ce100,ce20,ce20,bi200,ce100,bi200,ce100
fever:145723,ce100,ce100,ce100,bm25,ce100,ce100,bi200,hybrid,bi200,hybrid
fever:145735,bm25,ce100,bm25,bm25,ce100,bi200,bi200,bm25,bi200,bm25
fever:145749,bm25,ce100,bm25,bm25,ce100,bi200,ce100,bi200,bi200,bi200
fever:145769,ce20,ce20,ce20,bm25,ce20,ce100,hybrid,hybrid,ce20,hybrid
fever:145784,bm25,bm25,ce20,ce20,ce20,bi200,bm25,bm25,hybrid,bm25
fever:145789,ce100,ce100,ce100,ce100,ce100,ce100,ce100,ce100,ce20,hybrid
fever:145797,ce20,ce20,ce20,bm25,ce20,ce20,ce100,ce100,ce20,ce20
fever:145802,ce20,bm25,bm25,bm25,ce20,bi200,bm25,bi200,ce20,bm25
fever:145848,ce20,ce100,ce100,bm25,ce100,ce100,ce100,ce100,ce100,ce100
fever:145849,ce100,ce20,ce20,ce20,ce100,ce20,ce100,ce100,ce20,ce100
fever:145866,ce100,ce20,ce100,bm25,bm25,ce100,bm25,bi200,hybrid,hybrid
fever:145926,bm25,ce20,bm25,bm25,bm25,bi200,bm25,bm25,bi200,bm25
fever:145938,bm25,ce20,bm25,bm25,bm25,hybrid,ce100,bm25,bm25,ce100
fever:145941,ce100,ce20,ce20,ce20,ce20,ce100,bm25,hybrid,ce20,ce20
fever:145956,ce100,ce100,ce20,ce100,ce100,ce100,ce100,bi200,ce100,ce100
fever:14596,bm25,bm25,bm25,bm25,bm25,bm25,bm25,bm25,bm25,bm25
fever:145967,ce100,ce100,ce100,bm25,ce100,hybrid,bi200,bi200,bi200,hybrid
fever:145972,bm25,ce100,ce20,ce20,ce100,bi200,bi200,hybrid,hybrid,bm25
fever:146011,ce100,ce100,ce20,ce100,ce100,ce100,ce100,bm25,ce100,hybrid
fever:146015,bm25,bm25,bm25,bm25,bm25,bm25,bm25,hybrid,ce20,ce20
fever:146030,bm25,bm25,bm25,bm25,ce20,hybrid,bm25,ce20,hybrid,bm25
fever:146055,ce20,ce100,ce100,ce100,ce20,ce100,bi200,ce100,ce100,ce20
fever:14610,bm25,ce20,ce20,ce20,ce20,ce20,ce20,ce20,ce20,ce20
fever:146109,ce20,bm25,bm25,ce20,ce100,hybrid,ce100,ce100,ce100,bm25
fever:146132,bm25,bm25,bm25,ce20,ce20,bi200,bm25,bm25,bm25,bi200
fever:146157,ce100,ce100,bm25,ce20,ce20,hybrid,bi200,hybrid,bi200,bi200
fever:146189,bm25,bm25,bm25,bm25,bm25,bm25,bm25,ce20,hybrid,bm25
fever:146225,ce20,bm25,ce20,bm25,bm25,ce20,bm25,ce20,ce20,ce20
fever:146231,bm25,ce100,bm25,ce20,ce100,hybrid,bi200,hybrid,hybrid,hybrid
fever:146260,bm25,bm25,bm25,bm25,bm25,bm25,bm25,bm25,bm25,bm25
fever:146272,ce20,ce20,bm25,bm25,ce20,ce20,ce100,bm25,ce20,ce20
fever:146288,ce100,bm25,bm25,bm25,bm25,bi200,bi200,bi200,hybrid,bi200
fever:146300,bm25,ce100,ce100,ce100,ce20,ce100,ce100,ce20,ce20,hybrid
fever:146317,bm25,ce20,ce100,bm25,bm25,ce100,bi200,ce20,bm25,bm25
fever:146348,ce100,ce100,ce20,bm25,ce100,ce100,hybrid,hybrid,bi200,hybrid
fever:146359,bm25,bm25,bm25,bm25,bm25,bi200,bi200,bm25,hybrid,hybrid
fever:146361,bm25,ce20,ce100,bm25,ce20,ce20,ce20,ce100,ce20,ce20
fever:146389,ce20,ce100,ce20,ce20,ce20,ce100,ce20,ce20,ce20,ce20
fever:146394,bm25,ce100,bm25,bm25,ce20,bi200,bm25,bi200,hybrid,bi200
fever:146399,ce20,ce20,ce20,ce20,ce20,bi200,bi200,bm25,ce20,hybrid
fever:146416,bm25,bm25,bm25,bm25,bm25,bi200,ce100,bm25,bm25,ce20
fever:146438,bm25,bm25,ce20,bm25,ce20,ce20,ce100,ce20,ce20,ce20
fever:146453,ce100,ce100,ce100,ce100,ce100,bi200,ce100,ce100,hybrid,bi200
fever:146455,bm25,ce100,bm25,bm25,bm25,hybrid,bm25,bm25,ce20,bi200
fever:146456,ce100,ce100,ce20,ce100,ce100,bi200,bi200,ce100,bi200,bi200
fever:146485,ce20,ce100,ce100,bm25,ce100,ce20,bi200,ce20,ce20,bi200
fever:146493,bm25,ce100,bm25,ce20,ce20,hybrid,bi200,hybrid,bi200,bi200
fever:146507,ce20,bm25,ce20,ce20,ce20,bi200,bi200,bi200,bi200,bm25
fever:146513,bm25,ce20,ce20,bm25,bm25,ce20,bm25,ce20,ce20,bi200
fever:146518,ce20,ce20,bm25,bm25,ce20,ce20,ce100,hybrid,bi200,ce100
fever:146578,bm25,ce20,ce20,bm25,ce20,ce20,bi200,hybrid,ce20,bi200
fever:146582,bm25,ce20,ce20,bm25,ce20,ce20,ce20,bm25,ce100,bi200
fever:146587,ce20,ce20,ce20,ce20,ce20,ce20,ce100,hybrid,ce20,ce20
fever:146606,bm25,bm25,bm25,bm25,ce20,bi200,bi200,bi200,bi200,bi200
fever:146639,ce20,bm25,bm25,bm25,ce20,ce20,bm25,bm25,bm25,ce100
fever:146669,ce20,ce20,bm25,bm25,ce20,bi200,bm25,bi200,hybrid,hybrid
fever:146671,ce100,ce100,bm25,bm25,ce100,hybrid,bi200,hybrid,bi200,bi200
fever:146679,ce20,bm25,bm25,bm25,bm25,bi200,bm25,bm25,ce20,bi200
fever:146792,bm25,bm25,bm25,bm25,bm25,ce20,bm25,hybrid,bi200,bi200
fever:146831,ce20,ce20,ce20,ce20,ce20,bi200,bi200,ce20,ce20,hybrid
fever:146837,ce20,ce100,ce20,ce100,ce20,ce20,bi200,ce20,ce20,hybrid
fever:146910,bm25,bm25,bm25,ce100,ce20,hybrid,ce100,bi200,hybrid,ce20
fever:146912,ce20,ce20,bm25,bm25,ce20,ce100,ce100,ce20,hybrid,hybrid
fever:14692,ce20,ce20,bm25,bm25,bm25,ce100,ce20,ce20,ce20,ce20
fever:146923,ce20,ce20,bm25,ce20,ce20,hybrid,hybrid,hybrid,hybrid,ce20
fever:14693,bm25,ce20,ce20,bm25,bm25,ce100,bm25,hybrid,ce20,ce20
fever:146935,ce20,ce20,bm25,bm25,ce20,ce20,bm25,bi200,ce20,ce20
fever:147033,bm25,bm25,bm25,bm25,bm25,ce20,ce100,bm25,ce20,bm25
fever:147041,bm25,ce20,ce100,bm25,ce100,ce20,bi200,hybrid,hybrid,hybrid
fever:147045,bm25,ce100,bm25,bm25,bm25,bm25,bm25,bm25,hybrid,hybrid
fever:147056,bm25,bm25,bm25,bm25,bm25,bi200,bi200,bi200,bi200,bi200
fever:147059,bm25,bm25,ce20,bm25,ce20,ce20,ce20,ce20,bm25,ce20
fever:147088,bm25,ce20,bm25,bm25,bm25,bm25,bm25,hybrid,bi200,bi200
fever:147118,bm25,bm25,bm25,bm25,ce20,bi200,bm25,bi200,hybrid,bm25
fever:147158,bm25,ce100,ce20,ce20,ce100,bm25,bi200,bm25,bi200,ce20
fever:147199,bm25,ce20,ce20,bm25,bm25,ce20,ce100,ce20,ce20,bm25
fever:147207,ce20,bm25,ce20,ce100,bm25,ce100,hybrid,hybrid,hybrid,hybrid
fever:147211,ce20,bm25,ce20,bm25,bm25,hybrid,ce20,hybrid,hybrid,bi200
fever:147235,bm25,bm25,bm25,bm25,bm25,ce20,bm25,bm25,ce20,bi200
fever:147246,ce20,bm25,ce20,bm25,ce20,bi200,bm25,ce20,ce20,ce20
fever:147255,ce20,bm25,ce20,ce20,ce100,hybrid,ce20,bi200,ce100,ce100
fever:147260,bm25,ce100,ce100,bm25,ce100,bi200,bi200,hybrid,hybrid,bi200
fever:14730,bm25,bm25,bm25,bm25,bm25,hybrid,bm25,hybrid,hybrid,bm25
fever:147304,bm25,ce20,ce20,bm25,bm25,ce20,bm25,bi200,bm25,ce20
fever:147305,ce100,ce20,bm25,ce20,ce20,bi200,ce100,ce20,hybrid,hybrid
fever:14731,bm25,bm25,bm25,bm25,ce20,bm25,bm25,bi200,hybrid,bm25
fever:147344,ce100,bm25,ce100,bm25,ce100,ce20,ce100,bm25,ce20,ce100
fever:147352,bm25,bm25,bm25,bm25,bm25,bm25,bm25,bm25,ce20,bi200
fever:147411,bm25,bm25,ce100,bm25,bm25,ce20,bi200,hybrid,bi200,bi200
fever:147427,ce20,ce20,ce100,bm25,ce100,ce100,hybrid,ce20,bm25,ce20
fever:147435,ce20,ce20,ce20,bm25,ce100,ce20,ce100,bm25,ce20,ce100
fever:147455,ce20,ce20,ce20,bm25,ce20,ce20,ce100,ce20,ce20,ce20
fever:147477,ce100,ce100,ce100,ce20,ce100,bi200,bi200,bi200,bi200,hybrid
fever:147486,ce100,ce100,ce100,bm25,bm25,bi200,ce100,bi200,hybrid,bi200
fever:147493,ce20,ce100,ce20,bm25,bm25,bm25,bi200,bm25,ce20,bi200
fever:147526,ce100,ce20,ce20,bm25,ce20,ce20,bi200,bm25,ce100,bi200
fever:147530,ce100,ce100,ce100,ce100,ce100,ce100,bi200,bi200,bi200,bi200
fever:147577,bm25,bm25,bm25,bm25,bm25,bi200,bm25,hybrid,hybrid,bi200
fever:147600,ce20,ce100,ce100,ce100,ce100,ce100,ce100,ce100,ce100,ce100
fever:147605,bm25,bm25,ce100,bm25,bm25,bm25,bm25,ce20,hybrid,bm25
fever:147609,bm25,bm25,bm25,bm25,bm25,bi200,bm25,bm25,bm25,bm25
fever:147627,bm25,ce20,ce20,bm25,ce20,ce20,ce100,ce20,ce20,bm25
fever:147632,ce100,ce20,bm25,ce20,bm25,hybrid,hybrid,hybrid,hybrid,hybrid
fever:14767,bm25,bm25,bm25,bm25,ce20,ce20,bm25,ce20,ce20,bm25
fever:147696,ce20,bm25,ce20,bm25,ce20,ce100,hybrid,hybrid,hybrid,bi200
fever:147718,bm25,ce20,bm25,bm25,ce20,ce20,bm25,bm25,bm25,ce20
fever:147720,ce100,ce100,ce20,ce20,bm25,ce20,bi200,hybrid,hybrid,hybrid
fever:147721,bm25,ce20,bm25,ce20,ce20,bi200,bm25,bm25,bi200,ce20
fever:147730,ce20,bm25,ce20,bm25,bm25,ce20,ce100,ce20,ce20,ce20
fever:147742,ce100,ce20,ce100,bm25,ce20,ce20,ce100,hybrid,bm25,hybrid
fever:147762,ce100,ce20,ce20,ce20,ce20,ce20,ce100,ce20,hybrid,ce20
fever:147769,ce20,bm25,bm25,bm25,bm25,bm25,ce100,ce20,hybrid,bm25
fever:147781,bm25,ce100,ce20,bm25,ce100,bi200,bm25,ce100,hybrid,bi200
fever:147831,ce20,ce20,ce100,ce20,ce20,ce20,ce100,ce20,bi200,ce20
fever:147845,ce100,bm25,ce20,bm25,ce20,ce100,bi200,ce20,hybrid,hybrid
fever:14790,bm25,bm25,bm25,bm25,bm25,bm25,bm25,bm25,bm25,bm25
fever:147935,ce20,ce20,bm25,ce20,ce20,bi200,bi200,bi200,bi200,ce20
fever:147936,bm25,bm25,ce20,bm25,bm25,ce20,bm25,bm25,ce20,ce20
fever:147952,ce20,ce20,bm25,bm25,bm25,ce100,ce100,hybrid,bm25,ce20
fever:147979,ce20,bm25,bm25,ce20,bm25,ce20,ce20,ce20,bm25,bm25
fever:14799,bm25,bm25,bm25,bm25,bm25,ce100,ce100,ce20,hybrid,bm25
fever:1480,ce20,ce20,bm25,bm25,bm25,bi200,bm25,bm25,bm25,bi200
fever:14800,ce100,ce100,bm25,ce100,ce100,ce100,ce100,ce100,hybrid,hybrid
fever:148036,ce100,ce100,ce20,ce100,ce100,bi200,ce100,bi200,ce20,ce20
fever:148055,bm25,ce20,ce20,bm25,ce20,ce20,ce100,ce100,ce20,ce20
fever:148057,ce100,ce100,ce100,bm25,ce100,ce100,ce100,hybrid,ce20,ce20
fever:1481,ce20,ce20,bm25,bm25,bm25,hybrid,bm25,bm25,bm25,bi200
fever:148121,ce20,bm25,ce20,ce20,ce20,bi200,bm25,hybrid,bm25,bm25
fever:148140,bm25,ce20,ce20,bm25,ce20,ce20,ce100,ce20,ce20,bm25
fever:148149,ce20,ce100,ce20,ce100,ce20,ce20,ce100,ce20,ce20,ce20
fever:148152,ce20,ce20,bm25,ce20,ce20,bm25,bm25,ce20,ce20,bm25
fever:148164,ce20,ce20,ce20,bm25,ce20,ce20,ce20,ce20,ce20,ce20
fever:148167,bm25,bm25,bm25,bm25,ce20,hybrid,ce20,bm25,bi200,bi200
fever:148171,bm25,bm25,bm25,bm25,bm25,bi200,bm25,bm25,hybrid,bi200
fever:148173,bm25,bm25,bm25,bm25,bm25,bi200,bm25,hybrid,hybrid,bm25
fever:148180,bm25,bm25,bm25,bm25,bm25,bm25,bm25,ce20,bm25,bm25
fever:14819,bm25,ce20,ce20,ce20,ce20,ce100,ce20,hybrid,ce20,ce20
fever:14820,bm25,ce20,ce20,bm25,ce20,ce100,ce20,hybrid,ce20,ce20
fever:148205,bm25,bm25,bm25,bm25,bm25,bm25,bm25,hybrid,ce20,bm25
fever:148211,ce20,ce20,ce20,bm25,ce20,hybrid,bm25,hybrid,hybrid,bm25
fever:148234,bm25,bm25,bm25,bm25,bm25,bi200,bm25,bm25,ce20,bm25
fever:148244,ce100,ce100,bm25,ce20,ce100,bi200,bi200,hybrid,hybrid,bi200
fever:148255,bm25,ce20,ce20,bm25,ce100,bi200,bi200,bm25,bm25,bm25
fever:148263,ce20,ce20,bm25,bm25,ce20,bi200,hybrid,bi200,ce20,ce20
fever:148295,ce100,ce100,ce100,bm25,ce100,ce100,bi200,bi200,ce20,bi200
fever:148304,bm25,ce20,ce20,bm25,ce20,ce20,ce20,ce20,ce20,ce20
fever:148309,bm25,bm25,bm25,bm25,bm25,ce20,ce20,hybrid,bm25,ce20
fever:148329,bm25,ce20,bm25,bm25,ce20,ce20,ce20,ce20,ce20,bm25
fever:148335,ce20,ce100,ce100,ce100,ce100,ce20,ce100,ce100,ce100,ce100
fever:148362,bm25,ce20,bm25,bm25,ce20,ce20,hybrid,ce20,ce20,ce20
fever:14837,bm25,bm25,bm25,bm25,bm25,ce20,bm25,ce20,bm25,bi200
fever:148376,ce20,ce100,ce20,bm25,bm25,ce100,bi200,ce20,bi200,bi200
fever:148377,ce100,ce100,ce20,ce100,ce100,bi200,ce100,hybrid,hybrid,hybrid
fever:148388,bm25,bm25,bm25,bm25,ce20,bi200,bm25,bm25,hybrid,bm25
fever:1484,bm25,bm25,bm25,bm25,bm25,bm25,bi200,bm25,bm25,bi200
fever:148437,bm25,bm25,bm25,bm25,bm25,hybrid,bm25,bm25,bm25,bm25
fever:14847,ce20,ce20,bm25,bm25,ce100,bi200,ce100,hybrid,hybrid,hybrid
fever:148471,bm25,ce20,ce20,bm25,ce20,ce20,ce100,ce20,ce20,ce20
fever:148484,bm25,ce100,bm25,bm25,ce100,bi200,ce100,hybrid,hybrid,bm25
fever:148534,ce20,ce20,ce20,ce20,ce20,bi200,bm25,hybrid,ce20,bm25
fever:148541,ce100,ce100,ce100,ce100,ce20,hybrid,hybrid,hybrid,hybrid,bi200
fever:14855,ce100,ce100,ce100,bm25,ce100,bi200,ce100,bi200,hybrid,hybrid
fever:148551,ce100,ce100,ce100,bm25,ce100,ce100,bi200,bm25,ce20,ce20
fever:148569,bm25,ce20,ce20,bm25,bm25,ce20,bm25,bm25,ce20,bm25
fever:148595,bm25,bm25,bm25,bm25,bm25,ce20,bm25,ce20,bm25,bm25
fever:148599,ce100,ce20,ce20,ce100,ce100,ce20,ce100,ce100,bi200,hybrid
fever:148610,bm25,ce20,ce20,ce20,ce20,ce20,bm25,bi200,bi200,bi200
fever:148616,ce20,ce20,ce20,bm25,ce100,ce100,bm25,hybrid,ce20,hybrid
fever:148632,ce100,ce100,ce100,ce100,ce100,bi200,bi200,ce100,bi200,bi200
fever:148642,bm25,bm25,bm25,bm25,bm25,bi200,ce100,bi200,hybrid,bi200
fever:148650,bm25,ce20,bm25,bm25,ce100,hybrid,ce100,ce20,hybrid,hybrid
fever:148655,bm25,bm25,bm25,bm25,bm25,ce20,bm25,bm25,bm25,bm25
fever:148661,ce20,ce20,ce20,bm25,ce20,bm25,bm25,hybrid,ce20,bm25
fever:148674,bm25,bm25,bm25,bm25,bm25,bi200,bi200,bi200,hybrid,hybrid
fever:148689,ce20,bm25,ce20,bm25,ce20,ce20,bm25,ce20,ce20,bm25
fever:148696,ce100,ce100,ce100,ce100,ce100,bi200,bi200,ce100,hybrid,bi200
fever:148735,bm25,ce20,bm25,bm25,ce20,bi200,bm25,bi200,bm25,bm25
fever:148750,ce20,bm25,ce20,bm25,ce20,hybrid,bm25,hybrid,bm25,hybrid
fever:148755,ce20,ce100,bm25,bm25,ce20,bm25,bm25,hybrid,hybrid,hybrid
fever:148776,ce20,bm25,ce100,bm25,ce20,ce100,bi200,bm25,bm25,bi200
fever:148779,ce20,bm25,bm25,bm25,ce20,bi200,ce20,ce20,ce20,ce20
fever:14879,ce100,ce100,ce100,ce100,ce100,hybrid,hybrid,hybrid,hybrid,hybrid
fever:148798,bm25,ce20,ce20,bm25,ce20,ce100,ce100,ce20,ce20,ce20
fever:148830,bm25,bm25,bm25,bm25,bm25,ce20,bm25,ce20,ce20,ce20
fever:148844,bm25,bm25,bm25,bm25,bm25,hybrid,bm25,bm25,bm25,bm25
fever:148882,ce20,bm25,bm25,bm25,ce20,bm25,ce100,ce100,ce20,ce20
fever:148922,ce20,ce20,ce100,ce20,ce100,ce20,ce100,ce100,ce20,ce20
fever:148929,ce20,bm25,ce100,ce20,ce20,bm25,hybrid,bi200,hybrid,hybrid
fever:148947,ce20,ce100,ce100,bm25,ce100,ce20,ce100,ce100,ce20,bi200
fever:148966,ce20,bm25,ce100,bm25,ce20,ce100,bi200,bm25,bm25,bi200
fever:148979,ce100,ce100,ce100,ce20,ce100,ce100,bi200,ce100,ce100,bi200
fever:148981,bm25,bm25,ce20,ce20,ce20,ce20,ce20,hybrid,bm25,bm25
fever:14900,ce20,bm25,ce20,bm25,ce100,bi200,ce100,bi200,ce20,ce20
fever:14901,ce20,ce20,bm25,bm25,ce20,bi200,ce100,bi200,bm25,ce20
fever:149033,bm25,bm25,bm25,bm25,bm25,bm25,bm25,bm25,ce20,bm25
fever:149038,bm25,ce20,ce20,bm25,ce100,bi200,ce20,ce100,ce20,bi200
fever:149042,ce20,ce20,ce20,bm25,ce20,ce20,ce100,ce100,hybrid,ce20
fever:149051,ce100,ce100,ce100,ce100,ce100,bi200,ce100,ce20,ce100,ce100
fever:149063,ce20,ce20,ce20,bm25,ce20,ce20,ce100,ce20,ce20,ce20
fever:149087,ce100,ce100,ce100,bm25,ce100,bi200,ce100,bm25,hybrid,bi200
fever:149130,ce20,ce20,ce20,bm25,ce100,ce100,bm25,ce20,ce20,bm25
fever:149134,ce20,ce20,bm25,bm25,bm25,ce100,ce100,ce20,ce20,bm25
fever:149144,bm25,bm25,bm25,bm25,bm25,bm25,ce100,bm25,ce20,ce20
fever:14915,ce20,bm25,ce20,ce20,ce20,hybrid,hybrid,hybrid,hybrid,bm25
fever:149156,ce20,bm25,bm25,bm25,bm25,bm25,bm25,bm25,ce20,hybrid
fever:149159,ce100,bm25,ce100,ce100,ce100,bi200,hybrid,bi200,bi200,bi200
fever:149160,ce20,bm25,ce20,bm25,ce20,bi200,hybrid,ce20,hybrid,ce100
fever:149173,ce20,bm25,bm25,bm25,ce20,ce20,ce100,ce20,ce20,bi200
fever:149179,ce20,bm25,bm25,bm25,ce20,ce20,bm25,bm25,ce20,ce20
fever:14922,bm25,bm25,bm25,bm25,ce20,bi200,bm25,bm25,hybrid,bi200
fever:149220,ce100,ce100,ce100,ce20,ce100,ce20,ce100,ce20,ce100,ce20
fever:149272,ce20,bm25,bm25,ce20,bm25,ce100,ce100,bi200,ce20,bm25
fever:149284,ce20,bm25,bm25,ce20,ce20,ce20,bm25,bm25,ce20,ce20
fever:149286,ce20,bm25,bm25,bm25,ce20,bm25,bm25,bm25,ce20,ce20
fever:149296,ce20,bm25,bm25,bm25,ce20,bm25,bm25,bm25,hybrid,hybrid
fever:149347,bm25,ce20,ce20,bm25,ce20,ce20,ce20,ce20,ce20,ce20
fever:149369,ce20,bm25,bm25,bm25,ce20,bi200,bi200,bi200,bi200,bm25
fever:14939,ce20,bm25,bm25,ce20,ce20,ce20,bi200,ce20,ce100,bi200
fever:149392,ce20,ce20,ce20,bm25,ce20,bi200,bm25,ce20,bm25,bm25
fever:1494,ce20,bm25,bm25,ce20,ce20,hybrid,ce20,bm25,ce20,bi200
fever:14940,ce20,bm25,ce20,bm25,ce20,ce20,ce100,hybrid,ce20,ce20
fever:149418,ce20,ce20,ce20,ce20,ce20,ce20,ce20,ce100,ce20,bm25
fever:149436,ce20,ce100,ce100,bm25,ce20,ce100,bm25,bi200,ce20,ce100
fever:149448,ce20,ce20,ce100,bm25,ce100,ce20,bm25,ce20,ce20,bm25
fever:149457,bm25,ce100,ce20,ce100,ce100,ce20,ce100,ce100,ce20,ce20
fever:149460,bm25,ce20,bm25,bm25,bm25,ce20,bm25,ce20,ce20,ce20
fever:149489,ce20,ce100,bm25,ce100,ce20,bi200,hybrid,hybrid,hybrid,bi200
fever:149492,bm25,bm25,bm25,bm25,bm25,bm25,bm25,bm25,ce20,bm25
fever:149501,bm25,bm25,bm25,bm25,bm25,bi200,bm25,bm25,ce20,bm25
fever:149502,ce20,ce20,ce20,bm25,bm25,bi200,bm25,hybrid,ce20,bi200
fever:149577,ce20,bm25,bm25,ce20,bm25,hybrid,bm25,bm25,bm25,hybrid
fever:149587,bm25,bm25,bm25,bm25,ce20,hybrid,ce20,bm25,bi200,bi200
fever:149607,ce100,ce100,ce20,ce100,ce20,bi200,hybrid,ce100,ce20,ce20
fever:149612,ce100,ce100,ce100,ce100,ce100,bi200,ce100,hybrid,bi200,bi200
fever:149622,ce100,ce100,ce100,bm25,ce20,ce100,hybrid,ce20,bm25,hybrid
fever:149644,bm25,bm25,bm25,bm25,bm25,bm25,bm25,bm25,ce20,bm25
fever:149648,bm25,bm25,bm25,bm25,bm25,hybrid,bm25,hybrid,bi200,bi200
fever:149649,bm25,ce100,ce20,bm25,bm25,ce20,bm25,bi200,ce20,bm25
fever:149663,ce20,ce20,ce20,ce20,ce20,bi200,hybrid,ce20,hybrid,hybrid
fever:14972,bm25,ce20,ce20,ce20,ce20,ce20,bm25,hybrid,ce20,ce20
fever:149728,bm25,ce20,bm25,bm25,bm25,ce20,bm25,bm25,bm25,bm25
fever:149746,ce20,ce20,ce100,ce20,ce20,ce100,ce100,bm25,hybrid,hybrid
fever:149752,bm25,ce100,ce100,bm25,ce100,bi200,bi200,ce100,bi200,bi200
fever:149756,bm25,bm25,ce100,bm25,ce100,ce20,ce100,hybrid,ce20,hybrid
fever:14977,ce20,bm25,ce20,ce20,ce20,ce20,bi200,bm25,ce20,hybrid
fever:149787,bm25,bm25,bm25,bm25,bm25,bm25,bm25,ce20,bm25,bm25
fever:149792,bm25,ce100,bm25,bm25,bm25,ce100,ce20,ce20,ce20,ce20
fever:14984,ce20,bm25,ce20,ce20,ce20,bi200,bi200,hybrid,bi200,bm25
fever:149842,ce20,ce20,ce100,bm25,ce20,ce100,ce100,hybrid,ce20,ce100
fever:14990,bm25,ce20,bm25,bm25,bm25,hybrid,bm25,ce20,hybrid,hybrid
fever:149901,ce20,ce100,bm25,bm25,ce100,bi200,bm25,bi200,bm25,bi200
fever:149902,bm25,ce20,bm25,ce100,ce100,ce20,ce20,ce100,ce20,ce20
fever:149906,ce20,ce20,ce20,ce20,bm25,ce20,ce100,ce100,ce20,ce20
fever:149912,ce20,ce100,ce20,ce100,ce100,hybrid,hybrid,ce100,ce100,hybrid
fever:14994,ce20,ce20,ce20,ce20,bm25,ce20,bm25,bm25,ce20,bi200
fever:149944,ce100,ce100,ce100,ce100,ce100,bi200,hybrid,bi200,hybrid,bi200
fever:149950,ce100,ce20,ce20,ce20,ce20,bi200,bi200,bi200,hybrid,bi200
fever:149973,bm25,ce100,ce100,ce100,ce100,bi200,bi200,bi200,bi200,bi200
fever:149991,ce100,ce100,ce20,ce100,ce20,ce20,hybrid,ce100,hybrid,ce20
fever:15004,ce100,ce100,ce20,ce100,ce20,bi200,hybrid,hybrid,hybrid,hybrid
fever:150040,ce100,ce20,ce100,ce20,ce100,hybrid,bi200,hybrid,hybrid,hybrid
fever:150044,bm25,ce20,bm25,bm25,bm25,bm25,ce100,bm25,bm25,bm25
fever:15005,ce20,ce100,ce20,ce20,ce20,bi200,bi200,hybrid,hybrid,hybrid
fever:15006,bm25,ce20,bm25,bm25,bm25,bi200,bm25,ce20,bm25,bi200
fever:150083,bm25,bm25,bm25,bm25,ce20,hybrid,bm25,bi200,bm25,bm25
fever:150096,ce100,ce100,ce20,ce100,ce100,ce20,ce100,ce100,ce20,hybrid
fever:150098,bm25,ce100,bm25,bm25,ce100,ce20,bm25,bm25,bm25,ce20
fever:150099,bm25,ce20,ce20,bm25,ce100,ce20,ce100,ce20,ce20,ce20
fever:150148,ce20,ce20,ce20,bm25,ce20,bi200,ce100,ce20,ce20,ce20
fever:150192,bm25,bm25,ce20,bm25,bm25,bi200,bm25,bi200,ce20,ce20
fever:150217,bm25,ce20,bm25,bm25,bm25,ce20,ce20,bm25,bm25,bm25
fever:150221,bm25,ce20,ce20,bm25,ce20,ce20,ce100,ce20,ce20,ce20
fever:150258,ce20,ce100,ce100,ce20,ce100,ce100,ce20,bm25,bi200,ce100
fever:150261,ce100,ce100,ce100,ce100,ce100,hybrid,hybrid,hybrid,hybrid,hybrid
fever:150311,bm25,ce20,ce20,bm25,ce20,ce20,bi200,ce100,ce100,ce100
fever:150313,bm25,bm25,ce20,ce20,ce20,ce20,ce100,bm25,ce20,bm25
fever:150316,bm25,bm25,bm25,bm25,bm25,ce100,hybrid,hybrid,hybrid,hybrid
fever:150321,ce20,bm25,bm25,bm25,ce20,ce20,ce100,bm25,ce20,bm25
fever:150340,ce100,ce100,bm25,ce20,ce20,ce20,ce100,ce100,bi200,ce100
fever:150357,ce100,ce100,ce100,bm25,ce100,ce100,ce100,bi200,hybrid,hybrid
fever:150366,ce100,bm25,ce100,ce100,ce100,ce20,ce100,ce100,ce100,ce100
fever:150374,bm25,bm25,ce100,bm25,bm25,ce20,ce100,bm25,bi200,bi200
fever:150396,ce20,ce20,bm25,ce20,ce20,hybrid,bm25,bm25,bm25,hybrid
fever:150399,ce20,ce100,ce20,ce20,ce20,bi200,bi200,hybrid,hybrid,bm25
fever:150412,ce100,ce20,ce20,bm25,ce100,ce100,ce20,bi200,ce20,ce100
fever:150429,bm25,bm25,bm25,bm25,bm25,ce100,bm25,hybrid,bm25,ce20
fever:150524,ce20,bm25,ce100,bm25,ce100,ce100,ce100,ce20,ce20,ce20
fever:150536,ce20,ce100,ce100,bm25,ce100,bi200,hybrid,ce100,bi200,hybrid
fever:150565,ce100,ce100,ce20,bm25,ce100,bi200,bi200,bi200,hybrid,hybrid
fever:150571,ce20,bm25,bm25,bm25,ce20,bi200,ce100,hybrid,hybrid,bi200
fever:15058,ce20,bm25,bm25,bm25,bm25,bm25,ce20,hybrid,bm25,bm25
fever:150607,bm25,bm25,ce20,ce20,bm25,ce20,bi200,ce100,hybrid,bi200
fever:150614,ce20,bm25,ce20,ce20,ce100,ce20,hybrid,ce20,ce20,ce20
fever:150630,ce20,ce100,bm25,bm25,ce20,ce100,ce100,ce20,ce20,ce20
fever:150636,bm25,bm25,bm25,bm25,bm25,bi200,bm25,hybrid,ce20,bi200
fever:150648,bm25,ce20,bm25,bm25,ce100,hybrid,bi200,ce20,hybrid,hybrid
fever:150654,ce100,bm25,ce100,ce100,ce100,bi200,hybrid,hybrid,ce20,ce100
fever:150655,ce20,ce20,ce20,ce20,ce20,bi200,bi200,ce100,ce100,hybrid
fever:150656,ce20,ce20,bm25,bm25,ce20,ce20,bm25,ce100,ce20,bi200
fever:150669,bm25,bm25,bm25,bm25,bm25,bm25,bm25,bm25,bm25,bm25
fever:150672,bm25,bm25,ce20,ce20,ce20,bm25,ce20,ce20,ce100,hybrid
fever:150693,ce100,ce20,ce20,ce100,ce100,ce20,ce100,bi200,ce100,ce100
fever:150736,ce100,ce20,bm25,bm25,ce20,bi200,bi200,bi200,bi200,ce100
fever:150751,bm25,ce20,ce20,ce20,ce100,ce20,ce20,ce100,ce100,ce20
fever:150763,ce20,bm25,bm25,ce20,bm25,ce100,bm25,bm25,ce20,ce20
fever:150765,ce20,bm25,bm25,ce20,bm25,bi200,bi200,hybrid,bi200,bi200
fever:1508,ce100,ce100,ce100,ce20,ce100,ce100,bm25,hybrid,ce20,hybrid
fever:150820,ce100,ce100,ce100,ce100,ce100,ce100,ce100,ce100,ce20,ce100
fever:150829,ce100,ce100,ce100,ce100,ce100,bi200,bi200,bi200,bi200,bi200
fever:150834,ce100,ce20,bm25,bm25,ce100,hybrid,ce100,hybrid,hybrid,ce20
fever:15084,bm25,ce20,ce20,bm25,bm25,bi200,bm25,hybrid,hybrid,hybrid
fever:150885,ce100,ce100,ce100,ce100,ce100,bi200,ce100,bi200,hybrid,bi200
fever:150905,bm25,ce20,bm25,bm25,bm25,bm25,bm25,bi200,ce20,ce100
fever:150916,ce100,ce100,ce100,ce100,ce100,bi200,bi200,ce100,hybrid,ce100
fever:150920,bm25,bm25,bm25,ce20,bm25,ce20,bm25,hybrid,ce20,bm25
fever:150925,bm25,bm25,bm25,ce20,ce100,bm25,ce100,hybrid,hybrid,ce20
fever:150946,bm25,ce20,bm25,bm25,ce20,bm25,ce20,bm25,bm25,ce20
fever:150964,ce100,ce100,ce100,ce100,ce20,ce20,ce100,hybrid,ce20,hybrid
fever:150981,ce20,ce20,ce20,bm25,ce20,ce20,ce20,ce20,bm25,ce100
fever:151070,ce20,bm25,bm25,ce20,bm25,bi200,bi200,hybrid,hybrid,bi200
fever:151071,bm25,ce20,ce20,ce20,ce20,ce20,ce20,ce20,bm25,bi200
fever:151104,ce20,bm25,ce20,bm25,ce20,hybrid,ce100,ce20,ce20,ce20
fever:151118,bm25,ce20,ce20,ce20,ce20,ce20,ce100,ce20,ce20,bm25
fever:151125,ce100,ce100,ce20,ce100,ce20,ce100,bi200,bi200,ce20,ce20
fever:151128,ce20,ce20,bm25,bm25,ce100,hybrid,bm25,bm25,ce20,bm25
fever:151156,ce100,ce100,ce100,bm25,ce100,ce100,ce100,bi200,bi200,bi200
fever:151157,bm25,bm25,ce20,ce20,ce20,ce20,ce100,hybrid,ce20,ce20
fever:151163,bm25,bm25,bm25,bm25,bm25,hybrid,bm25,hybrid,bm25,bm25
fever:151206,ce100,ce100,ce100,ce20,ce100,bi200,bi200,bi200,bi200,hybrid
fever:151207,ce20,ce20,ce20,ce20,ce20,bi200,ce20,bi200,ce20,bm25
fever:151226,bm25,bm25,bm25,bm25,bm25,bm25,ce20,bi200,ce20,ce20
fever:151241,ce20,ce20,bm25,bm25,ce20,ce20,ce100,hybrid,ce20,hybrid
fever:151247,ce20,ce20,bm25,ce20,ce20,ce20,bm25,hybrid,bm25,hybrid
fever:151253,bm25,bm25,bm25,bm25,bm25,ce20,ce100,ce20,bi200,bm25
fever:151264,ce20,bm25,bm25,ce100,ce100,ce100,ce100,bi200,bi200,ce20
fever:151294,bm25,bm25,bm25,bm25,bm25,bm25,bm25,ce20,bm25,bm25
fever:151295,bm25,bm25,ce20,ce20,ce20,ce20,ce20,ce20,ce20,ce20
fever:151333,ce20,ce20,ce20,bm25,ce20,ce20,ce100,ce100,ce100,ce20
fever:151354,ce20,ce20,ce20,ce20,bm25,ce20,bm25,ce20,ce20,bm25
fever:151357,ce20,ce100,ce20,ce100,ce100,ce100,ce100,ce20,ce20,ce100
fever:151374,bm25,ce20,bm25,bm25,ce20,bm25,bm25,bm25,bm25,bi200
fever:151393,ce100,ce100,ce100,bm25,ce100,bi200,ce100,bi200,hybrid,hybrid
fever:151399,ce20,ce20,bm25,ce20,ce20,hybrid,ce100,bm25,ce20,hybrid
fever:151403,ce100,ce20,ce20,ce20,bm25,ce100,hybrid,ce100,ce100,hybrid
fever:151425,ce20,ce20,bm25,bm25,ce20,bi200,bi200,bi200,ce20,bm25
fever:151427,bm25,ce20,ce20,ce20,ce20,bi200,bi200,bi200,bi200,bi200
fever:151428,bm25,ce20,ce20,bm25,ce100,ce20,bm25,bm25,bi200,hybrid
fever:151440,ce100,ce100,ce20,ce20,ce20,ce20,ce100,ce100,ce20,ce20
fever:151450,ce20,ce100,bm25,bm25,ce20,bi200,bm25,bm25,hybrid,bm25
fever:151460,bm25,bm25,bm25,bm25,ce20,ce100,bi200,hybrid,ce20,hybrid
fever:151474,bm25,bm25,bm25,bm25,ce20,ce20,bm25,bm25,ce20,bm25
fever:151476,bm25,ce100,ce20,ce100,bm25,ce20,ce100,ce20,ce20,ce20
fever:151483,bm25,bm25,bm25,bm25,ce20,bm25,bm25,ce20,ce20,bm25
fever:151484,bm25,bm25,ce20,ce20,bm25,ce20,bm25,bm25,ce20,ce20
fever:151498,ce100,ce20,ce100,bm25,ce100,bm25,ce100,hybrid,hybrid,bm25
fever:151500,ce20,ce100,ce100,ce100,ce100,ce100,ce100,ce100,ce100,ce100
fever:151510,ce100,ce100,ce100,ce100,ce100,bi200,bi200,bi200,bi200,bi200
fever:151529,ce100,ce20,ce20,ce20,ce20,ce20,ce100,ce100,ce20,ce100
fever:15155,ce100,bm25,bm25,ce20,ce20,ce20,bi200,bm25,hybrid,ce20
fever:151576,ce20,ce20,bm25,ce20,ce20,bi200,bi200,bm25,bi200,bm25
fever:151579,ce100,ce100,ce100,ce100,ce100,ce100,ce100,ce100,hybrid,bi200
fever:151635,ce20,bm25,ce100,ce20,bm25,hybrid,ce20,bi200,bi200,bi200
fever:151642,ce100,ce100,ce100,ce100,ce100,ce100,bi200,bi200,ce100,hybrid
fever:151650,ce100,ce20,ce20,ce20,ce100,bi200,ce100,ce100,ce100,hybrid
fever:15167,ce20,ce20,bm25,bm25,ce20,bm25,ce100,ce20,ce20,bm25
fever:151680,bm25,bm25,bm25,bm25,bm25,hybrid,bm25,hybrid,hybrid,hybrid
fever:151747,bm25,ce20,bm25,bm25,ce20,ce20,bm25,bm25,ce20,bm25
fever:151774,bm25,ce20,ce20,ce20,ce100,ce20,ce100,bm25,ce20,ce20
fever:151846,bm25,ce20,bm25,bm25,bm25,ce20,bm25,bm25,ce20,ce20
fever:15186,bm25,bm25,bm25,ce20,ce20,ce20,ce20,ce20,bm25,bm25
fever:151880,ce100,ce20,ce20,ce20,ce20,ce100,ce20,hybrid,ce20,ce20
fever:151935,ce100,ce100,ce100,ce100,ce100,bi200,bi200,ce100,bi200,ce20
fever:151957,bm25,ce20,bm25,ce20,ce100,ce20,ce20,hybrid,bm25,ce20
fever:151963,ce100,bm25,bm25,bm25,ce20,hybrid,hybrid,hybrid,hybrid,hybrid
fever:15197,bm25,ce20,bm25,bm25,ce20,ce100,bi200,bm25,bm25,ce100
fever:151996,bm25,bm25,ce20,bm25,ce20,ce20,bm25,ce20,ce20,bm25
fever:1520,bm25,ce20,bm25,bm25,bm25,ce20,bm25,bm25,bm25,bm25
fever:152008,ce20,ce100,ce100,bm25,ce100,ce100,ce100,hybrid,ce100,ce100
fever:152011,bm25,ce20,bm25,bm25,bm25,ce20,bi200,ce20,bm25,bm25
fever:152016,ce100,ce100,ce100,ce100,ce100,ce100,ce100,bi200,ce100,hybrid
fever:152021,ce100,ce100,bm25,bm25,ce20,hybrid,hybrid,bi200,ce20,hybrid
fever:152054,ce100,ce100,ce100,ce100,ce100,ce100,ce20,bi200,bi200,hybrid
fever:152079,ce20,ce20,ce20,ce20,ce20,ce20,bm25,bm25,ce20,ce20
fever:152117,bm25,ce100,bm25,bm25,ce100,bi200,bi200,bi200,bi200,bi200
fever:152128,bm25,bm25,bm25,bm25,ce20,ce20,ce20,hybrid,bm25,bm25
fever:152133,bm25,bm25,bm25,bm25,bm25,ce100,hybrid,hybrid,hybrid,hybrid
fever:152140,bm25,bm25,bm25,bm25,bm25,bm25,ce100,hybrid,bm25,bm25
fever:152163,bm25,bm25,bm25,bm25,bm25,hybrid,bm25,bi200,bm25,bm25
fever:15217,ce100,ce100,bm25,bm25,ce100,ce100,ce20,hybrid,hybrid,hybrid
fever:152176,bm25,ce100,bm25,ce100,bm25,bi200,bi200,bm25,bi200,bi200
fever:152187,ce20,bm25,bm25,bm25,bm25,bi200,ce100,ce20,ce20,bi200
fever:152219,ce20,bm25,bm25,bm25,bm25,bi200,bm25,ce20,bm25,bi200
fever:152243,ce20,bm25,ce20,bm25,ce20,ce20,ce100,ce20,ce20,ce20
fever:152286,ce100,ce20,ce100,bm25,ce20,ce100,bi200,bm25,bi200,hybrid
fever:152316,ce20,ce20,ce20,ce20,ce20,ce20,ce20,ce100,ce20,ce20
fever:152327,bm25,bm25,bm25,bm25,bm25,bm25,bm25,hybrid,ce20,bm25
fever:152347,ce100,ce100,ce100,bm25,ce100,bi200,hybrid,ce100,hybrid,ce20
fever:152414,bm25,bm25,bm25,bm25,bm25,bi200,bm25,bm25,bi200,bi200
fever:152422,bm25,bm25,bm25,bm25,ce20,hybrid,bm25,bm25,bm25,bi200
fever:152461,ce100,ce20,bm25,ce20,ce20,ce20,bi200,hybrid,hybrid,bi200
fever:15247,bm25,ce100,bm25,ce20,ce20,hybrid,bi200,hybrid,bi200,bi200
fever:152471,bm25,ce20,bm25,ce20,ce20,ce20,ce20,ce20,bm25,bm25
fever:152605,ce20,ce100,ce100,bm25,ce20,ce100,ce100,ce20,hybrid,hybrid
fever:152616,ce20,ce20,bm25,ce20,ce20,bi200,bm25,bi200,ce20,hybrid
fever:152634,ce100,ce100,ce100,ce100,ce100,bi200,bi200,ce100,hybrid,bi200
fever:152637,ce20,bm25,bm25,bm25,ce100,ce20,ce20,bm25,ce20,ce20
fever:152641,ce20,ce100,bm25,bm25,ce20,bi200,ce100,bi200,ce20,hybrid
fever:152680,ce20,ce20,ce20,ce20,bm25,bi200,bi200,bm25,ce20,bi200
fever:152682,bm25,ce100,bm25,bm25,ce20,hybrid,bi200,bm25,hybrid,ce20
fever:152694,bm25,ce20,ce20,ce20,ce20,bm25,bm25,ce100,ce20,ce100
fever:152730,ce20,bm25,bm25,ce20,ce20,hybrid,ce20,bm25,ce20,bi200
fever:152752,bm25,bm25,bm25,bm25,bm25,bi200,bm25,hybrid,bi200,bm25
fever:152802,bm25,bm25,bm25,bm25,bm25,bm25,bm25,bi200,ce20,bm25
fever:152811,ce20,ce20,ce20,bm25,ce20,ce20,ce100,ce20,ce20,bm25
fever:15284,ce100,ce20,ce20,ce20,ce100,ce20,ce100,bi200,ce20,ce20
fever:152850,ce20,bm25,ce20,bm25,ce20,bi200,ce20,ce20,hybrid,bm25
fever:152859,bm25,bm25,bm25,bm25,bm25,hybrid,ce100,hybrid,bm25,ce20
fever:152861,ce100,ce20,ce20,ce100,ce20,ce20,ce100,ce100,ce100,ce20
fever:152870,bm25,bm25,ce20,bm25,ce100,ce100,ce100,bi200,ce20,ce20
fever:152880,ce20,ce100,ce20,ce100,ce100,ce20,ce100,ce100,ce100,ce100
fever:152898,bm25,ce20,ce20,ce20,ce20,bi200,bi200,bi200,hybrid,bm25
fever:152916,ce100,ce20,bm25,bm25,bm25,bi200,bm25,bm25,ce20,bm25
fever:152918,bm25,bm25,ce20,ce20,ce100,ce20,ce100,bm25,ce20,ce20
fever:152929,ce20,ce20,bm25,ce20,ce100,ce100,bi200,bm25,bi200,bi200
fever:152955,ce20,ce100,ce100,ce100,ce100,ce20,ce100,ce20,ce100,ce100
fever:152968,ce100,ce100,ce20,bm25,ce20,ce100,bm25,ce20,ce100,bi200
fever:152984,bm25,ce100,bm25,ce20,ce100,ce100,bm25,hybrid,bi200,bm25
fever:153018,bm25,ce100,ce100,ce20,ce100,hybrid,ce20,ce20,ce20,ce100
fever:15307,ce20,ce20,bm25,bm25,ce20,ce20,bm25,ce20,ce20,ce20
fever:15310,ce100,ce100,ce100,bm25,ce100,bi200,hybrid,bi200,bi200,bi200
fever:153101,bm25,ce20,bm25,bm25,bm25,bm25,bm25,hybrid,hybrid,ce20
fever:153104,ce100,ce100,ce20,ce100,ce100,ce100,ce100,ce100,ce100,hybrid
fever:153113,bm25,ce20,bm25,bm25,bm25,hybrid,bm25,bm25,bm25,bi200
fever:153129,bm25,bm25,bm25,bm25,bm25,ce20,bm25,ce20,bm25,bm25
fever:153136,bm25,bm25,bm25,bm25,bm25,bm25,ce20,bm25,bm25,bm25
fever:153147,bm25,ce20,ce100,bm25,ce20,ce20,bm25,ce20,ce20,ce20
fever:153148,bm25,bm25,bm25,bm25,bm25,bi200,bm25,bi200,bm25,bm25
fever:153247,ce100,ce20,ce100,bm25,ce20,ce20,ce100,ce20,ce100,hybrid
fever:153261,ce20,ce100,ce20,ce20,ce100,bi200,hybrid,hybrid,ce100,hybrid
fever:153270,bm25,ce100,ce20,bm25,ce20,bi200,bm25,bi200,hybrid,hybrid
fever:153298,ce20,ce100,ce20,ce100,ce20,bi200,ce100,ce100,bi200,hybrid
fever:153302,bm25,ce100,bm25,ce20,ce20,bm25,bm25,bm25,ce20,ce20
fever:153303,ce20,ce20,bm25,bm25,ce20,hybrid,ce20,ce20,ce100,hybrid
fever:153341,bm25,bm25,bm25,bm25,bm25,bm25,bm25,hybrid,hybrid,bm25
fever:153361,ce100,ce20,ce100,bm25,ce100,hybrid,bi200,hybrid,hybrid,hybrid
fever:153367,ce100,ce100,ce20,ce100,ce100,ce100,ce100,hybrid,hybrid,hybrid
fever:153372,bm25,bm25,bm25,bm25,bm25,ce20,ce100,bm25,ce20,bm25
fever:153393,ce20,bm25,bm25,ce20,ce20,hybrid,ce20,hybrid,hybrid,hybrid
fever:15341,ce100,ce20,ce100,ce20,ce20,bi200,ce100,bi200,hybrid,bi200
fever:153414,bm25,bm25,ce100,bm25,bm25,bm25,ce100,ce20,hybrid,ce20
fever:153427,ce20,ce20,ce20,ce20,ce100,ce20,ce20,ce20,ce20,ce20
fever:153432,ce100,bm25,ce100,ce100,ce100,ce100,ce100,hybrid,ce20,hybrid
fever:153437,ce20,ce20,ce20,ce20,ce20,bi200,ce100,ce20,ce100,hybrid
fever:153440,ce20,ce100,bm25,bm25,ce20,ce100,ce100,ce20,ce20,bi200
fever:153450,bm25,ce20,bm25,bm25,bm25,hybrid,ce100,ce20,ce20,hybrid
fever:153522,ce20,ce20,bm25,bm25,ce20,ce100,hybrid,ce20,ce100,hybrid
fever:153534,ce100,ce100,ce100,ce20,ce100,ce20,bi200,bi200,bi200,bi200
fever:153539,bm25,ce20,ce20,bm25,ce100,ce20,bi200,bm25,bi200,bm25
fever:153543,bm25,ce100,ce100,bm25,ce20,ce100,ce20,ce20,hybrid,ce20
fever:153581,ce20,ce20,bm25,bm25,ce20,ce100,bi200,hybrid,hybrid,bm25
fever:1536,bm25,bm25,bm25,bm25,bm25,ce20,bm25,ce20,bm25,bi200
fever:153601,ce100,ce20,ce20,bm25,bm25,ce20,ce100,bi200,ce20,ce20
fever:153638,ce20,ce20,ce20,bm25,ce20,bi200,ce100,ce20,ce100,bm25
fever:153654,bm25,ce20,ce20,ce20,ce100,ce20,bm25,ce100,ce20,ce20
fever:153678,ce100,ce100,ce100,ce100,ce100,bi200,bi200,hybrid,hybrid,hybrid
fever:153685,bm25,bm25,bm25,ce20,ce20,bi200,bm25,hybrid,bm25,hybrid
fever:153736,ce20,bm25,bm25,bm25,ce20,bi200,hybrid,hybrid,hybrid,hybrid
fever:153803,ce100,ce100,ce100,ce100,ce100,bi200,bi200,bi200,bi200,bi200
fever:153808,ce20,bm25,bm25,bm25,bm25,bm25,bm25,ce20,ce20,ce20
fever:153819,ce20,ce20,ce100,bm25,ce100,ce20,ce100,ce20,hybrid,bm25
fever:153831,bm25,ce20,bm25,bm25,bm25,ce20,bi200,bm25,bm25,bi200
fever:153836,ce20,bm25,ce20,bm25,ce20,bm25,ce100,ce20,ce20,ce20
fever:153851,ce20,ce20,bm25,bm25,bm25,ce20,bm25,hybrid,hybrid,ce20
fever:15389,bm25,bm25,bm25,bm25,bm25,hybrid,ce20,hybrid,ce20,bm25
fever:153900,ce20,bm25,ce20,bm25,ce20,ce100,ce100,ce20,ce20,hybrid
fever:153914,ce20,bm25,ce100,ce100,ce100,ce100,bi200,bi200,hybrid,bi200
fever:153923,bm25,ce20,bm25,bm25,bm25,ce20,bm25,bm25,bm25,bi200
fever:153998,bm25,ce20,ce20,bm25,bm25,ce20,bi200,hybrid,bm25,bi200
fever:154001,bm25,ce20,ce100,bm25,ce100,ce20,ce100,ce100,hybrid,ce20
fever:154009,bm25,bm25,ce20,bm25,ce20,ce20,ce100,ce20,ce20,ce20
fever:15406,ce20,ce20,ce20,bm25,ce20,bi200,bm25,hybrid,ce20,bm25
fever:154067,bm25,ce100,bm25,bm25,ce20,ce20,ce100,ce20,ce100,ce20
fever:154072,bm25,bm25,bm25,bm25,ce20,bi200,bi200,hybrid,bi200,bi200
fever:154086,bm25,bm25,bm25,bm25,ce100,bi200,bi200,ce20,bi200,bi200
fever:154125,bm25,ce20,bm25,bm25,ce20,bm25,hybrid,hybrid,hybrid,bm25
fever:154144,ce100,ce100,ce100,ce100,ce100,hybrid,ce100,bi200,bi200,bi200
fever:154156,bm25,ce20,bm25,bm25,ce20,bm25,ce20,ce20,bm25,ce20
fever:154190,ce100,ce100,bm25,ce100,ce100,hybrid,ce20,hybrid,ce20,ce100
fever:154228,ce20,ce20,bm25,bm25,bm25,ce20,bi200,bm25,bi200,bi200
fever:154236,ce20,ce20,ce20,bm25,ce100,bi200,bm25,hybrid,bi200,bm25
fever:154239,ce20,ce20,bm25,ce20,ce20,hybrid,hybrid,hybrid,hybrid,hybrid
fever:154241,bm25,ce20,bm25,bm25,bm25,ce20,bm25,bm25,bm25,bm25
fever:15425,bm25,ce20,ce20,bm25,ce20,ce20,ce100,bm25,ce20,ce20
fever:154252,ce20,bm25,bm25,bm25,ce20,hybrid,hybrid,hybrid,hybrid,hybrid
fever:154253,bm25,bm25,bm25,bm25,bm25,hybrid,bm25,hybrid,ce20,bm25
fever:15429,bm25,bm25,ce100,bm25,ce100,bi200,hybrid,bi200,hybrid,ce20
fever:154303,ce20,ce20,ce20,ce100,ce20,ce100,ce100,hybrid,hybrid,ce20
fever:154307,ce20,bm25,bm25,bm25,ce20,bi200,ce20,ce20,ce20,bm25
fever:154312,bm25,ce20,bm25,bm25,bm25,bm25,bm25,bm25,bm25,hybrid
fever:154314,bm25,bm25,bm25,bm25,bm25,ce20,bm25,ce20,bi200,bm25
fever:154336,bm25,ce20,bm25,ce20,bm25,hybrid,bi200,bi200,hybrid,ce20
fever:154339,ce20,ce100,ce100,ce100,ce20,ce100,ce100,hybrid,hybrid,ce100
fever:154364,bm25,ce100,bm25,bm25,ce100,ce20,ce100,hybrid,ce20,hybrid
fever:154383,ce100,ce20,ce20,ce100,ce20,ce100,bi200,hybrid,bi200,hybrid
fever:154393,ce100,ce100,ce100,ce20,ce100,ce100,bi200,hybrid,bi200,hybrid
fever:154399,bm25,ce100,ce100,bm25,ce100,bi200,ce100,ce100,hybrid,bi200
fever:1544,ce20,ce20,ce20,ce20,ce20,bi200,ce20,bi200,ce20,ce20
fever:154417,ce100,ce100,ce20,ce100,ce100,ce20,ce20,bi200,ce20,bi200
fever:154423,ce100,ce20,ce20,ce20,ce100,ce100,ce20,ce20,bi200,ce20
fever:154439,ce100,ce100,ce100,bm25,ce100,bi200,bi200,ce20,bi200,bi200
fever:154470,bm25,ce100,ce100,bm25,ce20,ce100,bi200,ce20,hybrid,bi200
fever:154490,bm25,bm25,ce20,bm25,ce20,ce20,ce20,ce20,ce20,bi200
fever:154494,ce100,ce100,ce100,ce20,ce100,hybrid,bm25,hybrid,bi200,hybrid
fever:154498,bm25,bm25,bm25,bm25,bm25,ce100,bi200,bi200,bi200,bm25
fever:15452,bm25,ce20,bm25,bm25,ce20,ce100,bm25,bi200,bi200,bi200
fever:154542,ce20,ce20,bm25,bm25,bm25,hybrid,bm25,ce20,hybrid,bm25
fever:154608,ce20,ce20,ce20,bm25,ce20,ce20,ce100,ce20,ce100,bi200
fever:154613,bm25,ce20,ce20,ce20,ce20,ce20,bm25,bm25,ce20,bi200
fever:154633,ce20,bm25,bm25,bm25,ce100,ce100,bi200,ce20,ce20,ce100
fever:154659,ce20,bm25,bm25,ce20,ce20,ce20,bm25,bm25,ce20,ce20
fever:154691,bm25,bm25,bm25,bm25,ce20,bm25,bm25,bm25,ce20,bm25
fever:154719,bm25,ce20,ce20,bm25,bm25,ce20,ce100,ce20,bm25,ce20
fever:154744,bm25,ce100,bm25,ce100,ce100,ce100,bi200,bi200,hybrid,ce100
fever:154761,bm25,ce100,ce100,ce100,ce100,bi200,hybrid,bi200,bi200,bi200
fever:154767,bm25,ce20,bm25,ce20,ce20,ce20,ce100,ce20,ce20,bm25
fever:154808,bm25,bm25,bm25,bm25,ce20,hybrid,hybrid,hybrid,hybrid,hybrid
fever:154809,ce20,ce20,ce20,ce20,ce100,ce20,ce100,ce20,ce100,ce100
fever:154811,bm25,ce20,bm25,ce20,bm25,bi200,bi200,bm25,bi200,bm25
fever:154812,ce20,ce20,ce20,ce20,ce20,ce20,ce20,ce20,ce20,bm25
fever:154815,bm25,bm25,ce20,bm25,bm25,hybrid,bm25,bm25,bm25,bm25
fever:15482,bm25,bm25,ce100,ce100,ce100,ce100,bi200,hybrid,bi200,bi200
fever:15483,bm25,bm25,ce100,ce100,ce100,ce100,bi200,hybrid,bi200,bi200
fever:154859,ce20,ce100,ce20,bm25,ce20,ce20,ce100,ce20,hybrid,hybrid
fever:154884,bm25,bm25,bm25,bm25,bm25,hybrid,bm25,bm25,hybrid,hybrid
fever:15489,ce20,ce100,bm25,ce20,ce20,ce20,ce100,ce20,hybrid,ce20
fever:154905,ce20,ce20,ce20,bm25,ce20,bi200,ce100,ce100,hybrid,hybrid
fever:154917,ce20,bm25,bm25,ce20,ce100,hybrid,bm25,bm25,hybrid,bm25
fever:154919,bm25,ce20,bm25,bm25,bm25,ce20,bm25,bm25,bm25,bm25
fever:154933,bm25,bm25,ce20,bm25,bm25,ce20,bm25,bm25,bm25,ce20
fever:154940,ce100,ce20,ce100,ce20,ce20,ce20,ce100,bm25,ce20,ce100
fever:154942,bm25,bm25,ce20,bm25,ce20,ce20,bm25,ce20,ce20,ce100
fever:15495,bm25,bm25,ce20,bm25,bm25,hybrid,bi200,bm25,bi200,bi200
fever:154952,ce20,bm25,ce100,ce100,ce100,ce100,ce100,hybrid,ce100,ce20
fever:154984,bm25,bm25,bm25,bm25,bm25,ce20,bm25,bi200,bm25,bm25
fever:154989,ce20,ce100,ce100,bm25,ce100,bi200,ce100,ce100,ce20,bm25
fever:155006,ce20,bm25,bm25,ce20,ce20,ce20,hybrid,hybrid,hybrid,bm25
fever:155035,bm25,ce20,ce20,bm25,ce20,ce20,ce20,hybrid,bm25,bm25
fever:155046,bm25,ce20,ce20,bm25,ce20,ce20,ce20,hybrid,bm25,ce20
fever:15508,bm25,bm25,bm25,bm25,bm25,ce20,bm25,bm25,hybrid,bm25
fever:155125,bm25,bm25,ce20,bm25,ce20,ce20,bi200,hybrid,hybrid,ce20
fever:155145,bm25,bm25,bm25,bm25,bm25,hybrid,hybrid,hybrid,ce20,ce20
fever:155156,ce100,ce100,ce100,bm25,ce20,hybrid,ce100,hybrid,bi200,hybrid
fever:155173,ce100,bm25,ce100,bm25,ce100,ce100,ce100,hybrid,hybrid,hybrid
fever:155185,bm25,ce20,bm25,bm25,ce20,ce20,bm25,bm25,bm25,ce20
fever:155212,ce20,ce20,ce20,bm25,ce20,ce20,ce100,ce100,ce100,ce20
fever:155228,bm25,ce20,ce20,bm25,ce100,ce100,bm25,bi200,bm25,bi200
fever:155282,bm25,bm25,ce20,bm25,bm25,bi200,ce20,bm25,ce20,ce20
fever:155284,ce20,ce20,ce100,ce20,ce20,hybrid,hybrid,hybrid,hybrid,hybrid
fever:155290,bm25,bm25,ce20,bm25,ce20,bm25,bm25,bi200,hybrid,hybrid
fever:155321,ce100,ce100,bm25,ce100,ce20,hybrid,ce100,hybrid,bi200,hybrid
fever:155357,bm25,bm25,bm25,bm25,bm25,hybrid,bm25,hybrid,bm25,bm25
fever:155373,bm25,ce100,ce20,bm25,ce100,bi200,hybrid,bi200,bi200,bi200
fever:155383,ce20,ce20,bm25,ce20,ce20,ce100,bi200,bm25,bm25,ce100
fever:155390,ce20,ce20,ce20,ce20,ce20,bi200,ce20,bi200,ce20,bm25
fever:155413,bm25,ce100,ce100,ce20,ce100,ce20,ce100,ce100,ce100,bm25
fever:15542,ce20,ce20,ce100,bm25,ce20,hybrid,bm25,ce20,bi200,hybrid
fever:155431,ce20,bm25,ce20,ce20,ce100,ce20,hybrid,ce20,ce100,hybrid
fever:155467,ce100,ce100,ce100,bm25,ce100,bi200,bi200,ce20,ce100,ce100
fever:155476,ce20,ce100,ce100,ce20,ce20,ce20,bi200,bm25,hybrid,ce20
fever:155484,ce100,ce20,ce20,ce20,ce100,bi200,bm25,bm25,bi200,hybrid
fever:155551,ce100,ce100,ce100,ce100,ce100,bi200,bi200,bi200,bi200,bi200
fever:155574,ce100,ce100,bm25,bm25,ce100,ce100,bi200,ce20,hybrid,hybrid
fever:15559,ce20,ce100,bm25,bm25,bm25,ce100,ce20,bm25,ce100,bi200
fever:155610,bm25,bm25,bm25,bm25,ce20,ce20,ce100,ce20,bm25,bm25
fever:155629,ce20,ce20,ce20,ce20,ce20,ce20,ce100,ce20,ce20,bi200
fever:155639,bm25,bm25,bm25,bm25,bm25,bi200,bm25,hybrid,ce20,bm25
fever:155647,ce20,bm25,bm25,ce20,ce100,ce20,bm25,bm25,bi200,bi200
fever:155648,bm25,bm25,bm25,bm25,ce100,bi200,ce100,hybrid,ce20,bm25
fever:155657,ce20,bm25,ce20,ce20,bm25,ce20,bi200,ce20,ce20,bi200
fever:155659,ce100,ce100,ce100,ce100,ce100,ce100,bi200,ce100,ce100,ce100
fever:155704,ce100,ce100,ce100,ce100,ce100,bi200,bi200,bi200,bi200,bi200
fever:155722,ce20,ce20,ce100,ce100,ce20,bi200,ce100,bi200,ce100,bi200
fever:155725,bm25,ce20,bm25,bm25,ce20,hybrid,bm25,bm25,ce20,bm25
fever:155807,ce20,bm25,bm25,bm25,bm25,bi200,bi200,ce20,bi200,bi200
fever:155811,ce20,ce20,bm25,ce20,ce100,ce20,ce20,bi200,bm25,bm25
fever:155814,ce20,bm25,bm25,ce20,ce20,hybrid,ce100,bi200,ce20,ce20
fever:155837,ce20,ce20,ce20,ce20,ce20,bm25,ce100,ce100,ce20,ce20
fever:155839,ce100,ce100,ce100,ce20,ce100,bi200,ce100,hybrid,hybrid,hybrid
fever:155860,bm25,ce20,ce20,bm25,ce20,bm25,ce20,bm25,ce20,ce20
fever:155865,ce100,ce20,ce20,bm25,ce100,ce20,hybrid,bm25,ce20,ce100
fever:155868,bm25,ce20,ce20,bm25,ce20,ce20,bm25,bm25,ce20,bm25
fever:155872,ce100,ce100,ce20,ce20,ce20,ce20,ce100,ce20,ce100,ce100
fever:155899,ce100,ce20,ce20,ce20,ce20,bi200,ce100,hybrid,ce100,ce20
fever:155911,bm25,ce100,bm25,bm25,bm25,bm25,bm25,hybrid,bm25,bm25
fever:155920,ce20,bm25,bm25,ce20,bm25,bm25,bm25,hybrid,bm25,hybrid
fever:155930,bm25,bm25,bm25,ce20,ce20,ce100,bm25,hybrid,bm25,bi200
fever:155934,bm25,bm25,bm25,bm25,bm25,bm25,bm25,hybrid,hybrid,bm25
fever:155946,bm25,ce20,ce100,bm25,bm25,bi200,hybrid,bi200,hybrid,bi200
fever:155955,bm25,ce20,ce20,bm25,ce20,bm25,ce100,ce20,ce20,ce20
fever:155989,bm25,ce20,bm25,bm25,ce20,ce20,ce100,ce20,ce100,hybrid
fever:155995,ce20,ce20,ce20,bm25,ce20,bi200,bm25,hybrid,bm25,hybrid
fever:156020,ce100,ce100,ce100,ce100,ce100,bi200,hybrid,ce100,hybrid,bi200
fever:156025,ce100,ce100,ce100,bm25,ce100,ce20,ce100,ce100,ce100,hybrid
fever:156026,ce20,ce100,ce100,bm25,ce100,ce100,bm25,hybrid,ce20,hybrid
fever:156057,ce20,bm25,ce20,ce20,ce20,ce20,bm25,bm25,ce20,ce20
fever:156071,bm25,bm25,bm25,bm25,bm25,ce20,bi200,hybrid,ce20,ce20
fever:156075,bm25,ce20,bm25,bm25,ce100,bi200,ce100,bi200,bi200,bi200
fever:156076,bm25,ce100,ce20,bm25,bm25,ce20,ce100,bm25,ce20,ce20
fever:156098,ce100,ce100,ce100,ce100,ce100,ce100,ce20,bi200,hybrid,hybrid
fever:156102,bm25,bm25,bm25,bm25,bm25,ce20,bm25,ce20,bm25,bm25
fever:156106,ce100,ce100,ce20,ce100,ce100,bi200,ce100,hybrid,hybrid,hybrid
fever:156117,bm25,ce20,bm25,bm25,bm25,bm25,bm25,hybrid,bm25,hybrid
fever:156128,bm25,ce20,bm25,bm25,ce20,ce100,ce20,bm25,ce20,ce20
fever:156157,ce20,ce100,bm25,ce20,ce20,ce20,bm25,bm25,ce20,ce20
fever:156188,bm25,bm25,bm25,bm25,bm25,bm25,bm25,ce20,bm25,bm25
fever:156199,ce20,ce20,ce20,ce20,ce20,bi200,hybrid,hybrid,ce20,bm25
fever:156204,ce20,ce20,ce20,bm25,ce20,ce20,ce100,ce20,ce20,ce20
fever:156208,bm25,ce20,bm25,ce20,ce100,bm25,ce100,ce20,bi200,bi200
fever:15621,bm25,bm25,ce20,bm25,ce20,bm25,ce20,ce20,bm25,bm25
fever:156222,ce20,bm25,ce100,ce100,ce100,bi200,bi200,bi200,hybrid,hybrid
fever:156282,ce20,ce20,bm25,bm25,bm25,bm25,ce100,ce20,ce20,ce20
fever:156304,bm25,ce20,ce20,ce20,ce100,ce20,ce20,ce20,ce20,ce20
fever:156316,ce20,ce20,ce20,ce20,ce20,bm25,ce20,ce20,ce20,ce20
fever:156323,ce100,ce100,bm25,bm25,ce100,bi200,bi200,bi200,bi200,bi200
fever:156325,ce100,ce100,ce100,ce100,ce100,ce100,ce100,ce100,ce100,hybrid
fever:156372,bm25,bm25,bm25,bm25,ce20,ce100,ce100,ce100,ce20,bi200
fever:156374,bm25,ce20,bm25,bm25,ce20,bm25,ce100,hybrid,ce20,ce20
fever:156398,ce20,ce20,ce20,bm25,ce20,bi200,bi200,bi200,hybrid,bi200
fever:156401,bm25,ce20,ce20,bm25,ce20,ce20,ce100,ce20,bm25,ce20
fever:156405,ce20,ce20,ce20,bm25,ce100,bi200,bm25,ce20,hybrid,bm25
fever:156412,ce20,bm25,bm25,bm25,ce20,bi200,bm25,ce20,bi200,hybrid
fever:156440,ce100,ce20,ce20,ce20,ce20,bi200,bi200,hybrid,bi200,hybrid
fever:15645,bm25,bm25,bm25,bm25,bm25,bm25,bm25,bm25,bm25,bm25
fever:156477,bm25,bm25,ce20,bm25,ce100,bi200,ce20,ce20,ce20,ce20
fever:156493,ce20,ce20,bm25,bm25,ce20,ce100,bi200,bi200,ce20,ce100
fever:156511,ce100,ce100,ce20,ce100,ce100,ce100,ce100,ce100,bi200,bi200
fever:156514,ce100,ce100,ce20,ce20,ce100,ce100,ce100,bm25,bi200,bm25
fever:156525,ce20,bm25,ce20,bm25,bm25,bi200,ce100,bm25,ce20,bi200
fever:156541,bm25,bm25,bm25,bm25,bm25,hybrid,bm25,bi200,hybrid,bi200
fever:156559,ce20,ce20,ce100,bm25,ce20,hybrid,ce100,bm25,ce100,hybrid
fever:156560,bm25,ce20,bm25,bm25,bm25,ce20,ce100,bm25,ce20,ce20
fever:156601,bm25,bm25,bm25,bm25,bm25,hybrid,bm25,bm25,bm25,hybrid
fever:156609,ce20,ce100,ce100,ce20,ce20,bi200,bm25,bm25,ce20,ce20
fever:156656,ce100,ce100,ce100,ce100,ce100,bi200,ce100,ce100,bi200,bi200
fever:156664,ce20,ce20,ce20,ce20,ce100,hybrid,bm25,bi200,ce20,hybrid
fever:156686,ce20,ce20,ce100,ce100,ce20,ce100,ce100,ce100,ce100,hybrid
fever:156693,bm25,bm25,bm25,bm25,bm25,bm25,bm25,hybrid,hybrid,bi200
fever:156694,bm25,bm25,ce100,ce100,ce100,ce100,bi200,hybrid,hybrid,bi200
fever:156698,ce100,ce20,ce20,ce20,ce20,ce100,ce100,hybrid,ce20,hybrid
fever:1567,ce20,bm25,bm25,bm25,ce20,hybrid,bm25,bm25,ce20,ce20
fever:15674,bm25,ce20,bm25,bm25,ce100,ce100,ce100,hybrid,ce20,bi200
fever:156803,ce20,ce20,ce20,bm25,ce100,bm25,bm25,ce20,ce20,bi200
fever:156816,ce100,ce20,bm25,ce20,ce20,ce20,ce20,ce100,ce100,ce20
fever:156831,bm25,ce20,ce20,bm25,ce100,bi200,ce20,bi200,ce100,bi200
fever:156836,ce100,ce100,ce100,ce100,ce100,ce100,bi200,ce100,ce100,ce100
fever:156861,bm25,bm25,ce20,ce20,ce20,ce20,bm25,bm25,bi200,bm25
fever:156901,ce100,ce100,ce100,ce100,ce100,bi200,ce100,hybrid,hybrid,bi200
fever:156903,bm25,bm25,bm25,bm25,ce100,bi200,bi200,hybrid,bi200,bi200
fever:156915,ce100,ce100,ce100,ce100,ce100,ce100,hybrid,bi200,hybrid,hybrid
fever:156917,ce20,bm25,ce20,ce20,ce20,bi200,hybrid,ce20,ce100,hybrid
fever:156943,bm25,bm25,bm25,bm25,bm25,hybrid,bm25,hybrid,bm25,bi200
fever:156950,bm25,ce20,ce20,ce20,ce20,bm25,bm25,bm25,ce20,ce20
fever:156977,bm25,ce20,ce20,bm25,ce20,bm25,bm25,ce20,ce20,bm25
fever:156981,bm25,ce20,bm25,ce20,ce100,ce20,bm25,bm25,ce20,bm25
fever:157002,ce20,ce20,bm25,ce20,bm25,ce100,bi200,bm25,bm25,hybrid
fever:157015,ce100,ce100,ce100,ce100,ce100,ce100,ce100,hybrid,bi200,ce100
fever:157022,ce20,ce100,ce100,ce100,ce20,bi200,ce100,ce100,hybrid,hybrid
fever:157048,bm25,bm25,bm25,bm25,bm25,bm25,bm25,hybrid,ce20,bm25
fever:157052,ce100,ce20,ce20,ce100,ce100,ce100,hybrid,hybrid,bi200,bi200
fever:157098,ce100,ce100,ce100,ce100,ce100,ce100,ce100,bi200,ce100,ce100
fever:157183,bm25,ce100,bm25,bm25,ce100,ce100,bi200,hybrid,bi200,hybrid
fever:157190,ce100,ce100,ce100,ce100,ce100,bi200,ce100,bi200,hybrid,hybrid
fever:157196,ce100,ce100,ce100,bm25,ce100,hybrid,bi200,bi200,bi200,bi200
fever:157199,ce100,ce100,ce100,ce100,ce100,bi200,ce100,ce100,hybrid,ce20
fever:157213,bm25,ce20,ce20,bm25,bm25,bi200,bm25,bi200,bi200,bi200
fever:157273,bm25,ce100,bm25,bm25,ce100,bi200,bi200,bi200,hybrid,bi200
fever:157277,ce100,ce20,ce100,ce100,ce20,bi200,bi200,hybrid,bi200,hybrid
fever:157292,bm25,bm25,bm25,bm25,ce20,ce20,bi200,bm25,ce20,ce20
fever:157303,ce20,bm25,bm25,bm25,ce20,hybrid,ce20,hybrid,hybrid,bm25
fever:157316,ce100,ce100,ce100,ce100,ce100,hybrid,ce100,hybrid,hybrid,hybrid
fever:157320,bm25,ce20,ce20,bm25,bm25,ce20,bi200,hybrid,bm25,bi200
fever:15733,bm25,bm25,ce20,bm25,bm25,ce20,bm25,ce20,ce20,bm25
fever:15734,ce20,ce100,bm25,bm25,ce20,hybrid,bm25,hybrid,ce20,bi200
fever:157400,ce20,bm25,ce100,ce100,ce100,ce100,bi200,bi200,ce20,ce20
fever:157426,ce20,bm25,bm25,bm25,bm25,bi200,bm25,bm25,ce20,ce20
fever:157434,bm25,bm25,ce20,bm25,ce20,ce20,ce20,bm25,bm25,ce20
fever:157435,ce20,ce20,bm25,bm25,ce20,bi200,bi200,ce20,ce20,bm25
fever:157452,bm25,bm25,ce20,bm25,bm25,bi200,bi200,ce20,hybrid,bi200
fever:157460,ce20,ce100,ce100,bm25,ce20,hybrid,hybrid,hybrid,hybrid,ce100
fever:15747,ce20,bm25,bm25,bm25,ce20,ce20,hybrid,bi200,ce20,ce20
fever:157485,ce20,ce100,bm25,ce100,ce20,bi200,bi200,ce100,ce20,ce20
fever:157491,bm25,bm25,bm25,bm25,bm25,bi200,bi200,hybrid,bi200,bm25
fever:157492,ce100,ce100,ce100,ce100,ce100,bi200,bi200,bi200,bi200,bi200
fever:157502,bm25,ce20,ce20,ce20,ce20,ce20,ce20,ce20,ce20,ce20
fever:157517,bm25,ce20,bm25,bm25,bm25,ce20,bi200,bm25,hybrid,bm25
fever:157546,ce20,bm25,ce20,bm25,bm25,ce20,bm25,hybrid,ce20,bm25
fever:157551,ce20,ce20,ce20,bm25,bm25,ce20,ce100,ce20,hybrid,bi200
fever:157569,ce20,ce20,ce20,ce20,bm25,bi200,bm25,ce100,ce20,ce100
fever:157576,ce100,ce100,bm25,ce100,ce100,bi200,bi200,hybrid,hybrid,hybrid
fever:157589,bm25,bm25,bm25,bm25,bm25,bm25,bm25,hybrid,ce20,bm25
fever:157597,bm25,bm25,bm25,bm25,bm25,bi200,bm25,bi200,bm25,bm25
fever:157622,ce20,ce100,ce20,bm25,ce20,hybrid,ce100,ce100,ce20,ce100
fever:157640,bm25,bm25,bm25,bm25,bm25,bm25,bm25,bi200,bm25,bm25
fever:157641,ce100,ce100,bm25,ce100,ce20,bi200,bi200,bi200,bi200,bi200
fever:157652,ce20,ce100,ce20,bm25,ce20,ce100,bi200,bm25,bm25,bi200
fever:157678,bm25,ce20,ce20,ce20,bm25,ce20,ce20,ce100,ce20,ce100
fever:157685,bm25,ce20,bm25,ce20,bm25,ce20,ce20,hybrid,bm25,ce20
fever:1577,ce20,ce20,ce20,bm25,bm25,bm25,ce100,ce20,hybrid,ce20
fever:15773,ce20,bm25,bm25,ce20,ce20,bm25,ce100,ce20,ce20,bm25
fever:157743,ce100,ce100,ce20,ce100,ce100,ce100,ce100,ce100,ce20,ce20
fever:157752,bm25,ce20,ce20,ce20,ce20,ce20,ce100,ce20,ce20,bm25
fever:157777,ce100,ce100,ce20,ce20,ce100,hybrid,bi200,bi200,ce20,hybrid
fever:157783,ce20,ce100,ce100,ce100,ce100,ce100,hybrid,ce20,bm25,ce20
fever:157790,ce100,ce100,ce100,ce100,ce100,bi200,ce100,bi200,bi200,hybrid
fever:157794,ce20,ce20,ce20,bm25,ce20,ce20,ce100,ce20,ce20,ce20
fever:157813,ce100,ce100,bm25,bm25,ce100,bi200,ce20,hybrid,bi200,ce100
fever:157817,ce20,bm25,ce100,ce20,ce100,hybrid,bi200,hybrid,bi200,bi200
fever:157821,ce20,ce100,ce20,bm25,bm25,ce20,bi200,bi200,hybrid,bi200
fever:157826,ce20,ce20,ce20,bm25,ce20,ce100,bm25,hybrid,bm25,hybrid
fever:157870,ce100,ce100,ce20,bm25,ce100,bi200,bi200,ce100,bi200,bi200
fever:157878,bm25,bm25,ce20,bm25,ce20,ce20,bi200,bi200,bi200,bi200
fever:157902,bm25,ce20,ce100,ce20,ce20,bi200,bi200,bi200,hybrid,ce20
fever:157927,bm25,bm25,bm25,bm25,bm25,bi200,bm25,ce20,bm25,bm25
fever:157949,ce20,bm25,ce20,bm25,ce20,hybrid,ce100,hybrid,ce20,hybrid
fever:157977,bm25,bm25,ce100,bm25,bm25,hybrid,bi200,hybrid,bm25,bm25
fever:157984,bm25,bm25,bm25,ce20,ce20,ce100,ce20,hybrid,bi200,ce20
fever:158012,ce20,bm25,ce20,ce20,ce20,bi200,bi200,ce20,ce20,bi200
fever:158017,ce20,ce20,ce20,bm25,ce20,ce100,bi200,bi200,hybrid,ce20
fever:158036,bm25,bm25,bm25,bm25,bm25,hybrid,bm25,hybrid,hybrid,ce20
fever:15806,bm25,bm25,ce100,bm25,ce20,ce20,bm25,bm25,ce20,ce20
fever:158124,ce20,bm25,ce20,ce20,ce20,ce20,ce100,ce20,ce20,bi200
fever:15819,ce20,ce20,ce20,ce20,ce20,bi200,ce100,ce100,ce20,ce20
fever:158190,ce100,ce20,ce100,bm25,ce20,ce20,ce100,bi200,bi200,bi200
fever:158201,bm25,ce20,ce20,bm25,ce20,bm25,bm25,bm25,ce20,ce20
fever:158208,bm25,bm25,bm25,bm25,ce100,hybrid,ce100,ce20,hybrid,hybrid
fever:158227,ce20,ce20,ce20,bm25,ce20,ce100,bm25,bi200,ce20,bi200
fever:158244,bm25,ce100,bm25,bm25,ce20,bm25,bm25,bm25,bm25,bi200
fever:158265,bm25,ce20,bm25,bm25,ce20,bi200,bi200,bm25,bm25,bm25
fever:15827,ce20,ce100,ce100,bm25,ce100,ce100,ce100,ce100,ce100,bi200
fever:15830,ce100,ce100,ce100,ce100,ce100,hybrid,bi200,hybrid,hybrid,hybrid
fever:158306,ce100,ce20,ce20,ce20,ce100,ce100,ce100,hybrid,bi200,hybrid
fever:15831,ce100,ce100,ce100,ce100,ce100,hybrid,hybrid,hybrid,hybrid,hybrid
fever:158322,ce20,bm25,ce20,bm25,ce20,ce20,ce20,ce20,ce20,bi200
fever:15834,bm25,bm25,bm25,bm25,ce20,ce20,hybrid,bm25,ce20,ce20
fever:158340,ce20,bm25,bm25,bm25,bm25,bi200,bi200,hybrid,hybrid,bm25
fever:158361,ce100,ce100,bm25,ce100,ce100,bi200,bi200,bi200,hybrid,ce20
fever:158383,bm25,ce100,ce100,bm25,bm25,hybrid,bi200,hybrid,bi200,bi200
fever:158419,bm25,ce20,bm25,bm25,ce20,bi200,bi200,bi200,bm25,bi200
fever:158421,bm25,ce20,ce20,bm25,ce20,ce20,bi200,bi200,hybrid,hybrid
fever:158422,bm25,ce20,bm25,bm25,ce20,ce20,bi200,bi200,hybrid,hybrid
fever:158425,bm25,ce20,bm25,ce20,ce20,ce20,hybrid,bm25,hybrid,hybrid
fever:158426,ce20,ce20,ce20,bm25,ce20,ce20,hybrid,bi200,bi200,hybrid
fever:158428,bm25,ce20,bm25,bm25,bm25,ce100,bi200,bm25,hybrid,hybrid
fever:158433,bm25,ce20,bm25,bm25,bm25,bi200,bi200,bi200,bi200,bi200
fever:158436,bm25,ce20,ce20,bm25,ce20,ce20,bi200,ce100,ce20,hybrid
fever:158438,ce20,ce20,ce20,bm25,ce20,ce20,bm25,ce20,ce20,bi200
fever:15851,bm25,ce100,bm25,ce20,ce100,bi200,bi200,bi200,bi200,bi200
fever:15855,ce100,ce100,ce100,bm25,ce100,hybrid,bi200,hybrid,hybrid,bm25
fever:158635,ce20,ce20,bm25,ce20,ce20,ce100,bm25,bi200,bm25,bm25
fever:158636,bm25,ce20,bm25,bm25,bm25,ce100,bm25,bi200,bm25,bm25
fever:158639,ce20,ce20,bm25,bm25,ce20,bi200,bm25,bm25,bm25,bm25
fever:158640,ce20,ce20,bm25,ce20,ce20,bi200,bm25,bi200,hybrid,hybrid
fever:158641,bm25,ce20,bm25,bm25,bm25,ce100,bm25,bm25,bm25,bm25
fever:158644,ce20,ce20,bm25,ce20,ce20,ce100,bm25,bi200,bm25,hybrid
fever:158648,ce20,ce20,bm25,ce20,ce20,ce100,ce20,bm25,hybrid,hybrid
fever:158654,ce100,ce100,bm25,ce20,ce20,ce100,bm25,bi200,bm25,hybrid
fever:15883,bm25,bm25,bm25,bm25,bm25,bm25,bm25,bm25,bm25,bm25
fever:158895,bm25,ce20,bm25,ce20,ce20,ce100,bm25,bm25,bi200,bi200
fever:158897,bm25,ce20,bm25,ce20,bm25,ce100,bm25,bm25,bi200,bi200
fever:158901,bm25,ce20,bm25,bm25,bm25,bi200,bm25,bm25,bi200,bi200
fever:158903,bm25,ce20,bm25,bm25,bm25,bi200,ce20,bm25,bi200,bi200
fever:158904,bm25,ce20,bm25,bm25,bm25,ce100,bm25,bm25,bi200,bi200
fever:158906,bm25,ce20,bm25,bm25,ce20,bi200,ce100,bm25,ce20,ce20
fever:158907,bm25,ce20,bm25,ce20,ce20,bi200,ce20,bm25,bi200,bi200
fever:158908,bm25,ce20,bm25,ce20,ce20,bi200,ce20,bm25,bi200,bi200
fever:158909,bm25,ce20,bm25,bm25,bm25,bi200,ce20,bm25,bi200,bi200
fever:158912,bm25,ce20,bm25,bm25,bm25,ce20,ce20,bm25,bi200,bi200
fever:158915,bm25,ce20,bm25,bm25,ce20,ce100,bm25,ce20,bi200,bi200
fever:15899,ce100,ce100,ce20,bm25,ce100,ce100,bi200,ce100,bi200,hybrid
fever:159075,ce100,ce100,ce100,ce100,ce100,bi200,hybrid,bi200,bi200,bi200
fever:159080,ce100,ce100,ce100,ce100,ce100,bi200,bi200,ce100,bi200,bi200
fever:159085,ce100,ce100,bm25,ce100,ce100,bi200,bi200,bi200,bi200,bi200
fever:159086,ce20,ce100,ce100,ce100,ce100,bi200,hybrid,bm25,bi200,ce100
fever:159091,ce100,ce100,ce100,ce100,ce100,bi200,ce100,bi200,bi200,bm25
fever:159092,ce20,ce100,bm25,ce100,bm25,bi200,bi200,bi200,bi200,bi200
fever:159093,ce100,ce100,bm25,ce100,ce100,hybrid,ce100,bi200,bi200,bi200
fever:15913,bm25,bm25,bm25,bm25,bm25,ce20,bi200,hybrid,hybrid,bm25
fever:159315,ce20,ce100,ce100,ce20,ce20,ce100,ce100,ce100,ce20,ce20
fever:159321,ce20,ce20,ce20,ce20,ce20,ce100,hybrid,bi200,ce100,ce20
fever:159322,ce20,bm25,bm25,ce20,ce20,hybrid,ce100,bm25,ce100,ce20
fever:159323,ce20,ce20,ce100,ce20,ce20,hybrid,hybrid,ce20,ce100,hybrid
fever:159324,ce20,ce20,ce20,bm25,ce20,bm25,hybrid,ce20,ce100,ce20
fever:159326,ce20,ce20,ce20,ce20,ce20,ce100,ce20,ce20,ce20,ce20
fever:159330,ce20,ce20,ce20,bm25,ce20,bm25,bm25,ce20,ce100,bm25
fever:159331,ce20,ce20,ce20,bm25,ce20,bm25,hybrid,ce20,ce100,ce20
fever:159335,ce20,ce100,ce100,ce20,bm25,ce20,ce20,ce100,ce100,ce20
fever:159338,ce20,ce20,ce20,ce20,ce20,ce100,ce20,ce20,ce20,ce20
fever:15941,ce20,ce20,ce20,ce20,ce20,ce20,ce100,bm25,ce20,bi200
fever:15955,ce20,ce100,ce20,ce20,ce100,hybrid,bm25,bm25,ce100,ce20
fever:159563,ce20,ce20,ce20,ce20,ce20,ce20,ce20,ce20,bm25,ce20
fever:159567,bm25,bm25,bm25,ce20,bm25,ce20,bm25,ce20,bm25,bm25
fever:159570,ce20,ce20,bm25,ce20,ce20,ce20,bm25,bm25,bm25,bm25
fever:159572,ce20,ce20,bm25,bm25,ce100,ce20,ce20,hybrid,ce20,bm25
fever:159573,ce20,ce20,ce20,ce20,ce100,ce20,ce100,ce100,ce20,ce20
fever:159574,bm25,ce20,bm25,ce20,ce20,ce100,bm25,ce20,bm25,ce20
fever:159575,bm25,bm25,bm25,bm25,ce20,bm25,bm25,hybrid,bm25,bm25
fever:159578,bm25,ce20,ce20,bm25,ce20,bi200,ce20,hybrid,ce20,ce20
fever:159580,ce20,ce20,ce20,bm25,ce20,bi200,ce100,hybrid,bm25,ce20
fever:159584,bm25,ce20,ce20,ce20,ce20,ce20,ce20,ce20,ce20,ce20
fever:159585,ce20,bm25,bm25,ce20,ce20,bm25,bm25,bm25,bm25,bm25
fever:159587,bm25,ce20,bm25,bm25,ce20,bm25,ce20,ce20,bm25,bm25
fever:159594,bm25,ce20,bm25,bm25,ce20,bm25,ce20,hybrid,ce20,bm25
fever:1596,bm25,ce20,ce20,ce20,bm25,ce20,bm25,bm25,bi200,ce20
fever:15963,bm25,ce20,ce20,bm25,bm25,bi200,ce20,bi200,ce20,bi200
fever:159689,ce20,ce20,ce20,ce100,ce100,ce20,ce100,ce100,ce20,ce20
fever:159692,ce20,ce20,ce20,bm25,ce20,ce20,bm25,bi200,hybrid,ce20
fever:159693,ce20,ce20,ce20,ce20,ce20,ce20,ce100,ce20,ce20,ce20
fever:159694,ce20,ce20,ce20,ce20,ce20,ce20,ce20,hybrid,ce20,ce20
fever:159696,ce20,ce20,ce20,bm25,ce20,ce20,ce20,hybrid,ce20,ce20
fever:159698,bm25,ce20,ce20,ce20,ce20,ce20,ce100,ce20,ce20,ce20
fever:1597,ce100,ce100,ce20,ce20,bm25,ce20,bm25,bm25,bi200,ce100
fever:159700,ce100,ce20,ce20,ce20,ce20,ce20,ce20,bm25,ce20,ce20
fever:159701,ce20,ce20,ce20,bm25,ce20,ce20,ce100,ce20,ce20,ce20
fever:159702,bm25,ce20,ce20,ce20,ce20,ce20,ce20,ce20,ce20,ce20
fever:159704,bm25,ce20,ce20,ce20,ce20,ce20,ce20,ce20,ce20,ce20
fever:159706,ce100,ce20,ce20,ce20,ce20,ce20,ce20,bm25,ce20,ce20
fever:159707,ce100,ce20,ce20,bm25,ce20,ce20,ce100,ce20,ce20,ce20
fever:159708,ce20,ce20,ce20,bm25,ce20,ce20,bm25,bi200,hybrid,ce20
fever:159709,ce100,ce20,ce20,bm25,ce20,ce20,ce20,ce20,ce20,ce20
fever:159710,ce100,ce20,ce20,ce20,ce20,ce20,ce20,bm25,ce20,ce20
fever:159711,ce20,ce20,ce20,bm25,ce20,ce20,ce20,ce20,ce20,hybrid
fever:159714,ce100,ce20,ce20,ce20,ce20,ce20,ce20,bm25,ce20,ce20
fever:159715,ce20,ce20,ce20,ce100,ce20,ce20,ce20,ce100,ce20,ce20
fever:159716,ce100,ce20,ce20,ce20,ce20,ce20,ce100,bm25,ce20,hybrid
fever:159722,ce20,ce20,ce20,bm25,ce20,ce20,bm25,bi200,hybrid,ce20
fever:15979,ce20,ce100,bm25,bm25,ce100,bi200,bi200,bi200,hybrid,bi200
fever:1598,ce100,ce20,ce100,ce20,ce20,bi200,bi200,bi200,bi200,bm25
fever:15980,ce20,ce20,ce100,bm25,ce100,bi200,bi200,bi200,hybrid,bi200
fever:15982,ce20,ce20,ce20,bm25,ce20,bm25,ce20,hybrid,ce20,bi200
fever:1599,ce20,ce20,ce100,bm25,ce20,bi200,bi200,bi200,bi200,bi200
fever:159932,bm25,bm25,ce20,bm25,ce20,bm25,ce100,ce20,ce20,bm25
fever:159936,bm25,bm25,ce20,ce20,bm25,bm25,ce100,bm25,bm25,bm25
fever:159940,bm25,bm25,ce20,ce20,ce20,bm25,ce100,ce20,bm25,bm25
fever:159944,bm25,bm25,bm25,bm25,bm25,bm25,ce100,bm25,bm25,bm25
fever:159947,ce20,ce20,bm25,ce20,ce20,ce20,ce100,ce20,ce20,ce20
fever:159949,ce20,ce20,ce20,ce20,ce20,ce20,ce100,ce20,ce20,ce20
fever:159950,ce20,ce100,ce20,ce20,ce20,ce20,bi200,ce20,ce20,ce20
fever:159951,bm25,bm25,bm25,ce20,bm25,ce20,bm25,bm25,ce20,ce20
fever:160050,bm25,ce20,bm25,bm25,bm25,ce20,bm25,hybrid,bm25,bm25
fever:160051,ce20,ce20,ce20,bm25,ce20,bi200,bi200,hybrid,ce20,bm25
fever:160052,bm25,ce20,bm25,bm25,ce20,bi200,bm25,hybrid,ce20,bm25
fever:160053,bm25,ce20,bm25,bm25,bm25,ce20,bm25,hybrid,bm25,bm25
fever:160054,bm25,ce20,bm25,bm25,ce20,bi200,bm25,hybrid,ce20,hybrid
fever:160055,bm25,ce20,bm25,bm25,bm25,ce20,bm25,hybrid,bm25,bm25
fever:160058,bm25,ce20,bm25,bm25,ce20,ce20,bm25,hybrid,bm25,bm25
fever:160060,bm25,ce20,bm25,bm25,bm25,bi200,bm25,hybrid,bm25,hybrid
fever:160064,bm25,ce20,ce20,bm25,ce20,ce20,bm25,hybrid,bm25,bm25
fever:160065,bm25,ce20,bm25,bm25,ce20,ce20,bi200,hybrid,ce20,bm25
fever:160067,bm25,ce20,bm25,bm25,bm25,ce20,bm25,hybrid,bm25,bm25
fever:16007,ce100,bm25,ce100,bm25,ce20,ce20,ce100,ce100,ce100,bi200
fever:16008,ce20,bm25,ce100,bm25,ce20,ce100,ce100,ce20,ce20,ce20
fever:1602,ce100,bm25,bm25,bm25,bm25,ce100,bm25,bi200,bi200,bi200
fever:16025,ce20,ce20,bm25,ce20,bm25,ce20,ce100,hybrid,ce20,ce20
fever:160304,bm25,ce100,ce100,ce100,ce100,bi200,bi200,hybrid,bi200,hybrid
fever:160315,ce100,bm25,ce20,ce20,ce20,ce20,ce100,ce20,bi200,bi200
fever:160337,bm25,bm25,bm25,bm25,ce20,hybrid,hybrid,ce20,bi200,bm25
fever:160345,bm25,ce100,bm25,bm25,ce100,hybrid,bi200,hybrid,hybrid,hybrid
fever:160348,bm25,ce20,bm25,bm25,ce20,ce20,ce100,hybrid,bi200,bi200
fever:160350,bm25,bm25,bm25,bm25,bm25,ce20,bm25,bm25,bm25,bi200
fever:160362,ce20,ce20,ce20,ce20,ce100,bi200,bi200,bi200,bi200,ce20
fever:160379,bm25,ce20,bm25,bm25,ce20,ce20,bm25,bm25,ce20,hybrid
fever:160391,bm25,ce100,bm25,bm25,ce100,bi200,bm25,bi200,bm25,ce20
fever:160414,bm25,ce20,bm25,bm25,ce20,bi200,bi200,hybrid,bi200,hybrid
fever:160431,ce20,bm25,bm25,ce20,ce20,hybrid,bi200,hybrid,bi200,bi200
fever:160467,ce20,bm25,bm25,bm25,ce20,bm25,bm25,hybrid,bi200,bm25
fever:160481,bm25,bm25,bm25,bm25,bm25,bm25,bm25,bm25,bm25,bm25
fever:160483,bm25,ce100,bm25,bm25,ce20,hybrid,bm25,bm25,bm25,ce20
fever:160508,bm25,bm25,bm25,ce20,bm25,ce20,ce100,ce20,ce20,ce20
fever:160524,bm25,bm25,bm25,bm25,ce20,bm25,bi200,bm25,bi200,bm25
fever:160525,bm25,bm25,bm25,bm25,ce20,hybrid,bi200,bm25,hybrid,bm25
fever:160534,ce20,ce20,bm25,bm25,ce20,ce20,bm25,hybrid,ce20,hybrid
fever:160542,bm25,bm25,bm25,bm25,bm25,bm25,bm25,bm25,bm25,bi200
fever:16055,bm25,bm25,bm25,bm25,bm25,ce100,bm25,bi200,bi200,bm25
fever:160551,bm25,bm25,ce100,ce100,ce100,ce20,ce100,ce20,ce100,hybrid
fever:160555,bm25,ce20,bm25,bm25,bm25,ce20,bi200,bm25,bm25,bm25
fever:16056,bm25,bm25,bm25,bm25,bm25,hybrid,bm25,bm25,hybrid,bm25
fever:160593,bm25,ce100,ce100,bm25,ce100,ce100,bi200,bi200,hybrid,bm25
fever:160595,bm25,bm25,bm25,bm25,bm25,bm25,bm25,bi200,hybrid,bm25
fever:160597,bm25,bm25,bm25,bm25,bm25,bm25,ce100,hybrid,ce20,bm25
fever:1606,bm25,ce20,bm25,bm25,ce20,ce20,bi200,bm25,ce20,bi200
fever:160626,ce20,ce20,bm25,bm25,ce20,hybrid,bi200,hybrid,hybrid,bi200
fever:16070,bm25,ce20,bm25,bm25,ce20,ce20,bm25,bm25,ce20,bm25
fever:160715,bm25,bm25,bm25,bm25,ce20,hybrid,bi200,hybrid,bi200,bi200
fever:160726,ce20,bm25,bm25,ce20,ce20,hybrid,bi200,hybrid,bi200,bi200
fever:160764,bm25,bm25,bm25,bm25,bm25,ce20,bi200,bm25,ce20,bm25
fever:160775,bm25,ce20,ce20,bm25,ce20,ce100,ce100,bi200,ce20,hybrid
fever:16079,bm25,ce20,bm25,bm25,bm25,bm25,bm25,hybrid,hybrid,bm25
fever:160795,ce100,ce100,ce100,bm25,ce100,ce100,ce100,ce20,hybrid,bm25
fever:16080,bm25,ce20,bm25,bm25,bm25,bm25,bm25,ce100,hybrid,bm25
fever:160814,bm25,ce20,bm25,bm25,ce20,ce100,bm25,bi200,bi200,bm25
fever:160815,ce20,ce100,ce100,ce20,ce20,bi200,bm25,bm25,ce20,bi200
fever:160823,bm25,bm25,bm25,bm25,ce20,ce20,ce100,ce20,bm25,ce20
fever:160825,bm25,ce100,bm25,bm25,ce100,bm25,ce100,bm25,bm25,bm25
fever:160832,ce100,ce100,ce20,ce100,ce100,bi200,ce100,bi200,ce100,bi200
fever:16084,ce20,ce20,ce20,ce20,bm25,hybrid,ce100,hybrid,hybrid,ce20
fever:160843,bm25,ce100,bm25,bm25,bm25,bi200,ce100,bm25,bi200,ce20
fever:160850,ce20,ce100,ce100,ce100,ce100,ce100,hybrid,ce100,ce20,hybrid
fever:160857,bm25,ce100,ce100,bm25,bm25,bi200,bi200,hybrid,bi200,ce20
fever:160864,ce20,ce100,ce100,ce100,ce100,ce100,bi200,hybrid,bi200,hybrid
fever:160887,bm25,bm25,bm25,ce20,ce20,bi200,bm25,bi200,bm25,ce20
fever:160898,bm25,bm25,bm25,bm25,bm25,bm25,hybrid,bi200,hybrid,bm25
fever:160899,bm25,ce20,bm25,bm25,ce20,bm25,ce100,ce100,ce20,ce20
fever:160919,bm25,bm25,bm25,bm25,ce20,bm25,ce100,bm25,bm25,bm25
fever:160927,ce20,ce100,bm25,bm25,ce20,ce100,ce100,bm25,ce20,ce20
fever:160932,bm25,ce100,ce100,bm25,ce100,hybrid,bi200,hybrid,bi200,hybrid
fever:160961,bm25,ce100,bm25,bm25,ce100,hybrid,bm25,bi200,bm25,ce20
fever:160984,bm25,bm25,bm25,bm25,bm25,bm25,bm25,bm25,bm25,ce20
fever:160985,ce20,ce100,ce100,ce100,ce100,ce100,bi200,ce20,bi200,hybrid
fever:161,ce100,ce100,ce100,bm25,ce20,bi200,bi200,bi200,bi200,ce100
fever:161007,bm25,bm25,bm25,bm25,bm25,bm25,bm25,bm25,bm25,bm25
fever:161047,bm25,bm25,bm25,bm25,ce20,bm25,bi200,bm25,hybrid,bm25
fever:161091,bm25,bm25,bm25,bm25,ce20,bm25,ce20,ce20,ce20,ce20
fever:161094,ce100,ce100,ce100,ce100,ce100,hybrid,bi200,hybrid,bi200,hybrid
fever:161099,bm25,bm25,bm25,bm25,bm25,bm25,bm25,bm25,bm25,bm25
fever:161101,bm25,ce20,bm25,bm25,ce20,ce20,bi200,hybrid,bm25,bm25
fever:161106,bm25,bm25,bm25,bm25,bm25,bm25,bm25,bm25,bm25,bm25
fever:16114,ce20,ce20,bm25,bm25,ce20,bm25,ce100,ce20,ce20,ce100
fever:16115,ce20,ce20,bm25,bm25,ce20,ce100,ce100,bm25,ce20,ce100
fever:161151,bm25,bm25,ce100,bm25,ce20,bm25,bi200,bm25,bi200,bm25
fever:161171,bm25,ce20,ce20,ce20,ce20,bi200,bi200,hybrid,bi200,bi200
fever:161185,bm25,bm25,bm25,bm25,bm25,bm25,bm25,bm25,bm25,bm25
fever:161195,bm25,bm25,bm25,bm25,bm25,hybrid,hybrid,ce20,bm25,bm25
fever:161206,bm25,ce100,ce100,ce100,ce100,bi200,bi200,ce100,bi200,bi200
fever:161220,bm25,ce20,ce100,bm25,ce20,bi200,bm25,hybrid,bm25,bi200
fever:161222,bm25,bm25,bm25,bm25,bm25,bm25,bm25,bm25,bm25,bm25
fever:161234,bm25,ce20,bm25,bm25,ce20,ce20,bm25,bm25,ce20,ce20
fever:161277,bm25,bm25,bm25,bm25,ce20,hybrid,bm25,bi200,bm25,bm25
fever:161310,bm25,bm25,bm25,bm25,bm25,bm25,bm25,bm25,ce20,bi200
fever:161312,bm25,bm25,bm25,bm25,bm25,ce20,bm25,bm25,bm25,bi200
fever:161361,ce20,ce100,bm25,bm25,bm25,ce20,bm25,bm25,ce20,bm25
fever:161527,bm25,bm25,bm25,bm25,bm25,hybrid,hybrid,hybrid,hybrid,bm25
fever:161530,ce20,bm25,bm25,bm25,ce100,hybrid,hybrid,hybrid,bm25,hybrid
fever:161534,bm25,bm25,bm25,bm25,ce20,hybrid,hybrid,hybrid,hybrid,bm25
fever:161542,ce20,bm25,ce20,ce20,ce20,hybrid,ce20,bi200,ce20,ce20
fever:161547,bm25,bm25,bm25,bm25,bm25,bm25,bi200,hybrid,bm25,hybrid
fever:161556,bm25,bm25,bm25,bm25,ce100,hybrid,bi200,ce20,hybrid,hybrid
fever:161560,bm25,bm25,ce20,bm25,ce20,hybrid,ce100,bm25,ce20,bi200
fever:161570,bm25,bm25,bm25,bm25,ce20,hybrid,hybrid,hybrid,hybrid,ce20
fever:161571,bm25,bm25,ce20,bm25,bm25,hybrid,hybrid,hybrid,hybrid,bm25
fever:161572,bm25,ce20,bm25,bm25,ce20,bm25,ce20,ce20,ce20,ce20
fever:161574,ce20,bm25,ce20,bm25,bm25,hybrid,hybrid,hybrid,ce20,ce20
fever:161575,bm25,bm25,bm25,bm25,bm25,bi200,bi200,bi200,hybrid,hybrid
fever:161578,bm25,bm25,bm25,bm25,bm25,bm25,bi200,hybrid,hybrid,bi200
fever:161580,bm25,bm25,bm25,bm25,ce100,hybrid,hybrid,bi200,ce20,ce20
fever:16161,ce100,ce20,bm25,bm25,ce100,ce100,bm25,hybrid,bm25,hybrid
fever:161709,ce100,bm25,ce20,bm25,ce20,ce100,bi200,bi200,bi200,bi200
fever:161710,ce100,ce100,ce20,bm25,ce20,ce100,bi200,bi200,hybrid,hybrid
fever:161713,ce100,ce100,ce100,bm25,ce100,ce100,bi200,bi200,bi200,bi200
fever:161716,ce100,ce100,ce20,bm25,ce20,ce20,bi200,bi200,bi200,hybrid
fever:161719,ce100,ce100,ce100,bm25,ce100,ce100,bi200,ce20,ce100,ce20
fever:161771,ce20,ce20,bm25,ce20,ce20,ce20,bm25,hybrid,bi200,ce20
fever:161778,ce20,bm25,bm25,bm25,ce20,ce100,bm25,hybrid,bi200,hybrid
fever:161780,ce20,bm25,ce20,bm25,bm25,ce20,bm25,bm25,ce20,ce20
fever:161784,ce20,bm25,ce100,bm25,ce20,ce100,bm25,ce20,bi200,ce20
fever:161787,ce20,bm25,ce100,ce20,ce20,ce100,bm25,hybrid,bi200,ce20
fever:161790,ce20,bm25,ce20,ce20,ce20,ce20,bm25,bm25,bi200,ce20
fever:161795,ce20,bm25,ce100,ce20,ce20,ce100,bm25,hybrid,bi200,ce20
fever:161801,ce20,bm25,ce20,bm25,ce20,ce20,bm25,ce20,ce20,ce20
fever:161803,ce20,bm25,ce20,ce20,ce20,ce20,bm25,ce20,ce20,ce20
fever:161805,ce20,ce100,ce100,ce20,bm25,ce100,bm25,bm25,ce20,ce100
fever:161808,ce20,ce20,ce20,ce20,ce20,ce20,bm25,hybrid,bi200,ce20
fever:161810,ce20,ce100,ce100,ce20,bm25,ce20,bm25,bm25,ce20,bi200
fever:161842,bm25,bm25,bm25,bm25,bm25,ce100,bm25,bm25,hybrid,bm25
fever:161843,bm25,bm25,bm25,bm25,bm25,hybrid,bm25,bm25,hybrid,hybrid
fever:161846,bm25,bm25,bm25,bm25,bm25,bm25,bm25,ce20,ce20,ce20
fever:161848,bm25,ce20,ce20,ce20,bm25,hybrid,bm25,hybrid,hybrid,ce20
fever:161856,bm25,bm25,bm25,bm25,bm25,hybrid,bm25,hybrid,hybrid,bm25
fever:161861,ce20,bm25,ce20,bm25,ce20,bm25,bm25,ce20,hybrid,hybrid
fever:161862,bm25,bm25,bm25,bm25,bm25,ce100,bm25,ce20,bm25,ce20
fever:161863,bm25,bm25,ce20,bm25,ce20,bm25,bm25,hybrid,hybrid,bm25
fever:161864,ce20,bm25,bm25,bm25,bm25,ce100,bm25,bm25,bm25,bm25
fever:161865,bm25,bm25,bm25,bm25,bm25,bm25,bm25,ce20,ce20,ce20
fever:161901,bm25,ce20,bm25,bm25,bm25,ce20,bm25,bm25,bm25,bm25
fever:161902,bm25,ce20,bm25,bm25,bm25,ce20,bm25,bm25,bm25,bm25
fever:161903,bm25,ce20,bm25,bm25,bm25,ce20,bm25,bm25,bm25,bm25
fever:161904,ce20,ce20,ce20,ce20,ce20,ce20,ce20,ce20,ce20,bm25
fever:161905,ce20,ce20,bm25,bm25,ce20,ce20,ce20,ce20,bm25,bm25
fever:161906,ce20,ce20,bm25,ce20,ce20,ce20,ce100,ce20,ce20,bm25
fever:161911,bm25,ce20,bm25,bm25,ce20,ce20,ce100,bm25,ce20,bm25
fever:161915,ce20,ce20,ce20,ce20,ce20,ce20,ce100,ce20,ce20,bm25
fever:161919,ce20,ce20,bm25,ce20,ce20,ce20,ce20,ce20,bm25,bm25
fever:161921,ce20,ce20,ce20,bm25,ce20,ce20,ce20,hybrid,ce20,bm25
fever:162,ce100,ce100,ce100,ce100,ce20,ce100,bi200,ce100,bi200,ce100
fever:162035,ce20,ce20,ce20,bm25,ce20,ce20,ce100,ce20,ce20,ce20
fever:162036,ce20,ce20,ce20,bm25,ce20,ce20,ce100,ce20,ce20,ce20
fever:162040,ce20,ce20,ce20,bm25,ce20,ce100,ce100,ce20,ce20,ce20
fever:162041,ce20,ce20,ce20,bm25,ce20,ce100,ce100,ce20,ce20,ce20
fever:162042,ce20,ce20,ce20,bm25,ce20,ce20,ce100,hybrid,ce20,ce20
fever:162044,ce20,ce20,ce20,bm25,ce20,ce20,ce100,ce20,ce20,ce20
fever:162046,ce20,ce20,ce20,ce20,ce20,ce20,ce100,ce20,ce20,ce20
fever:162048,ce20,ce100,ce20,bm25,ce20,ce100,ce100,ce20,ce20,ce20
fever:162200,bm25,bm25,bm25,bm25,bm25,ce20,bm25,ce20,bm25,bm25
fever:162201,bm25,ce20,bm25,bm25,ce20,ce20,bm25,bm25,ce20,bm25
fever:162202,ce20,ce20,bm25,bm25,bm25,bi200,ce20,ce20,ce20,bm25
fever:162205,bm25,bm25,ce20,bm25,ce100,ce20,ce20,ce100,ce20,ce20
fever:162206,bm25,ce20,ce20,bm25,ce20,ce20,ce100,ce20,ce20,ce20
fever:162212,bm25,bm25,bm25,bm25,bm25,ce20,bm25,ce20,bm25,bm25
fever:162213,bm25,bm25,bm25,bm25,bm25,ce20,bm25,bm25,bm25,bm25
fever:162216,bm25,ce20,bm25,bm25,ce20,ce20,bm25,bm25,ce20,bm25
fever:162218,bm25,ce20,ce20,bm25,ce20,ce20,ce20,bm25,bm25,bm25
fever:16224,ce20,bm25,bm25,bm25,bm25,ce100,bm25,bm25,bm25,bi200
fever:162408,ce20,ce20,bm25,ce20,ce20,bi200,bi200,bm25,ce20,bm25
fever:162409,bm25,bm25,bm25,bm25,bm25,ce20,bi200,ce20,bm25,bm25
fever:162417,bm25,ce100,ce20,ce20,ce100,bi200,ce100,ce20,ce20,ce20
fever:162421,ce20,ce20,ce20,ce20,ce20,bi200,bi200,ce20,ce100,bi200
fever:162425,bm25,bm25,ce20,ce20,ce20,ce100,bi200,ce20,ce20,ce20
fever:16250,ce20,bm25,bm25,bm25,bm25,bi200,bm25,bi200,bm25,bm25
fever:16259,ce100,ce100,ce100,bm25,ce100,ce100,ce100,bi200,ce100,hybrid
fever:162628,bm25,ce20,ce20,ce100,ce20,ce20,bm25,ce100,ce20,ce20
fever:162641,ce20,ce20,ce20,ce100,ce20,ce20,ce100,hybrid,bi200,bi200
fever:162650,bm25,ce20,bm25,bm25,ce20,ce20,ce100,hybrid,ce20,ce20
fever:162652,bm25,bm25,ce20,ce20,bm25,ce20,bi200,hybrid,ce20,ce100
fever:162655,bm25,bm25,ce20,bm25,bm25,bm25,ce100,bi200,ce20,ce20
fever:162657,ce20,ce100,ce20,bm25,ce100,ce100,ce20,bi200,ce20,ce20
fever:162659,ce100,ce20,ce20,bm25,ce20,ce20,ce20,ce20,ce100,ce100
fever:162662,bm25,ce20,bm25,bm25,bm25,ce100,ce100,ce100,ce20,ce20
fever:162664,ce20,ce20,ce20,bm25,bm25,ce20,ce100,bm25,ce100,bm25
fever:162665,ce20,ce20,bm25,bm25,ce20,ce20,ce20,hybrid,ce20,ce20
fever:162668,ce20,bm25,ce20,bm25,bm25,bi200,ce20,bm25,ce20,bi200
fever:162680,bm25,ce20,ce20,bm25,bm25,ce100,ce20,hybrid,ce20,ce20
fever:162741,ce20,ce20,ce20,bm25,ce100,bi200,bi200,hybrid,bi200,bi200
fever:162742,ce100,ce100,ce20,ce100,ce100,hybrid,ce100,bi200,bi200,bi200
fever:162743,ce20,ce100,ce20,bm25,ce100,bi200,bi200,hybrid,bi200,bi200
fever:162745,ce20,ce100,ce20,bm25,ce100,bi200,hybrid,bi200,bi200,hybrid
fever:162752,ce20,ce100,ce20,bm25,ce100,bi200,hybrid,bi200,bi200,hybrid
fever:162830,ce100,ce100,ce100,ce20,bm25,hybrid,ce100,hybrid,hybrid,hybrid
fever:162832,bm25,ce100,bm25,ce20,ce100,hybrid,bm25,hybrid,hybrid,bi200
fever:162834,ce100,ce100,ce100,ce100,ce100,hybrid,bi200,bi200,hybrid,hybrid
fever:162835,ce100,ce100,ce100,ce100,bm25,hybrid,bm25,hybrid,hybrid,hybrid
fever:162836,ce20,ce20,ce100,bm25,ce100,hybrid,ce100,ce100,ce100,ce100
fever:162837,ce100,ce100,bm25,bm25,bm25,hybrid,bm25,hybrid,hybrid,bm25
fever:162838,ce100,ce100,ce100,bm25,ce100,hybrid,bi200,hybrid,hybrid,ce100
fever:162840,ce100,bm25,ce100,bm25,bm25,hybrid,bm25,hybrid,hybrid,bi200
fever:162841,ce100,ce100,ce100,bm25,ce20,hybrid,ce100,hybrid,hybrid,hybrid
fever:162842,ce100,ce100,bm25,bm25,bm25,hybrid,ce100,bi200,hybrid,bi200
fever:162881,bm25,bm25,bm25,bm25,bm25,hybrid,bm25,bm25,bm25,bm25
fever:162885,bm25,ce20,bm25,bm25,bm25,bi200,bi200,bm25,bm25,bm25
fever:162895,bm25,bm25,bm25,bm25,bm25,hybrid,bm25,bi200,bm25,bm25
fever:16325,ce100,ce100,ce100,ce100,ce100,bi200,bi200,bi200,hybrid,bi200
fever:16329,bm25,ce20,bm25,ce20,bm25,ce20,ce20,bm25,bm25,ce20
fever:16336,ce100,bm25,bm25,bm25,bm25,bi200,ce100,bi200,ce20,bi200
fever:16376,ce20,ce20,ce20,bm25,ce20,bi200,ce20,ce20,bm25,bm25
fever:16378,ce20,ce20,bm25,bm25,bm25,bi200,bm25,hybrid,ce20,bm25
fever:163795,ce100,ce100,ce100,bm25,ce100,bi200,ce100,ce100,bi200,bi200
fever:163798,ce100,ce100,ce100,bm25,ce100,bi200,ce100,ce100,ce100,hybrid
fever:163803,ce100,ce100,ce100,bm25,ce100,bi200,bm25,ce100,bi200,bi200
fever:163805,ce100,ce100,bm25,ce100,ce100,ce100,bi200,ce100,bi200,bi200
fever:163808,ce100,ce100,ce100,ce100,ce100,ce100,ce100,ce100,bi200,ce100
fever:163810,ce100,ce100,ce100,bm25,ce100,bi200,ce100,ce100,bi200,ce100
fever:163811,ce100,ce100,ce100,bm25,ce100,bi200,ce100,ce100,bi200,bi200
fever:163812,ce100,ce100,ce100,ce100,ce100,ce100,bi200,ce100,bi200,bm25
fever:163815,ce100,ce100,ce100,ce100,ce100,ce100,bi200,ce100,bi200,bi200
fever:163818,ce20,ce20,ce20,ce20,ce20,ce100,ce20,ce100,ce20,ce20
fever:16382,ce20,ce100,ce20,ce20,ce20,bi200,hybrid,hybrid,bi200,bi200
fever:163820,ce20,ce20,bm25,ce20,ce20,ce20,ce20,ce20,ce20,bm25
fever:163821,ce100,bm25,ce20,bm25,ce100,bi200,ce20,hybrid,hybrid,ce20
fever:163829,ce100,ce20,ce20,bm25,bm25,ce20,ce100,hybrid,bm25,ce20
fever:163833,ce20,ce20,ce20,ce20,ce20,ce100,ce20,ce100,ce20,ce20
fever:163836,ce20,ce20,ce20,bm25,ce20,bm25,ce20,hybrid,bm25,bm25
fever:16387,bm25,ce20,bm25,bm25,bm25,ce20,bi200,hybrid,bm25,bi200
fever:16392,bm25,bm25,bm25,bm25,ce20,ce100,bm25,ce20,bm25,bm25
fever:16394,ce20,bm25,ce20,ce100,ce100,ce100,hybrid,ce100,bm25,ce20
fever:163959,bm25,ce20,bm25,bm25,bm25,bm25,bm25,hybrid,hybrid,bi200
fever:163963,bm25,bm25,bm25,bm25,bm25,bm25,bm25,hybrid,ce20,bi200
fever:163967,ce20,bm25,bm25,bm25,ce20,ce20,bm25,hybrid,ce20,bi200
fever:163970,ce20,bm25,bm25,bm25,ce20,ce20,bm25,hybrid,ce20,bi200
fever:163971,ce20,ce20,ce20,ce20,bm25,ce20,bm25,ce20,bi200,bi200
fever:163975,ce20,ce20,ce20,ce20,ce20,bi200,bi200,hybrid,bi200,bi200
fever:163977,bm25,bm25,bm25,bm25,ce20,bi200,bm25,hybrid,hybrid,bm25
fever:163980,ce20,bm25,ce20,bm25,ce20,bi200,bm25,hybrid,hybrid,bm25
fever:163982,ce20,bm25,ce20,bm25,ce20,bi200,bm25,hybrid,hybrid,bm25
fever:163985,bm25,bm25,ce20,bm25,ce20,ce20,bm25,hybrid,bm25,bm25
fever:163987,ce20,ce20,ce20,ce20,ce20,bi200,bi200,hybrid,bi200,bi200
fever:163988,ce20,bm25,ce20,bm25,ce20,bi200,ce20,hybrid,hybrid,bm25
fever:163991,bm25,bm25,bm25,bm25,bm25,bm25,bm25,hybrid,ce20,bi200
fever:163993,bm25,bm25,bm25,bm25,ce100,ce100,ce100,ce100,ce20,bm25
fever:164045,ce20,ce20,bm25,bm25,bm25,bm25,bm25,hybrid,hybrid,bm25
fever:164046,ce20,ce20,bm25,bm25,bm25,bm25,bm25,hybrid,hybrid,bm25
fever:164048,ce20,bm25,ce20,bm25,bm25,hybrid,ce20,hybrid,hybrid,hybrid
fever:164049,ce20,ce20,bm25,bm25,bm25,bm25,bm25,hybrid,hybrid,bm25
fever:164056,ce20,ce20,bm25,bm25,bm25,bm25,bm25,hybrid,hybrid,hybrid
fever:164057,ce20,ce20,bm25,bm25,bm25,bm25,bm25,hybrid,hybrid,hybrid
fever:164060,ce20,ce20,bm25,bm25,bm25,bm25,bm25,hybrid,hybrid,bm25
fever:164061,ce20,bm25,bm25,bm25,bm25,bm25,bm25,hybrid,hybrid,bm25
fever:164092,ce100,ce20,bm25,ce20,ce20,bi200,bi200,hybrid,bi200,bi200
fever:164093,ce20,bm25,bm25,ce20,ce20,bi200,ce100,bi200,ce20,ce20
fever:164094,ce100,ce20,bm25,ce20,ce20,ce20,hybrid,hybrid,hybrid,hybrid
fever:164096,ce100,bm25,ce100,bm25,ce20,bi200,bi200,hybrid,hybrid,hybrid
fever:164097,ce20,bm25,ce100,bm25,ce20,ce100,ce100,hybrid,ce20,ce100
fever:164101,ce100,bm25,bm25,ce20,ce20,bi200,bi200,bi200,bi200,hybrid
fever:164102,ce100,bm25,bm25,bm25,ce20,bi200,bm25,hybrid,hybrid,bi200
fever:164103,ce100,ce20,ce100,ce20,ce20,ce20,ce100,ce20,bi200,bi200
fever:164105,ce100,ce100,bm25,ce20,ce20,bi200,hybrid,hybrid,hybrid,hybrid
fever:16420,bm25,ce20,ce20,bm25,bm25,hybrid,bm25,bi200,bm25,bm25
fever:16425,bm25,bm25,bm25,bm25,bm25,bm25,bm25,bi200,ce20,bm25
fever:16437,ce100,ce20,ce100,bm25,ce20,bi200,bi200,ce100,ce100,hybrid
fever:164399,bm25,ce20,ce20,ce20,bm25,ce20,ce20,bm25,ce20,bm25
fever:164400,ce20,ce20,ce20,ce20,bm25,ce20,ce20,bm25,ce20,bm25
fever:164402,ce20,bm25,bm25,ce20,bm25,ce20,ce20,bm25,bm25,bm25
fever:164403,ce20,ce20,ce20,ce20,bm25,ce20,bm25,bm25,ce20,ce20
fever:164406,bm25,ce20,ce20,ce20,bm25,ce20,ce20,bm25,ce20,bm25
fever:164407,bm25,ce20,ce20,ce20,ce20,ce20,ce20,ce20,ce20,ce20
fever:164408,bm25,ce20,bm25,bm25,bm25,ce20,ce20,bm25,bm25,bm25
fever:164411,ce20,ce20,ce20,ce20,ce20,ce20,ce20,hybrid,bm25,ce20
fever:164414,ce20,bm25,bm25,ce20,bm25,ce20,ce20,bm25,bm25,bm25
fever:164417,ce20,ce20,bm25,ce20,ce100,ce100,ce20,ce100,bm25,ce20
fever:164419,bm25,ce20,bm25,bm25,ce20,bm25,bm25,bm25,ce20,bm25
fever:164420,bm25,ce20,ce20,bm25,ce20,ce20,ce100,ce20,ce20,bm25
fever:164497,ce100,ce100,ce100,ce20,ce20,ce100,ce20,bm25,bm25,bi200
fever:164501,ce100,ce100,ce100,ce20,ce20,ce100,ce20,hybrid,bm25,bi200
fever:164504,ce100,ce100,ce100,ce100,ce20,ce100,ce20,hybrid,hybrid,bi200
fever:164506,ce100,ce100,ce100,ce20,ce20,ce100,bm25,bm25,bm25,bi200
fever:164508,ce100,ce100,ce100,bm25,ce20,ce100,ce20,bm25,ce20,bi200
fever:164516,ce100,ce100,ce100,ce20,ce20,ce100,ce20,bm25,ce20,bi200
fever:164522,ce100,ce100,ce100,ce20,ce20,ce100,ce20,bm25,bi200,bi200
fever:164529,ce100,ce100,ce100,ce20,ce20,ce100,bm25,bi200,bm25,bi200
fever:164631,bm25,bm25,ce20,bm25,bm25,ce100,bm25,ce20,ce20,bi200
fever:164636,bm25,bm25,bm25,bm25,bm25,bm25,bm25,ce20,ce20,bi200
fever:164639,bm25,bm25,bm25,bm25,bm25,bm25,bm25,ce20,bm25,bm25
fever:164643,ce100,ce100,ce100,ce100,ce100,ce100,ce100,hybrid,hybrid,ce100
fever:164647,ce20,bm25,ce20,ce20,ce20,ce100,ce100,ce20,hybrid,ce100
fever:16474,bm25,bm25,bm25,bm25,bm25,ce20,bm25,bi200,hybrid,bm25
fever:16482,ce100,ce100,ce100,bm25,ce100,bi200,bi200,hybrid,hybrid,hybrid
fever:164878,bm25,bm25,ce20,bm25,bm25,bm25,bm25,ce20,bi200,bm25
fever:164881,bm25,bm25,bm25,bm25,ce100,ce100,bm25,hybrid,ce20,bm25
fever:164882,bm25,ce100,ce20,bm25,ce100,hybrid,ce100,bi200,bi200,ce20
fever:164883,bm25,bm25,ce20,bm25,bm25,ce100,bm25,ce100,bi200,ce20
fever:164885,bm25,bm25,bm25,bm25,ce100,ce100,bm25,hybrid,ce20,bm25
fever:164886,bm25,bm25,ce20,bm25,bm25,ce100,bm25,ce20,bi200,bm25
fever:164888,bm25,bm25,bm25,bm25,bm25,bm25,bm25,hybrid,bi200,bm25
fever:164893,ce100,bm25,bm25,bm25,bm25,hybrid,bi200,bi200,bi200,bm25
fever:164894,bm25,bm25,ce20,bm25,bm25,ce100,bm25,ce100,bi200,ce20
fever:164896,bm25,bm25,bm25,bm25,ce100,ce100,ce100,bi200,bi200,ce20
fever:164897,bm25,bm25,ce20,bm25,bm25,bm25,bm25,ce20,bi200,bm25
fever:164898,bm25,bm25,bm25,bm25,ce100,ce100,bm25,bi200,hybrid,bm25
fever:164904,bm25,bm25,bm25,bm25,ce100,ce100,bm25,hybrid,ce20,bm25
fever:164982,bm25,bm25,bm25,bm25,ce20,bi200,bi200,bi200,bi200,bi200
fever:164983,bm25,bm25,bm25,bm25,ce20,bi200,bi200,bi200,bi200,bi200
fever:164985,bm25,bm25,bm25,bm25,bm25,bm25,bi200,bi200,bi200,bi200
fever:164986,bm25,bm25,bm25,bm25,ce20,bi200,bi200,hybrid,bi200,bi200
fever:164995,bm25,ce100,bm25,bm25,bm25,bi200,bi200,bi200,bi200,hybrid
fever:164996,bm25,bm25,ce20,bm25,ce20,ce100,bi200,bi200,bi200,bi200
fever:164997,ce100,ce100,ce20,bm25,ce100,bi200,bi200,bi200,bi200,bi200
fever:164998,bm25,bm25,ce100,bm25,ce20,bi200,bi200,bi200,bi200,bi200
fever:164999,bm25,bm25,bm25,bm25,ce20,bi200,bi200,bi200,bi200,bi200
fever:165000,bm25,bm25,ce20,bm25,ce20,hybrid,bi200,bi200,bi200,hybrid
fever:16507,bm25,bm25,bm25,bm25,ce20,ce20,ce20,hybrid,ce20,ce20
fever:16508,bm25,bm25,bm25,bm25,ce20,ce20,ce20,ce20,bm25,hybrid
fever:165110,ce20,bm25,bm25,bm25,ce20,bi200,bm25,bi200,bi200,bi200
fever:165111,ce20,bm25,ce20,bm25,ce20,ce100,bm25,hybrid,bi200,hybrid
fever:165112,ce20,ce20,ce20,ce20,ce20,ce20,bi200,bi200,bi200,bi200
fever:165116,ce20,bm25,ce20,bm25,ce20,ce100,bm25,bi200,bi200,bm25
fever:165117,ce20,ce20,bm25,ce20,ce20,ce20,bm25,bi200,ce20,ce20
fever:165118,ce100,ce20,ce20,bm25,ce20,ce100,bi200,bi200,bi200,hybrid
fever:165119,ce100,ce100,ce20,bm25,ce20,ce100,ce100,ce20,ce20,ce100
fever:165121,ce100,ce20,ce20,ce20,ce100,ce100,ce100,ce100,bi200,hybrid
fever:165127,ce100,ce100,ce20,bm25,ce100,ce100,ce100,ce100,ce20,ce100
fever:165128,ce100,ce20,ce20,bm25,ce20,ce100,ce100,ce100,ce100,ce20
fever:165134,ce100,ce20,ce20,bm25,ce20,ce100,ce100,ce100,ce100,ce20
fever:165137,ce20,ce20,ce20,ce20,ce20,ce20,bi200,bi200,ce20,bi200
fever:165138,bm25,ce20,ce20,bm25,ce20,ce20,bi200,hybrid,hybrid,hybrid
fever:16519,ce20,ce20,ce20,ce20,ce20,ce20,ce20,ce20,ce20,ce20
fever:165226,bm25,ce20,bm25,bm25,bm25,hybrid,bm25,bi200,hybrid,bi200
fever:165230,bm25,bm25,bm25,bm25,bm25,hybrid,ce20,ce20,bm25,ce20
fever:165231,ce20,bm25,bm25,bm25,ce20,ce100,ce20,ce20,hybrid,ce20
fever:165233,ce20,ce20,bm25,bm25,bm25,ce100,bm25,bi200,ce20,ce20
fever:165235,ce100,ce20,ce20,bm25,bm25,ce100,ce100,bi200,ce20,ce20
fever:165238,bm25,bm25,bm25,bm25,bm25,hybrid,ce20,bm25,hybrid,bi200
fever:165242,ce20,ce20,bm25,bm25,bm25,hybrid,ce20,hybrid,hybrid,bi200
fever:165244,bm25,ce20,bm25,bm25,bm25,hybrid,ce20,hybrid,hybrid,bi200
fever:165245,ce100,ce20,ce20,bm25,bm25,ce100,ce100,bi200,ce20,ce20
fever:165246,ce100,ce20,ce20,bm25,bm25,ce100,ce100,bi200,ce20,ce20
fever:165248,ce100,ce20,ce20,bm25,bm25,ce100,ce100,bi200,ce20,ce20
fever:165251,ce20,ce20,bm25,bm25,bm25,ce100,ce20,bi200,ce20,bi200
fever:165258,ce20,bm25,bm25,bm25,ce20,ce100,ce20,hybrid,ce20,ce20
fever:165266,ce100,ce20,ce20,bm25,bm25,ce100,ce100,bi200,ce20,ce20
fever:165267,ce100,ce20,ce20,bm25,bm25,ce100,ce100,bi200,ce20,ce20
fever:16527,bm25,ce100,bm25,bm25,ce100,bi200,bi200,bm25,bi200,bi200
fever:165641,ce20,bm25,bm25,bm25,ce20,ce100,ce100,ce100,ce20,bm25
fever:165643,ce20,bm25,bm25,bm25,ce20,ce100,ce20,hybrid,hybrid,hybrid
fever:165645,ce20,bm25,bm25,bm25,ce20,ce100,ce100,hybrid,hybrid,hybrid
fever:165652,ce100,ce20,ce20,bm25,ce20,ce100,ce100,ce100,ce20,ce20
fever:165653,ce20,ce20,bm25,bm25,bm25,ce20,ce100,hybrid,ce20,bm25
fever:165657,ce20,ce20,bm25,bm25,bm25,ce100,hybrid,ce100,ce20,ce20
fever:165658,ce20,ce20,bm25,bm25,ce20,ce100,hybrid,ce100,ce20,hybrid
fever:165659,bm25,bm25,ce20,bm25,ce20,ce20,ce100,ce20,bm25,bi200
fever:165660,ce20,bm25,ce20,bm25,ce20,ce20,ce100,ce20,ce20,bi200
fever:165663,ce20,bm25,bm25,bm25,ce20,ce100,ce20,ce100,hybrid,hybrid
fever:165664,ce20,ce20,ce20,bm25,ce20,ce20,ce100,ce20,bm25,bi200
fever:165665,ce20,ce20,ce20,bm25,ce20,ce20,ce100,ce100,ce20,bi200
fever:165666,ce20,ce20,ce20,bm25,ce20,ce20,ce20,ce20,hybrid,ce20
fever:165667,ce20,bm25,ce20,bm25,ce20,ce20,bi200,ce20,ce20,bi200
fever:165669,ce20,ce20,bm25,bm25,ce20,ce100,ce100,ce100,ce20,ce100
fever:165670,ce20,bm25,bm25,bm25,ce20,ce100,hybrid,ce100,ce20,bi200
fever:165686,bm25,bm25,ce100,ce20,ce100,hybrid,bi200,bi200,bi200,bi200
fever:165687,bm25,bm25,bm25,ce100,ce100,hybrid,bm25,bm25,bi200,bi200
fever:165688,bm25,bm25,bm25,ce20,ce100,ce100,bm25,bi200,bi200,bi200
fever:165691,bm25,bm25,bm25,ce20,ce100,hybrid,bm25,ce20,hybrid,bi200
fever:165693,bm25,bm25,bm25,ce20,ce100,hybrid,bm25,bm25,bi200,bi200
fever:165694,ce20,bm25,bm25,ce20,ce20,ce100,bm25,ce20,bi200,bm25
fever:165699,bm25,bm25,bm25,ce20,ce20,bi200,bm25,ce20,bi200,ce20
fever:165702,bm25,bm25,bm25,bm25,bm25,bi200,bm25,bm25,bi200,bi200
fever:165703,ce20,bm25,ce20,ce20,ce20,bi200,bi200,hybrid,bi200,bi200
fever:165705,bm25,ce100,ce100,bm25,ce100,ce100,bm25,ce100,ce20,bi200
fever:165712,bm25,ce100,ce100,ce100,ce100,ce100,bm25,ce100,ce20,bi200
fever:16581,bm25,ce20,bm25,ce100,bm25,bi200,bi200,bi200,bi200,bi200
fever:165860,ce100,ce20,ce20,ce20,ce100,ce20,hybrid,bi200,ce20,bi200
fever:165864,ce20,ce20,ce20,ce20,ce100,ce20,hybrid,bi200,ce20,ce20
fever:165865,bm25,bm25,ce20,bm25,ce100,ce20,bi200,bm25,bi200,bm25
fever:165866,ce100,bm25,ce20,bm25,ce100,ce20,hybrid,bi200,bi200,bm25
fever:165867,ce100,ce20,ce20,ce20,ce100,bi200,bi200,bi200,bi200,bi200
fever:165870,ce100,ce20,ce20,ce20,ce100,ce20,bi200,bi200,ce100,bi200
fever:165873,ce100,bm25,ce20,bm25,ce100,ce20,hybrid,bi200,bi200,bm25
fever:165875,ce100,bm25,ce20,ce20,ce100,ce20,bi200,bm25,bi200,bi200
fever:165876,ce20,bm25,ce20,ce20,ce100,bi200,bi200,bi200,bi200,bi200
fever:16588,bm25,ce20,ce20,bm25,ce20,ce20,bm25,ce20,ce20,bm25
fever:165880,ce20,ce20,ce20,ce20,ce100,ce20,hybrid,bi200,ce20,ce20
fever:165881,ce100,bm25,ce20,ce20,ce100,bi200,bi200,bi200,ce100,bi200
fever:165882,ce20,bm25,bm25,ce20,bm25,ce20,ce100,bi200,bi200,bm25
fever:165887,ce20,ce100,ce100,ce100,ce20,hybrid,ce100,hybrid,bi200,bi200
fever:165889,ce20,ce100,ce20,ce100,ce20,ce100,bi200,hybrid,bi200,bi200
fever:165890,bm25,bm25,bm25,ce100,ce100,ce100,ce20,bm25,ce20,hybrid
fever:165891,ce20,ce20,ce20,ce20,ce20,ce20,bm25,bm25,ce20,bm25
fever:165892,ce100,ce20,ce100,bm25,ce100,ce100,ce100,ce100,bi200,hybrid
fever:165896,ce20,ce100,ce20,ce100,ce20,bi200,bi200,bi200,bi200,bi200
fever:165898,bm25,ce20,ce20,bm25,ce20,ce100,ce20,ce100,bi200,bi200
fever:165901,bm25,bm25,bm25,ce100,ce100,ce100,ce20,bm25,ce20,hybrid
fever:165904,ce100,ce100,ce20,ce100,ce100,ce100,ce100,hybrid,bi200,ce100
fever:165916,ce100,ce100,ce20,bm25,ce20,bi200,bm25,ce100,bi200,bi200
fever:165921,ce20,ce100,bm25,ce100,ce20,bi200,bi200,ce100,bi200,hybrid
fever:16604,ce20,bm25,bm25,bm25,bm25,bi200,bm25,bi200,bm25,bi200
fever:16629,bm25,bm25,ce20,ce20,ce20,ce20,bm25,ce20,ce20,bi200
fever:166376,ce20,bm25,bm25,bm25,ce20,ce100,ce100,ce20,ce20,bm25
fever:166381,ce100,bm25,ce20,ce20,ce20,ce20,ce100,ce20,ce20,ce20
fever:166383,ce100,bm25,ce20,ce20,ce20,bi200,ce100,ce20,ce20,ce20
fever:16646,bm25,ce20,bm25,bm25,ce100,hybrid,ce20,bm25,hybrid,hybrid
fever:166474,bm25,bm25,bm25,bm25,bm25,ce20,ce100,ce20,bm25,bi200
fever:166475,bm25,bm25,bm25,bm25,ce100,ce20,ce100,ce20,ce20,ce20
fever:166482,ce20,bm25,ce100,ce20,ce100,ce100,ce100,ce100,ce100,hybrid
fever:166483,ce20,bm25,bm25,ce20,ce20,bi200,ce20,bi200,ce20,bm25
fever:166484,ce20,bm25,ce20,ce20,ce20,bi200,ce20,ce100,ce20,bm25
fever:166485,bm25,bm25,bm25,bm25,ce100,ce20,ce100,ce20,ce20,ce20
fever:166487,ce20,ce20,ce20,ce20,ce20,ce20,ce20,bi200,bi200,bm25
fever:166490,ce20,bm25,ce20,ce20,ce100,bi200,hybrid,ce100,ce100,ce20
fever:166501,bm25,bm25,bm25,bm25,bm25,bm25,bm25,bm25,ce20,bm25
fever:166502,bm25,bm25,bm25,bm25,bm25,bm25,bm25,ce20,bm25,bm25
fever:166506,bm25,bm25,bm25,bm25,bm25,bm25,bm25,ce20,bm25,bm25
fever:166508,bm25,bm25,bm25,bm25,bm25,bm25,bm25,ce20,bm25,bm25
fever:1666,ce20,ce20,bm25,bm25,ce20,ce100,ce100,hybrid,ce20,hybrid
fever:166629,bm25,ce20,bm25,ce20,bm25,ce100,bm25,bm25,ce20,ce20
fever:166632,bm25,ce20,bm25,ce20,ce20,ce20,ce100,bm25,ce100,ce20
fever:166633,ce20,bm25,bm25,bm25,bm25,ce100,bm25,ce20,bm25,bm25
fever:166634,ce20,ce20,bm25,ce20,bm25,ce20,bm25,bm25,ce20,bm25
fever:166635,bm25,ce100,bm25,ce100,bm25,ce100,hybrid,bm25,ce20,hybrid
fever:166637,bm25,ce100,ce20,ce100,ce20,bi200,ce100,ce100,ce20,ce100
fever:166638,ce20,ce100,bm25,ce20,bm25,ce100,hybrid,hybrid,ce20,hybrid
fever:166639,bm25,bm25,bm25,ce20,ce20,ce20,ce100,hybrid,ce20,ce20
fever:166640,bm25,bm25,ce20,ce20,ce20,bi200,ce100,bm25,bm25,ce20
fever:166644,bm25,ce20,bm25,ce20,ce100,ce100,bm25,bm25,ce20,ce20
fever:166645,bm25,ce20,ce20,ce20,ce20,bi200,ce100,hybrid,ce20,ce20
fever:166646,bm25,ce20,ce20,bm25,ce20,bi200,ce100,hybrid,hybrid,hybrid
fever:166647,bm25,ce20,bm25,ce20,bm25,ce100,bm25,bm25,ce20,bm25
fever:166648,bm25,ce20,ce20,ce20,ce20,bi200,ce100,bi200,bi200,ce20
fever:166650,bm25,ce20,bm25,bm25,bm25,ce100,bm25,bm25,ce20,bm25
fever:166651,bm25,bm25,ce20,ce20,bm25,bi200,ce20,bm25,ce20,hybrid
fever:166654,ce100,ce100,ce100,ce100,ce100,bi200,ce100,ce100,ce100,bi200
fever:166658,bm25,ce20,bm25,ce20,ce100,ce20,bm25,bm25,ce100,ce100
fever:166659,bm25,ce20,ce20,ce20,bm25,ce20,ce100,bm25,ce20,bm25
fever:1667,ce20,ce20,ce20,bm25,bm25,ce100,ce100,ce100,ce20,ce20
fever:166840,ce20,bm25,bm25,ce20,ce20,bi200,hybrid,ce20,hybrid,hybrid
fever:166841,ce20,bm25,ce100,bm25,bm25,hybrid,hybrid,ce20,hybrid,bm25
fever:166842,ce20,bm25,bm25,bm25,bm25,bi200,ce100,hybrid,hybrid,bi200
fever:166844,ce20,bm25,bm25,ce20,ce20,ce100,ce100,ce20,ce100,ce20
fever:166845,ce100,bm25,bm25,bm25,ce20,bi200,ce100,hybrid,hybrid,bi200
fever:166846,ce20,bm25,bm25,bm25,bm25,bi200,bm25,hybrid,hybrid,bi200
fever:166847,bm25,bm25,bm25,bm25,bm25,hybrid,bm25,hybrid,hybrid,bi200
fever:166848,bm25,bm25,bm25,bm25,bm25,hybrid,bm25,hybrid,hybrid,bm25
fever:166851,ce20,bm25,bm25,bm25,ce20,hybrid,hybrid,ce20,hybrid,ce20
fever:166853,ce100,ce20,ce20,ce100,ce20,bi200,bi200,bi200,hybrid,bi200
fever:166854,ce20,ce20,ce20,bm25,bm25,ce100,bm25,ce20,hybrid,bm25
fever:166864,ce20,bm25,bm25,ce20,ce20,bi200,hybrid,ce20,hybrid,bm25
fever:166866,ce20,bm25,bm25,bm25,bm25,hybrid,ce100,hybrid,bi200,bm25
fever:166899,ce20,bm25,bm25,bm25,ce20,ce20,bm25,bi200,ce20,bm25
fever:166912,bm25,bm25,ce20,bm25,bm25,ce20,bm25,ce20,ce20,ce20
fever:166913,bm25,bm25,bm25,bm25,bm25,bm25,bm25,ce20,ce20,bm25
fever:166915,bm25,ce20,bm25,ce20,ce20,ce20,ce100,hybrid,ce20,ce20
fever:166916,bm25,bm25,bm25,bm25,bm25,ce20,ce20,bm25,bm25,ce20
fever:166918,bm25,bm25,bm25,bm25,bm25,bm25,bm25,bm25,ce20,bi200
fever:166919,bm25,bm25,bm25,bm25,bm25,bm25,bm25,hybrid,hybrid,bm25
fever:166921,bm25,bm25,bm25,bm25,bm25,hybrid,bm25,ce20,ce20,ce20
fever:166922,bm25,bm25,bm25,bm25,bm25,ce20,bm25,hybrid,ce20,bm25
fever:166923,bm25,bm25,bm25,bm25,bm25,ce100,bm25,ce20,ce20,bi200
fever:166925,bm25,bm25,bm25,bm25,ce100,ce100,bm25,ce100,hybrid,bi200
fever:16693,bm25,ce20,bm25,bm25,ce20,hybrid,bm25,bm25,hybrid,hybrid
fever:166931,bm25,bm25,bm25,bm25,bm25,bm25,bm25,hybrid,bm25,bi200
fever:166934,bm25,bm25,bm25,bm25,bm25,ce100,bm25,ce20,hybrid,bi200
fever:166935,bm25,bm25,bm25,bm25,bm25,ce100,bm25,ce20,ce20,bi200
fever:166936,bm25,bm25,bm25,bm25,bm25,bm25,bm25,bm25,ce20,ce20
fever:166939,bm25,bm25,bm25,bm25,bm25,bm25,bm25,ce100,hybrid,bi200
fever:16694,bm25,bm25,bm25,bm25,ce20,hybrid,bm25,bi200,bi200,bm25
fever:166940,bm25,bm25,bm25,bm25,ce100,ce100,bm25,ce100,hybrid,bi200
fever:166949,bm25,bm25,bm25,bm25,bm25,ce100,bm25,ce20,ce20,bi200
fever:166950,bm25,bm25,bm25,bm25,bm25,bm25,ce100,ce100,hybrid,bi200
fever:166951,bm25,bm25,bm25,bm25,bm25,bi200,bm25,ce20,ce20,bi200
fever:16698,bm25,ce20,ce20,ce20,ce20,ce20,bm25,bi200,ce100,ce20
fever:16701,ce20,ce20,bm25,ce20,ce20,ce20,ce20,ce20,ce20,bm25
fever:167161,bm25,bm25,bm25,bm25,bm25,bm25,bm25,bm25,bm25,bm25
fever:167163,bm25,bm25,bm25,bm25,bm25,bm25,bm25,bm25,bm25,bm25
fever:167164,bm25,bm25,bm25,bm25,ce20,bm25,bm25,bm25,bm25,bm25
fever:167166,bm25,bm25,bm25,bm25,bm25,bm25,bm25,bm25,bm25,bm25
fever:167170,bm25,bm25,bm25,bm25,bm25,bm25,bm25,bm25,bm25,bm25
fever:167171,ce20,bm25,bm25,bm25,bm25,bm25,bm25,bm25,bm25,bi200
fever:167172,bm25,bm25,bm25,bm25,bm25,bm25,bm25,bm25,bm25,bm25
fever:167174,bm25,bm25,bm25,bm25,bm25,bm25,bm25,bm25,ce20,bi200
fever:167178,bm25,bm25,bm25,bm25,bm25,bm25,bm25,bm25,bi200,bm25
fever:167179,bm25,bm25,bm25,bm25,bm25,bm25,bm25,bm25,ce20,bi200
fever:167181,bm25,bm25,bm25,bm25,bm25,bm25,bm25,bm25,ce20,bi200
fever:16721,bm25,bm25,bm25,bm25,ce20,ce20,bm25,ce20,bm25,hybrid
fever:167447,ce20,ce20,bm25,bm25,ce20,hybrid,bi200,bm25,hybrid,ce20
fever:167448,bm25,bm25,bm25,bm25,ce20,bi200,bi200,hybrid,hybrid,ce20
fever:167453,ce20,bm25,bm25,bm25,ce20,bi200,hybrid,bi200,ce20,ce20
fever:167455,bm25,bm25,bm25,ce20,ce20,ce20,hybrid,ce20,bi200,bm25
fever:167456,bm25,bm25,bm25,ce20,bm25,bi200,bi200,hybrid,ce20,ce20
fever:167457,ce20,bm25,bm25,ce20,ce20,bi200,bi200,ce20,ce20,bm25
fever:167460,ce20,ce20,bm25,bm25,ce20,hybrid,bi200,bm25,hybrid,ce20
fever:167464,bm25,bm25,bm25,ce20,ce20,hybrid,hybrid,bi200,ce20,bm25
fever:167468,bm25,ce20,ce20,ce20,ce20,ce20,bi200,ce20,ce20,ce20
fever:167470,ce20,bm25,ce20,bm25,ce20,ce20,hybrid,bm25,ce20,ce20
fever:167471,bm25,bm25,bm25,bm25,ce20,bm25,ce100,bm25,bm25,ce20
fever:167472,bm25,bm25,bm25,bm25,ce20,ce20,hybrid,hybrid,hybrid,ce20
fever:167473,bm25,bm25,bm25,bm25,bm25,bi200,bm25,bm25,ce20,bi200
fever:16780,bm25,bm25,ce20,ce20,ce100,ce20,bm25,ce100,ce100,bi200
fever:16782,bm25,ce100,bm25,ce100,bm25,hybrid,bi200,bi200,bi200,bi200
fever:16790,ce20,bm25,bm25,ce20,ce100,bi200,hybrid,hybrid,ce20,bm25
fever:167970,bm25,ce20,ce20,bm25,ce20,ce20,bi200,bi200,bi200,ce20
fever:167974,bm25,ce20,bm25,bm25,ce20,bi200,bm25,bi200,hybrid,hybrid
fever:167977,bm25,ce20,ce20,bm25,ce20,ce20,bm25,bi200,hybrid,hybrid
fever:167981,bm25,ce20,bm25,bm25,ce20,ce20,bm25,hybrid,hybrid,hybrid
fever:167984,ce20,ce20,ce20,bm25,ce100,ce100,ce100,bi200,hybrid,hybrid
fever:167987,bm25,ce20,ce20,bm25,ce20,bi200,bm25,hybrid,hybrid,hybrid
fever:167988,ce20,ce100,ce20,bm25,ce20,ce20,bm25,bi200,hybrid,hybrid
fever:167995,bm25,ce20,bm25,ce100,ce20,ce20,bm25,bi200,hybrid,hybrid
fever:168003,ce20,ce20,bm25,ce100,ce20,ce20,bm25,ce100,hybrid,bm25
fever:168011,ce20,ce20,ce20,ce20,ce20,ce20,ce100,bi200,hybrid,hybrid
fever:168015,ce20,ce20,ce20,ce20,ce100,ce100,ce100,ce100,ce20,hybrid
fever:168040,ce20,ce20,ce20,ce20,ce20,ce20,ce20,ce20,ce20,bm25
fever:168041,ce20,ce20,ce20,bm25,ce20,ce20,ce20,ce20,ce20,bm25
fever:168042,ce20,ce20,ce20,ce20,ce20,ce20,ce20,ce20,ce20,bm25
fever:168045,ce20,ce20,ce20,bm25,ce20,ce20,ce20,ce20,ce20,bm25
fever:168047,bm25,ce20,ce20,ce20,ce20,ce20,ce20,ce20,ce20,ce20
fever:168055,ce20,ce20,ce20,ce20,ce20,ce20,ce100,ce20,ce20,ce20
fever:168060,ce20,ce20,ce20,bm25,ce20,ce20,bm25,bm25,ce20,ce20
fever:168062,bm25,ce20,ce20,ce20,ce20,ce20,ce20,ce20,ce20,ce20
fever:168064,ce20,ce20,ce20,ce20,ce20,ce20,ce20,ce20,ce20,ce20
fever:168066,ce20,ce20,ce20,bm25,ce20,ce20,bm25,bm25,ce20,ce20
fever:168068,ce20,ce20,ce20,ce20,ce20,ce100,ce20,ce20,ce20,bm25
fever:16807,bm25,bm25,bm25,bm25,ce20,hybrid,bi200,hybrid,bi200,bm25
fever:168073,bm25,ce20,ce20,bm25,bm25,bi200,bm25,bm25,hybrid,hybrid
fever:168075,bm25,ce20,ce20,bm25,ce20,ce20,ce100,bm25,hybrid,ce20
fever:168076,bm25,ce20,ce20,bm25,ce20,hybrid,ce20,bm25,hybrid,hybrid
fever:168079,ce20,ce20,ce20,bm25,ce20,bm25,ce20,bm25,hybrid,ce20
fever:168082,bm25,ce20,ce20,ce20,ce20,bm25,bm25,bm25,ce20,ce20
fever:168083,bm25,ce20,ce20,bm25,ce100,ce20,ce20,bm25,bm25,ce20
fever:168086,bm25,ce20,bm25,bm25,ce100,bm25,ce100,bm25,hybrid,ce20
fever:16809,bm25,bm25,bm25,bm25,bm25,bm25,bm25,hybrid,hybrid,bm25
fever:168090,bm25,bm25,bm25,bm25,bm25,bm25,bm25,bm25,bm25,bm25
fever:168091,bm25,ce20,ce20,bm25,ce20,bm25,ce20,bm25,bm25,ce20
fever:16811,bm25,ce20,ce20,bm25,ce20,bm25,bm25,bm25,ce20,bm25
fever:168529,bm25,bm25,bm25,ce20,bm25,bm25,bm25,hybrid,ce20,bm25
fever:168530,bm25,bm25,bm25,ce20,ce20,ce20,bm25,hybrid,ce20,bi200
fever:168535,bm25,bm25,bm25,ce20,bm25,bm25,bm25,bm25,bm25,bm25
fever:168536,bm25,bm25,bm25,ce20,bm25,bm25,bm25,hybrid,ce20,bm25
fever:168537,bm25,bm25,bm25,ce20,ce20,ce20,ce20,ce20,ce20,ce20
fever:168538,bm25,bm25,ce20,ce20,bm25,ce20,ce20,ce20,hybrid,ce20
fever:168539,bm25,bm25,bm25,bm25,ce20,bm25,bm25,hybrid,ce20,bm25
fever:168540,bm25,bm25,bm25,bm25,ce100,ce20,bm25,bm25,bm25,bm25
fever:168543,ce20,bm25,ce20,ce20,ce20,ce20,ce100,hybrid,hybrid,ce20
fever:168546,bm25,bm25,ce20,ce20,bm25,ce20,ce20,ce20,ce20,ce20
fever:168547,ce20,ce20,bm25,bm25,ce20,ce20,ce100,hybrid,ce20,ce20
fever:168548,bm25,ce20,bm25,ce20,ce20,bm25,ce100,hybrid,ce20,ce20
fever:168549,bm25,bm25,bm25,bm25,ce100,ce20,bm25,ce20,ce20,bm25
fever:168608,ce20,ce20,ce20,bm25,ce20,bi200,ce20,ce20,hybrid,bm25
fever:168612,bm25,bm25,bm25,bm25,ce20,bi200,ce20,hybrid,bi200,bm25
fever:168622,bm25,ce100,bm25,ce20,ce100,bi200,ce100,hybrid,hybrid,bm25
fever:168631,bm25,bm25,ce20,bm25,bm25,hybrid,ce100,bm25,bi200,ce20
fever:168632,bm25,bm25,ce20,bm25,ce20,hybrid,ce100,hybrid,ce20,ce20
fever:168634,bm25,bm25,bm25,bm25,bm25,bi200,ce20,bm25,bi200,bm25
fever:168636,bm25,bm25,ce20,ce20,ce20,hybrid,ce100,hybrid,hybrid,bm25
fever:168637,ce100,bm25,ce100,bm25,ce20,bi200,ce20,ce20,ce20,bm25
fever:168638,bm25,bm25,ce20,bm25,bm25,bi200,ce100,bm25,ce20,ce20
fever:16864,bm25,ce100,ce100,ce20,bm25,ce20,ce100,bm25,hybrid,ce20
fever:16865,bm25,bm25,ce100,ce20,bm25,bi200,ce100,bm25,bi200,bi200
fever:16880,ce100,ce100,bm25,bm25,ce100,ce100,ce100,bi200,bi200,hybrid
fever:168918,bm25,bm25,bm25,ce20,bm25,hybrid,bi200,hybrid,bm25,hybrid
fever:168919,bm25,bm25,bm25,bm25,bm25,ce100,bm25,hybrid,bm25,hybrid
fever:168920,ce20,ce100,bm25,ce100,ce100,bm25,bi200,hybrid,bm25,hybrid
fever:168922,ce20,ce100,bm25,ce100,ce100,hybrid,bi200,ce20,bm25,hybrid
fever:168923,ce20,ce100,bm25,ce100,ce100,ce100,bi200,hybrid,bm25,hybrid
fever:168924,bm25,ce100,bm25,ce20,ce100,bm25,bm25,hybrid,ce20,hybrid
fever:168925,bm25,bm25,bm25,ce20,bm25,hybrid,bi200,hybrid,bm25,hybrid
fever:168927,bm25,bm25,bm25,bm25,bm25,ce100,bm25,ce20,bm25,hybrid
fever:168929,ce20,ce100,ce20,ce100,ce100,hybrid,bi200,ce100,ce100,hybrid
fever:168931,bm25,ce100,bm25,ce100,bm25,bm25,bm25,hybrid,bm25,hybrid
fever:168932,bm25,bm25,bm25,bm25,bm25,hybrid,bm25,bm25,bm25,bi200
fever:168935,ce20,ce100,ce20,ce100,ce100,ce100,hybrid,ce100,ce100,hybrid
fever:168937,ce20,ce100,bm25,ce100,ce100,bm25,bm25,hybrid,ce20,hybrid
fever:168961,ce100,ce100,ce20,ce100,ce100,bi200,bi200,ce100,bi200,bi200
fever:168968,ce100,ce20,ce20,ce20,bm25,ce20,ce100,ce100,bi200,bi200
fever:168969,ce100,ce100,ce100,ce100,ce100,bi200,bi200,ce100,bi200,bi200
fever:168970,ce100,ce20,ce20,ce20,bm25,ce20,ce100,ce100,bi200,bi200
fever:168971,ce100,ce100,ce20,ce100,ce100,bi200,bi200,ce100,bi200,bi200
fever:168974,ce100,ce20,ce100,ce100,ce100,bi200,bi200,ce100,bi200,bi200
fever:168975,ce100,ce100,ce20,ce100,ce100,bi200,bi200,ce100,bi200,bi200
fever:168976,ce100,ce100,ce20,ce100,ce100,bi200,bi200,bi200,bi200,bi200
fever:168978,ce100,ce100,ce100,ce100,ce100,bi200,bi200,bi200,bi200,ce100
fever:168980,ce100,ce100,ce20,ce100,ce100,bi200,bi200,bi200,bi200,bm25
fever:168981,ce20,bm25,ce20,bm25,bm25,bi200,bi200,bi200,bi200,bm25
fever:168982,ce100,bm25,ce100,ce100,ce100,bi200,bi200,ce100,bi200,hybrid
fever:168983,ce100,ce100,ce20,ce100,ce20,ce20,hybrid,ce100,ce100,ce100
fever:168987,ce100,ce100,ce100,ce100,ce100,bi200,bi200,bi200,bi200,ce100
fever:168999,ce20,ce100,ce100,ce100,ce20,hybrid,bm25,ce100,hybrid,hybrid
fever:169000,ce20,bm25,ce20,bm25,ce20,hybrid,bm25,ce20,hybrid,hybrid
fever:169002,bm25,bm25,bm25,bm25,bm25,bm25,bm25,hybrid,hybrid,bi200
fever:169003,ce100,ce100,ce100,bm25,ce20,ce100,bi200,bi200,hybrid,hybrid
fever:169009,bm25,bm25,ce20,bm25,ce20,ce20,bi200,bm25,hybrid,ce20
fever:169011,ce20,ce100,ce100,bm25,ce20,hybrid,bi200,bi200,hybrid,hybrid
fever:169018,bm25,ce20,ce20,bm25,ce20,ce20,bi200,hybrid,hybrid,ce20
fever:169032,bm25,bm25,bm25,bm25,ce20,bm25,bm25,hybrid,hybrid,ce20
fever:169037,bm25,bm25,ce20,bm25,ce20,ce20,bm25,bm25,hybrid,ce20
fever:169049,bm25,ce20,bm25,bm25,ce20,bm25,bi200,hybrid,hybrid,hybrid
fever:169307,ce20,bm25,ce20,bm25,ce20,hybrid,bm25,hybrid,bi200,bm25
fever:169313,ce20,ce100,bm25,bm25,ce100,hybrid,ce20,ce20,bi200,hybrid
fever:169315,ce20,ce20,bm25,bm25,ce20,hybrid,bm25,hybrid,hybrid,bi200
fever:169316,ce20,bm25,bm25,bm25,ce20,hybrid,bm25,hybrid,hybrid,bi200
fever:169317,ce20,bm25,ce20,bm25,bm25,bm25,hybrid,hybrid,bi200,bi200
fever:169319,ce20,bm25,bm25,bm25,ce20,hybrid,bm25,hybrid,hybrid,bi200
fever:169322,ce100,bm25,bm25,bm25,ce20,hybrid,bm25,bi200,ce20,bm25
fever:169323,bm25,bm25,bm25,bm25,bm25,bm25,bi200,bm25,bm25,bm25
fever:169324,ce20,ce20,ce20,bm25,ce100,hybrid,ce20,ce20,hybrid,hybrid
fever:169326,ce20,ce100,ce20,bm25,ce100,ce100,ce20,ce20,ce20,ce20
fever:169327,ce20,bm25,bm25,bm25,ce20,bi200,ce20,hybrid,bi200,bi200
fever:169333,ce20,ce20,bm25,bm25,ce20,hybrid,bm25,ce20,hybrid,bi200
fever:16951,ce20,ce100,ce20,bm25,ce100,hybrid,hybrid,bm25,hybrid,bi200
fever:169571,bm25,bm25,bm25,bm25,bm25,hybrid,ce20,ce20,bm25,bm25
fever:169578,bm25,bm25,bm25,bm25,ce20,bm25,ce20,ce20,bm25,bm25
fever:169583,bm25,bm25,bm25,bm25,bm25,hybrid,ce20,ce20,bm25,bm25
fever:169915,bm25,ce100,bm25,bm25,ce20,bi200,bm25,bm25,bm25,bi200
fever:169916,bm25,ce100,bm25,bm25,ce100,bi200,bm25,bm25,bm25,bi200
fever:169918,bm25,ce100,ce100,bm25,bm25,bi200,bm25,bi200,bi200,bi200
fever:169922,bm25,ce100,ce100,bm25,ce100,bi200,bm25,bi200,hybrid,bi200
fever:169924,bm25,ce100,bm25,bm25,bm25,bi200,bm25,ce20,bi200,bi200
fever:169928,bm25,ce100,ce100,bm25,bm25,bm25,bm25,bm25,hybrid,bi200
fever:169930,bm25,ce100,ce100,bm25,ce100,bi200,bm25,bm25,ce20,bi200
fever:169931,bm25,ce100,ce100,bm25,ce100,bi200,bm25,bm25,bi200,bi200
fever:169934,bm25,ce100,ce100,bm25,bm25,bi200,bm25,bi200,bi200,bi200
fever:169935,bm25,ce100,bm25,bm25,bm25,bm25,bm25,bm25,ce20,bi200
fever:169936,bm25,ce100,ce100,bm25,bm25,bm25,bm25,bm25,hybrid,bi200
fever:169941,bm25,ce100,bm25,bm25,ce20,bi200,bm25,ce20,bm25,bi200
fever:16996,bm25,ce20,bm25,bm25,bm25,bm25,bm25,hybrid,hybrid,hybrid
fever:16997,bm25,ce100,ce20,bm25,ce100,ce20,ce100,bi200,bi200,bm25
fever:169984,bm25,bm25,ce20,bm25,ce20,ce20,bm25,ce20,ce100,bm25
fever:169985,bm25,bm25,ce20,bm25,ce20,ce20,bm25,ce20,ce100,bm25
fever:169992,bm25,bm25,ce20,bm25,ce20,ce20,bm25,bm25,ce20,bm25
fever:169993,bm25,bm25,ce20,bm25,ce20,ce20,bm25,ce20,ce20,bm25
fever:169995,bm25,ce100,ce100,bm25,ce100,ce100,bi200,ce20,ce100,hybrid
fever:169997,ce100,bm25,ce20,bm25,bm25,bi200,bi200,ce20,bi200,bm25
fever:170000,ce100,bm25,ce20,ce20,ce20,ce100,bi200,ce20,ce100,hybrid
fever:170004,ce20,ce100,ce100,ce100,ce100,ce100,bi200,ce20,ce100,hybrid
fever:170005,bm25,ce20,bm25,ce20,ce100,bi200,bi200,ce20,bi200,hybrid
fever:170006,ce100,ce100,ce20,ce100,ce100,bi200,ce100,bi200,bi200,hybrid
fever:170009,bm25,bm25,ce20,ce20,ce20,ce100,bi200,ce20,ce20,ce20
fever:170010,bm25,bm25,bm25,bm25,ce20,ce20,bm25,ce20,ce100,bm25
fever:170015,bm25,bm25,bm25,bm25,ce20,ce20,bm25,bm25,bi200,bm25
fever:170016,ce20,ce100,bm25,bm25,ce100,ce100,bm25,hybrid,bi200,hybrid
fever:170018,bm25,bm25,ce20,ce20,bm25,ce100,bi200,ce20,ce20,bm25
fever:170089,bm25,ce20,bm25,bm25,ce20,ce20,bm25,ce20,ce20,bm25
fever:170091,bm25,bm25,bm25,ce20,bm25,ce20,ce20,bm25,bm25,bm25
fever:170097,bm25,bm25,bm25,ce20,bm25,ce20,bm25,bm25,bm25,bm25
fever:170100,bm25,bm25,ce20,bm25,ce20,ce20,ce20,ce20,bm25,ce20
fever:170104,bm25,bm25,bm25,bm25,bm25,ce20,bm25,bm25,bm25,bm25
fever:170109,bm25,ce100,bm25,ce20,ce20,ce20,ce100,bm25,ce20,bi200
fever:170114,bm25,bm25,bm25,ce20,bm25,bm25,bm25,bm25,bm25,bm25
fever:170116,bm25,ce20,ce20,ce20,ce20,ce20,ce20,ce20,ce20,ce20
fever:17024,bm25,bm25,ce20,bm25,ce20,ce20,bm25,ce20,ce20,ce20
fever:17030,bm25,bm25,bm25,ce20,ce100,bm25,ce100,ce20,ce20,bm25
fever:17031,ce20,ce20,bm25,ce20,ce100,ce20,ce100,ce20,bi200,bm25
fever:170396,bm25,ce20,bm25,ce20,ce20,ce20,bm25,ce20,ce20,bm25
fever:170398,bm25,ce20,ce20,bm25,ce100,ce20,ce100,ce20,ce20,ce20
fever:170400,bm25,ce20,ce20,ce20,ce20,ce20,bm25,ce20,ce20,bm25
fever:170403,ce100,ce20,ce100,bm25,ce100,ce20,ce100,hybrid,ce20,hybrid
fever:170406,ce20,bm25,ce20,ce20,ce20,ce20,bm25,ce20,bm25,bm25
fever:170413,ce20,ce20,ce20,bm25,ce100,ce20,ce20,ce20,bm25,ce20
fever:170414,bm25,ce100,ce20,ce20,ce20,ce20,ce100,ce20,ce20,ce20
fever:170417,bm25,ce20,ce20,ce20,ce20,ce20,bm25,ce20,ce20,bm25
fever:170419,bm25,bm25,bm25,bm25,bm25,ce20,bm25,bm25,bm25,bm25
fever:170420,bm25,ce20,ce20,ce20,ce20,ce20,bm25,ce20,ce20,bm25
fever:170423,bm25,ce20,ce100,bm25,ce20,ce20,ce100,ce20,ce20,ce20
fever:170424,bm25,ce20,ce100,ce100,ce20,ce20,ce100,ce20,ce20,hybrid
fever:170430,bm25,bm25,ce20,ce20,ce20,ce20,bm25,hybrid,ce20,ce20
fever:17054,ce20,ce20,ce100,bm25,ce100,ce100,bi200,hybrid,ce100,hybrid
fever:17063,ce100,ce20,ce100,bm25,ce100,hybrid,bi200,hybrid,hybrid,hybrid
fever:17064,ce100,ce20,ce100,bm25,ce100,bi200,bi200,hybrid,hybrid,hybrid
fever:1709,bm25,bm25,bm25,bm25,bm25,ce100,bi200,bm25,bi200,bi200
fever:17090,bm25,bm25,bm25,bm25,ce20,ce20,bi200,bm25,ce20,bi200
fever:170937,bm25,bm25,ce100,bm25,bm25,bi200,bm25,bi200,bm25,bi200
fever:170938,ce20,ce100,ce100,bm25,bm25,ce100,bm25,ce20,ce20,ce20
fever:170941,bm25,ce20,bm25,bm25,bm25,bi200,bm25,bm25,ce20,bm25
fever:170942,bm25,bm25,bm25,bm25,bm25,ce20,bm25,hybrid,ce20,hybrid
fever:170944,ce20,ce100,ce100,bm25,bm25,ce100,bm25,ce20,ce20,ce20
fever:170946,ce20,bm25,ce20,bm25,ce20,bi200,bm25,ce20,ce20,bm25
fever:170947,bm25,bm25,bm25,bm25,bm25,ce20,bm25,ce20,bm25,bm25
fever:170949,bm25,ce20,ce20,bm25,ce20,ce20,ce100,ce20,ce20,bm25
fever:170953,bm25,bm25,bm25,bm25,bm25,ce100,bm25,hybrid,hybrid,hybrid
fever:170954,bm25,bm25,bm25,bm25,bm25,ce100,ce100,hybrid,hybrid,hybrid
fever:171061,bm25,bm25,bm25,bm25,ce20,ce20,bm25,ce20,ce20,bm25
fever:171062,bm25,bm25,bm25,bm25,ce20,bm25,ce20,ce20,ce20,ce20
fever:171064,ce20,bm25,bm25,ce20,bm25,ce100,ce20,ce20,ce20,hybrid
fever:171065,bm25,bm25,ce20,ce20,ce100,ce20,ce20,ce20,ce20,bi200
fever:171066,bm25,bm25,ce20,bm25,ce20,ce20,bm25,ce20,ce20,ce20
fever:171067,bm25,bm25,ce100,ce20,bm25,ce20,ce20,ce20,ce20,ce20
fever:171069,bm25,bm25,bm25,bm25,ce20,ce20,ce100,hybrid,ce20,ce20
fever:171075,bm25,bm25,ce100,ce20,ce20,ce20,ce20,ce20,ce20,ce20
fever:171082,ce20,bm25,ce20,bm25,ce20,ce20,bm25,ce20,ce20,bi200
fever:171084,ce20,bm25,ce20,ce20,ce20,ce20,bm25,ce20,ce20,ce100
fever:171086,bm25,bm25,bm25,bm25,ce20,ce20,ce100,hybrid,ce20,ce20
fever:171087,ce20,ce20,bm25,ce20,bm25,ce20,ce20,hybrid,bm25,ce20
fever:17123,bm25,ce100,bm25,bm25,ce20,hybrid,hybrid,hybrid,hybrid,hybrid
fever:17124,bm25,ce20,bm25,bm25,bm25,bi200,hybrid,hybrid,hybrid,hybrid
fever:17129,bm25,ce20,bm25,bm25,ce20,bm25,ce100,bi200,hybrid,bm25
fever:17131,ce100,ce100,ce20,ce100,ce100,bi200,hybrid,ce100,hybrid,bi200
fever:17145,ce100,bm25,bm25,ce20,bm25,ce100,ce20,hybrid,hybrid,hybrid
fever:171479,bm25,ce20,ce100,bm25,ce20,ce20,bm25,bm25,ce20,bm25
fever:171480,ce20,bm25,bm25,bm25,ce20,bi200,ce20,bm25,ce100,bm25
fever:171490,ce20,ce20,bm25,bm25,ce20,ce20,bm25,ce20,ce20,bm25
fever:171491,bm25,ce20,ce100,bm25,ce20,ce20,bm25,bm25,ce20,bm25
fever:171492,bm25,ce20,bm25,bm25,bm25,ce20,ce20,bm25,ce20,bm25
fever:171496,bm25,bm25,ce20,bm25,ce100,ce20,ce100,ce100,ce20,ce20
fever:171497,ce20,bm25,bm25,bm25,ce20,bi200,ce20,bm25,ce100,bm25
fever:171498,bm25,ce20,bm25,bm25,bm25,ce20,ce20,bm25,ce20,bm25
fever:171500,bm25,ce20,ce100,bm25,ce20,ce20,bm25,bm25,ce20,bm25
fever:171502,ce20,bm25,bm25,bm25,ce20,bi200,ce20,bm25,ce100,bm25
fever:171503,bm25,bm25,bm25,bm25,bm25,ce20,bm25,bm25,bm25,bm25
fever:171504,bm25,bm25,ce20,bm25,ce100,ce20,ce100,ce100,ce20,ce20
fever:171508,bm25,ce20,bm25,bm25,bm25,ce20,ce20,bm25,ce20,bm25
fever:171509,bm25,bm25,ce20,bm25,ce100,ce20,ce100,ce100,ce20,ce20
fever:171511,ce20,bm25,ce100,bm25,ce20,bi200,ce100,ce100,ce20,bm25
fever:171512,bm25,bm25,ce100,bm25,ce20,ce20,ce100,ce20,ce100,ce100
fever:171519,ce100,ce20,bm25,ce100,ce20,hybrid,bm25,hybrid,hybrid,hybrid
fever:171521,bm25,ce20,bm25,bm25,ce20,ce20,bi200,bi200,bi200,bi200
fever:171523,ce100,ce100,ce100,ce100,ce100,ce100,ce100,hybrid,ce100,ce20
fever:171525,ce20,ce20,bm25,ce100,ce100,bi200,bi200,bi200,bi200,bi200
fever:171529,ce100,ce20,bm25,ce100,ce20,hybrid,bm25,hybrid,hybrid,bi200
fever:171534,ce100,ce20,bm25,ce100,ce20,hybrid,bm25,hybrid,bi200,bi200
fever:17156,ce100,ce20,bm25,bm25,ce20,hybrid,ce100,hybrid,hybrid,hybrid
fever:171594,bm25,bm25,bm25,bm25,bm25,ce100,bi200,bi200,hybrid,bm25
fever:171595,bm25,bm25,bm25,ce20,bm25,ce100,bi200,bi200,hybrid,bm25
fever:171597,bm25,bm25,bm25,bm25,ce20,ce100,bi200,bi200,hybrid,bm25
fever:171600,bm25,bm25,bm25,ce20,bm25,ce100,bi200,bi200,hybrid,bm25
fever:171603,bm25,bm25,bm25,bm25,bm25,hybrid,bi200,bi200,hybrid,hybrid
fever:171604,bm25,bm25,bm25,bm25,bm25,hybrid,bi200,bi200,bm25,bm25
fever:171605,bm25,bm25,bm25,bm25,bm25,ce100,bm25,bi200,ce20,bm25
fever:171610,bm25,bm25,ce20,ce20,ce20,bi200,bi200,bi200,hybrid,hybrid
fever:171611,bm25,bm25,bm25,bm25,bm25,ce100,bi200,bi200,hybrid,bm25
fever:171613,bm25,bm25,bm25,ce20,bm25,ce100,bi200,bi200,ce20,bm25
fever:171614,bm25,bm25,bm25,ce20,bm25,ce100,bi200,bi200,hybrid,bm25
fever:171615,bm25,ce20,bm25,bm25,ce100,ce100,ce20,ce20,ce20,bm25
fever:171616,ce20,ce20,bm25,bm25,ce20,ce100,ce100,bm25,ce20,hybrid
fever:171621,ce20,ce20,ce20,bm25,ce20,ce20,ce100,ce20,ce20,ce20
fever:171622,ce20,ce100,ce20,ce20,ce20,ce100,ce100,ce20,ce20,bi200
fever:171624,ce100,ce100,ce100,ce100,ce100,ce100,ce100,hybrid,hybrid,ce100
fever:171625,ce20,ce20,ce20,ce20,ce20,ce100,bm25,ce20,ce20,bm25
fever:171627,ce20,ce20,ce20,ce20,ce20,ce100,ce100,ce20,ce20,bi200
fever:171628,bm25,ce20,bm25,bm25,ce100,ce100,ce20,ce20,ce20,bm25
fever:171629,ce100,ce20,bm25,bm25,ce100,ce100,ce100,hybrid,ce20,hybrid
fever:171631,bm25,ce20,bm25,bm25,ce100,ce100,ce20,ce20,ce20,bm25
fever:171632,bm25,ce20,ce100,ce100,ce20,ce100,ce100,ce20,ce20,hybrid
fever:171634,ce20,ce20,ce20,ce20,ce20,ce20,bm25,ce20,ce20,hybrid
fever:171635,ce20,ce20,bm25,ce20,ce20,ce20,bm25,bm25,ce20,ce20
fever:171637,ce20,ce100,ce20,ce100,ce100,ce100,ce100,bm25,ce20,ce20
fever:171638,ce20,ce20,ce20,bm25,ce20,ce100,bm25,ce20,ce20,ce20
fever:171639,ce20,ce20,bm25,bm25,ce20,ce20,bm25,bm25,ce20,bm25
fever:171643,ce20,ce100,ce20,ce20,ce20,ce100,ce100,ce20,ce20,bi200
fever:171647,ce20,ce20,bm25,ce20,ce20,ce100,bm25,bm25,ce20,hybrid
fever:171890,ce20,ce20,bm25,bm25,bm25,ce100,bi200,bm25,ce20,bi200
fever:171892,bm25,bm25,bm25,bm25,bm25,ce100,bi200,bm25,bm25,bi200
fever:171897,bm25,bm25,ce100,bm25,bm25,ce100,bi200,ce20,bi200,bi200
fever:171899,bm25,bm25,bm25,bm25,bm25,ce100,bi200,bm25,bm25,bi200
fever:171901,bm25,bm25,ce100,bm25,bm25,ce100,bi200,ce20,ce20,bi200
fever:171904,bm25,bm25,bm25,bm25,bm25,ce100,bi200,bm25,ce20,bi200
fever:171906,bm25,bm25,ce100,bm25,bm25,ce100,bi200,ce20,ce20,bi200
fever:172089,bm25,bm25,bm25,bm25,bm25,hybrid,hybrid,bm25,bi200,bi200
fever:172090,bm25,bm25,bm25,bm25,bm25,bi200,bm25,hybrid,bi200,bi200
fever:172091,ce20,bm25,bm25,bm25,bm25,bi200,ce100,hybrid,bi200,bi200
fever:172093,ce20,bm25,bm25,bm25,bm25,bi200,hybrid,hybrid,bi200,bi200
fever:172095,ce20,bm25,bm25,bm25,bm25,bi200,bm25,bi200,hybrid,bi200
fever:172096,bm25,bm25,bm25,bm25,bm25,bi200,bm25,bi200,bi200,bi200
fever:172100,ce20,bm25,bm25,bm25,bm25,bi200,ce100,bi200,bi200,bi200
fever:172102,bm25,bm25,bm25,bm25,bm25,hybrid,bm25,bi200,ce20,bi200
fever:172104,bm25,bm25,bm25,bm25,bm25,hybrid,ce100,bm25,bi200,bi200
fever:172106,ce20,bm25,bm25,bm25,bm25,bi200,bi200,hybrid,bi200,bi200
fever:172107,ce20,bm25,bm25,bm25,bm25,bi200,bm25,bi200,bi200,bi200
fever:172108,ce20,bm25,bm25,bm25,bm25,hybrid,bm25,bm25,bi200,bi200
fever:17213,ce20,bm25,ce20,ce20,ce20,ce20,bi200,ce20,ce20,bm25
fever:17214,ce20,bm25,ce20,bm25,ce20,ce20,bi200,ce100,ce20,bm25
fever:17218,bm25,ce20,bm25,bm25,bm25,ce100,bi200,bm25,hybrid,bm25
fever:172278,ce100,ce100,ce100,ce100,ce100,ce100,ce100,bi200,ce100,bi200
fever:172279,ce100,ce100,ce100,ce100,ce100,ce100,ce100,ce100,ce100,bi200
fever:172280,ce100,ce100,bm25,ce100,ce100,ce100,ce100,bi200,bi200,bi200
fever:172286,ce100,ce100,bm25,ce100,ce100,ce100,ce100,hybrid,bi200,bi200
fever:172290,ce100,ce100,ce20,ce20,ce20,ce20,hybrid,bi200,bi200,ce100
fever:172292,ce100,ce100,ce100,ce100,ce100,ce100,ce100,bi200,ce20,bi200
fever:172293,ce100,ce100,ce20,ce20,ce20,ce20,hybrid,bi200,bi200,ce100
fever:172295,ce100,ce100,bm25,ce100,ce100,ce100,ce100,bi200,bi200,bi200
fever:17230,bm25,bm25,bm25,ce20,ce20,bi200,bm25,hybrid,bm25,bm25
fever:172300,ce20,bm25,bm25,ce100,ce100,bi200,bi200,hybrid,bi200,bi200
fever:172301,ce20,bm25,ce20,ce20,ce20,hybrid,bi200,bi200,ce20,ce20
fever:172302,ce20,bm25,ce20,ce20,ce20,hybrid,bi200,hybrid,ce20,ce20
fever:172306,ce20,ce100,ce20,ce20,ce20,ce100,ce20,bi200,ce20,bi200
fever:172308,ce20,ce100,ce20,ce20,ce100,ce20,hybrid,bi200,ce20,bi200
fever:172309,ce20,bm25,bm25,bm25,ce20,bi200,bi200,bi200,ce20,bm25
fever:172312,ce20,bm25,ce100,ce20,ce100,ce100,bi200,bi200,hybrid,bm25
fever:172318,ce20,bm25,ce20,ce20,ce20,hybrid,ce100,ce20,ce20,bi200
fever:172320,ce20,bm25,ce100,ce20,ce20,hybrid,bi200,hybrid,hybrid,ce20
fever:172324,ce20,ce20,ce20,ce20,ce20,ce20,bi200,ce100,ce20,bi200
fever:172325,ce20,ce20,ce20,ce20,ce20,bi200,bi200,bi200,ce20,bm25
fever:172326,ce20,bm25,ce20,ce100,bm25,bm25,ce100,ce20,ce20,ce100
fever:172328,ce20,ce100,ce20,ce20,ce20,ce100,ce20,bi200,ce20,bi200
fever:172460,bm25,bm25,ce100,bm25,ce20,hybrid,ce100,bi200,hybrid,bi200
fever:172461,bm25,ce100,ce20,bm25,ce100,hybrid,ce100,ce100,ce100,bi200
fever:172465,bm25,bm25,bm25,bm25,bm25,bm25,bm25,ce20,bm25,bm25
fever:172466,bm25,ce20,bm25,bm25,bm25,ce20,bm25,bm25,bm25,bm25
fever:172468,bm25,bm25,ce100,bm25,ce20,bi200,bm25,bi200,bi200,bi200
fever:172469,bm25,bm25,bm25,bm25,ce100,bm25,bm25,ce20,ce20,bm25
fever:172471,bm25,ce20,ce20,bm25,ce20,ce20,ce20,ce20,ce20,ce20
fever:172472,bm25,bm25,bm25,bm25,ce20,bm25,bm25,bm25,hybrid,bi200
fever:172474,bm25,ce20,ce20,bm25,bm25,ce20,ce20,bm25,bm25,bm25
fever:172478,bm25,ce20,ce100,bm25,ce100,ce20,ce100,bi200,ce20,ce20
fever:172479,bm25,bm25,ce20,bm25,ce20,ce20,ce100,bi200,bi200,bi200
fever:17248,ce20,ce20,bm25,ce20,ce20,bi200,bi200,ce20,bi200,bm25
fever:172481,bm25,ce20,ce20,bm25,ce100,bi200,bm25,bm25,ce20,bi200
fever:172482,ce20,bm25,ce20,bm25,ce20,bm25,bm25,bm25,bm25,bm25
fever:172483,bm25,ce20,ce20,bm25,ce20,bm25,bm25,ce100,ce20,bm25
fever:172484,bm25,bm25,ce100,bm25,ce100,bi200,ce100,bi200,hybrid,bi200
fever:172485,bm25,ce20,bm25,bm25,ce20,ce20,bm25,bm25,bm25,bm25
fever:172487,bm25,bm25,ce20,bm25,ce100,ce20,ce20,ce20,ce20,ce20
fever:172491,bm25,bm25,bm25,bm25,ce20,hybrid,bm25,bi200,ce20,bm25
fever:172507,bm25,bm25,bm25,bm25,bm25,bi200,bm25,bm25,ce20,bm25
fever:172508,ce20,bm25,bm25,ce20,ce20,hybrid,bm25,bm25,ce20,bm25
fever:172512,bm25,bm25,bm25,bm25,ce20,hybrid,bm25,hybrid,bm25,bm25
fever:172514,bm25,bm25,bm25,bm25,ce20,hybrid,ce100,bm25,ce20,hybrid
fever:172516,ce20,bm25,ce100,bm25,ce20,hybrid,bm25,bi200,ce20,bi200
fever:172519,bm25,bm25,bm25,bm25,ce20,bi200,bm25,bm25,ce20,bm25
fever:172521,bm25,bm25,ce100,bm25,ce20,hybrid,bm25,hybrid,ce20,hybrid
fever:172522,bm25,bm25,bm25,bm25,ce20,hybrid,bm25,hybrid,ce20,bm25
fever:172523,ce20,bm25,ce100,ce20,ce20,hybrid,bm25,hybrid,ce20,bi200
fever:172524,bm25,bm25,bm25,bm25,ce20,bi200,bm25,ce20,ce20,bm25
fever:172701,ce100,ce100,bm25,bm25,ce100,bi200,bi200,bi200,bi200,bi200
fever:172704,bm25,ce100,bm25,bm25,ce100,bi200,bi200,bm25,bi200,bi200
fever:172707,ce100,ce100,bm25,bm25,ce100,bi200,bi200,bm25,bi200,bi200
fever:172709,bm25,ce100,bm25,bm25,ce100,bi200,bi200,bm25,bi200,ce20
fever:172710,ce100,ce20,ce100,bm25,ce20,hybrid,bm25,bm25,bi200,bm25
fever:172713,ce100,ce100,bm25,bm25,ce100,bi200,bi200,bi200,bi200,bi200
fever:172716,ce100,ce100,bm25,bm25,ce100,bi200,bi200,bi200,bi200,bi200
fever:172717,ce100,ce100,ce100,bm25,ce100,hybrid,ce100,hybrid,bi200,bm25
fever:172720,bm25,ce100,bm25,bm25,ce100,bi200,bm25,bi200,bi200,bm25
fever:17273,ce100,ce100,ce100,ce100,ce20,bi200,ce100,hybrid,ce20,hybrid
fever:17274,ce20,ce100,ce100,ce100,ce20,ce100,hybrid,hybrid,ce100,hybrid
fever:172743,bm25,ce20,ce100,bm25,ce100,ce100,ce100,hybrid,bi200,ce100
fever:172746,ce20,ce100,ce100,ce100,ce20,ce100,hybrid,hybrid,bi200,bi200
fever:172747,ce20,ce100,ce100,ce20,ce20,hybrid,hybrid,hybrid,hybrid,hybrid
fever:172748,ce100,ce20,ce100,ce20,ce100,ce100,ce20,bi200,bi200,bi200
fever:172749,ce20,bm25,ce20,bm25,ce20,bi200,ce100,hybrid,bi200,bm25
fever:172750,ce20,ce100,ce100,bm25,bm25,bi200,hybrid,bi200,ce100,hybrid
fever:172751,ce20,ce100,ce100,ce100,ce100,ce100,ce100,ce100,bi200,ce100
fever:172753,ce20,ce100,bm25,bm25,ce100,ce100,ce100,hybrid,bi200,ce100
fever:172754,ce100,ce100,ce100,ce100,ce20,ce100,hybrid,hybrid,bi200,bi200
fever:172757,ce20,ce100,ce20,ce20,ce20,bm25,ce100,bi200,ce100,ce20
fever:172762,ce20,ce100,ce100,ce20,ce20,ce20,ce100,hybrid,ce100,hybrid
fever:172763,ce20,ce100,ce20,ce100,ce100,ce100,ce100,hybrid,ce100,ce100
fever:172765,ce100,ce100,ce100,ce100,ce100,ce100,ce100,bi200,ce100,bi200
fever:172766,ce100,ce100,ce100,ce100,ce20,ce100,hybrid,hybrid,ce20,bi200
fever:172767,ce100,ce20,ce100,bm25,ce100,ce100,ce100,hybrid,ce20,hybrid
fever:172768,ce20,ce20,ce20,bm25,bm25,bi200,bi200,ce20,bi200,hybrid
fever:172771,bm25,bm25,bm25,bm25,ce100,bm25,ce100,ce100,ce20,ce100
fever:172776,ce20,ce100,ce100,ce20,ce20,hybrid,hybrid,hybrid,hybrid,hybrid
fever:17278,bm25,bm25,bm25,bm25,bm25,ce20,bm25,hybrid,bi200,bm25
fever:17283,bm25,ce20,bm25,bm25,bm25,bm25,bm25,ce20,bi200,bm25
fever:1729,bm25,ce20,bm25,bm25,ce20,hybrid,bi200,ce20,bi200,hybrid
fever:173030,ce100,ce100,ce100,bm25,bm25,bi200,ce100,bi200,hybrid,bi200
fever:173035,bm25,bm25,ce100,ce100,bm25,bi200,bm25,bi200,hybrid,bi200
fever:173037,bm25,bm25,ce100,bm25,ce100,bi200,ce100,bi200,hybrid,bm25
fever:173045,ce100,ce100,ce100,ce20,ce20,bi200,ce100,bi200,hybrid,bi200
fever:173046,ce20,bm25,ce100,ce20,bm25,bi200,ce100,bi200,hybrid,ce20
fever:173049,bm25,bm25,ce100,bm25,ce100,bi200,ce100,bi200,ce20,bm25
fever:173050,bm25,ce100,ce100,ce100,ce100,bi200,bi200,hybrid,hybrid,bi200
fever:173051,bm25,ce100,bm25,bm25,bm25,hybrid,ce100,hybrid,hybrid,bi200
fever:173055,bm25,bm25,ce100,ce20,ce100,bi200,ce100,bi200,hybrid,bm25
fever:173056,bm25,bm25,ce100,bm25,bm25,bi200,ce100,bi200,hybrid,bm25
fever:173114,bm25,bm25,ce20,ce20,ce20,ce20,ce20,bm25,bm25,bm25
fever:173116,bm25,ce20,bm25,ce20,ce20,ce20,ce20,bm25,ce20,bm25
fever:173118,bm25,bm25,ce20,bm25,ce20,ce20,bm25,bm25,ce20,ce20
fever:173121,bm25,ce20,bm25,bm25,ce100,ce20,ce20,bm25,bm25,ce20
fever:173122,bm25,ce20,bm25,bm25,ce100,ce20,ce20,bm25,bm25,ce20
fever:173126,bm25,ce20,ce20,bm25,ce20,bi200,ce20,hybrid,bm25,ce20
fever:173129,bm25,ce20,bm25,ce20,ce100,ce100,ce20,bm25,bm25,ce20
fever:173130,bm25,bm25,ce20,ce20,ce20,ce20,ce20,bi200,bm25,bm25
fever:173135,bm25,ce20,ce20,ce20,ce20,bm25,ce100,bm25,ce20,ce20
fever:173137,bm25,bm25,ce20,bm25,ce20,ce20,bm25,bm25,bm25,ce20
fever:173138,bm25,bm25,bm25,bm25,bm25,ce20,bm25,bm25,bm25,bm25
fever:17314,bm25,ce100,bm25,bm25,ce100,bm25,ce100,ce20,hybrid,bi200
fever:173140,bm25,ce20,bm25,bm25,ce100,ce20,ce20,bm25,bm25,ce20
fever:17320,ce20,bm25,ce20,bm25,ce20,ce100,bm25,hybrid,hybrid,bi200
fever:17333,ce20,bm25,ce20,bm25,ce20,bi200,bm25,hybrid,ce20,bi200
fever:17334,ce20,bm25,ce20,bm25,ce20,bi200,ce20,hybrid,ce20,bi200
fever:17335,bm25,bm25,ce20,ce100,ce20,hybrid,ce100,hybrid,hybrid,hybrid
fever:17336,ce20,ce20,ce20,ce100,ce20,hybrid,ce100,bi200,ce100,hybrid
fever:173490,ce20,ce20,ce20,bm25,ce20,ce20,ce20,bm25,ce20,ce20
fever:173492,ce20,ce20,ce20,bm25,bm25,ce20,ce20,bm25,ce100,bm25
fever:173493,ce100,ce20,ce20,bm25,bm25,ce20,ce20,bm25,ce20,bm25
fever:173494,ce20,ce20,ce20,ce20,ce100,ce20,ce100,ce20,ce20,ce20
fever:173495,ce100,ce20,ce20,bm25,bm25,ce20,ce20,bm25,ce100,ce100
fever:173496,ce20,ce20,ce20,bm25,bm25,ce20,bm25,bi200,ce20,ce20
fever:173498,ce20,ce20,ce20,ce20,bm25,ce20,bm25,bm25,ce20,bm25
fever:173499,ce20,ce20,ce20,bm25,bm25,ce20,ce20,bm25,ce20,ce20
fever:173500,ce20,ce20,ce20,ce20,ce100,bi200,bm25,ce20,ce20,bm25
fever:173501,ce20,ce20,ce20,ce20,ce100,ce20,ce100,ce20,ce20,ce20
fever:173505,ce20,ce20,ce20,bm25,ce20,ce20,bm25,bm25,ce20,ce100
fever:173506,ce20,ce20,ce20,ce20,bm25,bi200,bm25,ce20,ce20,ce20
fever:173507,bm25,ce20,ce20,bm25,ce100,ce20,ce20,bm25,ce20,ce20
fever:173508,ce20,ce20,ce20,bm25,bm25,bi200,bm25,bm25,ce20,bm25
fever:173509,ce20,ce20,ce20,bm25,bm25,bi200,bm25,bi200,ce20,ce100
fever:173511,ce20,ce20,ce20,ce20,ce100,ce20,bm25,ce100,ce20,ce100
fever:173596,ce20,bm25,ce100,ce100,ce20,ce20,ce100,ce20,ce100,ce20
fever:173598,bm25,bm25,bm25,bm25,ce20,bi200,bm25,hybrid,ce20,ce20
fever:173604,bm25,bm25,bm25,bm25,bm25,hybrid,bm25,ce20,hybrid,bm25
fever:173613,bm25,bm25,bm25,bm25,bm25,ce100,bm25,ce20,hybrid,bm25
fever:173614,ce20,ce100,bm25,ce20,bm25,bi200,bm25,bm25,ce20,ce20
fever:173619,bm25,bm25,bm25,bm25,bm25,bm25,bm25,bm25,hybrid,bm25
fever:173655,bm25,ce100,ce100,ce100,ce100,ce100,bi200,hybrid,hybrid,ce20
fever:173657,bm25,ce100,bm25,bm25,ce100,ce100,bi200,hybrid,hybrid,hybrid
fever:173663,bm25,ce100,bm25,bm25,bm25,ce100,bi200,hybrid,hybrid,bm25
fever:173665,bm25,ce100,bm25,bm25,ce100,ce20,bi200,hybrid,hybrid,bm25
fever:173666,bm25,ce100,bm25,bm25,ce100,ce100,bi200,hybrid,hybrid,bm25
fever:173670,bm25,ce20,bm25,bm25,ce100,ce100,bi200,hybrid,hybrid,bm25
fever:173675,bm25,ce100,ce100,ce100,ce100,ce100,ce100,hybrid,hybrid,ce20
fever:173707,ce20,ce100,ce100,bm25,ce100,ce20,ce100,hybrid,bi200,ce20
fever:173712,bm25,ce20,bm25,ce20,ce100,hybrid,ce20,hybrid,bm25,hybrid
fever:173713,ce100,ce100,ce20,ce20,ce100,hybrid,ce20,hybrid,hybrid,hybrid
fever:173714,bm25,ce20,bm25,ce20,bm25,ce20,ce20,ce20,bm25,bm25
fever:173717,ce20,ce20,ce20,ce20,ce100,ce20,bm25,hybrid,hybrid,ce20
fever:173718,bm25,ce100,ce20,ce20,ce20,ce20,ce100,ce20,ce20,ce20
fever:173719,bm25,bm25,bm25,ce20,bm25,ce20,bm25,ce20,bm25,bm25
fever:173724,ce100,ce20,ce20,ce20,ce100,ce100,ce20,ce20,ce20,bm25
fever:173725,bm25,ce20,bm25,ce20,bm25,ce20,ce100,hybrid,ce20,bm25
fever:173727,bm25,ce100,ce20,ce20,ce100,ce20,ce100,ce20,ce20,ce20
fever:173729,bm25,ce100,ce20,ce20,ce100,ce20,ce100,ce20,bm25,hybrid
fever:173730,ce100,ce20,ce100,bm25,ce100,ce100,ce100,hybrid,ce20,hybrid
fever:17374,bm25,bm25,bm25,ce20,ce20,ce20,bm25,bm25,bm25,bm25
fever:17376,bm25,bm25,bm25,bm25,ce20,ce20,ce20,hybrid,bm25,ce20
fever:173919,ce20,bm25,ce20,ce20,ce20,ce20,ce100,ce20,ce20,bi200
fever:173921,ce100,ce20,ce100,ce100,ce20,ce100,ce100,hybrid,ce100,ce100
fever:173922,ce100,bm25,ce100,ce20,ce100,ce100,bi200,ce20,ce100,ce20
fever:173923,ce20,ce100,ce20,bm25,ce20,bm25,ce100,ce20,ce100,ce100
fever:173924,ce20,bm25,ce100,ce100,ce20,ce20,ce100,ce20,ce100,ce100
fever:173925,ce20,bm25,bm25,bm25,ce20,ce20,ce100,ce20,ce100,bm25
fever:173928,bm25,bm25,ce100,bm25,bm25,ce20,ce100,ce20,ce100,bi200
fever:173929,ce100,ce100,ce20,bm25,ce20,ce100,ce100,bm25,ce100,ce100
fever:173930,bm25,bm25,bm25,ce20,ce20,ce20,ce100,ce20,ce20,ce100
fever:173931,ce100,ce100,ce100,bm25,ce20,ce100,ce100,ce20,ce100,ce100
fever:173933,ce20,ce100,ce20,ce20,ce100,bm25,ce100,ce20,ce100,ce20
fever:17399,bm25,ce100,bm25,ce20,ce20,hybrid,bi200,hybrid,bi200,bi200
fever:174012,bm25,ce20,ce20,bm25,ce20,bi200,bi200,bi200,bi200,bm25
fever:174013,bm25,ce20,ce20,bm25,ce20,bi200,bi200,bi200,bi200,bi200
fever:174016,bm25,ce20,ce20,ce20,ce20,bi200,ce20,ce100,bi200,hybrid
fever:174018,bm25,bm25,bm25,bm25,ce20,bi200,bi200,bi200,bi200,bm25
fever:174020,bm25,ce20,ce20,bm25,ce20,bi200,bi200,bi200,bi200,bi200
fever:174022,ce100,ce20,ce20,bm25,bm25,bi200,ce100,ce100,ce20,ce20
fever:174024,bm25,ce20,ce20,bm25,ce20,bi200,bi200,bi200,bi200,bi200
fever:174025,bm25,bm25,bm25,bm25,bm25,bi200,bi200,bm25,bi200,bm25
fever:174026,bm25,ce20,ce20,ce20,ce20,bi200,ce20,hybrid,bm25,ce20
fever:174027,ce20,ce20,ce20,bm25,ce20,bi200,bi200,bi200,bi200,ce20
fever:174028,bm25,ce20,ce20,bm25,ce20,bi200,bi200,bi200,bi200,bi200
fever:174029,bm25,bm25,bm25,bm25,ce20,bi200,bi200,bi200,bi200,bi200
fever:174030,bm25,ce20,ce20,ce20,ce20,bi200,bi200,bi200,bi200,ce20
fever:174031,ce20,ce20,ce20,bm25,ce20,bi200,ce100,bm25,ce20,ce20
fever:174032,ce20,ce20,ce20,ce20,ce20,bi200,hybrid,bi200,ce20,ce20
fever:174033,ce20,ce20,bm25,ce20,bm25,bi200,ce100,hybrid,bi200,ce20
fever:174034,ce20,ce20,ce20,bm25,bm25,ce20,ce20,bi200,ce20,ce20
fever:174035,ce20,ce20,bm25,ce20,bm25,bi200,ce20,hybrid,bi200,ce20
fever:174036,ce20,ce20,ce20,bm25,ce20,bi200,ce20,bi200,ce20,ce20
fever:174037,ce20,ce20,ce20,bm25,ce20,bi200,ce100,hybrid,ce20,ce20
fever:174038,ce20,ce20,bm25,bm25,ce20,bi200,ce20,bm25,ce20,bm25
fever:17410,ce20,bm25,ce100,ce100,ce100,ce100,bi200,bm25,ce20,ce20
fever:174508,ce20,ce100,ce100,bm25,ce100,ce100,ce100,bm25,bi200,ce20
fever:174509,ce20,ce100,ce100,bm25,ce20,bi200,bm25,ce20,hybrid,ce20
fever:17451,ce100,ce20,ce100,ce100,ce20,hybrid,ce100,bi200,hybrid,hybrid
fever:174510,ce20,ce100,ce100,bm25,ce20,ce100,bm25,bi200,ce20,ce100
fever:174513,ce20,ce100,ce100,ce100,ce100,ce100,ce100,ce100,ce100,bi200
fever:174514,ce100,ce100,ce100,bm25,ce20,bi200,bi200,hybrid,hybrid,bi200
fever:174515,ce20,ce100,ce20,bm25,ce100,bi200,hybrid,bi200,hybrid,bi200
fever:174518,ce20,ce100,ce100,bm25,ce20,ce100,ce100,bi200,hybrid,ce20
fever:17452,ce20,ce100,ce100,ce100,ce20,ce100,ce100,hybrid,ce100,hybrid
fever:174520,ce20,ce100,ce100,bm25,ce100,bi200,ce100,bi200,bi200,bi200
fever:174523,ce20,ce100,ce100,ce20,ce100,ce100,bi200,bi200,ce100,ce100
fever:174524,ce20,ce100,ce100,bm25,ce100,ce100,bm25,bi200,hybrid,ce20
fever:174526,ce20,ce100,ce100,bm25,ce20,bi200,ce100,bm25,ce20,ce20
fever:174578,bm25,bm25,bm25,bm25,bm25,bm25,bm25,bm25,ce20,bm25
fever:174580,bm25,bm25,bm25,bm25,bm25,hybrid,bm25,bm25,ce20,bm25
fever:174585,bm25,bm25,bm25,bm25,bm25,bi200,bm25,bm25,ce20,bm25
fever:174586,ce20,bm25,bm25,bm25,bm25,hybrid,bm25,bm25,bm25,bm25
fever:174590,bm25,bm25,bm25,bm25,bm25,hybrid,bm25,bm25,bm25,bm25
fever:174592,bm25,bm25,bm25,bm25,bm25,bi200,bm25,bi200,bi200,bi200
fever:174593,ce20,bm25,bm25,bm25,bm25,bi200,bm25,bm25,ce20,bm25
fever:174594,ce20,bm25,bm25,bm25,bm25,hybrid,bm25,ce20,ce20,bi200
fever:174595,bm25,bm25,bm25,bm25,bm25,bi200,bm25,bm25,ce20,bm25
fever:174597,bm25,bm25,bm25,bm25,bm25,bi200,bm25,bi200,bi200,bi200
fever:174599,bm25,bm25,bm25,bm25,bm25,bm25,bm25,bm25,bm25,bm25
fever:1746,ce100,ce20,ce100,bm25,ce20,hybrid,bi200,hybrid,hybrid,hybrid
fever:174601,ce20,bm25,bm25,bm25,bm25,ce20,bm25,bm25,ce20,bm25
fever:174602,bm25,bm25,bm25,bm25,bm25,bi200,bm25,bi200,bi200,bi200
fever:174604,bm25,bm25,bm25,bm25,bm25,bm25,bm25,bm25,ce20,bm25
fever:174606,bm25,bm25,bm25,bm25,bm25,hybrid,bm25,bm25,bm25,bm25
fever:174607,ce20,bm25,bm25,bm25,bm25,hybrid,bm25,bm25,ce20,bi200
fever:174609,bm25,bm25,bm25,bm25,bm25,bi200,bm25,bi200,bi200,bi200
fever:174611,ce100,ce100,ce20,ce100,ce100,hybrid,bi200,bi200,hybrid,hybrid
fever:174615,bm25,bm25,bm25,ce100,ce100,hybrid,bi200,bi200,bi200,hybrid
fever:174616,ce20,bm25,ce100,ce100,ce100,hybrid,bi200,hybrid,bi200,hybrid
fever:174618,ce100,ce100,ce20,ce100,ce100,bi200,bi200,ce100,hybrid,bm25
fever:174624,ce100,ce100,ce20,ce100,ce100,hybrid,bi200,hybrid,hybrid,hybrid
fever:174628,ce20,ce100,ce100,ce100,ce100,hybrid,bi200,hybrid,ce100,hybrid
fever:174630,ce20,ce20,bm25,ce20,ce100,bi200,bi200,bi200,bi200,bm25
fever:1748,ce100,ce100,ce20,ce100,ce100,bi200,ce100,bi200,ce100,bi200
fever:174871,bm25,ce20,bm25,ce20,ce20,hybrid,bm25,bm25,bm25,hybrid
fever:174872,bm25,ce20,bm25,ce20,ce20,hybrid,bm25,bm25,bm25,ce20
fever:174875,ce20,ce100,bm25,ce20,ce20,ce100,hybrid,hybrid,hybrid,ce20
fever:174878,bm25,ce100,bm25,ce20,ce20,hybrid,bm25,bm25,hybrid,hybrid
fever:174881,bm25,ce20,bm25,ce20,ce20,hybrid,bm25,bm25,bm25,bm25
fever:174882,ce20,ce20,bm25,ce20,ce20,hybrid,bm25,bm25,hybrid,hybrid
fever:174883,bm25,ce20,bm25,ce20,ce20,hybrid,bm25,hybrid,bm25,hybrid
fever:174891,bm25,ce20,bm25,ce20,ce20,ce100,bm25,hybrid,ce20,ce20
fever:174893,bm25,ce20,bm25,ce20,ce20,ce100,ce20,hybrid,bm25,bm25
fever:174900,bm25,ce20,bm25,ce20,ce20,ce100,bm25,bm25,ce20,ce20
fever:174974,ce100,ce20,ce20,ce20,ce20,ce20,bi200,hybrid,hybrid,bm25
fever:174978,ce20,bm25,bm25,ce20,ce20,bi200,bi200,bm25,bm25,bm25
fever:174981,bm25,bm25,ce20,ce20,ce20,bm25,bi200,bm25,hybrid,bm25
fever:174986,bm25,bm25,ce20,ce20,ce20,hybrid,bi200,hybrid,bi200,bm25
fever:174987,ce20,bm25,bm25,bm25,ce20,bi200,hybrid,hybrid,hybrid,bm25
fever:174990,ce100,ce20,bm25,ce20,ce20,ce20,bi200,bm25,hybrid,ce20
fever:174991,ce20,bm25,bm25,bm25,ce20,bi200,bi200,hybrid,bi200,bm25
fever:175434,bm25,bm25,bm25,bm25,ce100,bi200,hybrid,bi200,bi200,bi200
fever:175435,ce20,ce20,bm25,bm25,ce20,bi200,ce20,bi200,bm25,bm25
fever:175436,bm25,bm25,bm25,bm25,bm25,bi200,hybrid,bi200,bm25,bi200
fever:175438,bm25,ce20,bm25,bm25,ce20,bi200,bm25,bm25,bm25,bm25
fever:175441,ce20,ce20,bm25,ce20,ce20,bi200,ce20,bi200,ce20,bm25
fever:175443,ce20,ce20,bm25,bm25,ce20,ce20,ce20,bi200,bm25,bm25
fever:175444,bm25,bm25,bm25,bm25,bm25,hybrid,hybrid,bm25,bm25,bi200
fever:175448,bm25,ce20,bm25,ce20,ce20,ce20,hybrid,bi200,bi200,bi200
fever:175458,bm25,ce20,bm25,ce20,ce20,bi200,hybrid,bi200,bi200,bi200
fever:175459,ce20,ce20,bm25,bm25,ce20,bi200,ce20,bi200,bi200,bm25
fever:175460,ce20,ce20,bm25,ce20,ce20,bi200,ce20,bi200,bi200,bm25
fever:175462,ce20,ce20,ce20,ce20,ce20,bm25,ce20,hybrid,bm25,bm25
fever:175464,bm25,ce20,ce20,ce20,ce20,bm25,ce20,bm25,bm25,ce20
fever:175465,ce20,ce20,ce20,ce20,ce100,hybrid,ce20,bi200,hybrid,ce20
fever:175468,bm25,ce20,ce20,bm25,ce20,bm25,ce20,bm25,ce20,ce20
fever:175470,bm25,ce20,bm25,bm25,ce20,bm25,ce20,bm25,ce20,ce20
fever:175471,bm25,ce20,bm25,bm25,ce20,bm25,ce20,bm25,ce20,ce20
fever:175472,ce20,ce20,ce20,bm25,ce20,bm25,ce20,bi200,bm25,ce20
fever:175475,bm25,ce20,ce20,bm25,bm25,bm25,ce20,bm25,bm25,ce20
fever:175476,ce20,ce20,ce20,ce20,ce20,bm25,ce20,bi200,ce20,ce20
fever:175478,bm25,ce100,ce20,ce20,ce20,ce100,ce20,bi200,ce20,ce20
fever:175480,bm25,ce20,bm25,bm25,ce20,bm25,ce20,bi200,ce20,ce20
fever:175485,bm25,ce20,ce20,ce20,ce20,bm25,ce20,ce20,ce20,ce20
fever:175486,bm25,ce20,ce20,ce20,ce20,ce20,ce20,ce20,ce20,ce20
fever:17554,ce20,bm25,bm25,bm25,ce20,bi200,bi200,hybrid,bi200,bm25
fever:17555,ce20,bm25,bm25,bm25,ce20,bi200,bi200,hybrid,bi200,bm25
fever:175631,bm25,ce20,bm25,ce20,ce20,bm25,ce20,bm25,ce20,bi200
fever:175632,bm25,ce20,ce20,ce20,ce20,ce20,bm25,bm25,ce20,bm25
fever:175633,bm25,ce20,ce20,ce20,ce100,bm25,ce100,ce20,ce20,ce20
fever:175636,bm25,ce20,ce20,ce20,ce20,bm25,bm25,bm25,bm25,bm25
fever:175638,bm25,bm25,bm25,ce20,bm25,bm25,bm25,ce20,bm25,bm25
fever:175639,bm25,bm25,bm25,ce20,bm25,bm25,bm25,ce20,bm25,bm25
fever:175641,ce20,ce20,ce20,ce20,bm25,bm25,bm25,ce20,bm25,bm25
fever:175642,bm25,ce20,ce20,ce20,ce20,bm25,bm25,bm25,ce20,bm25
fever:175643,bm25,ce20,bm25,bm25,ce20,bm25,bm25,bm25,ce20,bi200
fever:175645,bm25,bm25,bm25,ce20,ce20,bm25,ce100,ce20,ce20,bm25
fever:175652,bm25,bm25,bm25,ce20,ce20,bm25,bm25,bm25,bm25,bm25
fever:175656,bm25,ce20,ce20,ce20,ce20,bm25,bm25,bm25,ce20,bm25
fever:175658,ce20,ce20,ce20,ce20,ce20,bm25,bm25,bm25,bm25,ce20
fever:175721,ce100,ce100,ce20,bm25,ce20,ce20,ce100,hybrid,ce20,bi200
fever:175722,ce20,ce100,bm25,ce100,ce20,ce20,hybrid,hybrid,ce20,bi200
fever:175725,ce20,ce20,ce20,bm25,ce20,bi200,hybrid,hybrid,ce20,bm25
fever:175730,ce20,ce20,ce20,bm25,ce20,bi200,ce20,hybrid,bm25,bm25
fever:175734,ce100,ce100,ce20,ce100,ce100,ce20,hybrid,hybrid,ce20,ce20
fever:175735,ce20,ce100,ce100,ce100,ce20,ce20,hybrid,ce100,ce20,bi200
fever:175736,bm25,ce20,bm25,ce20,ce20,ce20,hybrid,bi200,ce20,bm25
fever:175737,ce100,ce100,ce20,ce100,ce20,ce20,ce100,hybrid,ce20,bi200
fever:175739,ce100,ce100,ce100,ce100,ce20,ce100,ce100,hybrid,ce20,bi200
fever:175740,bm25,bm25,bm25,bm25,ce20,ce20,hybrid,bi200,ce20,bi200
fever:175741,ce100,ce100,ce20,ce20,ce100,ce20,hybrid,hybrid,bi200,ce20
fever:175742,ce100,ce100,bm25,bm25,ce100,ce100,ce100,bi200,bi200,bi200
fever:175743,ce100,ce100,bm25,ce100,ce100,ce20,ce100,hybrid,bi200,bi200
fever:175744,bm25,ce20,bm25,ce20,ce20,ce20,hybrid,bi200,ce20,bi200
fever:17583,ce100,ce100,ce20,ce100,ce100,bm25,ce100,ce100,ce20,ce20
fever:175862,bm25,ce20,ce20,ce20,ce20,ce20,ce100,ce20,bm25,bm25
fever:175863,ce20,ce20,ce20,ce20,ce20,ce20,ce100,ce20,bm25,bm25
fever:175864,bm25,ce100,bm25,ce20,ce20,ce20,ce100,ce20,bm25,bm25
fever:175865,bm25,ce20,bm25,ce20,ce20,ce20,bm25,ce100,ce20,ce20
fever:175867,bm25,ce20,bm25,ce20,ce20,ce20,bm25,ce20,bm25,bm25
fever:175868,bm25,ce20,bm25,ce20,ce20,ce20,bm25,ce20,ce20,bm25
fever:175873,bm25,ce20,bm25,ce20,ce20,ce20,ce100,ce20,ce20,ce20
fever:175874,bm25,ce20,bm25,ce20,ce20,ce20,ce100,ce20,bm25,bm25
fever:175876,bm25,ce20,bm25,bm25,bm25,bm25,bm25,ce20,bm25,bm25
fever:175877,bm25,bm25,bm25,ce20,ce20,ce20,bm25,bm25,bm25,bm25
fever:175879,bm25,bm25,bm25,ce20,ce20,bm25,bm25,bm25,bm25,bm25
fever:175880,bm25,bm25,bm25,ce20,bm25,ce20,bm25,bm25,bm25,bm25
fever:175921,ce20,bm25,bm25,ce20,ce20,ce20,ce20,bm25,ce20,ce20
fever:175924,ce20,bm25,bm25,ce20,bm25,ce20,bm25,bm25,ce20,bm25
fever:175926,bm25,bm25,bm25,bm25,bm25,ce20,bm25,ce20,ce20,bm25
fever:17593,ce20,ce20,ce20,ce20,ce20,ce20,ce20,ce20,ce20,ce20
fever:175930,ce20,ce20,ce20,ce20,ce20,ce20,ce20,ce20,ce20,bm25
fever:175931,ce20,bm25,bm25,bm25,bm25,ce20,bm25,ce20,ce20,ce100
fever:175932,ce20,ce20,bm25,ce20,ce20,ce20,ce20,bm25,ce20,ce20
fever:175933,ce20,bm25,bm25,bm25,ce20,ce20,bm25,bm25,ce20,hybrid
fever:175937,ce20,bm25,bm25,ce20,ce20,ce20,bm25,ce20,ce20,ce20
fever:17600,bm25,ce100,ce20,ce100,ce100,bi200,bi200,ce100,hybrid,ce20
fever:17616,ce20,ce100,ce100,ce100,ce100,ce100,ce100,ce100,ce100,ce20
fever:17628,bm25,ce20,ce20,ce20,ce20,ce20,ce100,ce20,ce20,ce20
fever:17634,ce20,bm25,ce20,ce20,ce20,bi200,hybrid,hybrid,ce20,bi200
fever:176628,ce100,bm25,ce20,bm25,ce20,bi200,bi200,bi200,bi200,bi200
fever:176636,bm25,bm25,bm25,bm25,ce20,ce20,bm25,bi200,bm25,bm25
fever:177138,bm25,bm25,bm25,bm25,bm25,hybrid,bi200,hybrid,bm25,hybrid
fever:177142,bm25,bm25,bm25,bm25,bm25,bi200,ce100,bm25,hybrid,hybrid
fever:177143,bm25,bm25,bm25,bm25,bm25,bi200,ce100,bm25,ce20,hybrid
fever:177148,bm25,bm25,bm25,bm25,bm25,hybrid,ce100,hybrid,hybrid,bi200
fever:177150,ce100,ce20,ce100,bm25,ce20,hybrid,ce100,hybrid,ce100,ce100
fever:177152,bm25,ce20,bm25,bm25,bm25,bi200,ce100,hybrid,bm25,hybrid
fever:177157,bm25,bm25,bm25,bm25,bm25,bi200,bm25,ce20,ce20,hybrid
fever:177158,bm25,bm25,bm25,bm25,bm25,bi200,ce100,bm25,bm25,hybrid
fever:177160,bm25,bm25,bm25,bm25,bm25,bi200,ce100,hybrid,hybrid,hybrid
fever:177161,ce100,bm25,bm25,bm25,bm25,bi200,ce100,hybrid,ce20,hybrid
fever:177163,bm25,ce20,bm25,bm25,bm25,ce100,ce100,hybrid,hybrid,ce100
fever:177165,bm25,ce20,bm25,bm25,ce20,ce100,bi200,bm25,ce20,ce100
fever:177167,bm25,ce20,bm25,bm25,bm25,bi200,ce100,hybrid,hybrid,hybrid
fever:177168,bm25,bm25,bm25,bm25,bm25,hybrid,ce20,bm25,bm25,bm25
fever:177171,bm25,bm25,bm25,bm25,bm25,bi200,ce100,bm25,hybrid,ce100
fever:177172,bm25,bm25,bm25,bm25,bm25,ce100,ce100,hybrid,ce20,hybrid
fever:177175,bm25,bm25,bm25,bm25,bm25,bi200,ce100,bm25,bm25,hybrid
fever:177179,bm25,ce20,bm25,bm25,ce100,hybrid,ce20,hybrid,hybrid,hybrid
fever:17718,bm25,bm25,ce20,bm25,ce20,bi200,bi200,bi200,bi200,bi200
fever:177181,bm25,ce100,bm25,bm25,ce100,hybrid,bi200,hybrid,bi200,bi200
fever:177185,ce100,ce100,ce100,ce100,ce100,hybrid,ce100,hybrid,bi200,hybrid
fever:177186,ce100,ce20,ce20,bm25,ce100,hybrid,bi200,hybrid,bi200,hybrid
fever:177188,ce100,ce100,ce20,bm25,ce20,hybrid,hybrid,hybrid,bi200,hybrid
fever:177191,ce100,ce100,ce20,bm25,ce100,hybrid,bi200,hybrid,bi200,bi200
fever:177196,ce100,ce100,ce100,ce100,ce100,hybrid,hybrid,bi200,hybrid,bi200
fever:1772,bm25,bm25,ce20,bm25,ce20,bi200,hybrid,ce100,hybrid,bi200
fever:17731,bm25,ce20,bm25,bm25,ce20,bi200,bm25,bm25,bm25,bm25
fever:17732,bm25,ce20,ce20,bm25,bm25,ce20,bi200,bm25,ce20,bm25
fever:1774,ce20,ce20,ce20,ce20,ce100,bi200,ce100,ce20,bi200,ce20
fever:17744,ce100,ce20,bm25,bm25,ce100,bi200,bi200,bi200,bi200,bi200
fever:17745,ce20,bm25,ce100,bm25,bm25,bi200,ce100,ce100,hybrid,hybrid
fever:177468,bm25,ce100,ce20,bm25,ce100,ce100,ce100,bi200,ce100,ce100
fever:177478,ce100,ce100,ce100,bm25,ce100,bi200,ce100,bi200,bi200,bm25
fever:177479,bm25,ce20,ce20,bm25,bm25,ce20,bi200,bi200,bm25,bm25
fever:177481,bm25,ce20,ce20,bm25,bm25,bi200,bi200,bi200,bm25,ce100
fever:177487,bm25,ce20,ce20,bm25,bm25,ce20,ce100,bm25,bm25,bm25
fever:177488,bm25,ce20,ce20,bm25,bm25,ce20,ce100,bi200,hybrid,bm25
fever:177489,ce20,ce100,ce20,bm25,bm25,ce20,bi200,ce20,ce20,bm25
fever:177491,bm25,ce100,ce20,bm25,ce100,ce100,ce100,bi200,ce100,ce100
fever:177494,ce100,ce100,ce20,ce100,ce100,ce100,ce100,bi200,ce20,bm25
fever:177524,ce20,bm25,bm25,bm25,ce20,ce100,ce20,ce20,bm25,bm25
fever:177525,ce100,bm25,ce100,bm25,ce20,ce100,hybrid,hybrid,ce20,ce20
fever:177529,ce100,bm25,bm25,bm25,ce100,ce100,bi200,hybrid,hybrid,hybrid
fever:177532,ce100,bm25,ce100,ce20,ce20,ce100,hybrid,ce20,ce100,ce20
fever:177533,ce20,ce20,ce20,ce20,ce20,bi200,ce20,bi200,ce20,ce20
fever:177543,bm25,bm25,bm25,bm25,ce20,hybrid,ce20,hybrid,ce20,ce20
fever:17783,ce100,bm25,bm25,bm25,bm25,bm25,bm25,bm25,bm25,bi200
fever:177835,ce100,ce100,ce20,ce100,ce100,ce100,hybrid,hybrid,ce100,ce100
fever:177836,ce20,bm25,bm25,bm25,ce20,bi200,ce100,ce20,ce100,hybrid
fever:177837,ce20,bm25,ce100,ce20,ce100,bi200,bi200,ce20,ce100,bi200
fever:177838,ce100,ce20,bm25,ce20,ce20,bi200,bi200,hybrid,ce100,bi200
fever:177842,ce100,ce100,ce20,ce100,ce100,ce100,hybrid,hybrid,ce100,ce100
fever:177845,ce100,ce100,ce20,ce20,ce20,ce100,ce100,ce20,ce20,ce20
fever:177847,ce100,ce100,ce100,ce100,ce100,ce100,ce100,ce100,ce100,ce100
fever:177850,ce100,ce100,ce20,ce100,ce100,ce100,ce100,bm25,ce100,ce100
fever:177853,ce20,bm25,bm25,bm25,ce20,bi200,ce20,hybrid,ce20,bm25
fever:177855,ce100,ce100,ce20,ce100,ce100,ce100,ce100,ce100,ce20,ce100
fever:177856,ce100,ce100,ce100,ce20,ce100,ce100,ce100,ce100,ce20,ce100
fever:177858,ce20,bm25,bm25,bm25,ce20,bi200,bi200,ce20,ce20,hybrid
fever:177864,ce20,bm25,bm25,bm25,ce20,bi200,ce20,bm25,bm25,bm25
fever:177865,ce100,ce20,bm25,ce20,ce20,bi200,bi200,hybrid,ce20,bm25
fever:177867,ce100,ce20,ce20,ce20,ce100,ce100,hybrid,hybrid,bi200,ce100
fever:177957,ce20,ce100,ce100,bm25,bm25,ce100,bi200,ce20,ce20,bi200
fever:177958,ce20,ce100,ce20,bm25,bm25,ce100,bi200,ce20,ce20,ce20
fever:177963,ce100,ce100,ce20,bm25,bm25,ce100,bi200,bi200,ce20,ce20
fever:177964,bm25,ce20,bm25,bm25,bm25,ce100,bi200,ce20,ce20,bm25
fever:177970,bm25,bm25,ce20,bm25,bm25,ce100,bm25,ce20,ce20,ce20
fever:177973,ce100,ce100,ce100,ce100,ce100,ce100,bi200,ce20,ce20,bi200
fever:177974,ce100,bm25,ce20,ce20,bm25,ce100,bi200,bm25,bm25,bm25
fever:177978,ce20,ce100,ce100,ce100,bm25,ce100,bi200,ce20,ce20,bi200
fever:17807,bm25,ce20,bm25,bm25,ce20,ce20,ce20,ce20,bm25,bm25
fever:178150,ce100,ce100,bm25,ce100,ce100,ce100,bi200,hybrid,hybrid,hybrid
fever:178153,bm25,ce20,bm25,bm25,ce20,hybrid,bi200,hybrid,hybrid,hybrid
fever:178157,ce20,ce100,bm25,ce20,ce100,hybrid,bi200,hybrid,hybrid,hybrid
fever:178158,bm25,ce20,bm25,ce20,ce100,ce100,hybrid,hybrid,hybrid,hybrid
fever:178159,ce20,ce100,bm25,ce100,ce20,hybrid,hybrid,hybrid,hybrid,hybrid
fever:178166,ce100,ce100,bm25,ce20,ce20,hybrid,hybrid,hybrid,hybrid,hybrid
fever:178167,ce20,ce100,bm25,ce100,ce100,ce100,hybrid,hybrid,hybrid,hybrid
fever:178168,ce20,ce100,bm25,ce100,ce100,hybrid,hybrid,hybrid,hybrid,hybrid
fever:178169,ce20,ce100,bm25,ce20,ce20,ce100,hybrid,ce100,hybrid,hybrid
fever:178171,ce20,ce100,bm25,ce100,ce100,hybrid,hybrid,hybrid,hybrid,hybrid
fever:178172,bm25,ce20,bm25,ce20,ce100,ce100,hybrid,hybrid,hybrid,hybrid
fever:178210,bm25,bm25,bm25,bm25,bm25,bi200,bi200,bm25,bi200,ce20
fever:178213,ce20,bm25,bm25,bm25,bm25,hybrid,ce100,bm25,bi200,bi200
fever:178214,bm25,bm25,bm25,bm25,bm25,bi200,bm25,bm25,bi200,bi200
fever:178216,ce20,bm25,bm25,bm25,bm25,bm25,bm25,bm25,hybrid,bi200
fever:178219,ce20,bm25,bm25,bm25,bm25,hybrid,bm25,bm25,bi200,bi200
fever:178223,ce20,bm25,bm25,bm25,bm25,bm25,bm25,bm25,bi200,bi200
fever:178225,ce20,bm25,bm25,bm25,bm25,bm25,bm25,bm25,hybrid,bi200
fever:178227,ce20,bm25,bm25,bm25,bm25,hybrid,bm25,bm25,bi200,bi200
fever:178229,ce20,bm25,bm25,bm25,bm25,hybrid,bm25,bm25,bi200,bi200
fever:178230,bm25,bm25,bm25,bm25,ce20,bi200,bm25,hybrid,hybrid,bm25
fever:178233,ce20,ce20,bm25,bm25,ce100,ce20,bm25,ce20,ce20,ce20
fever:178237,bm25,bm25,bm25,bm25,ce20,hybrid,bm25,ce20,hybrid,hybrid
fever:178240,bm25,ce100,ce100,bm25,bm25,ce20,ce100,ce20,ce20,ce20
fever:178241,bm25,bm25,bm25,bm25,bm25,ce20,bm25,ce20,ce20,ce20
fever:178250,bm25,bm25,bm25,bm25,ce20,hybrid,bm25,ce20,ce20,ce20
fever:178254,bm25,ce20,ce20,ce100,ce100,ce20,bm25,ce100,ce20,ce100
fever:178255,bm25,ce100,ce100,bm25,bm25,ce20,ce100,ce20,ce20,ce20
fever:178328,ce20,ce20,ce20,ce20,ce100,ce100,ce100,hybrid,bi200,ce20
fever:178330,ce20,ce20,ce20,ce20,ce100,ce20,bm25,ce20,ce20,hybrid
fever:178331,bm25,ce20,ce20,ce20,ce100,bm25,bi200,hybrid,bi200,ce20
fever:178334,ce100,ce20,ce20,ce100,ce20,bi200,ce100,ce20,ce20,bi200
fever:178337,bm25,ce20,ce20,ce20,bm25,ce100,bi200,hybrid,bi200,hybrid
fever:178341,ce100,ce100,ce20,ce100,ce100,bi200,ce100,ce20,ce20,bi200
fever:178342,bm25,ce20,ce20,ce20,ce100,bm25,bi200,hybrid,bi200,hybrid
fever:178344,ce20,ce100,ce20,ce100,ce20,bi200,bi200,hybrid,bi200,bi200
fever:178348,ce20,ce20,ce20,ce100,ce100,ce100,ce100,ce20,bi200,hybrid
fever:17840,bm25,ce100,bm25,bm25,bm25,hybrid,bm25,hybrid,bm25,bm25
fever:17841,bm25,ce100,bm25,bm25,ce100,ce100,bm25,hybrid,bm25,bm25
fever:17847,ce20,ce20,ce20,ce20,ce20,ce20,ce100,bm25,hybrid,ce100
fever:17855,ce100,ce100,ce100,ce100,ce100,ce20,bi200,ce100,ce100,ce100
fever:17865,ce100,ce20,bm25,bm25,bm25,bi200,bm25,bm25,bi200,ce20
fever:17866,bm25,ce20,bm25,bm25,bm25,bi200,bm25,bm25,bi200,ce20
fever:178855,bm25,ce20,ce20,bm25,ce20,ce20,bm25,ce20,ce20,ce100
fever:178856,bm25,ce20,ce20,ce20,ce20,ce20,bm25,ce20,ce20,ce100
fever:178858,ce100,ce20,bm25,bm25,ce20,ce100,bm25,ce20,bm25,hybrid
fever:178859,ce20,bm25,bm25,bm25,ce20,ce100,bm25,ce20,bm25,bm25
fever:178874,ce20,ce20,bm25,bm25,ce20,ce20,bm25,hybrid,hybrid,bm25
fever:178880,bm25,ce20,ce20,bm25,ce20,ce20,bm25,ce20,ce20,ce20
fever:178892,ce100,ce20,ce20,bm25,ce100,ce100,bm25,ce20,ce20,ce20
fever:178893,ce100,ce20,ce20,ce100,ce20,ce20,bm25,bm25,ce100,ce100
fever:178896,bm25,ce20,bm25,bm25,ce20,ce100,bm25,ce20,bm25,bm25
fever:178898,bm25,ce20,ce20,bm25,ce20,ce20,bm25,ce20,ce20,ce20
fever:178899,ce100,ce20,ce20,bm25,ce20,ce100,ce20,ce100,ce20,hybrid
fever:178900,bm25,ce20,ce20,bm25,ce20,ce20,bm25,ce20,ce20,bm25
fever:178902,bm25,ce20,ce20,bm25,bm25,ce20,bm25,ce20,ce20,ce20
fever:178904,ce100,ce100,ce100,bm25,ce20,ce20,bm25,ce20,ce20,hybrid
fever:178906,ce100,ce20,ce20,bm25,ce20,ce20,ce20,bi200,ce20,ce100
fever:178908,ce20,ce20,ce20,bm25,ce20,ce20,bm25,ce20,ce20,ce20
fever:178909,bm25,ce20,ce20,bm25,ce20,ce20,bm25,bm25,hybrid,ce100
fever:178911,bm25,bm25,ce20,ce20,ce20,ce20,bm25,hybrid,ce20,ce100
fever:178912,ce20,ce20,ce20,ce20,ce20,ce20,bm25,ce20,ce20,bm25
fever:179004,bm25,ce20,ce20,ce20,ce20,ce20,ce20,ce100,ce20,ce20
fever:179007,bm25,ce20,ce20,ce20,ce20,bm25,ce20,bm25,ce20,bm25
fever:179009,bm25,ce20,ce20,bm25,ce20,ce20,ce100,ce20,ce20,ce20
fever:179016,ce20,ce20,ce20,ce20,ce20,bm25,ce20,ce20,ce20,bm25
fever:179017,bm25,bm25,ce100,ce20,ce20,ce20,ce100,ce100,ce20,ce20
fever:179025,bm25,bm25,bm25,bm25,ce20,bi200,bi200,ce20,hybrid,bm25
fever:179029,ce20,ce20,ce20,bm25,ce20,bm25,ce100,ce20,ce20,ce20
fever:179035,ce20,bm25,bm25,bm25,ce20,bm25,bm25,bm25,ce20,bm25
fever:179036,ce20,ce20,bm25,bm25,ce20,hybrid,bm25,hybrid,hybrid,hybrid
fever:179038,ce20,ce20,bm25,bm25,ce20,bm25,bm25,ce20,bm25,bm25
fever:179039,ce20,bm25,bm25,bm25,ce20,hybrid,bm25,hybrid,bm25,bm25
fever:179040,ce20,bm25,bm25,ce20,ce20,bi200,bm25,hybrid,bm25,bm25
fever:179042,ce20,bm25,ce20,bm25,ce20,bi200,bm25,hybrid,bm25,bm25
fever:179046,ce20,bm25,ce20,ce20,ce20,bi200,bm25,hybrid,hybrid,hybrid
fever:17907,bm25,bm25,bm25,bm25,ce20,bm25,ce20,ce20,ce20,ce20
fever:179087,ce20,ce20,ce20,ce100,ce20,bi200,bi200,hybrid,bm25,ce20
fever:179088,ce20,ce100,ce20,ce20,ce20,bi200,bi200,ce100,bi200,ce20
fever:179089,ce100,ce20,ce20,ce100,ce20,bi200,bi200,bi200,bi200,hybrid
fever:179091,ce20,ce100,ce20,ce100,ce20,bi200,bi200,bi200,bi200,ce20
fever:179100,bm25,bm25,bm25,bm25,bm25,bi200,bm25,bm25,ce20,bm25
fever:179103,ce20,ce100,ce20,ce100,ce100,ce100,bi200,ce100,hybrid,ce20
fever:179105,ce100,ce20,bm25,bm25,ce20,bi200,ce100,bi200,bi200,bi200
fever:179109,ce100,bm25,ce20,ce20,ce20,bi200,bi200,bi200,bi200,hybrid
fever:179112,ce20,bm25,ce20,ce100,ce20,ce100,bi200,ce100,ce20,hybrid
fever:17914,bm25,bm25,bm25,bm25,ce20,bm25,ce20,ce20,bm25,bm25
fever:179266,bm25,ce20,bm25,bm25,bm25,bm25,bm25,hybrid,bm25,bm25
fever:179268,bm25,ce20,bm25,bm25,bm25,bm25,bm25,hybrid,ce20,bm25
fever:179270,bm25,ce20,bm25,bm25,ce20,ce100,ce20,hybrid,bm25,hybrid
fever:179276,bm25,ce20,bm25,bm25,bm25,bm25,bm25,hybrid,bm25,bm25
fever:179280,bm25,ce20,bm25,bm25,bm25,bm25,bm25,ce20,ce20,bm25
fever:179286,ce100,ce20,ce20,bm25,ce20,ce20,ce20,hybrid,bm25,hybrid
fever:179287,ce100,ce20,ce20,bm25,ce20,ce20,bi200,ce20,ce20,ce100
fever:179289,bm25,ce20,bm25,bm25,bm25,bm25,bm25,hybrid,bm25,bm25
fever:179302,bm25,bm25,bm25,bm25,ce20,ce100,ce20,ce20,ce20,ce100
fever:179305,bm25,bm25,bm25,bm25,bm25,ce100,bm25,ce20,ce20,ce100
fever:179306,bm25,bm25,bm25,bm25,ce20,hybrid,ce20,ce20,bm25,ce100
fever:179308,bm25,bm25,ce100,ce100,ce100,ce100,bi200,ce20,hybrid,ce100
fever:179310,bm25,bm25,bm25,bm25,bm25,ce100,bm25,ce20,bm25,bi200
fever:179313,ce20,bm25,ce100,bm25,ce100,bi200,bi200,ce20,hybrid,hybrid
fever:179314,bm25,bm25,bm25,bm25,ce20,hybrid,ce20,ce20,ce20,ce100
fever:179316,bm25,bm25,bm25,bm25,bm25,ce100,bm25,ce20,bm25,bi200
fever:179317,bm25,bm25,bm25,bm25,bm25,ce100,bm25,ce20,bm25,bi200
fever:179320,ce20,ce20,bm25,bm25,ce20,ce20,bi200,bi200,ce20,bi200
fever:179326,bm25,ce20,ce20,ce20,ce20,bm25,bm25,bm25,bm25,bi200
fever:179328,ce20,ce20,ce20,bm25,ce20,ce20,ce100,bi200,ce20,bm25
fever:17933,bm25,bm25,bm25,bm25,bm25,bi200,bm25,hybrid,bm25,bm25
fever:179332,ce20,ce100,ce20,ce100,ce20,ce20,bi200,bi200,ce20,bi200
fever:179340,bm25,ce20,ce20,bm25,ce20,ce20,ce20,bm25,ce20,bm25
fever:179342,bm25,ce20,ce20,bm25,ce20,ce20,ce100,bm25,ce20,ce20
fever:179343,ce100,ce100,ce20,bm25,ce20,ce20,ce20,bm25,ce20,hybrid
fever:179352,bm25,ce20,ce20,bm25,ce20,ce100,bm25,bi200,ce20,bi200
fever:17946,ce100,ce100,ce100,ce100,ce100,ce100,ce100,bi200,ce20,ce20
fever:17947,ce20,bm25,bm25,bm25,bm25,ce100,bi200,bm25,bm25,bi200
fever:17973,bm25,bm25,bm25,bm25,bm25,bm25,hybrid,hybrid,hybrid,hybrid
fever:179732,bm25,bm25,bm25,bm25,bm25,bm25,bm25,ce20,bm25,bm25
fever:179735,bm25,bm25,bm25,bm25,bm25,ce20,bm25,ce20,ce20,bm25
fever:179738,bm25,bm25,bm25,bm25,bm25,bm25,bm25,ce20,ce20,bm25
fever:179741,bm25,bm25,bm25,bm25,bm25,bm25,bm25,ce20,hybrid,bm25
fever:179743,bm25,bm25,bm25,bm25,bm25,ce20,bm25,ce20,ce20,bm25
fever:179744,bm25,bm25,bm25,bm25,bm25,ce20,bm25,ce20,ce20,bm25
fever:179745,bm25,bm25,bm25,bm25,bm25,bm25,bm25,ce20,bm25,bm25
fever:179748,bm25,bm25,bm25,bm25,bm25,ce20,bm25,ce20,ce20,bm25
fever:179751,bm25,bm25,bm25,bm25,bm25,ce20,bm25,ce20,ce20,bm25
fever:179754,bm25,bm25,bm25,bm25,bm25,ce20,bm25,ce20,ce20,bm25
fever:179758,bm25,bm25,bm25,bm25,bm25,bm25,bm25,ce20,ce20,bm25
fever:179762,bm25,bm25,bm25,bm25,bm25,ce20,bm25,ce20,ce20,bm25
fever:179763,bm25,bm25,bm25,bm25,bm25,ce20,bm25,ce20,ce20,bm25
fever:179815,ce20,bm25,bm25,ce20,ce20,bm25,bm25,ce20,bm25,bm25
fever:179816,ce20,bm25,ce20,ce20,ce20,bm25,bm25,ce20,bm25,bm25
fever:179817,bm25,bm25,bm25,bm25,bm25,hybrid,bm25,hybrid,hybrid,hybrid
fever:179819,ce20,ce20,ce20,ce20,ce20,ce20,bm25,ce100,ce20,ce20
fever:179821,ce20,ce20,ce20,ce20,ce20,ce20,bm25,ce20,ce20,ce20
fever:179825,bm25,bm25,bm25,ce20,ce20,ce20,bm25,ce20,ce20,bm25
fever:179827,bm25,ce20,bm25,ce20,ce20,ce20,bm25,bm25,ce20,bm25
fever:179831,bm25,bm25,bm25,ce20,bm25,ce20,bm25,ce20,bm25,bm25
fever:179832,bm25,bm25,bm25,ce20,ce20,ce20,bm25,ce20,bm25,bm25
fever:179834,ce20,ce20,bm25,ce20,ce20,ce20,bm25,ce20,ce20,bm25
fever:179835,ce100,bm25,ce100,ce20,ce100,ce20,ce100,ce100,ce20,bm25
fever:179836,bm25,bm25,bm25,bm25,bm25,bm25,bm25,ce20,ce20,ce20
fever:179841,bm25,ce20,ce20,ce20,ce20,ce20,ce100,ce20,hybrid,ce20
fever:1799,ce20,ce20,ce20,ce100,ce20,ce20,ce100,bi200,hybrid,bm25
fever:17993,bm25,bm25,bm25,bm25,bm25,bm25,bm25,ce20,bm25,bm25
fever:17994,ce20,bm25,bm25,ce20,ce20,ce20,bm25,ce20,bm25,ce20
fever:18004,ce100,ce20,ce20,ce100,ce20,ce20,ce100,bm25,ce20,ce100
fever:18030,ce20,ce100,ce20,ce20,ce20,bi200,bm25,ce20,ce20,bm25
fever:18031,bm25,ce100,ce20,ce20,bm25,ce20,bi200,bm25,bi200,bm25
fever:18032,bm25,ce100,ce20,ce20,bm25,ce20,bi200,bm25,bi200,bm25
fever:18037,ce100,ce100,ce100,ce100,ce100,bi200,bi200,hybrid,hybrid,bi200
fever:18051,ce20,bm25,bm25,bm25,bm25,ce100,hybrid,hybrid,bm25,hybrid
fever:180563,ce20,ce20,ce20,bm25,ce20,bi200,ce20,bi200,ce20,ce20
fever:180564,ce20,bm25,ce20,ce20,ce20,hybrid,ce20,bi200,ce20,ce20
fever:180566,ce20,bm25,ce20,bm25,ce20,hybrid,ce20,hybrid,ce20,ce20
fever:180572,bm25,bm25,ce20,bm25,ce20,bm25,ce100,ce20,ce20,ce20
fever:180573,ce20,ce20,ce20,bm25,ce20,bi200,ce20,bi200,ce20,ce20
fever:180574,bm25,bm25,ce20,bm25,ce20,ce20,ce100,ce20,ce20,bi200
fever:180577,ce20,ce20,ce20,ce20,ce20,bm25,ce20,bi200,ce20,bm25
fever:180578,ce20,ce100,ce20,ce20,ce20,ce20,ce100,bi200,ce100,ce20
fever:180579,ce20,ce20,ce20,ce20,ce20,ce20,ce100,bi200,ce20,bm25
fever:180581,ce20,bm25,ce20,ce20,ce20,ce20,ce20,bm25,ce100,bm25
fever:180582,ce20,bm25,ce20,bm25,ce20,ce20,ce20,ce100,ce20,hybrid
fever:180589,ce20,ce20,ce20,bm25,ce20,bi200,ce20,bi200,ce20,bm25
fever:18064,bm25,bm25,bm25,bm25,ce100,bm25,ce100,bi200,ce20,bm25
fever:18065,bm25,bm25,bm25,bm25,bm25,bm25,ce100,bm25,ce20,bi200
fever:18066,ce100,ce20,ce20,bm25,ce100,ce100,bi200,bm25,ce100,bi200
fever:180689,ce20,ce20,ce20,ce20,ce20,ce20,bm25,ce20,ce20,bm25
fever:180691,ce20,ce20,ce20,ce20,ce20,ce20,bm25,ce20,ce100,bm25
fever:180695,ce20,ce20,bm25,ce20,bm25,ce100,ce20,ce20,ce20,bm25
fever:180697,ce100,ce20,ce100,ce20,ce100,ce20,ce100,ce20,ce100,ce20
fever:180699,ce20,ce20,ce20,ce20,bm25,ce100,bm25,ce20,ce20,bm25
fever:180702,ce20,bm25,bm25,bm25,bm25,ce20,ce20,ce20,ce20,bm25
fever:180706,ce20,ce20,ce100,ce20,ce100,ce20,ce100,ce20,ce20,ce20
fever:180707,bm25,ce20,ce20,bm25,bm25,ce20,bm25,ce20,ce20,ce20
fever:180709,ce100,ce20,ce20,ce100,ce20,ce100,bi200,bi200,hybrid,bm25
fever:180710,ce100,ce20,ce20,ce20,ce20,ce20,ce100,ce20,ce20,bm25
fever:180711,ce20,ce20,ce20,ce20,ce100,ce100,ce20,ce20,ce20,bm25
fever:180714,ce20,ce20,bm25,ce20,ce20,ce20,ce100,ce20,ce20,hybrid
fever:180716,ce20,ce20,bm25,ce20,bm25,ce100,ce20,hybrid,bi200,bi200
fever:180717,ce20,bm25,bm25,ce20,bm25,ce100,ce20,hybrid,bi200,bi200
fever:180721,bm25,bm25,bm25,bm25,bm25,ce100,bm25,bm25,bi200,bi200
fever:180722,bm25,bm25,ce100,bm25,bm25,ce20,bm25,hybrid,bi200,ce20
fever:180723,ce20,ce20,bm25,ce20,bm25,ce20,ce20,bm25,bi200,bi200
fever:180724,bm25,ce20,bm25,ce20,ce20,ce20,bm25,bm25,ce20,bi200
fever:180726,bm25,bm25,ce100,bm25,bm25,ce20,bm25,hybrid,bi200,bi200
fever:180730,ce20,bm25,bm25,bm25,bm25,hybrid,ce20,bm25,bm25,ce20
fever:180732,ce20,ce20,ce20,ce20,ce20,ce20,ce20,hybrid,ce20,ce100
fever:180733,ce20,ce20,bm25,ce20,bm25,ce20,ce20,bm25,bi200,bi200
fever:180734,bm25,ce20,bm25,bm25,bm25,ce100,hybrid,hybrid,hybrid,bi200
fever:180735,bm25,bm25,ce100,bm25,bm25,ce20,bm25,bm25,bi200,ce20
fever:180736,ce20,bm25,bm25,bm25,ce20,ce20,ce20,ce20,ce20,hybrid
fever:18079,bm25,bm25,ce100,ce100,ce100,bi200,bi200,hybrid,hybrid,bi200
fever:181114,ce100,ce100,ce100,ce20,ce20,ce100,bi200,ce100,ce20,ce100
fever:181115,ce20,bm25,bm25,bm25,bm25,ce20,bm25,bm25,bm25,bm25
fever:181118,ce20,bm25,bm25,bm25,bm25,ce20,bm25,bm25,ce20,bm25
fever:181125,bm25,bm25,bm25,ce20,bm25,ce100,bm25,bm25,bm25,bm25
fever:181127,ce20,ce100,ce100,ce20,ce100,ce20,ce100,ce20,ce20,ce100
fever:181128,ce20,ce100,ce100,ce20,ce100,ce20,ce100,ce20,ce100,ce100
fever:181132,bm25,bm25,bm25,bm25,bm25,bm25,bm25,bm25,hybrid,bi200
fever:181133,bm25,bm25,bm25,ce20,bm25,ce100,bm25,bm25,hybrid,hybrid
fever:181182,ce20,ce20,bm25,bm25,ce20,bi200,bi200,hybrid,ce20,bm25
fever:181183,ce20,bm25,bm25,bm25,ce20,bi200,bm25,hybrid,ce20,bm25
fever:181184,ce20,ce20,bm25,ce20,bm25,bm25,ce100,ce20,ce20,ce20
fever:181185,ce100,ce100,ce100,ce100,ce100,ce100,ce100,ce100,ce100,ce100
fever:181186,ce20,bm25,ce20,bm25,ce20,bi200,hybrid,ce20,ce20,ce20
fever:181187,ce20,bm25,ce20,bm25,ce20,bi200,ce20,ce20,ce20,bm25
fever:181188,bm25,ce20,ce20,bm25,ce20,bi200,hybrid,hybrid,ce20,bm25
fever:181190,ce20,ce20,ce20,ce20,ce20,bi200,ce100,ce100,hybrid,hybrid
fever:181197,ce100,ce100,ce20,ce20,ce100,ce20,bi200,ce100,ce20,ce100
fever:181199,ce20,bm25,ce20,bm25,bm25,ce20,ce100,ce20,ce20,bm25
fever:181201,ce20,bm25,bm25,bm25,ce20,hybrid,hybrid,hybrid,ce20,ce20
fever:181202,bm25,bm25,bm25,bm25,bm25,bi200,ce100,ce20,hybrid,ce20
fever:181205,bm25,bm25,ce100,bm25,ce20,ce100,ce100,ce20,ce20,ce20
fever:181206,ce100,ce20,bm25,bm25,ce20,bi200,bi200,ce20,ce20,bm25
fever:181209,ce100,ce100,bm25,bm25,ce100,ce100,bm25,ce100,ce100,bm25
fever:181210,bm25,bm25,bm25,bm25,bm25,bm25,bm25,ce20,ce20,ce20
fever:181211,ce20,ce100,ce100,bm25,ce100,bi200,ce100,ce100,hybrid,bm25
fever:181213,ce100,ce20,bm25,ce100,bm25,bm25,ce100,bm25,ce20,ce20
fever:181216,ce20,ce20,bm25,bm25,ce20,bi200,bi200,hybrid,ce100,bm25
fever:181250,bm25,bm25,bm25,bm25,ce20,ce20,ce20,bm25,bm25,bm25
fever:181255,bm25,bm25,ce100,ce20,ce100,bm25,bi200,hybrid,hybrid,bm25
fever:181262,bm25,bm25,bm25,bm25,bm25,bm25,bm25,bm25,bm25,bm25
fever:181264,ce100,ce20,ce20,ce20,ce20,ce20,hybrid,bm25,ce20,ce20
fever:181265,bm25,bm25,ce100,bm25,bm25,ce20,ce100,ce20,ce20,ce20
fever:181266,bm25,bm25,ce20,bm25,bm25,ce20,ce100,ce20,ce20,ce20
fever:181267,bm25,bm25,ce20,bm25,ce20,ce20,ce100,ce20,ce20,ce20
fever:181269,bm25,bm25,bm25,bm25,bm25,bm25,bm25,bm25,bm25,bm25
fever:181270,bm25,bm25,ce100,ce20,ce100,bm25,bm25,hybrid,hybrid,bm25
fever:181271,bm25,bm25,ce20,bm25,bm25,ce20,ce100,ce20,ce20,ce20
fever:181273,bm25,ce20,ce20,bm25,ce20,ce20,bm25,ce20,ce20,bm25
fever:181274,bm25,bm25,bm25,bm25,ce20,ce20,ce20,bm25,ce20,bm25
fever:18142,bm25,ce100,bm25,ce20,ce20,ce100,bi200,bi200,hybrid,ce20
fever:18159,ce100,bm25,bm25,ce100,ce20,bi200,bi200,bi200,hybrid,bi200
fever:181598,bm25,ce20,bm25,ce20,ce20,ce100,ce100,hybrid,ce20,ce20
fever:181604,bm25,ce100,bm25,ce20,ce100,ce100,ce100,hybrid,hybrid,bm25
fever:181606,bm25,ce20,bm25,ce20,ce20,ce100,ce100,hybrid,hybrid,bm25
fever:181619,bm25,ce20,bm25,ce20,ce20,ce100,bm25,bm25,hybrid,ce20
fever:181620,bm25,ce20,bm25,ce20,ce20,bi200,ce20,hybrid,bm25,bm25
fever:181621,ce20,ce20,bm25,ce20,ce100,ce100,ce20,hybrid,hybrid,bm25
fever:181624,ce100,ce100,ce100,bm25,ce100,bi200,ce100,ce100,bi200,ce20
fever:181627,ce100,ce100,ce100,bm25,ce100,bi200,ce100,hybrid,hybrid,hybrid
fever:181628,ce100,ce100,ce100,bm25,ce100,bi200,bi200,hybrid,hybrid,bi200
fever:181629,ce100,ce100,ce100,bm25,ce100,bi200,ce100,hybrid,bi200,bi200
fever:181630,bm25,ce20,ce100,bm25,ce20,bi200,bi200,bi200,bi200,ce20
fever:181631,ce100,ce100,ce100,bm25,bm25,bi200,ce100,hybrid,hybrid,bi200
fever:181633,ce100,ce100,ce100,bm25,ce100,hybrid,ce100,hybrid,hybrid,hybrid
fever:181634,bm25,ce100,bm25,bm25,bm25,hybrid,ce100,hybrid,hybrid,ce20
fever:181637,ce100,ce100,ce100,ce100,ce100,bi200,ce100,hybrid,hybrid,hybrid
fever:181638,ce100,ce100,ce100,ce100,ce100,bi200,ce100,hybrid,hybrid,ce100
fever:181640,ce100,ce100,ce100,ce100,ce100,bi200,ce100,hybrid,hybrid,hybrid
fever:181642,ce100,ce100,ce100,ce100,ce100,bi200,ce100,ce100,bi200,ce100
fever:181643,ce100,bm25,ce100,ce20,ce100,bi200,bi200,hybrid,hybrid,hybrid
fever:18179,ce100,ce100,ce100,ce100,ce100,ce100,bi200,ce100,ce100,ce100
fever:181823,ce20,ce20,ce20,ce20,ce20,ce20,ce20,ce20,ce20,bm25
fever:181824,ce20,ce20,ce20,bm25,ce20,ce20,ce20,ce20,ce20,ce20
fever:181826,ce20,ce20,ce20,ce20,ce100,ce20,ce100,ce20,ce20,ce20
fever:181827,ce20,ce20,ce20,bm25,ce100,ce20,ce20,ce20,ce20,bm25
fever:181837,ce20,ce20,ce20,ce20,ce20,ce20,ce20,ce20,ce20,bm25
fever:181843,bm25,ce20,ce20,ce20,ce20,ce20,ce20,ce20,ce20,ce20
fever:181869,ce20,bm25,ce20,ce20,ce20,bi200,ce20,bi200,ce20,ce20
fever:181871,ce20,ce20,bm25,bm25,bm25,ce20,ce100,bm25,ce20,bm25
fever:181873,ce20,bm25,ce20,ce20,ce20,ce20,ce20,ce20,ce20,ce20
fever:181880,ce20,bm25,bm25,bm25,ce20,ce20,bm25,ce20,ce20,bm25
fever:181881,bm25,ce100,bm25,bm25,bm25,ce100,bi200,ce20,ce20,bi200
fever:181882,ce20,ce20,bm25,bm25,bm25,ce100,bi200,ce100,ce20,bm25
fever:181883,ce20,ce20,bm25,ce20,ce20,bi200,bi200,bi200,ce100,bm25
fever:181884,ce20,ce20,ce20,ce20,bm25,ce20,bi200,bm25,ce20,ce20
fever:18197,bm25,bm25,bm25,bm25,bm25,bi200,bm25,hybrid,bi200,ce20
fever:181976,bm25,ce20,bm25,bm25,ce20,ce100,bi200,bm25,bm25,bm25
fever:181978,bm25,ce20,bm25,bm25,ce20,ce20,bi200,ce20,ce20,hybrid
fever:181980,bm25,ce20,bm25,bm25,ce20,ce100,bi200,bm25,bm25,bm25
fever:181982,ce20,ce20,ce100,bm25,ce20,ce100,bi200,ce20,ce100,ce100
fever:181983,bm25,ce20,bm25,bm25,ce20,ce100,bi200,ce20,ce20,bi200
fever:181986,ce100,ce20,ce20,bm25,ce20,ce20,ce100,ce20,ce100,hybrid
fever:181992,bm25,ce20,bm25,bm25,ce20,ce20,bi200,ce20,bm25,bm25
fever:181994,ce20,ce20,bm25,bm25,ce20,ce100,bi200,ce20,bm25,bm25
fever:182032,ce20,ce100,bm25,ce100,ce20,hybrid,hybrid,hybrid,hybrid,hybrid
fever:182033,ce20,ce20,bm25,ce100,ce100,ce100,bi200,ce20,bm25,bi200
fever:182034,ce20,ce20,bm25,ce20,ce20,bi200,bi200,bi200,ce20,bm25
fever:182035,ce100,bm25,ce100,ce20,ce20,bi200,hybrid,hybrid,ce20,hybrid
fever:182036,ce20,ce20,ce20,ce20,ce20,ce20,hybrid,hybrid,ce100,bm25
fever:182039,ce20,ce100,ce20,bm25,ce100,hybrid,ce100,ce20,ce100,hybrid
fever:182040,ce20,ce100,ce100,ce100,ce20,bi200,hybrid,ce100,ce20,hybrid
fever:182041,ce20,ce100,ce100,ce100,ce100,ce20,ce100,ce100,ce100,bi200
fever:182042,ce100,ce20,bm25,ce20,ce20,ce100,hybrid,ce100,ce100,ce20
fever:182043,ce100,ce100,ce100,ce100,ce100,ce100,ce100,hybrid,ce100,ce100
fever:182044,ce20,ce20,bm25,bm25,ce20,bi200,hybrid,hybrid,ce20,ce20
fever:182051,ce20,ce20,bm25,ce100,ce20,ce100,hybrid,ce20,ce20,bi200
fever:18222,ce100,ce20,bm25,bm25,ce20,hybrid,ce100,hybrid,hybrid,hybrid
fever:182267,ce20,ce20,ce20,bm25,ce20,ce20,ce100,hybrid,hybrid,ce20
fever:182268,ce100,ce100,ce100,bm25,ce100,ce100,hybrid,ce100,hybrid,hybrid
fever:182269,ce20,ce20,ce20,bm25,ce20,ce20,bi200,hybrid,bi200,hybrid
fever:182271,ce100,ce100,ce100,bm25,ce100,ce100,hybrid,hybrid,hybrid,ce20
fever:182272,ce20,ce20,bm25,bm25,ce20,ce20,bm25,hybrid,bm25,hybrid
fever:182274,bm25,ce20,ce20,bm25,ce20,ce20,hybrid,hybrid,hybrid,hybrid
fever:182276,ce20,ce20,ce100,bm25,ce20,ce20,bm25,hybrid,hybrid,hybrid
fever:182278,ce20,ce20,ce100,bm25,ce20,ce20,ce20,ce100,ce100,hybrid
fever:182279,ce20,ce20,bm25,bm25,ce20,ce20,hybrid,hybrid,hybrid,hybrid
fever:182281,bm25,ce20,bm25,bm25,ce20,ce20,ce20,hybrid,bi200,hybrid
fever:182282,ce100,ce100,ce100,bm25,ce20,ce20,ce20,ce20,ce100,ce100
fever:182283,ce20,ce100,ce100,bm25,bm25,ce20,hybrid,hybrid,hybrid,hybrid
fever:182286,bm25,ce20,bm25,bm25,bm25,ce20,ce20,bm25,bm25,bi200
fever:182288,ce20,ce20,ce100,bm25,ce20,ce20,hybrid,ce20,hybrid,hybrid
fever:182442,bm25,ce20,bm25,bm25,ce20,ce100,bi200,bm25,bi200,bi200
fever:182443,bm25,ce20,ce20,bm25,bm25,ce100,bi200,bm25,bm25,bi200
fever:182445,bm25,ce100,ce100,bm25,bm25,ce100,bi200,bm25,hybrid,ce100
fever:182447,bm25,ce20,bm25,bm25,bm25,ce100,bi200,bm25,hybrid,bi200
fever:182454,bm25,ce100,ce20,bm25,ce100,ce100,bi200,bi200,bm25,bi200
fever:182456,bm25,ce100,bm25,bm25,ce100,ce100,bi200,bm25,bi200,bi200
fever:182675,ce20,ce20,ce20,ce20,bm25,ce20,ce20,ce20,bm25,bm25
fever:182676,ce20,ce20,bm25,bm25,bm25,ce20,ce20,hybrid,bm25,bm25
fever:182679,bm25,ce20,bm25,bm25,ce20,ce20,bm25,ce20,bm25,bm25
fever:182680,bm25,bm25,bm25,bm25,ce20,bm25,ce20,ce20,bm25,bm25
fever:182685,ce20,bm25,bm25,ce20,bm25,ce20,ce20,ce20,bm25,bm25
fever:182686,bm25,ce20,ce20,bm25,ce20,ce20,ce20,bi200,ce20,ce20
fever:182687,bm25,bm25,bm25,bm25,ce20,ce20,ce20,bm25,ce20,ce20
fever:182689,bm25,bm25,bm25,bm25,ce20,ce20,ce20,ce20,ce20,hybrid
fever:182700,bm25,bm25,bm25,bm25,bm25,bm25,bm25,ce20,bm25,bm25
fever:182701,bm25,bm25,bm25,bm25,bm25,bm25,bm25,ce20,bm25,bm25
fever:182705,bm25,ce100,ce100,ce20,ce100,ce20,ce20,bi200,ce20,bm25
fever:182902,bm25,ce20,bm25,bm25,bm25,bm25,bm25,hybrid,ce20,ce20
fever:182904,bm25,ce20,bm25,bm25,bm25,bm25,bm25,bi200,hybrid,ce20
fever:182906,bm25,bm25,bm25,bm25,bm25,bm25,bm25,bm25,ce20,bm25
fever:182907,bm25,bm25,bm25,bm25,bm25,bm25,bm25,bm25,hybrid,bm25
fever:182908,bm25,ce20,bm25,bm25,ce20,bi200,bm25,hybrid,hybrid,hybrid
fever:182909,bm25,ce20,bm25,bm25,bm25,bi200,bi200,bi200,hybrid,ce20
fever:182911,bm25,ce20,bm25,bm25,bm25,bm25,bm25,bm25,ce20,ce20
fever:182913,ce20,bm25,bm25,bm25,ce20,hybrid,bm25,hybrid,hybrid,hybrid
fever:182914,bm25,bm25,bm25,bm25,bm25,bm25,bm25,hybrid,bm25,bm25
fever:182915,bm25,bm25,bm25,bm25,bm25,bm25,bm25,ce20,ce20,ce20
fever:182917,bm25,ce100,bm25,bm25,bm25,bm25,bm25,bi200,ce20,ce20
fever:182918,bm25,bm25,bm25,bm25,bm25,bm25,bm25,bm25,ce20,ce20
fever:182919,bm25,ce20,bm25,bm25,bm25,bm25,bm25,bm25,ce20,ce20
fever:182920,bm25,bm25,bm25,bm25,bm25,bm25,bm25,bm25,ce20,bi200
fever:182923,bm25,bm25,bm25,bm25,bm25,bm25,bm25,bm25,ce20,bi200
fever:182926,bm25,bm25,bm25,bm25,bm25,bm25,bm25,ce100,ce20,ce100
fever:182928,bm25,ce20,bm25,bm25,bm25,bm25,bm25,ce100,ce20,ce20
fever:182930,bm25,ce20,bm25,bm25,ce100,bi200,bi200,hybrid,hybrid,hybrid
fever:182931,bm25,bm25,bm25,bm25,bm25,bm25,bm25,bm25,ce20,ce20
fever:182933,bm25,bm25,bm25,bm25,bm25,ce20,bm25,bm25,ce20,ce20
fever:182934,bm25,ce20,bm25,bm25,bm25,bm25,bm25,hybrid,ce20,ce20
fever:182936,bm25,ce20,bm25,bm25,bm25,hybrid,bm25,bi200,hybrid,ce20
fever:18294,ce20,ce20,ce20,bm25,ce100,ce20,bi200,bi200,bi200,hybrid
fever:18295,ce20,ce20,ce20,bm25,ce100,ce20,bi200,bi200,bi200,hybrid
fever:1830,ce100,bm25,ce20,ce20,ce20,hybrid,bi200,hybrid,ce100,hybrid
fever:1831,ce100,ce100,ce100,ce100,ce100,ce20,bi200,ce100,ce100,bi200
fever:183127,ce20,ce100,bm25,bm25,bm25,ce100,bm25,hybrid,hybrid,hybrid
fever:183134,ce20,ce100,bm25,bm25,ce100,ce100,bm25,hybrid,ce20,bm25
fever:183138,ce20,ce100,ce100,bm25,ce100,ce100,bm25,hybrid,hybrid,hybrid
fever:183139,ce20,ce100,bm25,bm25,ce100,ce100,bm25,hybrid,ce20,hybrid
fever:183143,ce20,ce100,bm25,bm25,ce100,ce100,bm25,hybrid,ce20,ce20
fever:183152,ce20,ce100,bm25,bm25,ce100,ce100,bm25,bi200,ce20,ce20
fever:18316,bm25,ce20,bm25,bm25,bm25,hybrid,bm25,bm25,bm25,bi200
fever:18333,bm25,bm25,bm25,bm25,bm25,bm25,bm25,hybrid,ce20,bm25
fever:183404,bm25,bm25,bm25,bm25,bm25,bi200,bm25,hybrid,ce20,bm25
fever:183405,bm25,bm25,bm25,bm25,bm25,hybrid,bm25,hybrid,bm25,bm25
fever:183411,bm25,bm25,bm25,bm25,bm25,bm25,bm25,bi200,ce20,bm25
fever:183415,bm25,bm25,bm25,ce20,bm25,bi200,bm25,hybrid,ce20,bm25
fever:183416,bm25,bm25,bm25,bm25,bm25,bm25,bm25,bi200,bm25,bm25
fever:183417,bm25,bm25,bm25,ce20,bm25,bm25,bm25,bi200,bm25,bm25
fever:183418,bm25,bm25,bm25,bm25,bm25,hybrid,bm25,hybrid,bm25,bm25
fever:183419,bm25,bm25,bm25,bm25,bm25,bm25,bm25,bi200,ce20,bm25
fever:183420,bm25,bm25,bm25,bm25,bm25,bm25,bm25,bi200,ce20,bm25
fever:183423,bm25,bm25,bm25,bm25,bm25,bm25,bm25,hybrid,bm25,bm25
fever:183447,bm25,ce20,ce20,ce20,ce100,bi200,hybrid,hybrid,hybrid,bm25
fever:183448,ce20,ce100,ce20,ce20,ce100,hybrid,hybrid,hybrid,hybrid,bi200
fever:183450,bm25,ce20,ce100,bm25,ce100,bi200,bi200,ce20,hybrid,bm25
fever:183452,bm25,ce20,ce20,bm25,ce20,ce20,ce100,bm25,hybrid,ce20
fever:183453,bm25,bm25,ce20,ce20,ce20,ce20,bm25,bm25,hybrid,bm25
fever:183456,bm25,ce20,ce100,bm25,ce20,hybrid,bi200,hybrid,hybrid,bm25
fever:183458,bm25,ce20,ce100,bm25,ce100,bi200,bi200,ce20,hybrid,bm25
fever:183459,bm25,ce20,ce20,ce20,ce100,bi200,bi200,hybrid,hybrid,bm25
fever:18346,bm25,bm25,bm25,bm25,bm25,bm25,bm25,ce20,bi200,bm25
fever:183460,bm25,ce20,ce100,bm25,ce20,bi200,bi200,ce20,hybrid,ce20
fever:183461,bm25,ce20,ce20,bm25,ce20,bi200,bi200,bm25,hybrid,ce20
fever:183462,bm25,ce20,ce20,ce20,ce100,hybrid,bi200,bm25,hybrid,ce100
fever:183463,bm25,ce20,ce100,bm25,ce100,bi200,bi200,ce20,hybrid,ce20
fever:183464,bm25,ce20,ce100,bm25,ce100,bi200,bi200,hybrid,hybrid,ce20
fever:183468,bm25,ce20,ce100,ce20,ce100,bi200,bi200,ce20,hybrid,ce20
fever:183469,bm25,ce20,ce20,ce20,ce100,ce20,ce100,hybrid,hybrid,ce20
fever:183470,bm25,ce20,ce100,bm25,ce100,bi200,bi200,ce20,hybrid,ce20
fever:183473,bm25,ce20,ce100,bm25,ce100,bi200,bi200,ce20,hybrid,bm25
fever:183476,ce20,ce20,bm25,ce20,ce100,ce20,ce100,ce100,ce20,ce20
fever:183478,ce20,bm25,ce20,ce20,bm25,ce20,bi200,ce20,ce20,ce20
fever:183481,ce20,ce20,ce20,ce20,ce20,bm25,bm25,hybrid,ce20,ce20
fever:183482,ce20,ce20,bm25,ce100,ce20,bm25,ce100,bi200,ce20,hybrid
fever:183487,ce20,ce20,ce20,ce20,ce100,ce20,ce100,ce100,ce20,ce20
fever:183489,bm25,bm25,ce20,bm25,ce20,ce20,bm25,ce20,ce20,bm25
fever:183491,bm25,bm25,ce20,ce20,ce20,ce20,ce100,ce20,ce20,bm25
fever:183492,ce20,bm25,ce20,ce20,ce20,ce20,ce20,hybrid,ce20,ce100
fever:183496,ce20,ce20,ce20,ce20,ce20,ce20,ce100,ce20,ce20,ce20
fever:183498,bm25,bm25,ce20,ce20,ce100,ce20,ce100,ce100,ce20,ce20
fever:183502,ce20,ce100,ce100,ce20,ce100,ce20,ce100,ce20,ce20,ce20
fever:183506,ce20,bm25,ce20,ce20,ce20,ce20,bm25,hybrid,ce20,ce100
fever:183507,ce20,bm25,bm25,ce100,ce20,bm25,ce100,bi200,ce20,ce20
fever:18355,ce20,ce20,ce20,bm25,bm25,bi200,hybrid,hybrid,hybrid,bi200
fever:183583,bm25,bm25,bm25,bm25,bm25,bm25,ce100,bm25,ce20,bm25
fever:183586,ce20,ce20,ce100,ce100,ce20,ce20,bi200,bi200,ce20,hybrid
fever:183587,bm25,bm25,bm25,bm25,ce20,bm25,ce100,ce20,ce20,ce20
fever:183588,bm25,ce20,bm25,ce100,ce20,ce20,bi200,ce20,ce20,bm25
fever:183589,ce20,ce20,ce100,ce100,ce20,ce20,bi200,bi200,ce20,hybrid
fever:183593,ce100,ce20,ce20,ce100,ce20,ce20,bi200,hybrid,bi200,hybrid
fever:183594,ce100,ce20,bm25,bm25,ce20,ce20,ce100,ce20,ce20,bm25
fever:183597,bm25,ce20,bm25,ce20,ce20,ce20,bi200,ce100,ce20,ce100
fever:183611,ce20,ce20,ce20,ce100,ce20,ce20,ce100,ce100,ce20,ce20
fever:183614,bm25,ce100,ce20,ce20,ce20,ce20,bm25,ce20,ce20,bm25
fever:183615,ce20,ce20,ce20,ce20,ce20,ce20,ce100,ce20,ce20,ce20
fever:183618,ce100,ce20,bm25,bm25,ce20,ce20,ce100,ce20,ce20,bm25
fever:183619,ce20,bm25,bm25,ce20,ce20,ce20,ce100,hybrid,hybrid,hybrid
fever:183620,ce20,bm25,bm25,bm25,ce20,ce20,hybrid,ce20,hybrid,bm25
fever:183623,bm25,bm25,bm25,ce20,bm25,ce20,ce100,ce20,ce20,ce20
fever:183624,ce20,bm25,bm25,bm25,ce20,ce20,hybrid,ce20,hybrid,bm25
fever:183627,ce20,bm25,ce20,ce100,ce20,ce20,bi200,ce20,ce100,ce20
fever:183628,ce20,bm25,bm25,ce20,ce20,ce20,ce100,hybrid,hybrid,hybrid
fever:183629,ce20,bm25,bm25,ce20,ce20,ce20,ce100,hybrid,hybrid,hybrid
fever:183631,ce20,bm25,bm25,bm25,ce20,ce20,hybrid,ce20,hybrid,bm25
fever:183633,bm25,ce20,ce20,ce20,ce20,ce20,bi200,ce20,ce100,bm25
fever:183915,bm25,ce20,bm25,ce20,bm25,ce100,ce100,hybrid,ce20,bm25
fever:183917,bm25,ce20,bm25,ce20,bm25,ce20,ce20,bm25,hybrid,bi200
fever:183918,ce20,bm25,bm25,ce20,ce20,bi200,ce100,hybrid,ce20,bm25
fever:183925,ce20,ce20,bm25,ce20,ce20,ce20,ce20,ce100,ce20,ce20
fever:183926,ce100,ce20,bm25,ce20,ce20,ce20,ce100,ce20,ce20,ce20
fever:183929,ce20,ce20,bm25,ce20,ce20,bi200,bm25,bm25,ce20,ce20
fever:183932,ce100,bm25,ce100,ce20,ce20,ce100,hybrid,ce100,ce20,hybrid
fever:183934,ce20,ce20,bm25,ce20,ce20,bi200,ce20,bi200,ce20,ce20
fever:183935,ce20,ce20,bm25,ce20,bm25,ce20,ce100,bm25,ce20,ce20
fever:183937,bm25,bm25,bm25,ce20,ce20,bi200,ce100,hybrid,ce20,hybrid
fever:183938,bm25,ce20,bm25,bm25,ce20,ce20,ce100,hybrid,bm25,ce20
fever:18397,ce100,ce100,ce20,ce100,ce100,bi200,ce100,bi200,ce100,bi200
fever:184049,bm25,ce20,ce20,bm25,ce20,ce20,bm25,ce20,ce20,ce20
fever:184050,bm25,ce20,ce20,bm25,ce20,ce20,ce20,bm25,ce20,ce20
fever:184052,bm25,ce20,bm25,bm25,bm25,ce20,bm25,ce20,ce20,bm25
fever:184054,bm25,ce20,ce20,bm25,ce20,ce20,ce100,ce20,ce20,ce20
fever:184059,bm25,bm25,bm25,ce20,bm25,ce20,bm25,ce20,bm25,bm25
fever:184060,bm25,ce20,ce20,bm25,bm25,ce20,ce20,bm25,ce20,ce20
fever:184064,bm25,ce20,ce20,ce20,ce20,ce20,ce20,hybrid,bm25,bm25
fever:184066,bm25,ce20,bm25,ce20,ce20,ce20,ce20,ce20,bm25,ce20
fever:184067,bm25,bm25,bm25,ce20,bm25,ce20,bm25,ce20,bm25,bm25
fever:184069,bm25,ce20,ce20,bm25,ce20,ce20,ce20,ce20,ce20,bm25
fever:184071,ce20,ce20,bm25,ce20,bm25,ce20,ce20,ce20,bm25,bm25
fever:184073,bm25,bm25,bm25,bm25,bm25,ce20,ce100,ce20,ce20,bm25
fever:184076,bm25,ce20,ce20,ce20,ce20,ce20,ce20,ce20,ce20,ce20
fever:184078,bm25,ce20,ce20,ce20,ce20,ce20,ce20,ce20,ce20,ce20
fever:184081,bm25,ce20,bm25,ce20,ce20,bm25,bm25,hybrid,hybrid,ce20
fever:184083,bm25,bm25,ce20,ce20,ce20,ce20,ce20,ce20,bm25,ce20
fever:184085,bm25,bm25,bm25,ce20,ce20,bm25,bm25,hybrid,hybrid,hybrid
fever:184089,bm25,bm25,bm25,ce20,bm25,bm25,bm25,ce20,ce20,bm25
fever:184091,bm25,bm25,ce20,ce20,ce20,ce20,ce20,ce20,bm25,ce20
fever:184093,bm25,bm25,ce20,ce20,ce20,ce20,ce20,ce20,ce20,ce20
fever:184094,bm25,bm25,ce20,bm25,ce20,ce20,bm25,ce20,ce20,ce20
fever:184095,bm25,ce20,bm25,bm25,bm25,bm25,bm25,hybrid,hybrid,hybrid
fever:184098,bm25,ce20,ce20,ce20,ce20,ce20,ce20,bm25,ce20,ce20
fever:184099,bm25,bm25,ce20,ce20,ce20,ce20,ce20,ce20,hybrid,ce20
fever:184100,bm25,bm25,bm25,ce20,ce20,bm25,bm25,hybrid,hybrid,hybrid
fever:184101,bm25,ce20,bm25,ce20,ce20,bm25,bm25,hybrid,hybrid,hybrid
fever:184102,bm25,bm25,bm25,ce20,ce20,bm25,bm25,hybrid,hybrid,hybrid
fever:184106,bm25,bm25,bm25,ce20,bm25,bm25,bm25,hybrid,bm25,ce20
fever:184285,ce20,ce20,ce100,bm25,ce20,bi200,bm25,ce20,ce100,hybrid
fever:184287,ce20,ce20,bm25,ce20,ce20,ce20,bm25,ce100,ce100,ce100
fever:184290,ce100,ce20,bm25,bm25,bm25,ce100,ce20,bm25,ce20,hybrid
fever:184291,ce20,ce20,ce100,bm25,ce20,ce100,ce100,ce20,ce20,bi200
fever:184292,ce20,ce20,ce20,ce20,ce20,ce100,ce20,ce20,ce20,ce100
fever:184293,ce20,bm25,bm25,bm25,ce100,ce20,bm25,bm25,ce20,hybrid
fever:184294,ce20,ce20,ce100,bm25,ce20,ce100,ce20,ce100,ce100,ce100
fever:184295,ce100,ce20,ce100,ce100,ce100,ce100,ce100,hybrid,bi200,bi200
fever:184296,ce20,ce20,ce20,bm25,ce20,ce100,ce100,ce20,ce20,ce20
fever:184303,ce20,ce20,ce20,bm25,bm25,ce20,bm25,bm25,ce20,bm25
fever:184304,bm25,ce20,bm25,bm25,bm25,ce20,ce20,bm25,ce20,bm25
fever:184307,ce20,ce20,ce20,ce20,ce20,bi200,bm25,bm25,ce20,bi200
fever:184308,ce20,ce20,ce100,bm25,ce20,ce100,ce100,ce100,ce20,bi200
fever:184310,ce100,ce20,ce100,bm25,ce20,ce100,ce100,ce20,ce100,ce100
fever:184413,bm25,bm25,bm25,bm25,bm25,ce20,bm25,bm25,hybrid,bm25
fever:184415,ce20,bm25,bm25,bm25,bm25,ce20,bm25,bi200,ce20,bi200
fever:184418,bm25,bm25,bm25,bm25,bm25,ce20,bm25,bm25,hybrid,bm25
fever:184420,bm25,bm25,bm25,bm25,bm25,bm25,bm25,bm25,bm25,bm25
fever:184421,ce100,bm25,ce20,ce20,ce20,ce20,ce100,ce20,ce20,bi200
fever:184426,ce20,ce20,ce20,bm25,ce20,bi200,ce100,bi200,bm25,bm25
fever:18443,ce100,ce20,bm25,bm25,ce100,bi200,ce100,bi200,bi200,ce20
fever:184430,bm25,bm25,bm25,bm25,bm25,ce20,bm25,bm25,ce20,bi200
fever:184431,ce20,bm25,ce20,ce20,ce20,ce20,ce100,ce100,ce100,bi200
fever:184432,ce20,bm25,bm25,bm25,ce20,ce20,bm25,hybrid,bm25,bm25
fever:184433,bm25,bm25,bm25,bm25,bm25,ce20,bm25,bi200,ce20,bi200
fever:18464,ce100,bm25,bm25,bm25,ce20,ce100,ce100,ce20,ce20,ce20
fever:18477,bm25,bm25,bm25,ce20,ce20,bm25,bm25,bm25,ce20,bm25
fever:18481,ce20,ce20,bm25,ce20,ce100,ce100,ce100,hybrid,hybrid,hybrid
fever:18483,bm25,ce100,ce100,ce100,ce20,ce20,bi200,ce20,ce100,bi200
fever:18487,ce100,ce100,bm25,ce100,ce100,hybrid,bi200,hybrid,bi200,bi200
fever:18496,bm25,ce20,ce20,bm25,ce100,bi200,bm25,bm25,bi200,ce100
fever:18497,bm25,ce20,ce100,bm25,ce100,bi200,bm25,bi200,bi200,bi200
fever:18507,ce100,ce20,ce20,ce20,ce20,ce20,bi200,ce20,hybrid,hybrid
fever:185167,ce100,ce100,ce100,ce100,ce100,ce100,ce100,hybrid,ce20,hybrid
fever:185168,bm25,bm25,bm25,bm25,ce20,bi200,bm25,ce100,ce100,ce100
fever:185169,ce100,ce20,ce20,bm25,ce20,bi200,bi200,bi200,bi200,hybrid
fever:185172,ce100,ce20,ce20,bm25,ce20,bi200,bi200,bi200,bi200,hybrid
fever:185173,bm25,ce100,ce20,ce20,ce20,ce100,ce100,ce100,ce20,ce20
fever:185174,ce100,ce20,ce20,bm25,ce20,bi200,bi200,bi200,ce20,hybrid
fever:185177,ce100,ce100,ce20,ce100,ce20,ce100,ce100,ce100,ce100,ce100
fever:185178,ce100,ce20,ce20,bm25,ce20,bi200,bi200,bi200,bi200,hybrid
fever:185180,ce20,ce20,ce20,bm25,ce20,bi200,bi200,bi200,bi200,bi200
fever:185182,ce100,ce100,ce100,ce100,ce100,ce100,ce100,bi200,ce20,ce100
fever:185184,ce20,ce20,ce20,bm25,ce20,bi200,bi200,bi200,bi200,hybrid
fever:185188,bm25,ce100,ce20,ce20,ce20,ce100,ce100,ce100,ce20,ce20
fever:185192,ce20,ce20,ce20,bm25,ce20,bi200,ce20,ce20,ce20,bm25
fever:185193,ce20,bm25,bm25,ce100,ce20,bi200,hybrid,hybrid,hybrid,bm25
fever:185194,ce20,ce100,bm25,ce20,ce100,ce100,hybrid,ce100,hybrid,ce20
fever:185201,ce20,ce100,bm25,ce100,ce20,bi200,hybrid,hybrid,hybrid,bm25
fever:185202,ce20,ce100,ce20,ce100,ce100,ce20,ce100,ce100,hybrid,ce20
fever:185205,ce20,ce100,bm25,bm25,ce100,ce100,ce100,ce100,ce20,bm25
fever:185206,ce20,ce100,bm25,bm25,ce100,ce20,ce100,bi200,hybrid,bm25
fever:185212,ce20,ce100,bm25,bm25,ce20,ce100,ce100,ce100,ce20,ce20
fever:185213,ce20,ce20,ce20,bm25,ce20,ce20,hybrid,ce100,ce20,ce20
fever:185214,ce20,ce100,bm25,ce100,ce20,ce100,ce100,hybrid,hybrid,hybrid
fever:185215,ce20,ce20,bm25,bm25,ce20,bi200,ce20,ce100,ce20,bm25
fever:185217,ce20,ce100,ce20,ce100,ce100,ce20,ce100,ce100,hybrid,ce20
fever:185218,ce20,ce100,bm25,bm25,ce20,ce20,hybrid,hybrid,hybrid,bm25
fever:185220,ce20,ce100,ce20,bm25,ce100,ce20,ce100,ce100,hybrid,hybrid
fever:185228,ce20,ce20,bm25,bm25,ce20,bm25,ce100,hybrid,hybrid,hybrid
fever:18523,ce20,ce20,ce20,bm25,ce100,bi200,ce100,bi200,ce20,ce20
fever:185231,ce20,ce100,bm25,ce20,ce20,ce100,ce100,ce100,hybrid,hybrid
fever:185234,ce20,ce100,ce20,bm25,ce20,ce20,ce100,ce100,ce20,ce20
fever:18524,bm25,bm25,ce20,bm25,ce20,bi200,ce100,bi200,ce20,ce20
fever:185284,bm25,bm25,ce20,bm25,bm25,ce20,ce20,hybrid,bm25,ce20
fever:185287,bm25,ce20,ce20,bm25,ce20,ce20,ce20,ce20,ce20,ce20
fever:185288,bm25,bm25,ce20,bm25,ce20,ce20,ce20,hybrid,bm25,ce20
fever:185289,bm25,bm25,bm25,bm25,bm25,ce20,ce20,ce20,ce20,ce20
fever:185296,bm25,bm25,bm25,bm25,bm25,ce20,ce20,ce20,ce20,ce20
fever:185300,bm25,bm25,bm25,bm25,bm25,ce20,bm25,ce20,ce20,ce20
fever:185301,ce20,ce20,ce20,bm25,ce20,bm25,bm25,hybrid,ce20,bm25
fever:185303,bm25,bm25,bm25,bm25,bm25,bm25,bm25,ce20,ce20,ce20
fever:185310,bm25,bm25,ce20,bm25,ce20,ce20,bm25,ce20,ce20,ce20
fever:185382,ce100,ce20,bm25,ce100,bm25,ce20,ce100,ce20,ce100,bi200
fever:185384,ce20,bm25,bm25,bm25,ce20,bi200,bi200,ce20,ce20,bm25
fever:185385,ce20,ce20,bm25,ce20,ce20,bi200,hybrid,ce20,ce20,hybrid
fever:185388,ce20,ce100,ce100,bm25,ce100,ce20,ce100,bi200,bi200,ce20
fever:185389,ce20,ce100,ce100,bm25,ce100,ce20,ce20,ce20,ce20,bi200
fever:185390,ce100,ce100,ce100,ce100,ce100,ce100,ce100,ce100,ce20,bi200
fever:185396,ce20,bm25,bm25,bm25,ce20,bi200,bi200,ce20,ce20,bm25
fever:185402,ce20,bm25,ce100,bm25,ce100,hybrid,hybrid,hybrid,ce100,bm25
fever:185405,ce20,bm25,ce100,bm25,ce100,hybrid,hybrid,hybrid,ce100,bm25
fever:185406,ce100,ce100,ce100,ce100,ce100,ce100,hybrid,ce100,ce20,bi200
fever:185407,ce100,bm25,bm25,ce100,bm25,ce20,ce100,ce20,ce100,bi200
fever:185408,ce20,ce20,bm25,ce20,ce20,bi200,bi200,ce20,ce20,bm25
fever:185411,ce100,ce100,ce100,ce100,ce100,bm25,ce100,ce20,ce100,ce100
fever:185412,ce20,ce20,bm25,ce20,ce100,ce20,ce20,hybrid,bi200,bi200
fever:185413,ce20,bm25,bm25,bm25,ce20,bi200,bi200,ce20,ce20,bm25
fever:185415,ce20,ce20,bm25,bm25,ce20,bi200,bi200,ce20,ce20,bm25
fever:185416,ce100,ce100,ce100,ce100,ce100,ce20,bi200,ce100,ce100,bi200
fever:185417,ce20,bm25,bm25,ce20,ce20,bi200,bi200,hybrid,ce100,bi200
fever:185418,ce20,ce100,ce100,bm25,ce100,ce20,ce100,bi200,bi200,bi200
fever:18542,ce20,bm25,ce100,bm25,ce20,ce100,ce100,ce20,ce20,ce20
fever:185422,ce20,ce20,bm25,bm25,ce20,bi200,bi200,ce100,ce20,bm25
fever:185423,ce100,ce100,ce100,ce100,ce100,ce20,bi200,ce100,ce100,bi200
fever:185424,ce20,ce20,bm25,ce20,bm25,ce100,bm25,hybrid,bm25,bi200
fever:185426,ce100,ce100,bm25,ce20,bm25,ce100,bi200,ce20,ce20,bi200
fever:185429,ce20,bm25,ce100,bm25,ce100,hybrid,hybrid,hybrid,ce100,bm25
fever:18565,ce20,bm25,ce20,ce20,ce20,hybrid,hybrid,bm25,ce20,bi200
fever:185726,ce20,ce20,ce20,bm25,ce20,ce20,bm25,ce100,ce20,bm25
fever:185727,ce20,ce100,bm25,bm25,ce100,bi200,ce100,ce20,hybrid,bi200
fever:185729,ce20,ce20,ce20,bm25,bm25,hybrid,bm25,hybrid,ce20,bi200
fever:185733,bm25,bm25,bm25,bm25,bm25,hybrid,bm25,bm25,bm25,bm25
fever:185736,bm25,bm25,bm25,bm25,bm25,bi200,bm25,bm25,bm25,bm25
fever:18574,bm25,ce100,ce100,bm25,ce100,ce100,ce100,hybrid,ce20,hybrid
fever:185758,bm25,bm25,bm25,bm25,ce20,bm25,bm25,hybrid,bm25,ce20
fever:185766,bm25,bm25,bm25,bm25,ce20,bm25,bm25,hybrid,hybrid,ce20
fever:185772,ce20,bm25,bm25,bm25,bm25,bm25,bm25,hybrid,hybrid,ce20
fever:185776,bm25,bm25,bm25,bm25,ce20,bm25,bm25,hybrid,hybrid,ce20
fever:185777,bm25,bm25,bm25,bm25,ce20,bm25,bm25,hybrid,hybrid,ce20
fever:185783,bm25,bm25,bm25,bm25,bm25,bm25,bm25,hybrid,bm25,ce20
fever:185784,ce20,bm25,ce20,bm25,ce20,hybrid,hybrid,hybrid,hybrid,ce20
fever:185786,bm25,bm25,bm25,bm25,bm25,bm25,bm25,hybrid,bm25,hybrid
fever:18589,bm25,bm25,bm25,bm25,bm25,bm25,bm25,bm25,ce20,bm25
fever:18590,ce20,bm25,bm25,bm25,bm25,bm25,bm25,bm25,ce20,bm25
fever:185991,bm25,bm25,bm25,bm25,bm25,bm25,bm25,hybrid,hybrid,bm25
fever:185999,bm25,bm25,bm25,bm25,bm25,bm25,bm25,hybrid,hybrid,bm25
fever:186003,bm25,bm25,bm25,bm25,ce20,ce20,hybrid,bm25,ce20,ce20
fever:186004,bm25,bm25,bm25,bm25,ce20,ce20,hybrid,bi200,ce20,ce20
fever:186005,bm25,bm25,ce20,bm25,ce20,ce20,ce100,hybrid,ce20,ce20
fever:186008,bm25,bm25,bm25,bm25,bm25,bm25,bm25,hybrid,ce20,bm25
fever:18614,bm25,ce20,ce20,bm25,ce20,ce20,ce20,ce20,ce20,ce20
fever:18623,bm25,bm25,ce100,bm25,bm25,bm25,ce100,bm25,ce20,bm25
fever:186318,ce20,ce20,ce20,bm25,bm25,bi200,bi200,bi200,bi200,bm25
fever:186320,ce100,ce100,ce20,ce20,ce20,ce20,hybrid,ce100,ce20,bi200
fever:186323,ce100,ce100,bm25,bm25,ce20,bi200,hybrid,bi200,bm25,bi200
fever:186324,bm25,ce20,bm25,bm25,ce20,ce20,bm25,bm25,bm25,bi200
fever:186325,bm25,ce20,ce20,ce20,ce20,ce100,bm25,ce100,ce20,hybrid
fever:186326,bm25,ce100,bm25,bm25,ce20,ce100,bm25,bi200,ce20,hybrid
fever:186328,ce20,ce100,ce20,ce20,ce20,ce100,hybrid,ce100,ce20,bi200
fever:186335,ce100,ce100,ce100,ce20,ce100,ce100,bi200,ce100,ce20,bi200
fever:186588,bm25,ce20,bm25,bm25,ce20,bi200,bm25,ce20,bi200,hybrid
fever:186590,ce20,ce20,bm25,bm25,ce20,bi200,ce20,hybrid,hybrid,bi200
fever:186591,ce20,ce20,bm25,bm25,ce20,hybrid,bm25,ce20,bi200,hybrid
fever:186592,ce100,ce20,bm25,ce20,ce100,ce100,ce20,bi200,bm25,hybrid
fever:186595,bm25,ce20,bm25,bm25,bm25,bi200,bm25,ce20,bi200,hybrid
fever:186596,bm25,ce20,bm25,bm25,bm25,bi200,bm25,ce20,bi200,hybrid
fever:186597,bm25,ce20,bm25,bm25,bm25,bi200,bm25,ce20,bi200,hybrid
fever:186598,bm25,ce20,bm25,bm25,bm25,bi200,bm25,ce20,bi200,hybrid
fever:186599,bm25,ce20,bm25,bm25,bm25,hybrid,hybrid,bm25,hybrid,bi200
fever:186600,ce20,ce20,ce100,bm25,ce20,bi200,bm25,bm25,bi200,hybrid
fever:186602,bm25,ce20,bm25,bm25,bm25,bi200,bm25,ce20,bi200,hybrid
fever:186609,bm25,ce20,bm25,ce20,bm25,bi200,bm25,ce20,bm25,hybrid
fever:186610,ce100,ce20,ce100,bm25,ce100,bi200,ce20,hybrid,ce100,hybrid
fever:18665,ce20,ce100,ce20,bm25,ce20,ce20,bm25,ce20,bi200,bi200
fever:18666,bm25,ce20,ce20,bm25,bm25,ce20,bm25,bm25,bi200,bi200
fever:186871,bm25,bm25,bm25,bm25,bm25,ce100,bm25,ce20,bm25,bm25
fever:186874,bm25,bm25,bm25,bm25,bm25,ce100,bm25,bm25,ce20,ce20
fever:186876,bm25,bm25,bm25,bm25,bm25,ce100,bm25,bm25,bm25,bm25
fever:186879,bm25,bm25,bm25,bm25,bm25,ce100,bm25,ce20,bm25,bm25
fever:186882,bm25,bm25,bm25,bm25,bm25,ce100,bm25,ce20,ce20,ce20
fever:186884,bm25,bm25,bm25,bm25,bm25,ce100,bm25,ce20,bm25,bm25
fever:186920,bm25,ce100,ce100,ce100,ce100,ce100,bi200,hybrid,bi200,bi200
fever:186921,ce100,ce100,ce100,ce100,ce100,ce20,ce100,hybrid,bi200,bm25
fever:186924,ce100,ce20,ce100,ce20,ce20,hybrid,bi200,hybrid,bi200,hybrid
fever:186927,ce100,ce20,ce20,ce20,ce20,bi200,bi200,hybrid,bi200,bi200
fever:186928,bm25,bm25,bm25,bm25,ce20,bi200,bi200,bi200,bi200,bi200
fever:186929,bm25,bm25,ce20,bm25,ce20,bi200,bm25,bi200,bi200,bi200
fever:186932,bm25,ce100,bm25,ce100,ce20,bi200,bi200,hybrid,bi200,hybrid
fever:186938,bm25,ce20,ce100,ce20,ce100,bi200,bi200,hybrid,bi200,bi200
fever:186939,ce100,ce100,ce20,ce100,ce20,bi200,bi200,ce100,bi200,bi200
fever:186941,bm25,ce100,ce100,ce100,ce100,bi200,bi200,bi200,bi200,bi200
fever:186976,ce100,ce20,ce20,bm25,ce20,ce20,hybrid,hybrid,ce20,hybrid
fever:186977,ce100,ce20,ce20,bm25,ce20,bi200,hybrid,hybrid,hybrid,hybrid
fever:186978,ce20,ce100,ce100,ce100,ce100,ce100,hybrid,hybrid,hybrid,hybrid
fever:186979,ce20,ce20,ce100,ce100,ce100,ce100,ce100,hybrid,hybrid,hybrid
fever:186987,ce100,ce100,ce100,ce100,ce20,bi200,hybrid,hybrid,ce100,bi200
fever:186988,ce100,ce100,ce100,ce100,ce100,ce100,hybrid,ce20,hybrid,hybrid
fever:186990,ce100,ce20,bm25,bm25,ce20,bi200,bi200,hybrid,bi200,hybrid
fever:186994,ce100,ce100,ce100,bm25,ce100,bi200,hybrid,hybrid,bi200,bi200
fever:186995,ce100,bm25,bm25,bm25,ce100,bi200,hybrid,bi200,bi200,hybrid
fever:186996,ce20,ce100,ce100,ce100,ce100,ce100,hybrid,ce20,hybrid,hybrid
fever:186998,ce100,ce100,ce100,bm25,ce20,bi200,hybrid,hybrid,bi200,hybrid
fever:187000,ce100,ce100,ce20,bm25,ce20,bi200,hybrid,bi200,bi200,bi200
fever:18707,ce100,ce20,ce20,ce100,ce100,ce100,ce100,hybrid,ce100,hybrid
fever:18708,bm25,ce100,ce20,ce20,ce100,ce100,bm25,hybrid,hybrid,ce20
fever:187104,ce100,ce20,ce20,bm25,ce20,ce20,ce100,ce20,ce20,ce100
fever:187106,ce20,ce20,ce20,ce20,ce20,ce20,bm25,ce20,ce20,ce20
fever:187108,ce100,ce20,ce20,ce100,ce20,ce20,ce100,ce100,ce100,ce100
fever:187109,ce100,ce20,ce20,bm25,ce20,ce20,bm25,ce20,ce100,ce100
fever:187112,ce100,ce20,ce20,bm25,ce20,ce20,ce100,ce100,ce20,ce100
fever:187114,ce100,ce20,ce20,ce100,ce20,ce20,ce100,ce100,ce100,ce100
fever:187117,ce100,ce20,ce100,ce20,ce20,ce20,ce100,ce100,bi200,ce100
fever:187119,ce20,ce20,ce20,ce20,ce20,ce20,ce100,ce20,ce20,hybrid
fever:187120,ce100,ce20,ce20,ce20,ce20,ce20,ce20,ce20,ce100,ce20
fever:187122,ce20,ce20,ce20,ce20,ce20,ce20,ce100,ce20,ce20,ce20
fever:187207,ce20,ce20,bm25,bm25,ce20,ce20,ce20,ce20,bm25,bm25
fever:187208,ce20,ce20,bm25,bm25,ce20,ce20,bm25,ce20,bm25,bm25
fever:187209,ce20,bm25,ce20,bm25,ce20,ce20,ce100,ce20,bm25,bm25
fever:187212,ce20,ce20,ce20,bm25,ce20,ce20,ce20,ce20,bm25,bm25
fever:187213,ce20,bm25,bm25,bm25,ce20,bi200,bm25,ce20,bm25,bm25
fever:187216,ce20,bm25,bm25,bm25,ce20,bi200,ce20,hybrid,bm25,bm25
fever:187220,ce20,ce20,bm25,bm25,ce20,bi200,bm25,ce20,bm25,bm25
fever:187222,ce20,bm25,bm25,bm25,ce20,ce20,bm25,ce20,bm25,bm25
fever:187223,ce20,bm25,ce20,ce20,ce20,bm25,bi200,ce20,ce20,bm25
fever:18723,ce20,ce20,ce20,bm25,bm25,ce20,bm25,bm25,bm25,bi200
fever:187314,ce20,ce100,ce20,ce100,ce20,bi200,ce100,hybrid,hybrid,hybrid
fever:187315,bm25,ce100,ce100,bm25,ce100,hybrid,bi200,hybrid,hybrid,hybrid
fever:187318,ce20,ce100,ce100,ce100,ce20,bi200,ce100,hybrid,bi200,hybrid
fever:187321,ce20,bm25,bm25,bm25,bm25,bi200,bm25,hybrid,bi200,hybrid
fever:187323,ce20,ce100,ce20,ce100,ce100,bi200,ce100,hybrid,hybrid,hybrid
fever:187324,bm25,bm25,bm25,bm25,ce20,hybrid,bm25,bm25,bm25,bm25
fever:18736,ce20,bm25,bm25,bm25,bm25,bm25,bm25,hybrid,ce20,ce20
fever:187375,bm25,bm25,bm25,bm25,bm25,hybrid,bi200,ce20,bm25,bm25
fever:187378,bm25,bm25,bm25,bm25,bm25,bm25,bm25,hybrid,bm25,bm25
fever:187379,bm25,bm25,ce20,ce20,bm25,hybrid,hybrid,ce20,ce20,bm25
fever:187382,bm25,bm25,bm25,bm25,ce20,ce20,bi200,ce20,ce20,bm25
fever:187386,bm25,bm25,bm25,bm25,ce20,ce100,bi200,ce20,ce20,ce20
fever:187388,bm25,bm25,ce20,bm25,bm25,bi200,hybrid,ce20,ce20,bm25
fever:187390,bm25,bm25,bm25,bm25,bm25,bm25,bi200,hybrid,bm25,bm25
fever:187395,bm25,bm25,ce20,bm25,ce20,ce20,ce100,hybrid,bm25,bm25
fever:18752,ce20,ce20,bm25,bm25,ce20,ce20,ce100,ce20,bm25,ce20
fever:187537,bm25,ce20,ce20,bm25,ce20,ce100,ce100,ce20,ce20,ce100
fever:187541,bm25,bm25,bm25,bm25,ce100,ce20,bm25,ce20,bm25,bm25
fever:187546,bm25,bm25,bm25,bm25,ce20,ce20,ce20,bm25,ce20,ce20
fever:187552,bm25,bm25,bm25,ce100,ce20,ce20,ce100,hybrid,hybrid,ce20
fever:187555,ce20,ce20,ce100,ce100,ce20,ce100,ce100,ce20,ce100,ce20
fever:187556,bm25,bm25,bm25,ce20,ce20,ce100,bm25,ce20,bm25,bm25
fever:187557,ce20,ce20,bm25,ce20,ce20,ce20,bm25,hybrid,bm25,ce20
fever:187560,ce20,ce20,bm25,bm25,ce20,ce20,bm25,ce20,ce20,bm25
fever:187564,bm25,bm25,bm25,bm25,ce20,ce100,ce20,ce20,bm25,hybrid
fever:187565,bm25,bm25,bm25,bm25,ce20,ce20,ce20,ce20,bm25,bm25
fever:187566,bm25,bm25,bm25,ce20,ce20,ce20,bm25,ce20,bm25,bm25
fever:187567,ce100,ce20,ce100,ce20,ce20,hybrid,ce100,hybrid,ce100,hybrid
fever:187571,bm25,bm25,bm25,bm25,ce20,hybrid,bm25,ce20,bm25,hybrid
fever:187572,ce20,ce20,bm25,bm25,ce20,ce20,bm25,ce20,ce20,bm25
fever:187574,ce100,ce20,ce20,ce100,ce100,ce20,ce100,ce20,ce20,bm25
fever:187577,ce100,ce20,bm25,ce20,ce20,ce20,ce100,ce100,ce20,ce20
fever:187579,ce100,ce100,ce100,ce20,ce20,ce100,ce100,hybrid,ce20,hybrid
fever:187580,ce20,ce20,bm25,bm25,ce20,bm25,ce20,ce20,bm25,bm25
fever:18768,bm25,bm25,bm25,bm25,ce20,bi200,bm25,bm25,bm25,bm25
fever:187775,bm25,ce100,bm25,bm25,bm25,ce20,ce100,ce100,ce20,bi200
fever:187776,bm25,ce20,ce100,bm25,bm25,ce100,ce100,ce100,bm25,ce100
fever:187777,bm25,ce100,ce100,bm25,ce100,ce20,ce100,ce100,bm25,bi200
fever:187783,ce20,ce100,ce100,ce100,bm25,bi200,hybrid,ce100,ce20,hybrid
fever:187785,bm25,bm25,ce100,bm25,bm25,bm25,ce100,hybrid,ce20,ce20
fever:187788,bm25,ce20,bm25,bm25,ce100,ce20,hybrid,ce20,ce20,bi200
fever:187789,bm25,ce20,bm25,bm25,bm25,ce100,ce100,hybrid,bm25,ce20
fever:187791,bm25,ce20,bm25,bm25,bm25,ce100,ce20,ce20,bm25,bi200
fever:187792,bm25,ce100,ce100,bm25,ce100,bm25,bm25,hybrid,bm25,bi200
fever:187795,bm25,ce20,ce100,bm25,ce20,ce20,ce100,hybrid,bm25,ce20
fever:187796,bm25,ce20,ce20,bm25,ce100,bi200,hybrid,bi200,ce20,bm25
fever:187797,ce20,ce100,bm25,bm25,ce20,ce20,hybrid,hybrid,ce20,ce20
fever:187800,ce20,ce100,ce100,bm25,ce20,bm25,bi200,ce100,ce20,bi200
fever:18794,ce20,bm25,bm25,ce20,bm25,ce20,ce20,ce20,bm25,bm25
fever:188129,bm25,bm25,bm25,bm25,bm25,ce20,bm25,bm25,ce20,ce20
fever:188131,ce20,bm25,bm25,bm25,ce20,bm25,ce100,ce20,ce20,ce20
fever:188135,bm25,bm25,bm25,bm25,bm25,bi200,bm25,bm25,bm25,bm25
fever:188136,bm25,bm25,bm25,bm25,ce20,bm25,bm25,hybrid,ce20,bm25
fever:188140,bm25,bm25,bm25,bm25,bm25,bm25,bm25,hybrid,bm25,bm25
fever:188141,ce20,bm25,bm25,bm25,ce20,bm25,ce100,bi200,ce20,ce20
fever:188142,bm25,bm25,bm25,bm25,ce20,bm25,ce20,ce20,ce20,bm25
fever:188145,bm25,bm25,bm25,bm25,ce20,ce20,bm25,ce20,ce20,ce20
fever:188147,bm25,bm25,bm25,bm25,bm25,ce20,bm25,ce20,ce20,ce20
fever:188148,bm25,bm25,bm25,bm25,ce20,ce20,bm25,ce100,ce20,ce20
fever:18822,ce100,ce100,ce100,ce100,ce100,ce100,bm25,bi200,bi200,bm25
fever:18823,ce20,bm25,ce20,ce20,ce100,ce100,ce100,bm25,ce100,ce100
fever:18835,bm25,bm25,bm25,ce20,ce100,hybrid,hybrid,hybrid,bi200,hybrid
fever:188564,ce20,ce20,bm25,ce20,ce20,bi200,ce20,bi200,bi200,bi200
fever:188565,ce20,ce100,ce100,ce20,ce20,ce20,bi200,ce20,ce20,bi200
fever:188568,ce20,ce100,ce20,ce100,ce100,ce20,bi200,ce100,ce20,bm25
fever:188569,ce20,ce20,bm25,ce20,bm25,bm25,ce100,ce20,ce100,bm25
fever:188570,ce20,ce100,ce20,ce100,ce20,ce20,bi200,ce100,ce20,bi200
fever:188571,ce20,ce20,bm25,ce20,ce100,ce20,ce100,bm25,ce20,bi200
fever:188572,ce20,ce100,ce20,ce100,ce20,ce20,bi200,ce20,ce100,bm25
fever:188576,ce20,ce100,ce20,bm25,ce100,ce20,ce100,bm25,ce20,bm25
fever:188577,ce20,ce20,ce20,ce100,ce20,bi200,bi200,ce20,ce20,bm25
fever:188579,ce20,ce100,bm25,ce20,ce100,bi200,ce100,bm25,ce20,bm25
fever:188581,ce20,ce100,ce20,ce100,ce20,ce20,bi200,ce100,ce20,hybrid
fever:188582,ce20,ce100,ce20,ce20,ce100,ce20,ce100,ce100,hybrid,bi200
fever:188624,ce20,bm25,bm25,bm25,bm25,hybrid,bm25,ce20,bm25,bm25
fever:188630,ce20,bm25,ce20,ce100,ce20,ce100,bm25,ce20,ce20,ce20
fever:188635,ce20,ce20,bm25,bm25,ce20,ce100,ce20,ce100,ce100,ce20
fever:188636,bm25,ce20,bm25,bm25,ce20,bi200,bm25,ce20,ce20,bm25
fever:188639,ce20,bm25,ce100,bm25,ce20,ce100,ce100,ce20,ce20,hybrid
fever:188640,ce20,ce100,bm25,bm25,ce20,hybrid,bm25,ce20,ce20,bi200
fever:188641,ce20,bm25,ce100,bm25,bm25,ce100,ce100,ce20,bm25,ce20
fever:188645,ce20,bm25,bm25,bm25,bm25,ce100,bm25,ce20,ce20,ce20
fever:188646,bm25,bm25,bm25,bm25,bm25,bm25,bm25,ce20,bm25,ce20
fever:188647,bm25,ce20,bm25,bm25,bm25,ce100,bm25,ce20,bm25,ce20
fever:188652,ce20,bm25,bm25,ce100,ce20,bi200,ce20,ce100,ce20,hybrid
fever:188877,ce100,ce20,ce20,bm25,ce100,ce20,ce20,bi200,hybrid,bm25
fever:188885,bm25,ce20,ce20,bm25,bm25,ce20,bm25,bm25,bm25,bm25
fever:188887,bm25,ce20,ce20,bm25,ce100,ce20,ce20,bm25,bm25,bm25
fever:188888,bm25,ce20,ce100,bm25,ce100,ce100,ce100,ce100,ce20,ce20
fever:188889,bm25,ce100,ce20,ce20,ce100,ce20,ce100,hybrid,ce20,bm25
fever:188967,ce20,ce20,ce20,bm25,ce20,ce20,bm25,ce20,ce20,ce20
fever:188969,bm25,ce20,ce20,ce20,ce20,ce20,ce20,ce100,ce20,ce20
fever:188971,ce20,ce20,ce20,bm25,ce20,ce20,ce20,ce100,hybrid,ce20
fever:188976,ce20,ce20,ce20,bm25,ce20,ce20,ce20,ce100,hybrid,ce20
fever:188977,ce20,ce20,ce20,bm25,ce20,ce20,ce20,hybrid,hybrid,ce20
fever:188979,ce20,ce20,ce20,ce100,ce20,ce20,ce100,ce100,hybrid,ce100
fever:188984,ce20,ce20,ce20,bm25,ce20,ce20,ce20,hybrid,hybrid,ce20
fever:188987,ce20,ce20,ce20,ce20,ce100,ce20,ce100,ce100,ce100,ce100
fever:188994,bm25,ce20,ce20,bm25,ce20,ce20,ce20,hybrid,ce20,ce20
fever:189436,ce20,ce20,bm25,bm25,bm25,bm25,bm25,bm25,bm25,bi200
fever:189437,ce20,ce100,ce20,bm25,bm25,ce100,bm25,bm25,ce20,bi200
fever:189438,ce20,ce100,ce100,bm25,bm25,hybrid,ce100,ce100,ce20,ce20
fever:189444,bm25,ce100,bm25,bm25,bm25,bm25,bm25,bm25,ce20,ce20
fever:189447,ce20,ce20,bm25,bm25,ce20,bi200,ce100,ce20,ce20,ce20
fever:189448,bm25,ce100,bm25,bm25,bm25,ce100,bm25,ce20,bm25,bi200
fever:189449,bm25,ce100,bm25,bm25,bm25,bm25,bm25,bm25,ce20,ce20
fever:189450,ce20,ce100,ce20,bm25,bm25,bm25,ce100,bm25,ce20,ce20
fever:189452,ce20,ce100,bm25,bm25,bm25,bm25,ce100,bm25,ce20,bi200
fever:189453,ce20,ce100,ce100,ce20,ce20,ce100,ce100,ce100,ce20,bi200
fever:189454,ce20,ce100,bm25,bm25,bm25,hybrid,bm25,bm25,bm25,ce20
fever:189458,ce100,ce100,ce100,bm25,bm25,ce100,bi200,ce100,ce20,bi200
fever:189459,bm25,ce20,ce100,bm25,bm25,bm25,bm25,bm25,ce20,ce20
fever:189465,ce20,ce100,bm25,bm25,bm25,hybrid,ce20,hybrid,ce20,ce20
fever:18951,ce20,bm25,ce20,bm25,ce20,ce100,ce100,hybrid,bi200,hybrid
fever:189710,ce20,ce100,ce20,bm25,ce100,hybrid,bi200,bi200,ce20,bm25
fever:189711,ce20,ce100,ce100,bm25,ce100,hybrid,bi200,bi200,bi200,bi200
fever:189714,bm25,ce20,ce20,bm25,ce20,hybrid,bi200,bi200,bi200,hybrid
fever:189715,bm25,ce20,bm25,bm25,bm25,hybrid,bi200,bi200,bm25,hybrid
fever:189716,ce20,ce100,ce100,bm25,ce100,hybrid,bi200,bi200,hybrid,bm25
fever:189717,ce20,ce100,ce100,bm25,ce100,ce100,bi200,bi200,hybrid,hybrid
fever:189762,bm25,ce20,bm25,bm25,bm25,ce100,bm25,bm25,bm25,bm25
fever:189768,bm25,ce20,bm25,bm25,bm25,ce100,bm25,bi200,bm25,bm25
fever:189771,bm25,ce20,ce20,bm25,bm25,bi200,ce100,bm25,bi200,bi200
fever:189772,bm25,ce100,bm25,ce100,ce100,ce20,bm25,bi200,hybrid,bm25
fever:189773,bm25,ce20,bm25,ce20,ce100,ce20,ce100,bi200,hybrid,bm25
fever:189774,bm25,ce20,bm25,bm25,bm25,ce20,bm25,bm25,bm25,bm25
fever:189776,bm25,ce20,bm25,bm25,ce100,hybrid,bm25,bi200,hybrid,bm25
fever:189866,bm25,bm25,bm25,bm25,ce20,ce20,ce20,ce20,bm25,bm25
fever:189867,ce20,ce20,ce20,ce20,ce20,ce20,ce20,ce100,ce20,ce20
fever:189868,ce20,ce20,ce20,ce20,bm25,ce20,ce20,ce100,ce20,ce20
fever:189871,bm25,ce100,bm25,ce20,ce20,ce20,bm25,ce20,ce20,ce20
fever:189873,bm25,ce100,bm25,ce20,ce20,ce20,ce20,ce20,ce20,ce20
fever:189874,bm25,ce100,bm25,ce20,ce20,ce20,ce20,ce20,ce20,ce20
fever:189876,bm25,ce100,ce20,bm25,ce20,ce20,ce20,ce20,ce20,ce20
fever:189878,ce20,bm25,ce20,bm25,bm25,ce20,bm25,ce20,ce20,ce20
fever:189883,bm25,ce20,ce20,ce20,ce20,ce20,ce20,ce20,ce20,ce20
fever:189885,ce20,ce20,ce20,ce20,ce20,ce20,ce20,ce100,ce20,ce20
fever:189888,ce20,ce20,bm25,ce20,ce20,ce20,ce20,ce20,ce20,bm25
fever:189892,ce20,ce100,ce20,bm25,ce20,bm25,bm25,bi200,ce20,ce20
fever:189894,ce20,bm25,bm25,bm25,bm25,bm25,bm25,bm25,ce20,ce20
fever:190072,bm25,ce20,ce20,ce20,ce20,ce20,hybrid,hybrid,hybrid,bm25
fever:190074,bm25,bm25,bm25,bm25,bm25,ce20,bi200,bm25,ce20,bm25
fever:190077,ce100,ce20,ce100,ce100,ce20,hybrid,ce100,hybrid,ce20,bm25
fever:190081,bm25,bm25,bm25,bm25,ce20,bi200,bi200,bm25,bi200,bi200
fever:190085,bm25,bm25,ce20,bm25,bm25,ce20,bi200,hybrid,bi200,bi200
fever:190089,ce100,ce100,ce20,ce100,ce100,ce20,bi200,ce100,hybrid,ce20
fever:190090,bm25,bm25,ce20,ce20,ce20,bi200,bi200,hybrid,bi200,bm25
fever:190148,bm25,ce20,bm25,ce20,ce20,ce20,bm25,bm25,bm25,hybrid
fever:190153,bm25,ce20,bm25,ce20,ce20,bm25,bm25,bm25,bm25,hybrid
fever:190164,bm25,bm25,bm25,ce20,bm25,bm25,bm25,bm25,bm25,hybrid
fever:190167,bm25,bm25,bm25,ce20,ce20,ce20,bm25,bm25,bm25,bm25
fever:190168,ce20,ce20,ce20,ce20,ce20,bi200,hybrid,hybrid,hybrid,bi200
fever:190169,ce20,bm25,bm25,ce20,ce20,ce20,bm25,bm25,bm25,bm25
fever:190170,ce20,ce20,ce20,ce20,ce20,hybrid,bm25,bm25,ce20,bi200
fever:190171,bm25,ce20,ce20,ce20,ce20,bm25,bm25,ce20,bm25,bm25
fever:190172,bm25,ce100,bm25,ce20,ce20,bm25,bm25,bm25,ce20,bm25
fever:190173,ce20,ce20,ce20,ce20,ce20,hybrid,bm25,bm25,hybrid,ce100
fever:19052,bm25,bm25,bm25,bm25,ce20,ce20,ce20,hybrid,ce20,bm25
fever:190664,bm25,ce20,bm25,bm25,ce100,ce20,bm25,ce20,ce20,ce20
fever:190669,bm25,ce20,ce20,bm25,bm25,ce20,ce100,ce20,ce20,ce20
fever:19068,ce20,ce20,bm25,bm25,ce20,hybrid,ce100,hybrid,ce20,bi200
fever:19074,ce20,ce20,ce20,bm25,ce20,ce20,ce20,ce100,ce20,ce20
fever:190750,bm25,ce20,bm25,ce20,ce20,ce20,ce20,ce20,bm25,bm25
fever:190751,ce20,bm25,bm25,ce20,ce20,ce100,ce100,hybrid,ce20,ce100
fever:190753,ce20,bm25,bm25,ce20,ce20,ce20,ce100,hybrid,bm25,hybrid
fever:190755,ce20,ce20,bm25,ce20,ce20,ce20,ce20,ce20,ce20,bm25
fever:19087,ce20,bm25,bm25,bm25,bm25,bm25,bm25,ce20,ce20,bi200
fever:19097,ce100,ce100,ce100,ce100,ce100,ce100,ce100,ce100,ce100,hybrid
fever:19098,ce100,ce100,ce20,bm25,ce100,ce100,ce100,ce100,ce100,ce100
fever:19111,ce20,bm25,bm25,bm25,ce20,ce20,bm25,ce20,ce20,bm25
fever:19112,ce20,bm25,bm25,ce100,ce20,bm25,ce100,ce20,ce20,bm25
fever:19117,ce100,ce100,ce100,bm25,ce20,ce100,bi200,bm25,bm25,bm25
fever:191246,bm25,ce20,ce20,bm25,ce20,bm25,bm25,hybrid,hybrid,bm25
fever:191248,ce20,ce20,ce20,bm25,ce20,bm25,ce20,hybrid,ce20,ce20
fever:191249,ce20,ce20,ce20,bm25,ce20,bm25,ce20,bm25,ce20,ce20
fever:191253,ce20,ce20,ce20,bm25,ce20,bi200,ce20,hybrid,ce20,bm25
fever:191255,ce20,ce20,ce20,bm25,ce20,bi200,bi200,hybrid,hybrid,bm25
fever:191256,bm25,ce20,ce20,bm25,ce20,bi200,bm25,hybrid,hybrid,bm25
fever:191258,bm25,ce20,ce20,bm25,ce20,bi200,bm25,hybrid,bm25,bm25
fever:191261,bm25,ce20,ce20,bm25,ce20,bm25,bm25,hybrid,bm25,bm25
fever:191263,ce20,ce20,ce20,bm25,ce20,bm25,ce20,hybrid,bm25,ce20
fever:19140,bm25,bm25,bm25,ce20,ce20,ce100,bi200,hybrid,bi200,bm25
fever:19141,bm25,ce20,bm25,bm25,ce20,ce100,ce100,bi200,bi200,ce20
fever:191415,bm25,ce20,bm25,ce20,ce100,hybrid,bi200,hybrid,bi200,hybrid
fever:191416,ce100,ce20,ce100,ce20,ce100,hybrid,hybrid,hybrid,bi200,hybrid
fever:191420,bm25,bm25,bm25,bm25,ce100,hybrid,ce20,hybrid,bi200,hybrid
fever:191425,bm25,ce20,ce20,bm25,ce100,hybrid,hybrid,hybrid,hybrid,hybrid
fever:191426,bm25,bm25,bm25,bm25,ce100,hybrid,bm25,bm25,bi200,bi200
fever:191428,bm25,ce20,bm25,bm25,ce100,hybrid,bm25,hybrid,bi200,bi200
fever:191430,ce20,ce20,ce20,bm25,ce20,bi200,bm25,ce20,ce20,ce20
fever:191433,ce100,ce20,bm25,ce20,ce100,hybrid,hybrid,hybrid,hybrid,hybrid
fever:191435,ce100,bm25,bm25,ce20,ce100,hybrid,hybrid,hybrid,hybrid,hybrid
fever:191439,bm25,bm25,bm25,ce20,ce20,bi200,bi200,hybrid,bi200,bi200
fever:191440,ce100,bm25,bm25,ce20,ce100,hybrid,bi200,bm25,hybrid,hybrid
fever:191441,ce100,bm25,ce100,ce20,ce100,hybrid,bi200,hybrid,hybrid,hybrid
fever:191442,ce100,ce20,bm25,ce20,ce100,hybrid,hybrid,hybrid,hybrid,hybrid
fever:191443,bm25,ce20,bm25,ce20,ce20,hybrid,bi200,hybrid,bi200,bi200
fever:191445,ce100,ce20,ce100,ce20,ce100,hybrid,ce100,ce100,hybrid,hybrid
fever:191446,bm25,ce20,bm25,ce20,ce100,hybrid,bi200,hybrid,bi200,hybrid
fever:1916,bm25,ce100,ce100,bm25,ce20,ce20,bm25,hybrid,bm25,ce20
fever:19160,bm25,bm25,bm25,bm25,bm25,hybrid,bm25,ce20,bi200,bi200
fever:19161,bm25,bm25,bm25,bm25,bm25,bm25,bm25,bi200,hybrid,bi200
fever:191641,ce100,ce20,ce100,ce100,ce20,ce20,ce100,ce100,ce100,bi200
fever:191642,ce100,ce20,ce20,bm25,ce20,bm25,ce100,ce20,ce20,hybrid
fever:191645,ce100,ce20,ce100,bm25,ce20,ce20,ce100,hybrid,ce20,bi200
fever:191647,ce100,bm25,bm25,bm25,bm25,ce20,bm25,hybrid,ce20,hybrid
fever:191648,ce20,bm25,bm25,bm25,bm25,hybrid,bi200,bm25,hybrid,bm25
fever:191653,ce20,ce20,ce20,ce20,ce20,bi200,bm25,hybrid,ce20,ce20
fever:191654,ce100,ce20,ce20,ce100,ce20,bi200,ce100,ce20,ce20,bi200
fever:191656,bm25,bm25,bm25,bm25,bm25,hybrid,ce20,ce20,hybrid,bm25
fever:191659,ce20,ce20,bm25,bm25,ce100,ce20,bm25,hybrid,ce20,hybrid
fever:191660,ce100,ce100,ce100,ce100,ce20,ce20,ce100,ce20,ce100,ce100
fever:191662,ce100,bm25,bm25,bm25,bm25,ce100,ce20,ce20,ce20,hybrid
fever:191664,ce100,ce100,ce100,bm25,ce100,ce100,ce100,ce100,ce100,ce20
fever:19169,bm25,bm25,bm25,bm25,bm25,bm25,bm25,hybrid,bm25,bm25
fever:1917,bm25,bm25,bm25,bm25,ce20,hybrid,ce100,hybrid,hybrid,ce20
fever:19176,ce20,ce100,bm25,bm25,ce20,ce100,ce20,hybrid,ce20,ce20
fever:19177,ce20,ce100,bm25,bm25,ce20,ce100,hybrid,hybrid,ce20,ce20
fever:19184,ce20,bm25,bm25,ce20,bm25,ce20,ce20,ce20,bm25,bm25
fever:191875,bm25,bm25,bm25,bm25,ce20,bi200,ce100,bi200,hybrid,ce20
fever:191876,ce20,ce100,ce20,ce20,ce100,bi200,ce100,ce100,ce20,ce20
fever:191877,bm25,bm25,bm25,bm25,bm25,hybrid,ce100,bm25,bm25,bi200
fever:191881,bm25,bm25,bm25,bm25,bm25,bm25,ce100,hybrid,bm25,bi200
fever:191884,ce100,ce100,ce100,ce100,ce100,hybrid,ce100,bi200,hybrid,bi200
fever:191886,ce100,ce100,ce100,ce20,ce100,ce20,ce100,ce100,hybrid,ce20
fever:191888,ce100,ce100,bm25,bm25,ce100,bi200,ce100,bi200,ce20,bi200
fever:191889,bm25,ce100,bm25,bm25,bm25,bi200,ce100,bm25,bi200,bi200
fever:191890,ce100,ce20,ce20,bm25,ce100,ce100,ce100,ce100,hybrid,ce100
fever:191891,ce100,ce20,ce100,bm25,ce100,bi200,ce100,bi200,bi200,bm25
fever:191892,ce20,bm25,bm25,bm25,bm25,hybrid,bm25,bm25,hybrid,bi200
fever:19190,bm25,bm25,bm25,bm25,ce100,bi200,ce100,hybrid,bi200,bi200
fever:19193,bm25,ce20,bm25,bm25,ce20,bm25,bi200,hybrid,bm25,bm25
fever:19194,bm25,ce20,bm25,bm25,bm25,bm25,bi200,hybrid,bm25,bm25
fever:19197,ce20,ce20,bm25,ce20,ce20,ce20,ce20,ce20,ce20,bm25
fever:192016,ce20,bm25,bm25,bm25,bm25,bi200,bm25,hybrid,bi200,bi200
fever:192017,ce20,bm25,ce20,bm25,bm25,ce20,ce100,hybrid,ce20,bi200
fever:192020,ce20,bm25,ce20,bm25,ce20,ce100,ce100,hybrid,ce20,bi200
fever:192021,ce20,bm25,ce20,bm25,ce20,ce20,ce100,ce20,hybrid,ce20
fever:192024,ce20,bm25,ce20,bm25,ce20,ce20,ce100,ce20,hybrid,ce20
fever:192029,ce20,ce100,bm25,ce20,ce20,ce100,bm25,ce20,bm25,hybrid
fever:192030,ce20,ce100,bm25,ce100,ce100,ce100,ce100,ce20,hybrid,hybrid
fever:192031,bm25,ce100,bm25,bm25,ce20,hybrid,bm25,ce20,bm25,bm25
fever:192034,bm25,ce100,bm25,bm25,ce20,ce100,bm25,ce20,ce20,bm25
fever:192035,ce20,ce100,bm25,ce100,ce20,hybrid,bm25,ce20,bm25,hybrid
fever:192037,ce20,ce100,ce100,ce100,ce100,bi200,ce20,ce100,ce100,hybrid
fever:19204,bm25,bm25,ce20,bm25,ce20,hybrid,bm25,ce100,ce20,bi200
fever:192040,bm25,ce100,bm25,ce20,ce20,bi200,ce20,ce20,bm25,bm25
fever:192043,bm25,ce100,bm25,bm25,ce20,hybrid,bm25,ce20,bm25,bm25
fever:192044,ce20,ce100,ce100,bm25,ce100,hybrid,bm25,ce20,ce20,hybrid
fever:192045,bm25,ce100,bm25,bm25,ce20,bi200,bm25,ce20,bm25,bm25
fever:192050,ce20,ce100,bm25,bm25,ce20,bi200,bm25,ce20,bm25,bm25
fever:192053,bm25,ce100,bm25,ce20,ce20,bi200,ce20,ce20,bm25,hybrid
fever:192174,bm25,ce100,ce20,bm25,ce20,ce20,bm25,ce20,ce100,ce20
fever:192190,ce20,ce20,ce20,ce100,ce20,ce20,ce100,ce100,hybrid,ce20
fever:192193,bm25,ce20,ce20,bm25,ce20,ce20,bm25,ce20,ce100,ce20
fever:192196,bm25,ce20,ce20,bm25,ce20,bi200,bm25,bm25,hybrid,ce20
fever:192197,ce20,ce20,ce20,ce20,ce20,ce20,bm25,ce20,hybrid,ce20
fever:192198,ce20,ce20,ce20,bm25,ce20,bi200,bm25,bm25,hybrid,ce20
fever:192199,ce20,bm25,ce20,bm25,ce20,ce20,ce100,ce100,ce100,ce20
fever:192203,ce20,ce20,ce20,bm25,ce20,bi200,ce100,bm25,ce20,ce20
fever:192204,ce20,ce100,ce20,ce20,ce20,ce20,bm25,bm25,ce20,ce20
fever:192205,ce20,ce100,ce20,bm25,ce20,ce20,bm25,ce20,ce100,ce20
fever:192212,ce20,ce20,ce20,bm25,ce20,ce20,ce100,bi200,ce100,hybrid
fever:19236,ce20,ce20,ce20,ce20,ce20,hybrid,bm25,hybrid,ce20,ce20
fever:192582,ce20,bm25,bm25,bm25,ce20,bi200,bm25,ce20,bm25,bm25
fever:192583,bm25,ce20,bm25,bm25,ce20,ce100,bm25,ce20,bm25,hybrid
fever:192584,bm25,bm25,bm25,bm25,ce20,ce100,bm25,ce20,bm25,ce20
fever:192585,bm25,ce20,bm25,bm25,bm25,bm25,bm25,ce20,bm25,hybrid
fever:192587,bm25,ce20,bm25,bm25,ce20,ce100,bm25,ce20,bm25,hybrid
fever:192591,bm25,ce20,bm25,bm25,ce20,bm25,bm25,bm25,bm25,hybrid
fever:192592,bm25,bm25,bm25,bm25,ce20,bm25,bm25,bm25,bm25,ce20
fever:192594,ce20,bm25,bm25,bm25,ce20,hybrid,bm25,ce20,bm25,hybrid
fever:192595,ce20,bm25,bm25,bm25,ce20,hybrid,bm25,ce20,bm25,ce20
fever:192597,ce20,ce20,ce100,ce100,ce20,hybrid,ce100,ce20,ce100,hybrid
fever:192706,bm25,bm25,bm25,ce20,bm25,bi200,bm25,hybrid,bm25,bi200
fever:192708,ce20,ce100,ce100,ce20,ce100,ce100,ce100,hybrid,bi200,hybrid
fever:192709,ce20,ce20,ce100,bm25,bm25,ce100,ce100,hybrid,ce20,bm25
fever:192713,ce20,ce100,bm25,ce20,ce100,ce100,bm25,hybrid,ce20,ce20
fever:192714,ce100,bm25,bm25,ce20,ce100,bi200,hybrid,bi200,hybrid,ce20
fever:192715,bm25,bm25,bm25,ce20,bm25,bm25,bm25,bm25,bi200,bm25
fever:192718,ce20,ce20,ce100,bm25,bm25,ce100,ce100,hybrid,ce20,bm25
fever:192725,ce20,bm25,bm25,ce20,ce20,ce100,bm25,hybrid,bi200,hybrid
fever:192748,ce20,ce100,ce100,ce100,ce100,ce100,bi200,bi200,hybrid,bi200
fever:192750,bm25,ce100,bm25,ce20,ce100,ce100,bm25,bi200,hybrid,bm25
fever:192751,ce20,ce100,bm25,ce100,ce100,bi200,bm25,hybrid,hybrid,bi200
fever:192752,ce20,ce100,bm25,ce100,ce100,bi200,bi200,hybrid,hybrid,bi200
fever:192754,ce20,ce100,bm25,ce100,ce100,bi200,bm25,hybrid,hybrid,bi200
fever:192759,bm25,ce100,bm25,ce20,ce100,ce100,bm25,hybrid,hybrid,bm25
fever:192760,bm25,ce100,bm25,ce20,ce100,ce100,bm25,hybrid,hybrid,bm25
fever:192761,bm25,bm25,bm25,bm25,ce20,ce100,bm25,ce20,bm25,hybrid
fever:192769,bm25,ce20,bm25,bm25,ce20,ce100,bi200,bm25,bm25,hybrid
fever:192774,ce20,bm25,bm25,bm25,ce20,ce100,bm25,bm25,bm25,hybrid
fever:192775,ce20,bm25,ce100,bm25,ce20,ce100,hybrid,ce100,ce100,ce100
fever:192776,bm25,ce20,bm25,bm25,ce20,ce100,bi200,ce20,bm25,hybrid
fever:192778,bm25,ce20,bm25,bm25,ce20,ce100,bi200,ce20,bm25,hybrid
fever:192788,ce100,bm25,ce100,bm25,ce20,ce100,bi200,ce20,ce20,ce20
fever:192789,ce100,bm25,ce100,bm25,ce20,ce100,bi200,ce20,ce20,ce20
fever:192790,ce20,bm25,ce100,bm25,ce20,ce100,hybrid,ce100,ce100,ce100
fever:192792,ce100,bm25,ce100,bm25,ce20,ce100,bi200,ce20,ce20,ce20
fever:192793,ce100,bm25,ce100,bm25,ce20,ce100,bi200,ce20,ce20,ce20
fever:192795,ce100,bm25,ce100,bm25,ce20,ce100,bi200,ce20,ce20,ce20
fever:192824,bm25,ce20,ce20,bm25,ce20,ce20,bm25,bm25,ce20,ce20
fever:192825,bm25,bm25,bm25,bm25,bm25,ce20,bm25,bm25,bm25,ce20
fever:192832,bm25,ce20,ce20,bm25,ce20,ce20,ce100,ce20,ce20,ce20
fever:192835,bm25,ce20,ce20,bm25,ce20,ce20,ce100,bm25,ce20,ce20
fever:192837,bm25,bm25,ce20,bm25,ce100,ce20,ce20,ce20,bm25,ce20
fever:192839,bm25,ce20,bm25,bm25,ce20,ce20,ce100,hybrid,ce20,ce20
fever:192841,ce20,bm25,bm25,bm25,ce20,ce20,ce100,hybrid,bm25,hybrid
fever:192842,bm25,ce100,ce20,bm25,bm25,ce100,hybrid,hybrid,ce20,hybrid
fever:192843,bm25,bm25,bm25,bm25,ce20,ce20,ce100,ce20,hybrid,bm25
fever:192849,ce20,ce20,ce20,bm25,ce20,ce20,bm25,ce20,ce20,ce20
fever:192853,ce20,ce20,ce20,bm25,ce100,ce100,ce20,ce20,bm25,ce20
fever:192856,bm25,bm25,ce20,bm25,ce20,ce20,ce100,ce20,ce20,ce20
fever:192857,bm25,ce20,ce20,ce20,ce20,ce20,ce100,ce100,ce20,ce20
fever:192858,bm25,ce20,ce20,ce100,ce20,ce20,ce100,ce20,ce20,ce20
fever:192894,bm25,bm25,bm25,bm25,ce20,bi200,bm25,hybrid,bm25,bi200
fever:192896,bm25,bm25,bm25,bm25,bm25,hybrid,bm25,hybrid,hybrid,bm25
fever:192898,bm25,bm25,bm25,bm25,bm25,ce100,bi200,hybrid,bi200,bm25
fever:192903,bm25,bm25,bm25,bm25,ce20,bi200,bm25,hybrid,bm25,bm25
fever:192904,bm25,bm25,bm25,bm25,bm25,bi200,bi200,hybrid,bi200,bm25
fever:192910,bm25,bm25,bm25,bm25,bm25,bm25,bi200,hybrid,hybrid,bm25
fever:192920,bm25,bm25,ce100,bm25,bm25,bi200,bi200,hybrid,bi200,bm25
fever:192921,bm25,bm25,bm25,bm25,bm25,ce100,hybrid,hybrid,bi200,bm25
fever:192959,bm25,ce20,bm25,bm25,bm25,bm25,ce100,ce20,ce20,hybrid
fever:192961,bm25,ce20,ce20,bm25,bm25,ce20,ce100,ce20,ce20,ce20
fever:192965,bm25,ce20,bm25,bm25,bm25,bm25,bm25,bm25,bm25,bm25
fever:192966,bm25,ce20,ce20,bm25,bm25,ce20,ce100,ce20,ce20,ce20
fever:192971,bm25,ce20,ce20,bm25,bm25,ce20,ce100,ce20,ce20,ce20
fever:192972,bm25,ce20,ce20,bm25,bm25,bm25,ce100,bm25,bm25,ce20
fever:192973,ce20,ce20,ce20,bm25,bm25,ce20,ce100,ce20,ce20,bm25
fever:192975,ce20,ce20,ce20,bm25,bm25,ce20,ce100,ce20,ce20,bm25
fever:192981,ce20,ce20,ce20,bm25,bm25,ce20,ce100,hybrid,ce20,bm25
fever:19302,ce20,bm25,bm25,bm25,ce20,ce20,ce100,ce20,ce20,bm25
fever:1931,bm25,bm25,bm25,bm25,bm25,ce20,bm25,bm25,bm25,bm25
fever:19310,bm25,bm25,bm25,bm25,ce20,hybrid,bi200,ce20,bm25,bm25
fever:19326,bm25,ce20,ce20,ce20,ce100,ce20,ce100,hybrid,hybrid,ce20
fever:19327,bm25,ce20,ce20,ce20,ce20,ce20,ce100,ce20,hybrid,ce20
fever:1933,bm25,ce20,bm25,bm25,ce20,hybrid,bi200,bm25,ce20,bm25
fever:1934,bm25,ce20,bm25,bm25,ce20,ce20,bi200,ce20,ce20,hybrid
fever:193409,ce20,ce100,ce20,bm25,ce100,ce100,bi200,bi200,hybrid,bm25
fever:193411,ce20,ce20,bm25,bm25,ce100,ce20,bm25,bi200,ce100,bm25
fever:193416,ce20,bm25,ce20,bm25,ce20,ce20,ce100,bi200,bi200,bm25
fever:193419,ce20,bm25,ce20,ce100,ce100,ce20,bi200,bi200,bi200,ce20
fever:193421,bm25,ce20,ce100,bm25,ce100,ce20,bm25,ce100,ce20,ce20
fever:193422,ce20,ce100,ce20,ce20,bm25,ce20,bi200,ce100,bi200,ce20
fever:193444,ce20,ce20,ce20,ce20,ce100,bi200,hybrid,bm25,bi200,bi200
fever:193448,ce20,bm25,ce20,bm25,ce20,ce20,bi200,bm25,ce20,hybrid
fever:193449,bm25,bm25,ce20,bm25,ce20,ce20,bi200,bm25,ce20,bi200
fever:193450,ce20,ce100,ce20,ce100,ce20,hybrid,hybrid,bm25,hybrid,hybrid
fever:193458,ce20,ce20,ce20,ce20,ce20,ce20,hybrid,bm25,ce20,hybrid
fever:193460,bm25,ce20,ce20,bm25,ce20,ce20,bi200,bm25,ce20,bi200
fever:193524,bm25,bm25,bm25,bm25,bm25,ce20,bm25,ce20,bm25,bm25
fever:193525,bm25,bm25,bm25,bm25,bm25,hybrid,bm25,bm25,bm25,bm25
fever:193531,bm25,bm25,bm25,bm25,bm25,bi200,bm25,ce20,bm25,bm25
fever:193532,bm25,bm25,bm25,bm25,bm25,bm25,bm25,ce20,bm25,bm25
fever:193539,ce20,bm25,bm25,bm25,ce20,bi200,bm25,hybrid,hybrid,bi200
fever:193540,bm25,bm25,bm25,bm25,bm25,ce100,bm25,ce20,bm25,bm25
fever:193546,ce20,ce100,ce100,bm25,bm25,ce20,ce100,ce20,ce20,bm25
fever:193547,bm25,bm25,bm25,bm25,bm25,ce100,bm25,bm25,bm25,bm25
fever:193549,ce20,ce100,ce100,bm25,bm25,ce20,ce100,ce20,ce20,bm25
fever:193550,ce20,bm25,bm25,bm25,bm25,ce100,bm25,ce20,ce20,bm25
fever:193554,bm25,bm25,bm25,bm25,bm25,ce100,bm25,bm25,bm25,bm25
fever:193558,bm25,bm25,bm25,bm25,bm25,bi200,bm25,hybrid,hybrid,bi200
fever:19382,bm25,bm25,ce20,ce20,ce20,ce20,ce100,ce20,ce20,ce20
fever:193831,ce20,ce20,ce20,bm25,ce20,bm25,bm25,ce20,bm25,bm25
fever:193834,ce20,ce20,ce20,bm25,ce20,bi200,bm25,hybrid,bm25,bm25
fever:193835,ce20,bm25,ce20,bm25,ce20,bi200,bm25,hybrid,bm25,bm25
fever:193836,ce20,bm25,ce20,bm25,ce20,bm25,bm25,ce20,ce20,bm25
fever:193837,ce20,bm25,ce20,bm25,ce20,bm25,bm25,hybrid,bm25,bm25
fever:193844,ce20,bm25,bm25,bm25,ce20,bm25,bm25,hybrid,bm25,bm25
fever:193848,ce20,bm25,bm25,bm25,ce20,bm25,bm25,ce20,bm25,bm25
fever:193849,ce20,ce20,ce20,bm25,ce20,ce20,ce100,ce20,ce20,ce20
fever:193852,bm25,ce20,bm25,ce20,ce20,ce20,bm25,ce20,ce20,bm25
fever:193854,bm25,ce20,ce20,bm25,ce20,ce20,bm25,bm25,bm25,bm25
fever:193855,bm25,ce20,ce20,bm25,ce20,ce20,ce100,bm25,bm25,bm25
fever:193860,bm25,ce20,ce20,bm25,ce20,ce20,ce100,ce20,ce20,ce20
fever:193862,bm25,ce20,ce20,bm25,ce20,ce20,ce100,bm25,bm25,bm25
fever:193866,bm25,ce20,ce20,bm25,ce20,ce20,bm25,bm25,bm25,bm25
fever:193873,bm25,bm25,bm25,bm25,ce100,ce20,ce20,hybrid,ce20,ce20
fever:193874,ce20,bm25,bm25,ce20,ce20,ce20,bm25,hybrid,bm25,bm25
fever:193876,ce20,ce20,bm25,ce20,bm25,ce20,ce20,bm25,ce20,bm25
fever:193877,ce20,ce20,ce20,ce20,ce20,ce20,ce100,hybrid,ce20,ce20
fever:193880,ce20,ce20,ce20,ce20,ce20,bi200,ce20,hybrid,ce20,ce20
fever:193883,bm25,bm25,bm25,bm25,bm25,ce20,ce20,hybrid,bm25,ce20
fever:193884,ce20,ce100,bm25,ce20,ce100,ce20,ce20,hybrid,ce20,hybrid
fever:193886,ce100,ce20,ce20,ce20,ce20,ce20,ce100,ce20,ce20,hybrid
fever:193893,ce20,ce100,bm25,ce100,ce20,ce20,ce100,hybrid,ce20,hybrid
fever:193894,bm25,ce20,bm25,ce20,ce20,ce20,ce100,hybrid,ce20,ce20
fever:193895,ce20,ce20,bm25,bm25,ce20,ce20,ce100,ce100,ce20,ce20
fever:193902,ce20,bm25,ce20,ce20,ce20,ce20,ce100,ce20,ce20,ce20
fever:193903,ce20,bm25,bm25,ce20,ce20,ce20,bm25,hybrid,bm25,bm25
fever:193904,ce20,bm25,ce20,ce20,ce100,ce20,ce100,hybrid,ce20,ce20
fever:193907,bm25,bm25,bm25,bm25,ce100,ce20,ce20,hybrid,ce20,hybrid
fever:193908,ce20,ce100,ce20,bm25,ce20,ce20,ce100,hybrid,ce20,hybrid
fever:193910,bm25,ce20,bm25,ce100,ce20,ce20,ce100,ce20,ce20,ce20
fever:193911,bm25,ce20,bm25,bm25,bm25,ce20,ce20,bm25,bm25,hybrid
fever:194014,ce20,ce100,ce20,bm25,ce20,bi200,bm25,bm25,hybrid,bm25
fever:194018,ce100,ce100,ce100,bm25,ce100,bi200,bi200,hybrid,bi200,bi200
fever:194019,ce100,ce100,ce100,bm25,ce100,bi200,ce100,ce100,hybrid,bi200
fever:194020,ce100,ce100,ce20,bm25,ce20,bi200,ce100,ce100,ce20,ce100
fever:194021,ce20,ce100,ce100,bm25,ce20,bi200,bi200,bm25,hybrid,bm25
fever:194022,ce20,ce100,ce20,bm25,ce20,bi200,bm25,bm25,hybrid,bm25
fever:194023,ce100,ce100,ce100,bm25,ce100,bi200,ce100,hybrid,hybrid,bi200
fever:194024,ce100,ce100,ce20,bm25,ce100,bi200,bi200,ce100,hybrid,bi200
fever:194025,ce20,ce100,ce20,bm25,ce20,bi200,bm25,bm25,hybrid,bm25
fever:194027,bm25,ce20,ce20,bm25,ce20,bi200,bm25,bm25,bm25,bm25
fever:194029,ce20,ce20,ce20,bm25,ce20,bi200,bm25,bm25,ce20,bi200
fever:19412,ce100,ce100,ce100,ce20,ce100,ce100,bm25,bi200,hybrid,bm25
fever:19413,ce100,ce100,ce100,ce20,ce100,ce100,ce100,bi200,hybrid,bm25
fever:19417,ce100,ce100,ce100,ce100,ce100,hybrid,hybrid,ce100,hybrid,ce100
fever:194170,bm25,ce100,ce20,ce100,ce20,ce20,ce100,ce20,ce20,ce20
fever:194172,bm25,ce100,bm25,ce100,ce20,ce20,ce100,hybrid,hybrid,ce100
fever:194174,bm25,ce20,ce20,bm25,ce20,ce20,ce100,ce20,ce20,ce20
fever:194175,bm25,ce100,ce20,bm25,ce20,ce20,bi200,hybrid,hybrid,hybrid
fever:194176,bm25,ce100,ce20,bm25,ce20,ce20,bi200,ce20,hybrid,hybrid
fever:194178,bm25,ce100,ce20,ce20,ce100,ce20,ce100,hybrid,hybrid,hybrid
fever:19418,bm25,ce100,bm25,bm25,ce20,ce100,bm25,bi200,bi200,bi200
fever:194182,bm25,ce100,bm25,ce100,ce20,ce20,ce100,hybrid,hybrid,ce100
fever:194183,bm25,ce100,ce20,bm25,ce100,ce20,bi200,hybrid,hybrid,hybrid
fever:194184,bm25,ce100,ce20,ce20,ce20,bm25,ce100,hybrid,hybrid,bi200
fever:194187,bm25,ce20,bm25,ce20,ce20,bm25,ce100,hybrid,hybrid,hybrid
fever:194189,bm25,ce100,ce20,bm25,ce100,bm25,ce100,hybrid,hybrid,hybrid
fever:194190,bm25,ce100,ce20,ce20,ce100,ce20,ce100,ce20,hybrid,hybrid
fever:194192,bm25,ce100,ce20,ce100,ce20,bm25,ce100,hybrid,hybrid,hybrid
fever:1942,ce20,ce20,ce100,ce20,ce20,bi200,hybrid,hybrid,ce100,ce20
fever:194214,ce20,ce20,ce20,ce20,ce20,ce20,ce20,ce20,ce20,ce20
fever:194219,ce20,ce20,ce20,bm25,ce20,ce20,ce100,ce20,ce20,ce20
fever:194221,ce20,ce20,ce20,bm25,ce100,ce20,ce100,ce20,ce20,ce20
fever:194222,ce20,ce20,ce20,ce20,ce100,ce20,ce100,ce20,ce20,ce20
fever:194226,bm25,bm25,bm25,ce20,ce100,ce20,ce20,ce20,bm25,bm25
fever:194228,ce20,ce20,ce20,bm25,ce20,ce20,ce100,ce100,ce20,ce20
fever:194231,ce20,ce20,bm25,ce20,ce20,ce20,ce100,hybrid,bm25,ce20
fever:194237,ce20,bm25,bm25,ce20,ce20,ce20,ce100,hybrid,ce20,ce20
fever:194238,ce20,ce20,ce20,ce20,ce20,ce20,bm25,ce20,ce20,ce20
fever:194241,bm25,bm25,bm25,ce20,ce100,ce20,ce20,ce20,ce20,ce20
fever:194242,bm25,ce100,bm25,bm25,bm25,ce100,bi200,hybrid,hybrid,bm25
fever:194243,bm25,bm25,bm25,bm25,bm25,hybrid,bi200,bm25,bi200,bm25
fever:194245,bm25,ce100,bm25,bm25,bm25,ce100,bi200,bm25,hybrid,ce20
fever:194247,bm25,bm25,bm25,bm25,bm25,hybrid,bi200,bi200,hybrid,ce20
fever:194249,bm25,ce100,ce100,bm25,bm25,ce100,bi200,bm25,hybrid,ce20
fever:194251,ce20,ce100,ce20,bm25,bm25,ce100,bi200,bm25,ce20,hybrid
fever:194252,bm25,ce100,bm25,bm25,bm25,ce100,bi200,hybrid,hybrid,ce20
fever:194254,ce20,bm25,bm25,bm25,bm25,ce100,bm25,bi200,hybrid,ce20
fever:194259,ce20,ce100,ce20,bm25,bm25,ce100,bi200,bm25,ce20,hybrid
fever:194260,bm25,bm25,bm25,bm25,bm25,ce100,bi200,bm25,hybrid,ce20
fever:194261,ce20,ce100,ce20,bm25,ce100,ce100,hybrid,hybrid,hybrid,hybrid
fever:194262,bm25,bm25,bm25,bm25,bm25,ce100,bi200,bi200,hybrid,hybrid
fever:194341,ce100,ce100,bm25,bm25,bm25,ce20,ce100,ce100,ce100,ce100
fever:194342,bm25,ce20,ce20,ce20,ce20,bi200,bi200,hybrid,bi200,bi200
fever:194343,ce20,ce100,bm25,ce20,ce20,bi200,hybrid,hybrid,bi200,bi200
fever:194344,ce100,ce20,bm25,ce20,ce20,bi200,ce20,ce100,bi200,ce20
fever:194345,ce20,ce20,bm25,ce20,ce20,bi200,ce20,ce100,ce20,ce20
fever:194346,ce100,ce100,ce100,ce20,ce20,ce20,ce100,hybrid,bi200,ce100
fever:194349,ce20,ce20,ce20,bm25,ce20,bi200,ce20,ce100,ce20,ce20
fever:194350,ce100,ce20,ce20,bm25,ce20,bi200,ce100,ce100,ce100,ce100
fever:194354,ce20,ce20,ce20,ce20,bm25,hybrid,hybrid,hybrid,ce20,ce20
fever:194355,ce100,ce20,ce20,ce20,ce20,bi200,bi200,ce100,ce100,ce100
fever:194357,bm25,ce20,ce20,ce20,ce20,bi200,bi200,bi200,bi200,bi200
fever:194358,ce100,ce100,ce20,bm25,ce20,ce20,bi200,ce100,ce100,ce100
fever:194359,ce100,bm25,bm25,bm25,bm25,bi200,ce20,ce100,ce20,bi200
fever:194361,ce100,bm25,ce100,ce20,ce20,bi200,ce100,ce20,ce20,ce20
fever:194362,ce100,bm25,bm25,bm25,bm25,bi200,ce100,ce20,hybrid,ce20
fever:194363,ce100,ce100,bm25,ce100,ce20,ce100,ce20,ce100,bi200,ce100
fever:194365,ce20,ce20,ce20,ce20,ce20,bi200,hybrid,hybrid,ce20,ce100
fever:194367,ce20,ce20,ce20,ce20,ce20,ce20,bi200,ce100,ce100,ce100
fever:194368,ce100,ce100,ce100,ce20,ce20,ce20,ce100,hybrid,bi200,ce100
fever:194370,ce100,ce100,ce100,ce20,ce20,ce20,ce100,hybrid,bi200,ce100
fever:194371,ce100,ce20,ce20,ce20,ce20,ce20,ce100,ce20,hybrid,ce20
fever:194432,bm25,ce100,bm25,bm25,ce100,bi200,bm25,bm25,bi200,hybrid
fever:194439,bm25,ce100,ce100,ce20,ce100,bi200,bi200,hybrid,bi200,hybrid
fever:194442,bm25,ce100,bm25,ce20,ce20,hybrid,hybrid,hybrid,bm25,hybrid
fever:194446,bm25,ce20,bm25,bm25,ce100,bi200,bm25,bm25,bi200,hybrid
fever:194447,bm25,ce100,ce100,ce100,ce100,bi200,bi200,hybrid,bi200,hybrid
fever:194450,ce20,ce100,ce20,ce20,ce20,bi200,bi200,bi200,bi200,ce20
fever:194451,bm25,ce100,bm25,ce20,ce100,bi200,bi200,bi200,bi200,bi200
fever:194454,ce20,bm25,bm25,bm25,bm25,ce20,bm25,bm25,bm25,bm25
fever:194455,bm25,ce20,bm25,bm25,bm25,ce20,ce20,bm25,bm25,bm25
fever:194456,ce20,bm25,ce20,bm25,ce20,ce20,bm25,ce20,ce20,bm25
fever:194458,ce20,bm25,ce20,bm25,ce20,ce20,bm25,bm25,ce20,bm25
fever:194459,ce20,bm25,ce20,bm25,ce20,bm25,bm25,bm25,ce20,ce20
fever:194461,ce20,bm25,ce20,bm25,ce20,ce20,bm25,ce20,ce20,bm25
fever:194465,ce20,bm25,bm25,ce20,bm25,ce20,bm25,bm25,bm25,bm25
fever:194466,ce20,bm25,ce20,bm25,ce20,ce20,ce100,ce20,ce20,ce20
fever:194469,bm25,bm25,ce20,bm25,ce100,ce20,ce100,ce20,ce20,ce20
fever:194470,ce20,bm25,ce20,bm25,ce20,ce20,bm25,ce20,ce20,ce20
fever:194472,bm25,bm25,ce20,bm25,ce20,ce20,bm25,ce20,ce20,ce20
fever:194476,ce20,ce20,ce20,bm25,ce100,ce20,ce20,ce100,ce20,ce20
fever:194480,bm25,bm25,ce20,bm25,ce20,ce20,bm25,bm25,bm25,bm25
fever:194484,ce20,bm25,ce20,ce20,bm25,ce20,ce20,ce20,ce20,bm25
fever:194486,ce20,bm25,bm25,ce20,ce20,ce20,ce100,bi200,ce20,ce20
fever:194564,bm25,bm25,bm25,bm25,bm25,bm25,bm25,hybrid,hybrid,bm25
fever:194565,bm25,bm25,bm25,bm25,bm25,bm25,bm25,hybrid,hybrid,bm25
fever:194567,bm25,bm25,bm25,bm25,bm25,ce20,bm25,ce20,bm25,ce20
fever:194572,bm25,bm25,bm25,bm25,bm25,bm25,bm25,hybrid,hybrid,bm25
fever:194574,bm25,bm25,ce20,bm25,bm25,ce20,bm25,ce20,bm25,ce20
fever:194580,bm25,bm25,bm25,bm25,bm25,ce20,hybrid,hybrid,hybrid,bm25
fever:194583,bm25,bm25,ce20,bm25,ce20,ce20,bm25,ce20,ce20,ce20
fever:1947,ce20,bm25,ce20,ce20,ce20,hybrid,ce100,ce20,hybrid,bi200
fever:194740,ce20,ce100,ce20,ce20,ce100,hybrid,bi200,hybrid,bi200,hybrid
fever:194742,ce20,ce100,ce20,ce20,ce100,bi200,ce100,hybrid,hybrid,hybrid
fever:194744,ce20,ce100,ce20,ce20,ce20,ce100,hybrid,ce20,ce20,hybrid
fever:194745,ce20,ce20,ce20,ce20,ce20,bi200,bi200,hybrid,ce20,hybrid
fever:194746,ce20,ce100,ce20,ce20,ce100,bi200,hybrid,hybrid,ce20,hybrid
fever:194747,ce20,ce100,ce20,ce20,ce20,bi200,bi200,hybrid,hybrid,hybrid
fever:194748,ce20,ce100,ce20,ce20,ce20,bi200,bi200,hybrid,bi200,hybrid
fever:194753,ce100,ce100,ce20,ce20,ce20,bi200,ce100,hybrid,bi200,hybrid
fever:194754,ce20,ce20,ce20,ce20,ce20,bi200,hybrid,hybrid,ce20,hybrid
fever:194758,ce20,ce20,ce20,ce20,ce20,bi200,hybrid,hybrid,bm25,hybrid
fever:194760,ce20,bm25,bm25,ce100,ce20,bi200,hybrid,hybrid,hybrid,bm25
fever:194761,ce20,bm25,bm25,ce20,bm25,ce20,bm25,bm25,bm25,bm25
fever:194764,ce20,bm25,bm25,ce20,bm25,ce20,bm25,bm25,bm25,bm25
fever:194765,ce20,bm25,bm25,ce20,ce20,ce20,bm25,hybrid,hybrid,bm25
fever:194767,ce20,ce100,bm25,ce20,ce20,ce20,ce20,hybrid,hybrid,hybrid
fever:194771,ce20,ce100,bm25,ce20,ce20,ce20,ce20,hybrid,hybrid,hybrid
fever:194774,ce20,bm25,bm25,ce20,ce20,ce20,bm25,hybrid,hybrid,bm25
fever:194775,ce20,bm25,bm25,ce20,ce20,ce20,bm25,hybrid,hybrid,bm25
fever:194780,bm25,ce100,ce20,bm25,ce100,hybrid,hybrid,hybrid,hybrid,hybrid
fever:194781,bm25,ce100,bm25,bm25,ce100,hybrid,hybrid,hybrid,hybrid,hybrid
fever:194789,bm25,ce20,ce20,bm25,bm25,ce20,hybrid,hybrid,hybrid,hybrid
fever:194790,bm25,ce100,ce20,bm25,ce20,ce20,bi200,hybrid,ce20,ce20
fever:194792,ce20,ce100,bm25,bm25,ce100,hybrid,hybrid,hybrid,hybrid,hybrid
fever:194793,bm25,ce100,ce100,bm25,ce100,ce20,bi200,ce100,ce100,hybrid
fever:194795,ce100,ce20,bm25,ce100,ce20,ce20,bm25,bm25,bi200,ce20
fever:194796,ce100,ce100,bm25,bm25,ce20,ce20,bi200,ce100,ce20,ce20
fever:194798,ce20,ce100,bm25,bm25,ce20,hybrid,ce100,hybrid,hybrid,hybrid
fever:194799,bm25,ce20,bm25,bm25,ce20,bi200,bi200,hybrid,bi200,hybrid
fever:194800,ce100,ce100,ce100,ce100,ce100,bi200,hybrid,ce100,ce100,ce100
fever:19484,ce100,ce100,ce100,bm25,ce100,bi200,bi200,hybrid,hybrid,bi200
fever:194882,bm25,ce20,ce100,ce20,bm25,bi200,ce100,ce20,bi200,bi200
fever:194892,ce20,ce20,ce20,bm25,ce100,bi200,bm25,hybrid,hybrid,bm25
fever:194893,ce20,ce100,bm25,ce100,ce20,bi200,bm25,hybrid,ce20,bi200
fever:194897,ce100,ce100,ce100,ce100,ce100,ce100,hybrid,bm25,hybrid,hybrid
fever:194902,bm25,bm25,ce20,ce20,ce100,hybrid,hybrid,ce100,ce20,ce20
fever:194904,bm25,ce20,bm25,ce20,bm25,bi200,hybrid,hybrid,hybrid,ce20
fever:194905,bm25,bm25,bm25,ce20,ce100,ce20,bi200,hybrid,hybrid,ce20
fever:194906,ce100,ce100,bm25,ce100,ce100,bi200,bi200,hybrid,hybrid,ce20
fever:194908,bm25,bm25,ce100,bm25,ce100,ce100,bi200,ce100,ce20,ce20
fever:194910,ce100,ce100,ce20,ce100,ce100,bi200,hybrid,ce100,ce100,hybrid
fever:194912,bm25,ce20,bm25,bm25,ce20,bm25,bi200,hybrid,hybrid,bm25
fever:194914,bm25,bm25,bm25,ce100,ce100,bm25,ce100,ce20,ce20,bm25
fever:194915,bm25,ce20,bm25,bm25,ce100,ce100,hybrid,hybrid,hybrid,ce20
fever:194917,bm25,bm25,bm25,bm25,ce20,ce20,bm25,ce20,ce20,ce20
fever:194922,bm25,ce100,ce20,ce100,ce100,ce100,ce100,ce100,ce20,hybrid
fever:194923,ce100,ce100,ce100,ce100,ce100,ce100,bi200,bm25,hybrid,ce20
fever:19494,ce100,ce100,ce100,ce100,ce100,ce100,ce100,ce20,hybrid,hybrid
fever:19496,ce20,ce100,ce100,ce20,ce20,bi200,hybrid,bi200,ce20,bi200
fever:195006,bm25,bm25,ce100,bm25,bm25,bm25,bi200,bm25,ce20,bm25
fever:195008,ce100,ce20,ce100,ce100,ce100,bi200,bi200,ce100,bi200,ce100
fever:195011,ce100,ce100,ce100,ce100,ce100,bi200,bi200,bi200,hybrid,bi200
fever:195020,ce20,bm25,bm25,bm25,ce20,ce20,bm25,bm25,ce20,bi200
fever:195022,ce20,bm25,bm25,bm25,bm25,hybrid,bm25,hybrid,bi200,bi200
fever:195028,ce100,ce100,ce20,ce100,ce100,ce100,bi200,ce100,ce20,ce20
fever:195029,bm25,bm25,ce20,bm25,bm25,ce100,bi200,bm25,ce20,hybrid
fever:195030,ce100,ce100,ce20,ce20,ce100,ce20,bi200,ce20,ce100,bi200
fever:195031,ce100,bm25,ce100,ce100,ce100,bi200,bi200,ce100,ce100,bi200
fever:195033,ce20,ce20,ce20,ce100,ce20,ce20,bi200,ce100,ce100,ce100
fever:195036,ce100,bm25,ce100,bm25,ce20,bi200,bi200,ce20,ce100,bi200
fever:195038,ce100,ce100,ce20,bm25,ce100,ce20,bi200,ce20,ce20,ce100
fever:195040,ce20,bm25,bm25,bm25,ce100,hybrid,ce100,ce100,ce20,bm25
fever:195056,bm25,ce20,ce20,ce20,ce100,ce20,ce20,ce20,ce20,bm25
fever:195057,ce20,ce20,ce20,ce20,ce100,ce20,ce20,ce20,ce20,bm25
fever:195058,ce20,ce20,ce20,ce20,ce20,ce20,ce20,ce20,bm25,ce20
fever:195060,ce20,ce20,ce20,ce20,ce20,ce20,bm25,ce20,ce20,bm25
fever:195067,bm25,ce20,bm25,bm25,ce20,ce20,ce20,ce20,ce20,bm25
fever:195071,ce20,ce20,ce20,bm25,ce20,ce20,ce20,hybrid,ce20,hybrid
fever:195073,bm25,ce20,ce20,ce20,ce100,ce20,ce20,bm25,ce20,ce20
fever:195074,ce20,ce20,ce20,ce20,ce100,ce20,ce20,ce20,ce20,ce20
fever:195077,bm25,ce20,bm25,bm25,ce20,ce20,ce20,ce20,bm25,bm25
fever:195078,bm25,ce20,ce20,ce20,ce20,ce20,bm25,ce100,ce20,ce20
fever:195082,bm25,ce20,ce20,bm25,ce20,ce20,ce20,ce20,ce20,ce20
fever:195083,bm25,ce20,ce20,ce20,ce100,ce20,ce20,ce20,ce20,bm25
fever:195085,ce20,ce20,ce20,ce20,ce20,ce20,bm25,ce20,ce20,bm25
fever:195088,ce20,ce20,ce20,ce20,ce100,ce20,ce20,ce20,ce20,ce20
fever:195122,ce20,ce20,ce20,bm25,ce100,ce100,ce100,ce20,hybrid,ce20
fever:195124,bm25,ce20,bm25,bm25,bm25,bm25,bi200,hybrid,bi200,bm25
fever:195127,bm25,ce20,ce20,bm25,ce100,ce100,ce100,ce20,bi200,ce20
fever:195129,bm25,ce20,ce20,bm25,bm25,bm25,bi200,hybrid,bi200,bm25
fever:195134,ce20,ce100,ce100,bm25,ce100,bm25,bi200,ce20,bi200,ce20
fever:195135,ce20,ce20,ce20,bm25,ce100,ce100,bi200,ce20,hybrid,ce20
fever:195139,bm25,bm25,bm25,bm25,bm25,bm25,bi200,bm25,ce20,ce20
fever:195144,bm25,ce20,ce20,bm25,ce100,bm25,bi200,ce20,bi200,ce20
fever:195147,ce100,ce100,ce100,ce100,ce100,ce100,bi200,ce100,bi200,bi200
fever:195149,ce100,ce100,ce100,ce100,ce100,ce100,bi200,ce100,bi200,bi200
fever:195199,bm25,bm25,ce20,bm25,ce20,ce100,ce100,ce20,ce20,bm25
fever:195201,ce20,bm25,bm25,bm25,ce20,hybrid,ce20,bi200,ce20,bm25
fever:195202,ce100,bm25,ce20,bm25,ce20,hybrid,hybrid,hybrid,ce20,ce20
fever:195203,ce20,bm25,ce20,bm25,ce20,ce100,bm25,hybrid,ce20,hybrid
fever:195208,ce20,bm25,ce20,ce100,ce20,ce100,ce20,hybrid,ce20,bm25
fever:195219,ce100,bm25,ce20,bm25,bm25,ce100,hybrid,hybrid,ce20,bm25
fever:195229,ce20,bm25,ce20,bm25,ce20,hybrid,bi200,hybrid,hybrid,hybrid
fever:195230,ce100,ce20,ce20,ce100,ce20,hybrid,ce100,hybrid,ce20,bm25
fever:195236,ce20,bm25,bm25,bm25,ce20,ce20,ce20,bi200,ce20,bm25
fever:195238,ce20,ce20,bm25,bm25,ce20,bi200,ce100,hybrid,ce20,hybrid
fever:195243,ce20,ce20,ce20,bm25,ce20,ce100,ce100,ce20,ce20,ce20
fever:195244,ce20,bm25,ce20,bm25,ce20,bi200,ce20,hybrid,ce20,bi200
fever:195245,bm25,bm25,bm25,bm25,ce20,ce100,ce100,ce20,ce20,bm25
fever:195366,ce100,ce20,ce20,ce20,ce20,bi200,ce20,hybrid,bi200,bi200
fever:195370,ce100,ce100,bm25,ce20,ce20,hybrid,bi200,hybrid,hybrid,hybrid
fever:195374,ce100,bm25,ce20,ce20,ce100,bi200,ce100,hybrid,hybrid,hybrid
fever:195376,ce20,ce20,bm25,bm25,bm25,hybrid,bi200,hybrid,hybrid,bi200
fever:195381,ce100,ce100,bm25,ce20,ce20,hybrid,bi200,hybrid,hybrid,hybrid
fever:195382,ce100,bm25,ce100,ce20,ce100,hybrid,bi200,hybrid,hybrid,hybrid
fever:19543,ce20,bm25,bm25,bm25,ce20,ce20,bi200,bm25,hybrid,bi200
fever:195480,ce100,ce100,bm25,ce20,ce100,ce100,bi200,bi200,hybrid,hybrid
fever:195481,ce100,ce100,bm25,ce20,ce100,hybrid,bi200,hybrid,hybrid,hybrid
fever:195483,ce100,ce100,bm25,ce20,ce100,hybrid,bi200,hybrid,hybrid,ce20
fever:195484,ce100,ce100,ce100,ce100,ce100,hybrid,bi200,hybrid,hybrid,ce20
fever:195491,ce100,ce100,bm25,ce100,ce100,hybrid,bi200,ce100,hybrid,hybrid
fever:195492,ce100,ce100,bm25,ce100,ce100,hybrid,bi200,hybrid,hybrid,hybrid
fever:195493,ce100,ce100,bm25,ce20,ce100,hybrid,bi200,hybrid,hybrid,ce20
fever:195497,ce100,ce100,ce100,ce100,ce100,ce100,bi200,ce20,hybrid,ce20
fever:195502,ce100,ce100,ce100,ce100,ce100,ce100,bi200,ce20,hybrid,hybrid
fever:195503,ce100,ce100,bm25,ce20,ce100,hybrid,bi200,hybrid,hybrid,ce20
fever:19576,bm25,ce20,ce20,bm25,ce20,hybrid,ce20,hybrid,bi200,hybrid
fever:195812,bm25,ce20,bm25,bm25,bm25,ce20,bm25,bm25,bm25,bm25
fever:195814,ce100,ce20,ce100,ce100,ce100,ce20,bm25,ce100,ce20,bm25
fever:195815,bm25,bm25,ce20,bm25,ce100,ce20,ce100,bm25,ce20,ce20
fever:195817,bm25,bm25,bm25,bm25,bm25,bm25,bm25,ce20,bm25,bm25
fever:195818,bm25,bm25,ce20,bm25,bm25,ce20,bm25,ce20,ce20,bm25
fever:195821,ce20,ce20,ce20,bm25,ce20,ce20,bm25,bm25,ce20,bm25
fever:195823,bm25,ce100,bm25,bm25,bm25,ce20,bm25,ce20,ce20,bm25
fever:195825,ce20,ce20,bm25,bm25,bm25,ce20,bm25,bm25,bm25,bm25
fever:195831,bm25,bm25,ce100,bm25,bm25,ce20,ce100,ce20,ce20,bm25
fever:195835,bm25,ce20,bm25,bm25,bm25,ce20,ce20,ce20,bm25,bm25
fever:195843,bm25,ce20,bm25,bm25,bm25,ce20,bm25,bm25,bm25,bm25
fever:195845,bm25,ce20,bm25,bm25,bm25,ce20,ce20,bm25,bm25,bm25
fever:195902,ce20,bm25,bm25,bm25,ce20,ce20,ce20,bi200,ce100,bi200
fever:195904,bm25,bm25,bm25,bm25,ce20,bi200,bm25,bi200,bm25,bm25
fever:195906,ce20,bm25,bm25,bm25,ce20,ce20,bm25,bi200,ce100,bi200
fever:195912,ce20,ce20,bm25,bm25,ce20,ce20,bm25,bi200,ce20,bi200
fever:195914,bm25,bm25,bm25,bm25,bm25,bi200,bm25,bi200,bm25,bm25
fever:19592,bm25,bm25,bm25,bm25,bm25,bm25,bm25,bm25,bm25,bm25
fever:195921,ce20,bm25,bm25,bm25,ce20,bi200,bm25,hybrid,bm25,hybrid
fever:195922,bm25,bm25,bm25,bm25,bm25,bi200,bm25,bi200,bm25,bm25
fever:195923,bm25,ce100,ce20,ce100,ce100,hybrid,hybrid,hybrid,hybrid,hybrid
fever:195924,bm25,ce100,bm25,bm25,bm25,hybrid,bi200,bi200,hybrid,bm25
fever:195925,bm25,ce20,bm25,bm25,bm25,hybrid,hybrid,bm25,hybrid,hybrid
fever:195928,bm25,ce20,ce20,bm25,bm25,hybrid,bi200,ce20,hybrid,hybrid
fever:195931,bm25,ce100,bm25,ce100,ce100,hybrid,hybrid,hybrid,bi200,hybrid
fever:195933,ce100,bm25,bm25,bm25,bm25,hybrid,bi200,hybrid,hybrid,hybrid
fever:195940,bm25,ce100,bm25,ce100,ce100,hybrid,bi200,bi200,bi200,hybrid
fever:195943,bm25,bm25,bm25,ce100,ce100,hybrid,bi200,bi200,hybrid,hybrid
fever:196154,ce20,bm25,bm25,bm25,bm25,hybrid,bm25,hybrid,bm25,bm25
fever:196158,bm25,bm25,bm25,bm25,bm25,hybrid,bm25,hybrid,hybrid,bm25
fever:196159,ce20,bm25,bm25,bm25,bm25,hybrid,bm25,hybrid,bm25,bm25
fever:196162,ce20,bm25,bm25,bm25,bm25,hybrid,bm25,hybrid,bm25,bm25
fever:196163,bm25,bm25,bm25,bm25,bm25,hybrid,bm25,bm25,bm25,bm25
fever:196170,bm25,bm25,bm25,bm25,bm25,hybrid,bm25,hybrid,hybrid,bm25
fever:19655,bm25,ce20,bm25,bm25,ce100,bm25,ce20,bm25,bm25,ce20
fever:19663,ce100,ce100,ce100,ce20,ce20,ce20,ce20,bi200,ce20,ce100
fever:19671,ce100,bm25,bm25,bm25,ce100,bi200,ce100,hybrid,ce100,hybrid
fever:196730,ce20,ce20,bm25,ce20,bm25,bm25,bm25,ce20,ce20,ce20
fever:196735,ce20,bm25,ce20,ce20,bm25,bm25,bi200,ce20,ce20,hybrid
fever:196740,ce20,bm25,bm25,ce20,bm25,ce20,bi200,ce20,bi200,bm25
fever:196743,ce20,bm25,bm25,ce20,bm25,ce20,bi200,ce20,bi200,bm25
fever:196744,ce20,ce20,ce20,ce20,ce20,ce20,bi200,ce100,ce100,ce100
fever:196749,ce20,ce20,bm25,ce20,ce20,bi200,bi200,bi200,ce20,bm25
fever:196750,ce20,ce20,bm25,ce20,ce20,bi200,bi200,hybrid,bi200,bm25
fever:196752,ce20,ce20,bm25,ce20,ce20,bi200,bi200,hybrid,bi200,bm25
fever:196755,ce20,ce20,bm25,bm25,ce20,bi200,bi200,ce20,ce20,bm25
fever:196757,bm25,bm25,ce100,ce20,ce100,ce20,ce100,ce20,ce100,ce100
fever:196759,ce20,ce20,bm25,ce20,bm25,bm25,bm25,ce20,ce20,ce20
fever:196762,ce20,bm25,ce100,ce20,bm25,hybrid,bi200,hybrid,bi200,bm25
fever:19687,bm25,bm25,bm25,bm25,bm25,bm25,bm25,ce20,ce20,bi200
fever:196959,bm25,ce20,bm25,bm25,bm25,ce100,bm25,hybrid,hybrid,bm25
fever:196960,bm25,ce100,ce20,bm25,bm25,ce20,ce100,hybrid,hybrid,bm25
fever:196961,bm25,ce100,ce20,bm25,bm25,ce20,bm25,hybrid,hybrid,bm25
fever:196964,ce20,bm25,ce20,bm25,ce20,ce100,ce100,hybrid,hybrid,ce100
fever:196967,bm25,bm25,ce20,bm25,ce20,bi200,bm25,hybrid,hybrid,bm25
fever:196971,bm25,ce100,ce20,bm25,bm25,ce20,bm25,hybrid,hybrid,bm25
fever:196978,ce100,ce20,ce20,bm25,bm25,ce20,ce100,ce20,hybrid,bm25
fever:196986,ce20,ce20,bm25,bm25,bm25,ce20,bm25,bm25,hybrid,bm25
fever:196992,ce20,ce20,ce20,bm25,ce20,hybrid,bm25,hybrid,hybrid,hybrid
fever:19711,bm25,bm25,ce100,bm25,ce20,bi200,hybrid,ce20,ce20,bm25
fever:19719,bm25,bm25,ce20,ce20,bm25,ce20,bi200,bm25,ce20,bi200
fever:19721,bm25,ce100,bm25,bm25,bm25,bi200,bm25,bm25,ce20,bm25
fever:197338,bm25,bm25,ce20,ce20,ce20,hybrid,bi200,bi200,ce20,ce100
fever:197340,bm25,bm25,bm25,bm25,ce20,ce20,bm25,bm25,ce20,ce100
fever:197342,bm25,bm25,ce20,ce20,ce20,hybrid,hybrid,bi200,ce20,ce100
fever:197345,bm25,bm25,ce20,ce20,ce20,ce100,bm25,bm25,ce20,ce100
fever:197349,bm25,bm25,ce20,ce20,ce20,hybrid,bm25,bm25,ce20,bi200
fever:197357,ce100,ce100,ce100,ce100,ce100,hybrid,ce100,ce100,hybrid,ce100
fever:197363,ce100,ce100,ce100,ce100,ce100,hybrid,hybrid,bi200,hybrid,bi200
fever:197364,ce100,ce100,ce20,ce100,ce100,hybrid,ce100,hybrid,hybrid,bi200
fever:197366,ce100,ce100,ce20,ce100,ce100,bi200,ce20,hybrid,hybrid,bi200
fever:197368,ce100,ce100,bm25,ce100,ce100,bi200,hybrid,bm25,hybrid,hybrid
fever:197373,ce100,ce100,ce20,ce100,ce100,ce100,ce20,bm25,hybrid,hybrid
fever:197376,ce100,ce100,ce100,ce100,ce100,hybrid,ce100,hybrid,hybrid,bi200
fever:197377,ce20,ce100,ce20,ce100,ce100,ce20,ce20,bm25,hybrid,ce20
fever:197380,ce100,ce100,ce20,ce100,ce100,ce100,ce100,ce20,ce100,ce100
fever:197381,ce100,ce100,ce100,ce100,ce20,ce100,hybrid,ce100,ce20,bi200
fever:197384,ce20,ce100,ce100,ce100,ce20,bi200,ce100,bm25,hybrid,hybrid
fever:197386,ce100,ce100,ce20,ce100,ce100,ce100,ce20,bi200,hybrid,ce100
fever:197388,ce100,ce100,ce20,ce100,ce100,ce100,ce100,ce100,ce100,hybrid
fever:197389,ce100,ce100,ce100,ce100,ce100,ce100,hybrid,ce100,hybrid,bi200
fever:19752,ce20,ce20,ce20,ce20,ce100,bi200,hybrid,bi200,bi200,bm25
fever:19756,ce100,ce100,ce100,bm25,ce100,ce100,bi200,ce100,bi200,ce100
fever:197631,bm25,ce20,bm25,bm25,ce20,hybrid,bm25,hybrid,hybrid,hybrid
fever:197632,bm25,bm25,bm25,bm25,ce20,hybrid,ce20,hybrid,ce20,ce20
fever:197633,ce20,bm25,bm25,bm25,ce100,hybrid,bi200,hybrid,bm25,bi200
fever:197635,bm25,ce20,bm25,bm25,ce20,hybrid,bm25,hybrid,hybrid,hybrid
fever:197636,bm25,ce20,bm25,bm25,bm25,hybrid,bm25,bm25,ce20,ce20
fever:197637,bm25,bm25,bm25,bm25,bm25,hybrid,hybrid,hybrid,hybrid,hybrid
fever:197641,bm25,ce20,bm25,bm25,ce20,hybrid,hybrid,hybrid,hybrid,hybrid
fever:197643,bm25,ce20,bm25,bm25,ce20,hybrid,hybrid,hybrid,hybrid,hybrid
fever:197645,bm25,ce20,bm25,bm25,ce100,hybrid,hybrid,hybrid,hybrid,hybrid
fever:19765,ce100,ce100,ce100,ce100,ce100,bi200,bi200,ce20,bi200,hybrid
fever:197655,bm25,bm25,bm25,bm25,bm25,hybrid,hybrid,hybrid,hybrid,bm25
fever:197656,ce100,ce100,ce20,bm25,ce100,ce100,bi200,bi200,ce20,bi200
fever:19766,ce100,ce100,ce100,ce100,ce100,bi200,ce100,ce100,bi200,ce100
fever:197661,bm25,bm25,bm25,bm25,ce100,hybrid,bi200,hybrid,ce20,bm25
fever:19774,ce20,ce20,bm25,ce20,ce20,ce20,bm25,bm25,bi200,bi200
fever:198008,bm25,ce100,bm25,bm25,ce20,hybrid,bi200,bm25,hybrid,bm25
fever:198013,bm25,ce100,bm25,bm25,bm25,hybrid,bm25,bm25,hybrid,bm25
fever:198015,ce20,bm25,bm25,bm25,ce20,ce100,hybrid,ce100,ce20,hybrid
fever:198025,bm25,ce100,bm25,bm25,bm25,ce100,hybrid,hybrid,ce20,bm25
fever:198029,bm25,ce100,ce100,bm25,ce20,ce100,bi200,bm25,ce20,hybrid
fever:198035,bm25,bm25,bm25,ce20,bm25,ce100,ce100,ce20,ce20,hybrid
fever:198037,ce20,ce100,bm25,bm25,ce100,ce100,bm25,ce20,hybrid,hybrid
fever:198041,ce20,bm25,bm25,bm25,bm25,ce100,ce20,ce20,ce20,hybrid
fever:198065,bm25,ce100,ce100,ce20,bm25,bm25,ce100,ce100,ce20,ce100
fever:198066,bm25,ce20,bm25,ce20,bm25,bi200,ce100,ce100,ce20,ce20
fever:198067,bm25,ce100,bm25,bm25,bm25,ce20,ce100,ce100,ce20,ce20
fever:198068,bm25,ce100,ce100,ce20,ce100,bm25,ce100,ce20,ce100,ce20
fever:198070,ce20,ce100,ce100,ce100,ce20,bi200,ce100,ce20,ce100,ce20
fever:198072,ce20,ce20,ce100,ce20,ce20,bi200,ce100,ce100,ce20,ce20
fever:198082,bm25,ce20,ce20,ce20,bm25,bi200,ce100,ce20,bi200,ce20
fever:198084,ce100,ce100,bm25,ce100,ce100,ce20,ce100,ce100,ce20,ce100
fever:198085,bm25,ce100,bm25,ce20,ce100,ce20,ce100,ce20,ce20,ce100
fever:198087,bm25,ce20,bm25,bm25,bm25,hybrid,ce100,ce100,ce20,ce20
fever:198088,ce100,ce100,ce20,ce100,ce100,ce20,ce100,ce100,ce100,ce100
fever:198090,ce100,bm25,bm25,ce20,ce100,bi200,ce100,ce20,bi200,ce20
fever:198208,ce100,ce100,ce20,bm25,ce100,ce100,bi200,bi200,bi200,hybrid
fever:198210,ce20,ce20,ce20,bm25,ce100,bi200,bi200,bi200,hybrid,hybrid
fever:198216,ce20,ce20,ce20,bm25,ce100,bi200,bi200,bi200,hybrid,hybrid
fever:198217,ce20,ce20,ce20,bm25,ce100,hybrid,bi200,bi200,hybrid,hybrid
fever:198218,ce100,ce20,ce20,bm25,ce100,hybrid,bi200,bi200,bi200,hybrid
fever:198221,ce100,ce100,ce20,bm25,ce100,ce100,bi200,bi200,bi200,bi200
fever:198225,ce20,ce20,ce20,bm25,ce100,bi200,bi200,bi200,hybrid,hybrid
fever:198226,ce100,ce100,ce100,ce100,ce100,ce100,bi200,bi200,hybrid,hybrid
fever:198227,ce100,ce100,ce20,ce100,ce100,ce100,bi200,bi200,hybrid,hybrid
fever:198231,ce20,ce20,ce20,bm25,ce100,bi200,bi200,bi200,hybrid,hybrid
fever:198234,ce20,bm25,ce20,bm25,ce100,bi200,bi200,bi200,hybrid,hybrid
fever:198419,ce20,ce100,ce20,ce20,ce100,bi200,ce100,bi200,ce20,ce100
fever:198420,ce20,ce100,ce20,bm25,ce100,ce100,ce20,bi200,ce20,ce100
fever:198421,ce20,ce100,ce20,ce20,ce100,bi200,ce100,bi200,ce20,bi200
fever:198422,bm25,ce100,ce100,ce20,ce100,ce100,ce100,bi200,ce20,ce100
fever:198425,bm25,ce20,ce100,bm25,ce100,ce100,ce100,bi200,ce20,ce100
fever:198426,ce20,ce100,ce20,bm25,ce100,ce100,ce20,bi200,ce20,ce100
fever:198427,ce20,ce100,ce20,ce20,ce100,ce100,ce100,bi200,hybrid,ce20
fever:198431,ce20,ce100,ce20,ce20,ce100,ce100,ce20,bi200,ce20,bi200
fever:198432,ce20,ce100,ce20,ce20,ce100,ce100,ce20,bi200,hybrid,ce100
fever:198434,ce100,ce100,ce100,ce20,ce100,ce20,ce100,bi200,ce20,ce100
fever:198435,ce20,ce100,ce20,ce20,ce100,bi200,ce100,bi200,hybrid,bi200
fever:198438,ce20,ce100,ce20,ce20,ce100,ce100,ce20,bi200,bi200,ce100
fever:19853,bm25,ce20,bm25,bm25,bm25,ce100,bm25,bi200,bm25,bm25
fever:198532,bm25,ce20,bm25,bm25,ce20,ce20,bm25,bm25,ce20,bm25
fever:198534,bm25,ce20,bm25,ce20,ce20,ce20,ce100,ce20,ce20,bm25
fever:198537,bm25,ce20,bm25,ce20,bm25,ce20,ce20,bm25,bm25,bm25
fever:198538,bm25,ce20,bm25,ce20,ce20,ce20,ce20,bm25,bm25,bm25
fever:198541,bm25,bm25,ce20,bm25,ce100,ce20,ce100,bm25,ce20,ce20
fever:198544,bm25,bm25,bm25,bm25,bm25,ce20,ce20,ce20,bm25,bm25
fever:198545,bm25,bm25,bm25,bm25,ce20,ce20,ce20,ce20,bm25,bm25
fever:198552,bm25,ce20,bm25,ce100,ce20,ce20,ce20,ce100,ce20,ce20
fever:198554,bm25,ce20,ce20,ce20,bm25,ce20,bm25,ce20,ce20,ce20
fever:198558,bm25,bm25,bm25,bm25,bm25,bm25,ce20,bm25,ce20,bm25
fever:198559,bm25,bm25,bm25,bm25,ce20,ce20,bm25,bm25,bm25,bm25
fever:198565,bm25,ce20,ce100,bm25,bm25,bi200,ce100,ce20,ce20,ce20
fever:19865,bm25,bm25,bm25,ce100,bm25,bi200,bm25,bi200,hybrid,bm25
fever:19866,bm25,bm25,bm25,ce100,bm25,bi200,bm25,bi200,hybrid,bm25
fever:198888,ce20,ce100,ce20,ce100,ce20,ce20,bi200,hybrid,ce20,ce20
fever:198893,ce100,ce20,ce20,bm25,ce100,bi200,bi200,hybrid,hybrid,ce100
fever:198895,ce100,ce100,ce20,bm25,ce100,bi200,bi200,hybrid,hybrid,hybrid
fever:198896,ce20,ce100,ce20,ce100,ce100,ce20,ce100,hybrid,bi200,ce20
fever:198899,ce20,ce100,bm25,ce100,ce20,ce20,bi200,hybrid,ce20,ce20
fever:1989,ce20,ce20,ce20,ce20,bm25,ce20,bi200,hybrid,bi200,bm25
fever:198900,ce20,ce20,ce20,bm25,ce100,ce20,bi200,hybrid,bi200,ce100
fever:198901,ce100,ce20,ce20,ce20,ce100,ce20,ce100,ce100,ce20,ce100
fever:19898,bm25,bm25,bm25,bm25,bm25,ce20,ce20,ce20,bi200,ce20
fever:19902,bm25,bm25,bm25,bm25,ce20,bm25,ce20,bi200,bm25,bm25
fever:19915,ce100,ce100,ce100,ce100,ce100,ce100,ce100,ce100,ce20,ce100
fever:199260,ce20,bm25,bm25,bm25,bm25,ce100,ce100,hybrid,bi200,hybrid
fever:199263,bm25,bm25,bm25,bm25,ce20,ce100,bm25,hybrid,hybrid,ce20
fever:199264,bm25,bm25,bm25,bm25,ce20,bi200,bm25,hybrid,hybrid,hybrid
fever:199265,ce20,ce20,bm25,bm25,ce20,bi200,ce100,hybrid,bi200,hybrid
fever:199275,ce20,bm25,ce20,bm25,bm25,hybrid,ce100,hybrid,bm25,hybrid
fever:199276,ce20,ce100,ce20,ce20,ce20,bi200,ce100,hybrid,hybrid,hybrid
fever:199403,bm25,ce20,bm25,bm25,ce20,ce20,ce100,ce20,ce20,bm25
fever:199408,ce20,ce20,ce20,ce20,ce20,ce20,ce100,ce20,ce20,ce20
fever:199410,ce100,ce20,bm25,bm25,ce20,ce20,ce100,ce20,ce20,hybrid
fever:199413,bm25,ce20,ce20,ce20,ce20,ce20,ce100,ce20,ce20,bm25
fever:199414,ce20,ce20,ce20,ce20,ce20,ce20,ce100,ce20,hybrid,bm25
fever:199416,bm25,bm25,bm25,bm25,bm25,ce100,bm25,hybrid,ce20,bi200
fever:199418,bm25,bm25,ce100,bm25,ce20,ce100,bm25,ce20,ce20,hybrid
fever:199419,bm25,bm25,bm25,bm25,bm25,ce100,bi200,ce20,bm25,bm25
fever:199420,ce20,ce20,bm25,bm25,bm25,ce100,bi200,ce20,ce20,hybrid
fever:199421,ce20,ce20,ce20,ce20,ce20,ce20,ce20,ce20,ce20,ce20
fever:199423,bm25,ce20,bm25,bm25,ce20,ce20,bi200,ce20,hybrid,bm25
fever:199428,ce20,ce20,bm25,bm25,bm25,ce100,bi200,ce20,ce20,ce20
fever:19951,bm25,ce100,ce100,ce20,ce100,ce100,bm25,ce20,ce20,ce20
fever:199662,bm25,bm25,bm25,bm25,bm25,bm25,bm25,bm25,bm25,bm25
fever:199668,bm25,ce20,ce20,ce20,ce20,ce20,ce20,ce20,ce20,bm25
fever:199669,bm25,ce20,bm25,bm25,bm25,bm25,bm25,bm25,ce20,bm25
fever:199670,bm25,ce20,ce20,ce20,ce20,ce20,bm25,ce20,ce20,bm25
fever:199674,bm25,ce20,ce100,ce20,ce100,ce20,bm25,ce100,ce20,bm25
fever:199676,bm25,ce20,bm25,bm25,ce20,bm25,bm25,bm25,ce20,ce20
fever:199681,ce20,ce20,ce20,bm25,ce20,bm25,bm25,ce20,bm25,bm25
fever:199682,bm25,bm25,ce20,ce20,ce20,bm25,bm25,ce20,ce20,ce20
fever:199732,bm25,bm25,bm25,ce20,bm25,hybrid,ce100,bm25,bi200,bi200
fever:199734,bm25,ce20,bm25,ce20,ce100,hybrid,ce100,bm25,hybrid,ce20
fever:199735,bm25,bm25,bm25,ce20,bm25,hybrid,ce100,bm25,hybrid,bi200
fever:199738,ce100,ce100,bm25,ce100,ce100,bi200,ce100,bi200,hybrid,bi200
fever:199741,bm25,bm25,bm25,ce20,bm25,hybrid,ce100,bi200,hybrid,bi200
fever:199742,ce20,bm25,ce20,ce20,bm25,bi200,ce100,bi200,hybrid,bi200
fever:199745,bm25,ce20,ce100,ce20,ce100,bi200,ce100,bi200,bi200,bi200
fever:199746,ce100,ce100,ce100,ce20,ce100,bi200,ce100,ce100,bi200,ce100
fever:199750,bm25,ce100,ce100,ce20,bm25,hybrid,ce100,bm25,ce100,bi200
fever:199753,bm25,bm25,bm25,ce20,bm25,hybrid,bi200,bi200,hybrid,bi200
fever:199755,ce100,ce100,ce100,ce20,ce100,bi200,ce100,bi200,bi200,bi200
fever:199757,ce100,ce20,ce100,ce20,ce100,bi200,ce100,ce100,hybrid,bi200
fever:199758,ce20,ce20,ce100,ce20,ce100,bi200,ce100,bi200,bi200,bi200
fever:199759,ce100,ce20,ce100,ce20,ce100,bi200,ce100,bi200,bi200,bi200
fever:199761,ce100,ce100,ce100,bm25,ce100,bi200,ce100,hybrid,hybrid,bi200
fever:199763,bm25,bm25,bm25,ce20,bm25,hybrid,ce100,bm25,bi200,ce20
fever:199805,bm25,ce20,bm25,bm25,ce20,bi200,bi200,hybrid,bi200,bi200
fever:199807,bm25,bm25,ce20,bm25,bm25,bi200,bi200,hybrid,bi200,bi200
fever:199809,bm25,bm25,bm25,bm25,ce20,bi200,bi200,ce20,bi200,hybrid
fever:199812,bm25,bm25,ce20,bm25,ce20,bi200,bi200,hybrid,bi200,bi200
fever:199814,bm25,ce20,bm25,bm25,bm25,ce20,bi200,hybrid,bi200,bi200
fever:199815,bm25,bm25,bm25,bm25,bm25,bi200,bi200,hybrid,bi200,bi200
fever:199817,bm25,bm25,bm25,bm25,bm25,bi200,bi200,hybrid,bi200,ce20
fever:199818,bm25,bm25,bm25,bm25,bm25,bi200,bi200,hybrid,bi200,bi200
fever:199819,ce20,bm25,bm25,bm25,ce20,bi200,bi200,ce20,bi200,ce20
fever:19983,bm25,ce20,bm25,bm25,ce20,bm25,ce20,bm25,ce20,ce20
fever:19994,ce20,ce20,bm25,bm25,ce20,ce20,ce20,bm25,bm25,ce20
fever:200032,ce20,bm25,bm25,bm25,bm25,ce20,bm25,bi200,bm25,bi200
fever:200033,ce20,bm25,bm25,bm25,ce20,ce20,bm25,bm25,ce20,bm25
fever:200034,ce20,bm25,bm25,bm25,ce20,ce20,bm25,bm25,ce20,bm25
fever:200035,ce20,bm25,bm25,bm25,bm25,ce20,bm25,bi200,bm25,bi200
fever:200039,ce20,ce100,ce20,bm25,ce100,bi200,ce100,bi200,bi200,ce100
fever:200041,ce20,bm25,ce20,bm25,ce20,ce20,bm25,bi200,hybrid,bi200
fever:200042,ce20,ce100,ce20,bm25,ce20,bi200,ce100,bi200,ce20,ce100
fever:200044,ce20,bm25,bm25,bm25,ce20,ce20,bm25,bm25,ce20,bm25
fever:200045,ce20,ce20,ce20,bm25,ce20,ce100,ce100,bi200,ce20,ce100
fever:200050,ce20,ce20,ce20,bm25,ce20,bi200,ce100,bm25,ce20,bi200
fever:200051,ce20,bm25,bm25,bm25,bm25,ce20,bm25,ce20,ce20,ce20
fever:20026,ce20,ce20,ce20,bm25,bm25,bi200,bi200,bi200,bi200,bm25
fever:200260,ce100,ce20,bm25,bm25,ce100,ce100,bm25,bi200,ce20,ce20
fever:200261,ce100,ce100,bm25,bm25,ce100,ce100,ce100,bi200,bi200,bm25
fever:200262,ce100,bm25,bm25,bm25,ce100,bi200,bi200,hybrid,bi200,bi200
fever:200278,ce100,ce100,ce100,ce20,ce100,ce20,ce100,hybrid,bi200,bi200
fever:200279,ce100,ce20,bm25,bm25,ce100,ce100,bm25,bi200,bi200,bm25
fever:200282,bm25,ce20,bm25,bm25,bm25,bm25,bm25,hybrid,ce20,bm25
fever:200285,bm25,bm25,bm25,bm25,bm25,bm25,bm25,bm25,ce20,bm25
fever:200289,bm25,bm25,bm25,bm25,bm25,bm25,bm25,bm25,bm25,bm25
fever:200290,ce100,ce20,bm25,bm25,ce100,ce100,bm25,bi200,bi200,bm25
fever:200291,ce100,ce100,ce100,ce100,ce100,ce100,ce100,hybrid,bi200,hybrid
fever:200293,bm25,bm25,bm25,bm25,bm25,bi200,bi200,hybrid,hybrid,bm25
fever:200296,ce100,ce20,bm25,bm25,ce100,ce100,bm25,bi200,bi200,bm25
fever:200297,bm25,bm25,bm25,bm25,bm25,bm25,bm25,bm25,bm25,bm25
fever:200298,ce100,bm25,bm25,bm25,ce20,bi200,ce100,hybrid,hybrid,bm25
fever:200300,bm25,bm25,bm25,bm25,bm25,bm25,bm25,bm25,bm25,bm25
fever:20032,bm25,ce100,bm25,bm25,ce20,ce100,bi200,ce20,ce20,bi200
fever:200366,ce100,ce20,ce20,ce20,bm25,ce20,ce100,ce20,hybrid,ce20
fever:200368,ce20,ce20,ce20,ce20,ce100,bi200,bi200,hybrid,bi200,bi200
fever:200370,ce20,ce20,ce20,bm25,ce20,bi200,bi200,hybrid,bi200,bi200
fever:200371,ce20,ce20,ce20,bm25,ce20,bi200,bi200,hybrid,bi200,bi200
fever:200382,ce20,ce20,ce20,ce20,ce20,ce20,ce20,ce20,ce20,bm25
fever:200387,bm25,ce20,ce20,bm25,ce100,bi200,bi200,hybrid,bi200,bi200
fever:200390,bm25,ce20,bm25,bm25,bm25,bm25,bm25,ce20,ce20,bm25
fever:200391,ce20,ce20,ce20,bm25,ce20,bi200,bi200,hybrid,bi200,bi200
fever:200395,ce20,ce20,ce20,ce20,ce20,ce20,ce20,ce100,hybrid,ce20
fever:200396,ce20,ce20,ce20,ce20,ce20,ce20,ce100,ce20,bm25,bm25
fever:20049,ce20,ce20,ce20,ce20,ce20,bm25,bm25,ce100,ce20,ce20
fever:20060,ce20,ce20,bm25,bm25,ce20,bm25,ce20,ce20,hybrid,bi200
fever:201060,bm25,bm25,bm25,ce20,bm25,ce20,hybrid,bi200,hybrid,bm25
fever:201064,ce20,ce20,ce20,bm25,ce20,ce20,bm25,hybrid,ce20,ce20
fever:201065,bm25,ce20,ce20,bm25,ce20,ce20,ce100,ce20,ce20,ce20
fever:201066,bm25,bm25,bm25,bm25,bm25,ce20,bm25,bm25,bm25,bm25
fever:201076,ce20,bm25,ce20,ce100,ce20,bi200,ce100,ce20,hybrid,ce20
fever:201079,bm25,bm25,bm25,bm25,bm25,bm25,bm25,hybrid,ce20,ce20
fever:201083,bm25,bm25,bm25,bm25,bm25,ce20,ce100,bm25,ce20,ce20
fever:201086,ce20,bm25,bm25,bm25,bm25,ce20,bm25,bm25,ce20,bm25
fever:201090,ce20,ce20,ce20,bm25,ce20,ce20,bm25,ce20,ce20,ce20
fever:201094,ce20,ce20,bm25,bm25,ce20,ce20,bm25,ce20,ce20,ce20
fever:201095,ce20,ce100,ce20,ce100,ce100,ce20,ce20,ce100,ce20,ce20
fever:201098,ce20,ce20,bm25,bm25,ce20,ce20,bm25,ce20,ce20,bm25
fever:201105,ce20,ce20,ce20,bm25,ce20,ce20,ce20,hybrid,hybrid,ce20
fever:201110,ce20,ce20,ce20,ce20,ce20,ce20,ce20,ce20,bm25,bm25
fever:201112,ce20,ce20,ce20,bm25,ce20,ce20,bm25,bm25,ce20,bm25
fever:201114,bm25,bm25,ce20,bm25,ce20,ce20,ce20,ce20,ce20,bm25
fever:201115,ce20,ce20,ce20,bm25,bm25,ce20,ce20,bm25,ce20,ce20
fever:201116,ce100,ce20,ce100,bm25,ce20,ce20,ce100,ce20,ce100,hybrid
fever:20112,ce100,ce100,ce20,ce100,ce100,ce20,bi200,ce20,bi200,bi200
fever:20120,ce20,ce20,ce20,bm25,ce100,ce100,ce100,ce20,ce20,bm25
fever:20121,ce20,ce20,ce20,bm25,ce100,ce100,ce100,ce20,ce20,bm25
fever:201364,bm25,bm25,bm25,bm25,bm25,bi200,bm25,bm25,ce20,bm25
fever:201365,bm25,bm25,bm25,bm25,bm25,bi200,bm25,bm25,ce20,bm25
fever:201372,ce20,bm25,bm25,bm25,ce20,hybrid,bm25,bi200,ce20,bm25
fever:201374,bm25,bm25,bm25,bm25,bm25,bm25,bm25,ce20,bi200,bm25
fever:201375,bm25,ce20,ce20,ce20,ce20,bi200,ce100,ce20,ce20,ce20
fever:201377,bm25,bm25,bm25,bm25,bm25,hybrid,bm25,hybrid,ce20,bm25
fever:201378,ce20,ce20,bm25,bm25,ce20,bi200,bi200,bi200,ce20,bm25
fever:201379,ce20,ce20,ce20,ce20,ce20,bi200,ce100,bi200,ce20,ce20
fever:201388,bm25,bm25,bm25,bm25,ce20,bi200,bm25,bi200,ce20,bm25
fever:201389,ce20,ce20,ce100,bm25,ce20,ce100,ce100,ce20,ce100,bi200
fever:201391,ce20,bm25,bm25,bm25,ce20,bi200,bm25,ce20,ce20,bm25
fever:201438,ce20,bm25,bm25,ce20,bm25,ce100,bi200,bm25,bi200,bi200
fever:201439,ce100,ce100,ce100,ce20,ce100,ce100,bi200,bm25,bi200,bi200
fever:201441,ce20,bm25,bm25,ce20,bm25,ce100,bm25,bm25,ce20,ce20
fever:201446,ce20,bm25,bm25,ce20,bm25,ce100,ce100,ce20,bm25,ce20
fever:201454,ce20,bm25,bm25,ce20,bm25,ce100,bm25,bm25,ce20,ce20
fever:201457,bm25,ce20,bm25,ce20,bm25,ce100,bi200,bm25,bm25,bi200
fever:201459,ce20,bm25,ce20,ce20,ce100,ce100,ce100,bm25,ce20,ce100
fever:201460,ce100,ce100,ce100,bm25,bm25,ce100,bi200,bm25,bm25,bi200
fever:201573,ce20,ce20,bm25,bm25,ce20,ce100,bi200,hybrid,hybrid,hybrid
fever:201574,bm25,ce20,bm25,bm25,ce20,ce100,hybrid,bm25,ce100,hybrid
fever:201575,ce100,ce100,ce100,ce100,ce100,ce100,bi200,ce20,ce100,ce100
fever:201576,ce100,ce20,ce20,bm25,ce20,ce100,ce100,hybrid,ce20,bm25
fever:201583,ce20,ce20,ce100,ce100,ce20,ce100,bi200,ce20,ce20,bi200
fever:201587,ce20,ce20,ce100,ce100,ce20,ce100,bi200,ce20,ce20,bi200
fever:201592,ce20,ce20,ce20,bm25,ce100,bi200,bi200,bi200,hybrid,bm25
fever:201596,ce20,ce20,bm25,bm25,ce20,ce100,hybrid,hybrid,hybrid,hybrid
fever:201598,ce20,bm25,ce100,bm25,ce20,ce100,bi200,hybrid,bm25,hybrid
fever:201600,ce100,ce100,ce100,ce100,ce100,ce100,hybrid,bi200,ce20,bi200
fever:201602,ce20,ce20,ce100,ce100,ce100,ce20,bi200,ce20,ce100,bi200
fever:201603,ce20,ce20,bm25,bm25,ce20,ce100,ce100,hybrid,ce20,hybrid
fever:201606,ce20,ce100,bm25,bm25,ce100,bi200,hybrid,bi200,hybrid,bm25
fever:20161,ce20,ce20,ce100,bm25,ce100,ce20,ce100,hybrid,ce20,ce20
fever:201738,ce100,ce100,ce100,ce100,ce100,bi200,bi200,hybrid,hybrid,hybrid
fever:201739,ce100,ce100,ce100,ce100,ce100,hybrid,bi200,hybrid,bi200,hybrid
fever:201740,ce100,ce100,ce100,ce100,bm25,bi200,bi200,hybrid,bi200,bi200
fever:201743,ce100,ce100,ce100,ce100,ce100,hybrid,ce100,hybrid,hybrid,hybrid
fever:201744,ce100,ce100,ce100,ce100,ce100,hybrid,bi200,hybrid,bi200,hybrid
fever:201745,bm25,ce100,ce100,ce100,bm25,hybrid,bi200,hybrid,bi200,hybrid
fever:201747,ce100,ce100,ce100,ce100,ce100,bi200,bi200,hybrid,bi200,bi200
fever:201748,ce100,ce100,ce100,ce100,ce100,bi200,bi200,bi200,bi200,bi200
fever:201749,ce100,ce100,ce100,ce100,ce100,bi200,bi200,ce100,bi200,hybrid
fever:201751,bm25,bm25,ce100,ce100,ce100,bi200,hybrid,hybrid,hybrid,hybrid
fever:201756,ce100,ce100,ce100,ce100,ce100,bi200,bi200,ce100,bi200,bi200
fever:201757,bm25,ce100,ce100,ce100,ce100,hybrid,ce100,hybrid,bi200,hybrid
fever:201793,ce100,bm25,ce20,ce20,ce20,hybrid,ce100,ce100,hybrid,bm25
fever:201795,bm25,ce20,ce20,ce20,ce20,bi200,bi200,bi200,bi200,bi200
fever:201796,ce100,ce100,ce100,ce20,ce20,ce100,ce100,ce20,ce20,ce100
fever:201797,ce20,bm25,bm25,ce20,ce20,hybrid,ce100,bi200,ce20,bm25
fever:201798,ce100,bm25,bm25,ce20,ce20,bi200,ce100,ce100,hybrid,hybrid
fever:201799,ce20,ce100,ce100,ce100,ce20,ce100,ce100,ce100,ce20,ce20
fever:201801,bm25,bm25,ce20,bm25,ce20,ce20,ce100,ce20,ce20,ce20
fever:201808,bm25,bm25,bm25,bm25,ce20,bm25,bm25,ce20,ce20,bm25
fever:201813,bm25,bm25,bm25,bm25,ce20,ce20,hybrid,hybrid,ce20,bm25
fever:201823,ce100,ce20,bm25,ce100,ce20,ce20,ce100,bi200,hybrid,ce20
fever:201826,bm25,bm25,ce20,bm25,ce20,ce20,ce100,ce20,ce20,ce20
fever:201827,bm25,bm25,ce20,ce20,ce20,ce20,ce100,ce20,ce20,bm25
fever:201833,bm25,bm25,bm25,bm25,bm25,ce20,bm25,hybrid,bm25,bm25
fever:20191,bm25,bm25,bm25,bm25,bm25,ce100,bi200,bm25,hybrid,hybrid
fever:20202,bm25,ce100,bm25,ce100,ce20,bi200,bi200,bi200,hybrid,bi200
fever:202025,bm25,ce20,ce100,bm25,ce100,ce20,ce100,bi200,hybrid,bm25
fever:202026,bm25,ce20,ce100,bm25,ce20,ce20,ce100,bm25,hybrid,bm25
fever:202027,bm25,ce20,bm25,bm25,ce100,ce20,bm25,bm25,hybrid,bm25
fever:202032,bm25,ce20,ce20,bm25,ce20,ce20,bm25,bm25,hybrid,bm25
fever:202037,bm25,ce20,ce20,bm25,ce20,bm25,bm25,ce20,ce20,ce20
fever:202039,bm25,ce20,ce20,bm25,ce20,ce20,bm25,bi200,ce20,bm25
fever:202044,bm25,bm25,bm25,bm25,ce20,ce20,bm25,bm25,hybrid,bm25
fever:202049,bm25,ce20,bm25,bm25,bm25,bm25,bm25,bm25,hybrid,bm25
fever:202050,bm25,ce20,ce20,bm25,ce20,ce20,bm25,bm25,hybrid,bm25
fever:202051,bm25,ce20,ce20,bm25,ce20,ce20,bm25,ce100,hybrid,ce20
fever:202053,bm25,ce20,bm25,bm25,ce100,bm25,bm25,bm25,hybrid,ce20
fever:202054,bm25,ce20,ce20,bm25,ce20,ce20,bm25,ce20,ce100,bm25
fever:202056,bm25,ce20,ce100,bm25,ce20,ce20,ce100,bm25,hybrid,bm25
fever:202059,bm25,ce20,ce20,bm25,ce20,ce20,ce100,ce100,hybrid,ce20
fever:202297,ce100,ce100,ce100,ce100,ce100,ce100,hybrid,hybrid,ce100,bm25
fever:202298,ce20,ce100,ce100,bm25,ce100,ce100,bi200,ce20,ce20,bm25
fever:202301,bm25,ce100,bm25,bm25,ce20,ce100,hybrid,hybrid,hybrid,bm25
fever:202302,bm25,ce100,bm25,bm25,ce100,ce100,bi200,hybrid,hybrid,bm25
fever:202303,ce100,ce100,bm25,bm25,ce100,ce100,bi200,hybrid,hybrid,bm25
fever:202308,ce100,ce100,bm25,bm25,ce100,ce100,bi200,ce20,ce20,bm25
fever:202313,ce100,ce100,bm25,bm25,ce100,ce100,bi200,hybrid,hybrid,bm25
fever:202314,ce100,ce100,bm25,bm25,ce100,ce100,bi200,hybrid,hybrid,bm25
fever:202316,ce100,ce100,ce100,bm25,ce100,ce100,ce100,hybrid,hybrid,bm25
fever:202317,ce100,ce100,ce100,bm25,ce100,ce100,ce100,hybrid,hybrid,bm25
fever:202320,ce100,ce100,bm25,bm25,ce100,ce100,bi200,ce20,ce20,bm25
fever:202436,ce20,ce20,bm25,bm25,ce20,bi200,ce20,hybrid,hybrid,hybrid
fever:202439,ce20,ce20,ce20,bm25,ce20,bi200,ce20,ce20,ce20,bm25
fever:202441,ce20,ce20,ce20,bm25,ce20,hybrid,ce20,hybrid,hybrid,hybrid
fever:202445,ce100,bm25,bm25,ce20,ce100,bi200,bi200,hybrid,hybrid,ce20
fever:202448,ce20,ce20,ce20,bm25,ce20,ce20,ce20,bm25,ce20,ce20
fever:202450,ce20,bm25,bm25,bm25,bm25,bi200,bi200,ce20,hybrid,ce20
fever:202454,ce20,bm25,ce20,bm25,bm25,bi200,ce20,bm25,ce20,bm25
fever:202460,ce20,ce20,ce20,ce20,ce20,bi200,bi200,ce20,ce20,ce20
fever:202461,ce20,ce20,ce20,bm25,ce20,hybrid,ce100,hybrid,hybrid,hybrid
fever:202468,ce20,bm25,ce20,bm25,bm25,bi200,ce20,hybrid,hybrid,bm25
fever:202470,ce100,bm25,bm25,ce20,ce100,bi200,bi200,hybrid,hybrid,ce20
fever:202472,ce20,ce20,ce20,bm25,ce20,hybrid,ce100,hybrid,hybrid,hybrid
fever:202475,ce20,ce20,bm25,bm25,ce20,bi200,bi200,hybrid,hybrid,hybrid
fever:202477,ce20,ce20,bm25,ce20,ce20,bi200,bi200,hybrid,hybrid,ce20
fever:20261,ce20,ce20,ce20,ce20,ce100,bi200,hybrid,hybrid,hybrid,bi200
fever:202729,ce20,ce100,ce100,ce20,bm25,ce100,bm25,bi200,ce100,bm25
fever:202730,ce20,bm25,ce20,bm25,ce20,ce20,ce20,bm25,ce20,ce20
fever:202733,ce20,bm25,ce20,ce20,ce20,ce20,ce100,ce20,ce20,ce20
fever:202736,ce20,bm25,ce100,ce20,ce20,bm25,ce100,ce20,ce100,ce100
fever:202737,ce20,bm25,bm25,ce20,ce20,bi200,ce20,bi200,ce20,ce20
fever:202738,bm25,bm25,ce20,bm25,ce20,bm25,bi200,bi200,ce100,ce20
fever:202743,ce20,bm25,ce20,ce20,ce20,ce20,ce20,bm25,ce20,ce20
fever:202747,ce20,bm25,ce20,ce20,ce20,ce20,ce100,ce20,ce20,ce20
fever:202751,ce20,ce20,ce20,ce20,ce20,hybrid,ce20,ce20,ce100,hybrid
fever:202752,ce20,bm25,ce20,ce20,ce20,bi200,ce20,bi200,ce20,ce20
fever:202754,bm25,bm25,ce20,bm25,ce20,bm25,bm25,bm25,bi200,bm25
fever:202756,bm25,bm25,bm25,bm25,ce20,bm25,bm25,ce20,ce20,bm25
fever:202759,ce20,bm25,ce20,bm25,ce20,bm25,bm25,bm25,ce20,bm25
fever:202760,ce20,bm25,bm25,bm25,ce20,bm25,bm25,bm25,ce20,bm25
fever:202762,ce20,bm25,ce20,bm25,ce20,ce20,bm25,bi200,ce20,bm25
fever:202764,ce20,bm25,ce20,ce20,ce20,ce20,bm25,ce20,ce20,bm25
fever:202765,ce20,bm25,bm25,ce20,ce20,bm25,bm25,ce20,ce20,bm25
fever:202766,ce20,bm25,ce20,bm25,ce20,ce20,ce100,ce20,ce20,ce20
fever:202772,bm25,bm25,bm25,bm25,ce20,bm25,bm25,ce20,bm25,bm25
fever:202773,ce20,bm25,bm25,bm25,ce20,bm25,bm25,bm25,bm25,bm25
fever:202776,ce20,bm25,ce20,ce20,ce20,bm25,bm25,ce20,ce20,bm25
fever:202780,ce20,ce20,ce20,bm25,ce20,bm25,bm25,bm25,bm25,bi200
fever:202783,ce20,bm25,ce20,bm25,ce20,ce20,bm25,bm25,ce20,bm25
fever:202786,ce20,bm25,ce20,ce20,ce20,ce100,bm25,bi200,bi200,bm25
fever:202788,ce20,ce20,ce20,ce20,ce20,bm25,bi200,hybrid,hybrid,bi200
fever:202789,bm25,bm25,bm25,bm25,ce20,bm25,bm25,bm25,hybrid,bm25
fever:20279,bm25,ce100,ce100,ce100,ce100,bi200,bi200,ce100,hybrid,bi200
fever:202791,ce20,bm25,ce20,ce20,ce20,ce20,bm25,ce20,ce20,bm25
fever:202792,ce20,bm25,bm25,bm25,ce20,ce20,bm25,ce20,ce20,bm25
fever:202793,ce20,ce20,ce20,bm25,ce20,ce20,bm25,bm25,ce20,bi200
fever:202794,ce20,bm25,ce20,bm25,ce20,bm25,bm25,bm25,bm25,bm25
fever:20280,ce100,ce100,ce100,bm25,ce100,bi200,hybrid,ce100,hybrid,bi200
fever:20288,ce100,ce100,ce20,ce20,ce20,bi200,bi200,bm25,bi200,bi200
fever:20291,ce20,ce20,bm25,ce20,ce20,bi200,ce20,ce100,ce20,ce20
fever:202922,bm25,ce20,bm25,ce20,ce20,bi200,bm25,bi200,ce20,ce20
fever:202926,bm25,bm25,ce20,bm25,ce20,bi200,bi200,bm25,bi200,bm25
fever:202927,ce100,ce100,ce20,ce100,ce20,bi200,ce100,ce100,hybrid,ce20
fever:202928,bm25,bm25,ce20,ce20,ce20,bi200,bm25,bm25,bi200,ce20
fever:202930,ce20,ce20,ce20,ce20,ce20,bi200,hybrid,hybrid,ce100,ce20
fever:202932,ce20,bm25,bm25,ce20,ce20,bi200,bm25,bm25,hybrid,hybrid
fever:202935,bm25,ce20,bm25,bm25,ce20,bi200,bm25,bm25,bi200,bm25
fever:202936,bm25,ce20,ce20,ce20,ce20,bi200,bi200,ce100,ce20,bm25
fever:202937,ce100,bm25,ce20,bm25,ce20,bi200,bi200,hybrid,hybrid,hybrid
fever:202940,bm25,bm25,bm25,bm25,ce20,bi200,bm25,bm25,hybrid,hybrid
fever:202941,ce100,ce20,ce20,ce20,ce100,bi200,bm25,ce100,ce20,hybrid
fever:202942,ce20,ce20,bm25,ce20,ce20,bi200,bi200,hybrid,hybrid,hybrid
fever:202949,bm25,ce20,ce20,ce20,bm25,bi200,bi200,bm25,bi200,ce20
fever:202950,bm25,bm25,bm25,ce20,ce20,bi200,bi200,bm25,hybrid,bm25
fever:202953,bm25,bm25,ce20,bm25,ce20,bi200,bi200,bm25,bi200,bm25
fever:202956,bm25,ce20,ce20,ce20,ce20,bi200,ce100,ce100,ce20,ce20
fever:202979,ce100,ce100,ce20,ce100,ce100,ce100,ce100,ce20,ce100,ce100
fever:202995,bm25,ce20,bm25,bm25,ce20,bm25,bm25,ce20,bm25,bm25
fever:203000,ce20,ce100,ce20,ce20,ce100,ce100,ce100,hybrid,bm25,ce100
fever:203002,bm25,ce100,bm25,bm25,ce20,bm25,ce100,ce20,bm25,ce20
fever:203004,ce20,ce100,ce20,ce20,ce100,ce20,ce100,hybrid,bm25,hybrid
fever:203008,bm25,ce100,bm25,bm25,ce100,ce100,ce100,ce20,bm25,ce20
fever:203009,bm25,bm25,bm25,bm25,bm25,ce20,bm25,ce20,bm25,ce20
fever:203011,bm25,ce100,ce20,bm25,ce20,hybrid,ce100,ce20,bm25,ce20
fever:203034,bm25,bm25,bm25,bm25,bm25,hybrid,bm25,bm25,hybrid,bm25
fever:203038,bm25,bm25,bm25,bm25,bm25,hybrid,bm25,bm25,hybrid,bi200
fever:203042,bm25,bm25,bm25,bm25,bm25,bi200,bm25,bm25,hybrid,bm25
fever:203044,ce20,ce20,ce20,bm25,ce20,ce20,bm25,ce20,ce20,bi200
fever:203053,ce100,ce20,ce20,bm25,ce20,ce20,bm25,ce20,ce20,ce20
fever:203054,ce100,ce20,ce20,bm25,ce20,ce20,ce100,ce20,ce20,hybrid
fever:203058,bm25,bm25,ce100,bm25,bm25,hybrid,bm25,ce20,hybrid,bm25
fever:203067,bm25,bm25,bm25,bm25,bm25,hybrid,bm25,ce20,hybrid,bm25
fever:203153,ce100,ce100,ce100,bm25,ce100,bi200,bi200,bi200,hybrid,bi200
fever:203154,ce100,bm25,ce100,bm25,ce100,hybrid,bi200,hybrid,hybrid,bi200
fever:203155,ce100,ce100,ce100,bm25,ce100,bi200,bi200,bi200,hybrid,bi200
fever:203156,bm25,ce100,ce100,ce100,ce100,hybrid,bi200,hybrid,hybrid,bi200
fever:203157,bm25,bm25,ce100,bm25,ce100,hybrid,bi200,hybrid,hybrid,bi200
fever:20316,bm25,ce20,ce20,bm25,bm25,ce20,ce100,bm25,ce20,ce20
fever:203160,bm25,bm25,ce100,bm25,ce100,bi200,bi200,hybrid,bi200,bi200
fever:203161,ce100,ce100,ce100,bm25,ce100,bi200,bi200,bi200,hybrid,bi200
fever:203165,bm25,bm25,ce100,bm25,ce100,hybrid,bi200,hybrid,hybrid,bi200
fever:203178,bm25,bm25,ce100,bm25,ce100,bi200,bi200,hybrid,bi200,bi200
fever:203181,ce100,ce100,ce100,bm25,ce100,bi200,bi200,bi200,hybrid,bi200
fever:203369,bm25,bm25,bm25,bm25,ce20,bi200,bm25,bi200,ce20,bm25
fever:203370,ce20,ce100,ce100,bm25,ce20,bi200,ce100,bi200,ce20,hybrid
fever:203373,bm25,ce20,bm25,bm25,ce20,bi200,ce20,bi200,ce20,bm25
fever:203374,ce100,ce100,ce100,bm25,ce100,bi200,ce100,bi200,ce20,bi200
fever:203376,ce20,ce20,bm25,bm25,ce20,bi200,ce100,bi200,ce20,ce100
fever:203377,bm25,bm25,bm25,bm25,ce20,bi200,bm25,bi200,ce20,bm25
fever:203384,bm25,bm25,bm25,bm25,bm25,bm25,ce100,ce20,ce20,ce20
fever:203386,bm25,ce100,bm25,bm25,ce100,ce20,ce20,bi200,ce20,ce20
fever:203389,ce20,ce100,bm25,bm25,ce20,ce20,ce100,ce100,ce20,bi200
fever:203392,bm25,bm25,bm25,bm25,ce20,bm25,bm25,bi200,ce20,bm25
fever:203393,ce20,ce100,ce100,bm25,ce20,ce20,ce100,ce100,ce100,ce100
fever:203395,bm25,ce20,bm25,bm25,bm25,bm25,ce20,bm25,ce20,bm25
fever:203607,ce20,bm25,ce20,ce20,ce20,hybrid,bi200,hybrid,bi200,bm25
fever:203610,ce20,bm25,ce20,bm25,ce20,bi200,bi200,hybrid,hybrid,hybrid
fever:203613,ce20,bm25,ce20,bm25,ce20,hybrid,bi200,hybrid,bi200,hybrid
fever:203614,ce20,bm25,bm25,bm25,bm25,bi200,bi200,bi200,bi200,hybrid
fever:203615,ce20,bm25,bm25,ce20,bm25,hybrid,bi200,hybrid,bi200,bm25
fever:203617,ce20,bm25,bm25,bm25,bm25,bi200,bi200,hybrid,hybrid,hybrid
fever:203621,ce20,bm25,ce20,ce20,ce20,hybrid,bi200,hybrid,bi200,bi200
fever:203622,ce20,bm25,bm25,bm25,ce20,bi200,bi200,hybrid,bi200,bi200
fever:203623,ce20,bm25,ce20,ce20,ce20,bi200,bi200,hybrid,bi200,bm25
fever:203625,ce20,bm25,ce20,ce20,bm25,bm25,bm25,hybrid,bi200,bm25
fever:203627,ce20,bm25,bm25,bm25,ce20,hybrid,bm25,hybrid,hybrid,hybrid
fever:203695,bm25,bm25,bm25,bm25,bm25,bm25,bm25,hybrid,ce20,bm25
fever:203696,bm25,bm25,ce20,bm25,bm25,bm25,bm25,hybrid,bm25,bm25
fever:203701,bm25,bm25,bm25,bm25,bm25,bm25,bm25,bm25,bm25,bm25
fever:203994,ce20,bm25,bm25,bm25,bm25,bm25,bm25,ce20,bm25,bm25
fever:203995,bm25,bm25,bm25,ce20,bm25,bm25,ce100,bm25,ce20,ce20
fever:203996,bm25,bm25,bm25,bm25,bm25,hybrid,bi200,bi200,bm25,bi200
fever:203997,ce20,bm25,bm25,bm25,bm25,hybrid,bi200,bm25,bm25,ce20
fever:203998,bm25,ce20,bm25,ce20,bm25,bm25,bm25,bm25,bm25,ce20
fever:204002,ce20,bm25,bm25,ce20,bm25,ce100,bm25,bm25,bm25,bi200
fever:204003,ce20,ce20,bm25,bm25,ce20,ce100,bm25,bi200,bi200,ce20
fever:204008,bm25,bm25,bm25,bm25,bm25,bm25,bm25,bm25,bm25,ce20
fever:204010,bm25,bm25,bm25,ce20,bm25,ce100,bm25,bm25,bm25,bi200
fever:204015,ce20,ce20,bm25,bm25,ce20,ce100,bi200,bi200,bi200,ce20
fever:204017,bm25,ce20,bm25,ce20,bm25,ce100,bi200,bm25,bm25,bi200
fever:204020,ce100,ce100,ce100,ce20,ce20,ce20,bi200,ce20,ce20,bi200
fever:204022,ce20,ce20,bm25,bm25,ce20,bi200,ce20,ce20,ce20,ce20
fever:204024,ce20,bm25,bm25,bm25,ce20,bi200,ce100,ce20,ce20,bm25
fever:204025,ce20,ce20,ce20,ce20,ce20,bi200,ce100,ce20,ce20,bi200
fever:204026,ce20,ce20,ce20,bm25,ce20,bi200,ce20,ce20,bm25,bm25
fever:204027,ce20,ce20,ce20,bm25,ce20,bi200,ce100,ce20,ce20,bm25
fever:204030,ce20,ce20,bm25,bm25,ce20,bi200,bm25,ce20,ce20,bm25
fever:204032,ce20,bm25,ce100,ce20,ce20,ce20,ce100,ce20,ce100,bi200
fever:204033,ce20,ce20,bm25,bm25,ce20,bi200,ce20,ce20,bm25,bm25
fever:204035,ce20,bm25,bm25,bm25,ce20,bi200,bi200,ce20,bm25,bm25
fever:204037,ce20,bm25,ce100,ce20,ce20,bi200,bi200,ce20,ce100,bm25
fever:2042,ce100,ce100,ce100,bm25,bm25,bi200,bi200,ce100,bi200,bi200
fever:20424,bm25,ce100,ce100,bm25,ce100,ce100,ce100,bm25,ce20,ce20
fever:20428,bm25,ce20,bm25,bm25,bm25,ce100,bm25,ce20,ce20,bm25
fever:20429,ce20,bm25,bm25,bm25,bm25,ce20,bm25,hybrid,bm25,ce20
fever:2043,ce100,ce100,ce100,ce100,ce100,bi200,bi200,bi200,bi200,bi200
fever:204300,ce100,ce100,ce100,ce100,ce100,ce100,bi200,ce100,bi200,bm25
fever:204301,bm25,ce100,ce100,ce100,ce100,ce100,ce100,ce20,bi200,bm25
fever:204302,ce100,ce100,ce100,bm25,ce100,ce100,ce100,hybrid,bi200,hybrid
fever:204305,ce100,ce100,ce100,ce100,ce100,ce100,bi200,ce100,bi200,bm25
fever:204306,ce100,ce100,ce100,ce100,ce100,hybrid,bi200,ce20,bi200,bm25
fever:204307,bm25,ce100,ce100,ce100,ce100,ce100,ce100,ce20,bi200,bm25
fever:204309,ce100,ce100,ce100,ce100,ce100,bi200,ce100,hybrid,bi200,ce20
fever:204310,bm25,ce100,ce100,ce100,ce100,ce100,ce100,ce100,ce100,ce20
fever:204312,ce100,ce100,ce100,ce100,ce100,hybrid,ce100,ce100,bi200,hybrid
fever:204316,ce100,ce100,ce100,ce100,ce100,ce100,ce100,ce20,bi200,bm25
fever:204321,ce100,ce100,ce100,ce100,ce100,ce100,ce100,ce100,bi200,bm25
fever:204325,ce100,ce100,ce100,ce100,ce100,hybrid,hybrid,ce20,hybrid,hybrid
fever:204326,ce100,ce100,ce100,ce100,ce100,ce100,bi200,ce100,ce20,bm25
fever:204330,ce100,ce100,ce100,ce100,ce100,hybrid,hybrid,hybrid,hybrid,bi200
fever:204331,bm25,bm25,ce20,ce100,ce100,bi200,hybrid,bi200,bi200,hybrid
fever:204333,bm25,ce100,ce20,bm25,ce100,hybrid,bi200,hybrid,hybrid,bi200
fever:204334,bm25,ce100,ce20,bm25,ce100,hybrid,bi200,hybrid,hybrid,bi200
fever:204341,ce100,ce100,ce100,ce100,ce100,hybrid,hybrid,hybrid,hybrid,bi200
fever:204342,ce100,ce100,ce20,ce100,ce100,bi200,ce20,hybrid,hybrid,bi200
fever:204343,ce20,ce100,ce20,ce100,ce100,bi200,ce20,bi200,hybrid,bi200
fever:204344,ce20,ce20,ce20,ce100,ce100,bi200,ce20,bi200,hybrid,bi200
fever:204347,ce100,ce20,ce20,ce100,ce100,hybrid,ce20,hybrid,hybrid,bi200
fever:204349,ce20,bm25,ce20,ce20,ce100,hybrid,ce20,bi200,hybrid,bi200
fever:204351,bm25,bm25,ce20,ce100,ce100,bi200,hybrid,bi200,hybrid,hybrid
fever:204352,ce100,ce100,ce20,ce100,ce100,hybrid,hybrid,hybrid,hybrid,hybrid
fever:204355,bm25,bm25,ce20,bm25,ce100,hybrid,ce20,hybrid,bm25,bi200
fever:204356,ce100,ce100,ce100,ce100,ce100,bi200,bi200,hybrid,hybrid,bi200
fever:204361,ce100,ce100,ce20,ce100,ce100,hybrid,hybrid,hybrid,hybrid,hybrid
fever:20440,ce100,ce100,ce100,ce100,ce100,ce100,bm25,hybrid,hybrid,ce20
fever:204413,ce20,ce20,ce20,ce20,bm25,ce20,ce20,ce20,ce20,ce20
fever:204415,bm25,bm25,ce20,bm25,bm25,bm25,bm25,ce20,ce20,ce20
fever:204419,bm25,bm25,ce20,bm25,ce20,ce20,bi200,ce20,bm25,bi200
fever:204421,bm25,bm25,bm25,ce20,bm25,bm25,ce20,ce20,bm25,ce20
fever:204425,bm25,ce20,bm25,bm25,bm25,bm25,bm25,bm25,bm25,ce20
fever:204431,bm25,ce20,ce20,ce20,ce20,bm25,bm25,ce20,ce20,ce20
fever:204432,ce20,bm25,ce20,bm25,ce20,ce20,bm25,ce20,bm25,ce20
fever:204436,ce20,ce20,ce20,ce20,ce20,ce20,ce20,ce20,ce20,ce20
fever:204437,ce20,bm25,ce20,ce20,ce20,ce20,ce20,ce20,bm25,ce20
fever:204440,bm25,ce20,ce20,ce20,ce20,bm25,bi200,ce20,bm25,bm25
fever:204443,ce20,ce20,bm25,ce20,bm25,ce20,bi200,ce20,bm25,ce20
fever:204444,ce20,bm25,bm25,ce20,bm25,ce20,ce20,ce20,bm25,ce20
fever:204449,bm25,ce20,bm25,bm25,bm25,bm25,bi200,bm25,bm25,bm25
fever:204450,ce20,ce20,bm25,ce20,ce20,bm25,ce100,ce20,bm25,ce20
fever:204454,ce20,bm25,bm25,ce20,bm25,bm25,bm25,bm25,bm25,ce20
fever:204457,ce20,ce20,ce20,ce20,bm25,ce20,ce20,ce20,bm25,ce20
fever:204458,bm25,ce20,ce20,ce20,bm25,ce20,bm25,ce20,bm25,ce20
fever:204545,ce20,bm25,ce100,bm25,bm25,ce100,bi200,bm25,ce20,bi200
fever:204548,ce20,ce100,ce20,bm25,bm25,ce100,bi200,ce20,ce20,bi200
fever:204549,bm25,ce100,ce100,bm25,ce20,ce100,bm25,ce20,hybrid,ce20
fever:204551,ce20,ce100,ce20,bm25,ce20,ce100,bm25,ce20,ce100,ce20
fever:204555,ce20,bm25,ce100,bm25,bm25,ce100,hybrid,bm25,ce20,bi200
fever:204556,ce20,ce100,ce100,ce100,ce20,ce100,bi200,ce20,ce100,hybrid
fever:204557,ce100,ce100,ce100,bm25,ce20,ce100,bi200,ce20,hybrid,hybrid
fever:204560,bm25,ce100,ce100,bm25,ce20,ce100,bm25,ce20,hybrid,ce20
fever:204563,bm25,ce100,ce100,bm25,ce20,ce100,bm25,ce20,hybrid,ce20
fever:204566,ce20,ce100,ce100,ce100,ce20,ce20,hybrid,ce100,ce100,hybrid
fever:204568,bm25,ce100,ce20,bm25,ce20,ce100,bm25,ce20,ce100,ce20
fever:20457,ce20,ce100,bm25,bm25,ce20,ce100,ce20,hybrid,hybrid,hybrid
fever:204571,ce20,ce100,ce100,bm25,ce20,ce100,bm25,ce20,ce100,ce20
fever:204572,bm25,ce100,ce20,bm25,ce20,ce100,bm25,ce20,hybrid,ce20
fever:204575,bm25,ce100,ce20,bm25,ce20,ce100,bm25,ce20,hybrid,ce20
fever:204577,ce20,ce100,ce100,bm25,ce20,ce100,bm25,bm25,ce20,bi200
fever:20458,ce100,ce100,ce20,bm25,ce20,ce100,ce100,ce20,ce100,bi200
fever:20461,bm25,bm25,bm25,bm25,bm25,hybrid,hybrid,hybrid,ce20,hybrid
fever:204627,ce20,bm25,bm25,bm25,bm25,bm25,bi200,bm25,bm25,bm25
fever:204630,ce20,bm25,ce100,bm25,ce20,bi200,hybrid,bi200,bi200,bm25
fever:204631,ce20,bm25,bm25,bm25,ce20,bi200,hybrid,ce20,bi200,bm25
fever:204636,ce20,bm25,ce20,bm25,ce20,bi200,hybrid,bi200,bi200,bm25
fever:204637,ce20,bm25,ce20,bm25,ce20,bi200,hybrid,ce20,hybrid,hybrid
fever:204640,ce20,bm25,bm25,bm25,bm25,bi200,bi200,bm25,hybrid,bi200
fever:204641,ce20,bm25,bm25,bm25,ce20,bi200,bm25,bm25,bi200,bi200
fever:204643,ce20,bm25,bm25,bm25,ce20,bi200,hybrid,ce20,hybrid,ce100
fever:204645,ce20,bm25,ce100,bm25,bm25,hybrid,hybrid,hybrid,hybrid,bi200
fever:204646,ce20,bm25,bm25,bm25,ce20,bi200,bi200,bi200,bi200,bi200
fever:204647,ce20,bm25,bm25,bm25,bm25,ce20,bi200,bm25,bm25,bm25
fever:204650,bm25,bm25,bm25,bm25,ce20,ce20,bi200,ce20,ce20,bm25
fever:204651,ce100,bm25,ce100,bm25,bm25,bi200,bi200,bi200,hybrid,bm25
fever:204652,bm25,bm25,bm25,bm25,bm25,ce20,bi200,bi200,ce20,bm25
fever:204653,ce20,bm25,ce20,ce20,ce100,bi200,hybrid,bi200,hybrid,bm25
fever:204654,bm25,bm25,bm25,bm25,bm25,ce20,hybrid,bi200,hybrid,bi200
fever:20492,ce20,bm25,bm25,ce20,ce20,hybrid,bm25,bm25,hybrid,bi200
fever:20493,ce20,bm25,bm25,ce20,ce20,hybrid,bm25,bm25,hybrid,bi200
fever:20497,bm25,ce20,bm25,bm25,ce20,ce20,bi200,hybrid,ce20,bm25
fever:204980,ce20,ce20,ce20,bm25,ce20,ce100,ce20,bi200,hybrid,bm25
fever:204981,bm25,ce20,bm25,bm25,ce20,bi200,bm25,ce20,hybrid,bm25
fever:204985,bm25,ce20,ce20,ce20,ce20,bi200,ce100,bi200,bi200,bi200
fever:204997,ce20,bm25,ce100,bm25,ce20,ce100,ce100,bm25,ce20,ce100
fever:204998,ce20,ce20,ce20,ce100,ce20,ce100,ce100,ce100,ce100,ce20
fever:205004,bm25,ce20,ce20,ce20,ce20,bi200,ce100,ce20,hybrid,bi200
fever:205063,ce20,bm25,ce20,bm25,ce20,ce20,ce20,bm25,bi200,bm25
fever:205065,ce20,bm25,bm25,bm25,ce20,ce20,ce20,bm25,bm25,bm25
fever:205070,ce20,bm25,bm25,bm25,ce20,ce20,ce20,bi200,bi200,bm25
fever:205073,ce20,bm25,bm25,bm25,ce20,bi200,ce20,bm25,ce20,bm25
fever:205074,ce20,bm25,ce20,bm25,bm25,ce20,ce20,ce20,bi200,bi200
fever:205075,ce20,bm25,bm25,bm25,ce20,ce20,ce20,bi200,bm25,bm25
fever:205076,bm25,bm25,bm25,ce20,ce20,ce20,ce20,bi200,bi200,bm25
fever:205079,ce20,bm25,ce20,ce20,ce20,ce20,ce20,bi200,ce20,bm25
fever:205081,ce20,bm25,bm25,bm25,ce20,hybrid,ce20,bm25,bm25,bm25
fever:205083,bm25,bm25,ce20,bm25,ce20,bi200,ce20,bi200,ce20,bi200
fever:205086,ce20,bm25,bm25,bm25,ce20,bi200,ce20,bm25,bm25,bm25
fever:205088,ce20,bm25,ce20,bm25,bm25,ce20,ce20,ce20,ce20,bi200
fever:205089,ce20,bm25,bm25,ce20,ce20,ce20,ce20,bm25,bi200,bm25
fever:205090,bm25,bm25,ce20,bm25,ce20,bi200,ce20,bm25,ce20,bm25
fever:205092,ce20,bm25,bm25,bm25,ce20,ce20,ce20,bi200,bm25,ce20
fever:205093,ce20,bm25,bm25,bm25,ce20,ce20,ce20,bi200,bi200,ce20
fever:205094,ce20,bm25,bm25,bm25,ce20,ce20,ce20,ce20,bi200,bm25
fever:205095,ce20,bm25,ce20,bm25,ce20,ce100,ce20,bi200,bi200,bm25
fever:205097,ce100,ce100,ce20,ce20,ce100,bi200,ce100,hybrid,hybrid,ce20
fever:205099,ce100,ce20,ce20,ce100,ce100,bi200,ce100,bi200,hybrid,ce20
fever:205100,ce100,ce100,ce100,ce20,ce100,hybrid,ce20,hybrid,bi200,bm25
fever:205102,ce100,ce100,ce20,ce100,ce100,ce100,bi200,hybrid,ce100,bm25
fever:205106,ce100,ce100,ce100,ce100,ce100,hybrid,ce100,hybrid,ce100,bm25
fever:205107,ce100,ce100,ce100,ce100,ce100,bi200,ce100,ce20,ce100,ce20
fever:205108,ce20,ce100,ce20,ce20,ce100,hybrid,ce100,bi200,ce100,ce20
fever:205114,ce100,ce100,ce20,ce100,ce100,bi200,ce100,hybrid,ce100,ce20
fever:205120,ce20,ce100,ce20,ce20,ce100,bi200,ce100,ce20,ce100,ce20
fever:205121,ce100,ce100,ce100,ce100,ce100,ce100,ce20,hybrid,ce100,bm25
fever:205122,ce100,ce100,ce100,ce20,ce100,hybrid,ce20,hybrid,hybrid,bm25
fever:205123,ce100,ce20,ce20,ce20,ce100,bi200,bi200,ce20,hybrid,ce20
fever:205124,ce100,ce20,ce20,bm25,ce100,bi200,ce100,hybrid,hybrid,bm25
fever:205125,ce100,ce100,ce100,ce20,ce100,bi200,ce100,hybrid,hybrid,bm25
fever:205126,ce20,ce20,ce20,ce100,ce100,bi200,hybrid,hybrid,hybrid,ce20
fever:205129,ce100,ce100,ce20,ce20,ce100,bi200,ce100,hybrid,hybrid,bm25
fever:205133,ce100,ce20,ce100,ce20,ce100,hybrid,ce100,hybrid,ce100,hybrid
fever:205134,ce100,ce100,ce100,ce20,ce100,bi200,bm25,hybrid,hybrid,bm25
fever:205278,bm25,bm25,bm25,bm25,bm25,hybrid,bm25,bi200,bi200,bm25
fever:205280,bm25,bm25,bm25,bm25,ce100,bi200,ce100,ce20,bi200,ce20
fever:205283,bm25,bm25,bm25,bm25,ce20,bi200,bm25,bi200,hybrid,bm25
fever:205286,ce100,ce100,bm25,bm25,bm25,ce100,bi200,bi200,hybrid,bm25
fever:205288,bm25,bm25,bm25,bm25,bm25,ce100,ce100,ce20,bi200,bm25
fever:20561,ce100,ce100,ce100,ce100,ce100,ce100,ce100,bi200,bi200,hybrid
fever:20563,ce100,ce100,ce100,bm25,ce100,ce100,ce100,hybrid,hybrid,ce100
fever:205631,bm25,ce20,ce20,ce20,ce20,bi200,bi200,bi200,bi200,bi200
fever:205636,bm25,ce20,bm25,bm25,bm25,bm25,ce100,ce20,bi200,bm25
fever:205639,bm25,ce20,bm25,bm25,ce20,bi200,bm25,bm25,ce20,bm25
fever:205641,ce20,bm25,bm25,ce20,ce20,bi200,ce100,bm25,hybrid,ce20
fever:205643,ce20,bm25,bm25,bm25,ce20,bm25,ce100,bi200,ce20,ce20
fever:205646,bm25,ce20,ce20,ce20,ce20,bi200,bi200,bi200,bi200,ce20
fever:205648,ce20,bm25,bm25,ce20,ce20,ce20,bi200,bm25,hybrid,bm25
fever:205650,ce20,ce20,ce20,ce20,bm25,ce20,ce100,bi200,ce20,ce20
fever:205652,ce20,ce20,ce20,bm25,bm25,ce20,ce100,ce100,ce100,hybrid
fever:205655,bm25,ce20,ce20,ce20,ce20,bi200,bi200,bi200,bi200,ce20
fever:205656,ce100,bm25,ce100,ce100,ce20,ce20,ce100,ce20,ce20,ce20
fever:205658,bm25,bm25,bm25,bm25,ce20,bi200,bm25,bm25,ce20,bm25
fever:205660,bm25,ce20,ce20,ce20,bm25,bi200,ce100,bm25,bi200,ce20
fever:205662,ce20,ce20,bm25,bm25,bm25,bm25,bm25,bm25,ce20,ce20
fever:20569,ce100,ce100,ce100,bm25,bm25,bi200,bi200,ce20,bi200,hybrid
fever:20572,ce20,ce100,ce100,ce20,ce20,bi200,ce100,ce20,ce20,ce20
fever:205725,ce20,ce20,bm25,bm25,ce20,hybrid,ce20,ce20,hybrid,hybrid
fever:205726,ce20,ce20,bm25,bm25,ce20,ce20,ce20,ce20,hybrid,hybrid
fever:205731,ce100,ce100,bm25,bm25,ce20,hybrid,ce20,ce20,hybrid,hybrid
fever:205733,bm25,ce20,ce100,bm25,bm25,bm25,ce20,ce20,bi200,ce20
fever:205738,ce20,ce20,bm25,bm25,ce20,hybrid,ce20,ce20,hybrid,hybrid
fever:205739,ce20,bm25,bm25,bm25,ce20,hybrid,ce20,ce20,hybrid,hybrid
fever:205745,ce100,ce100,bm25,bm25,ce20,hybrid,ce20,ce20,hybrid,hybrid
fever:205747,ce20,ce20,ce100,bm25,ce20,bm25,ce20,ce20,ce20,hybrid
fever:20590,ce20,ce100,bm25,ce20,ce100,bi200,hybrid,bm25,hybrid,bi200
fever:206018,ce20,ce100,ce20,ce100,ce100,ce100,ce100,ce100,ce100,ce100
fever:206021,ce20,bm25,ce20,ce20,ce20,hybrid,ce100,bi200,ce20,ce20
fever:206022,ce20,ce100,ce100,ce100,ce20,ce100,ce100,ce20,ce100,hybrid
fever:206023,bm25,bm25,bm25,bm25,ce20,ce100,bm25,bi200,ce20,hybrid
fever:206024,ce20,ce100,ce100,ce100,ce20,ce100,ce100,ce20,ce100,hybrid
fever:206026,ce20,bm25,bm25,bm25,ce20,bi200,hybrid,hybrid,ce20,bm25
fever:20603,bm25,bm25,ce100,bm25,ce100,bi200,bi200,bi200,bi200,bm25
fever:206030,bm25,bm25,bm25,ce20,bm25,ce100,bm25,ce100,ce20,hybrid
fever:206031,bm25,bm25,bm25,ce100,ce20,hybrid,bm25,bi200,ce20,bm25
fever:206034,ce20,ce100,ce100,ce100,ce20,ce100,ce100,ce20,ce100,hybrid
fever:206035,bm25,bm25,ce100,ce20,bm25,bm25,bm25,bm25,ce20,ce20
fever:206038,ce20,ce100,ce100,ce100,ce20,ce100,ce100,ce100,ce100,hybrid
fever:206039,ce100,ce100,ce100,ce100,ce100,ce100,ce100,bi200,ce20,hybrid
fever:206040,bm25,bm25,ce20,bm25,bm25,hybrid,hybrid,bm25,ce20,bm25
fever:206041,ce20,bm25,ce100,ce20,ce20,ce100,ce100,bi200,ce100,ce20
fever:20605,bm25,bm25,bm25,bm25,bm25,ce20,bm25,hybrid,bm25,bm25
fever:206148,ce20,ce20,ce100,ce100,ce20,ce100,ce100,bi200,ce100,ce100
fever:206150,ce20,ce20,ce100,ce20,ce20,bi200,ce100,bi200,bi200,bi200
fever:206156,ce100,bm25,ce100,ce100,ce20,bi200,ce100,bi200,ce20,ce100
fever:206157,ce100,ce20,ce100,ce20,ce20,bi200,ce100,bi200,hybrid,ce100
fever:206158,ce20,ce20,ce20,ce20,ce20,bi200,ce20,ce100,bi200,bi200
fever:206159,ce20,ce20,ce100,ce20,ce20,bi200,ce100,bi200,bi200,bi200
fever:206161,ce20,ce100,ce100,ce100,ce100,bi200,ce100,ce100,bi200,bi200
fever:206163,ce20,ce20,ce100,ce20,ce20,ce20,ce20,ce100,ce100,ce100
fever:206167,ce100,ce100,ce100,ce100,ce100,ce20,hybrid,ce100,ce100,ce100
fever:206169,ce100,ce100,ce20,ce20,ce20,ce20,ce100,ce100,ce100,bi200
fever:206171,bm25,ce20,ce20,ce20,ce20,bi200,ce100,bi200,bi200,bi200
fever:206173,ce20,ce20,ce20,ce20,ce20,bi200,ce100,bi200,bi200,bi200
fever:206174,ce100,ce20,ce100,ce20,ce20,bi200,ce100,bi200,ce100,ce20
fever:20623,ce20,ce20,ce20,ce20,ce100,bi200,bi200,ce100,hybrid,hybrid
fever:20640,bm25,ce100,ce100,bm25,ce100,bi200,hybrid,bi200,bi200,bi200
fever:20641,ce20,bm25,ce100,bm25,ce100,bi200,hybrid,ce100,bi200,bi200
fever:206434,ce20,bm25,bm25,bm25,ce20,bm25,bm25,bm25,bm25,bm25
fever:206436,bm25,ce20,bm25,ce20,ce20,ce20,bm25,bm25,ce20,bm25
fever:206437,bm25,ce20,ce20,ce20,ce20,ce20,ce100,ce20,ce20,ce100
fever:206441,bm25,bm25,bm25,ce20,bm25,ce20,ce20,bm25,ce20,bm25
fever:206447,bm25,bm25,ce20,bm25,ce20,ce20,ce100,ce20,ce20,bi200
fever:206449,bm25,bm25,bm25,ce20,ce20,ce20,bm25,bm25,bm25,bm25
fever:206453,ce20,bm25,bm25,ce20,ce20,bm25,ce20,bm25,bm25,bm25
fever:206454,bm25,bm25,ce100,bm25,ce20,ce20,hybrid,bm25,ce20,hybrid
fever:206457,bm25,bm25,bm25,bm25,ce20,ce20,hybrid,hybrid,bm25,ce20
fever:206458,bm25,bm25,bm25,bm25,bm25,ce20,bm25,bm25,ce20,bm25
fever:206459,bm25,ce20,ce20,bm25,ce20,ce20,ce20,bm25,ce20,ce100
fever:206465,ce20,ce20,bm25,ce20,ce20,bm25,ce20,bm25,bm25,bm25
fever:206712,ce100,ce20,ce20,bm25,bm25,ce20,ce20,hybrid,hybrid,bm25
fever:206715,bm25,bm25,bm25,bm25,bm25,ce20,hybrid,bm25,ce20,bm25
fever:206716,ce20,bm25,ce20,bm25,bm25,ce20,ce20,bm25,ce20,bm25
fever:206717,ce20,bm25,ce20,bm25,bm25,ce20,bm25,bm25,ce20,ce20
fever:206718,ce100,ce20,ce20,bm25,bm25,ce20,ce20,hybrid,ce20,ce20
fever:20672,bm25,bm25,bm25,bm25,bm25,bm25,bm25,hybrid,hybrid,bm25
fever:206722,bm25,bm25,ce20,bm25,bm25,ce20,ce20,bi200,bm25,ce20
fever:206723,ce100,ce100,ce20,bm25,bm25,ce20,bm25,hybrid,hybrid,bm25
fever:206728,ce100,ce20,bm25,bm25,ce20,ce20,bm25,bm25,ce20,ce20
fever:206730,ce20,ce20,ce20,bm25,bm25,ce20,bm25,bi200,bm25,bm25
fever:206733,bm25,bm25,ce20,bm25,bm25,bi200,ce20,bm25,bm25,bm25
fever:206737,bm25,ce20,bm25,bm25,bm25,ce20,ce100,hybrid,ce20,ce20
fever:20694,bm25,bm25,bm25,bm25,ce20,bi200,bm25,bi200,bi200,bi200
fever:206984,bm25,ce20,ce20,bm25,bm25,bm25,ce100,ce20,bi200,bi200
fever:206985,bm25,bm25,bm25,bm25,bm25,bi200,bi200,hybrid,ce20,hybrid
fever:206988,ce20,ce20,ce20,bm25,bm25,ce100,ce100,ce20,ce20,ce100
fever:206991,bm25,ce20,bm25,bm25,bm25,bm25,bm25,hybrid,bm25,hybrid
fever:206992,bm25,ce20,ce20,bm25,bm25,ce20,ce100,ce20,ce20,ce100
fever:206993,bm25,ce20,ce20,bm25,bm25,bm25,ce100,ce20,ce20,hybrid
fever:206994,bm25,ce100,ce20,bm25,bm25,bm25,ce100,hybrid,ce20,bm25
fever:206997,bm25,ce100,ce20,bm25,bm25,bm25,ce100,hybrid,bi200,hybrid
fever:206998,ce20,ce20,ce20,bm25,bm25,ce100,ce100,ce20,ce20,ce100
fever:207000,bm25,bm25,ce20,bm25,bm25,bm25,bm25,ce20,ce20,bm25
fever:207001,bm25,bm25,ce20,bm25,bm25,bm25,ce100,ce20,ce20,bi200
fever:207003,ce20,ce20,ce100,bm25,bm25,ce20,ce100,ce20,ce20,hybrid
fever:207006,bm25,ce20,bm25,bm25,bm25,bm25,bm25,ce20,ce20,bm25
fever:207007,bm25,ce100,ce20,bm25,bm25,bm25,ce100,ce20,ce20,ce100
fever:207008,bm25,bm25,bm25,bm25,bm25,bm25,bm25,ce20,ce20,bm25
fever:207009,bm25,bm25,ce20,bm25,bm25,bm25,ce100,ce20,ce20,ce20
fever:207010,bm25,ce20,ce20,bm25,bm25,ce20,ce100,ce20,ce20,ce100
fever:20703,bm25,ce100,ce20,bm25,bm25,bm25,hybrid,hybrid,hybrid,hybrid
fever:20708,ce20,ce20,ce20,ce20,ce20,ce20,bi200,bm25,ce20,hybrid
fever:20711,bm25,bm25,bm25,bm25,bm25,bm25,bm25,ce20,ce20,ce20
fever:20720,ce20,bm25,ce100,ce100,ce100,ce100,ce100,bi200,hybrid,bm25
fever:207252,bm25,bm25,bm25,bm25,bm25,hybrid,bm25,bi200,ce20,bm25
fever:207256,bm25,bm25,ce20,bm25,ce100,hybrid,bi200,bi200,ce20,bi200
fever:207259,ce20,ce20,ce20,bm25,ce100,ce20,bi200,hybrid,ce20,bi200
fever:207260,bm25,bm25,bm25,bm25,bm25,hybrid,bm25,bi200,hybrid,bi200
fever:207261,bm25,ce20,bm25,bm25,bm25,hybrid,bi200,hybrid,hybrid,bi200
fever:207263,bm25,bm25,bm25,bm25,bm25,hybrid,bm25,bi200,ce20,bm25
fever:207317,bm25,bm25,bm25,bm25,bm25,ce100,bi200,bm25,bm25,bm25
fever:207320,ce100,ce20,ce100,bm25,ce100,ce100,bi200,bm25,hybrid,bm25
fever:207326,ce100,ce100,ce100,bm25,ce100,ce100,bi200,bm25,hybrid,ce100
fever:207328,ce20,bm25,ce20,bm25,ce20,ce20,bi200,ce20,ce20,bi200
fever:207332,bm25,ce20,bm25,bm25,ce20,ce20,bi200,bm25,bm25,bm25
fever:207334,bm25,ce20,bm25,bm25,ce20,ce100,bi200,bm25,bm25,bm25
fever:207338,ce100,ce100,ce20,ce100,ce20,ce20,ce100,ce20,ce100,ce20
fever:207341,ce100,ce20,ce20,ce100,ce100,ce100,bi200,bm25,ce20,bm25
fever:207378,bm25,bm25,bm25,bm25,bm25,bm25,bm25,bm25,bm25,bm25
fever:207379,bm25,bm25,bm25,bm25,bm25,bm25,bm25,bm25,ce20,bm25
fever:207382,bm25,bm25,bm25,bm25,bm25,bm25,bm25,bm25,bm25,bm25
fever:207383,bm25,bm25,bm25,bm25,bm25,bm25,bm25,bm25,bm25,bm25
fever:207384,bm25,bm25,ce20,bm25,bm25,bm25,bm25,ce20,ce20,ce20
fever:207387,bm25,bm25,bm25,bm25,bm25,bm25,bm25,bm25,bm25,bm25
fever:207388,bm25,bm25,bm25,bm25,bm25,bm25,ce100,ce20,ce20,bm25
fever:207390,bm25,bm25,bm25,bm25,bm25,bm25,bm25,bm25,bm25,bm25
fever:207514,bm25,bm25,bm25,ce20,bm25,hybrid,bm25,bm25,bi200,bi200
fever:207517,ce20,ce20,ce100,ce20,ce100,bi200,hybrid,hybrid,hybrid,bi200
fever:207521,ce20,ce20,ce20,ce20,ce100,bi200,hybrid,hybrid,bi200,ce20
fever:207525,ce20,bm25,ce20,ce20,ce100,bi200,hybrid,hybrid,bi200,bi200
fever:207526,bm25,ce20,ce100,ce20,bm25,bi200,bi200,hybrid,bi200,bi200
fever:207527,ce20,ce100,ce100,ce100,ce100,bi200,ce100,ce20,bi200,hybrid
fever:207528,ce20,ce100,ce100,ce100,ce100,ce20,ce100,ce20,hybrid,ce100
fever:207531,bm25,ce20,bm25,ce20,bm25,hybrid,hybrid,hybrid,bi200,ce20
fever:207533,ce20,bm25,ce20,ce20,bm25,bi200,bi200,hybrid,bi200,bi200
fever:207534,ce100,ce20,bm25,ce20,ce100,hybrid,bi200,hybrid,hybrid,ce20
fever:207541,ce20,ce20,ce20,ce100,ce100,bi200,hybrid,bi200,bi200,bi200
fever:207543,ce20,bm25,bm25,ce20,ce100,hybrid,hybrid,hybrid,bi200,bi200
fever:207669,ce100,ce100,bm25,ce20,ce100,bi200,ce20,hybrid,ce20,ce100
fever:207676,ce100,ce100,ce100,ce100,ce100,hybrid,ce100,ce100,hybrid,ce100
fever:207678,ce100,ce100,ce20,ce20,ce100,ce100,ce100,ce20,ce20,bi200
fever:207693,ce100,ce100,ce100,ce20,ce100,hybrid,hybrid,hybrid,hybrid,hybrid
fever:20770,ce20,bm25,bm25,bm25,bm25,ce20,bm25,ce20,ce20,bi200
fever:20782,ce20,ce100,ce100,ce20,ce20,bi200,bm25,ce20,ce20,bm25
fever:20783,ce20,ce100,ce20,ce20,ce20,bi200,ce100,ce20,ce20,bm25
fever:20807,bm25,ce20,ce20,ce100,ce20,ce20,ce20,ce100,ce20,ce20
fever:208133,ce20,bm25,bm25,bm25,ce20,bi200,ce20,ce20,ce20,bm25
fever:208134,ce20,bm25,bm25,bm25,ce20,bi200,bm25,ce20,ce20,bm25
fever:208136,ce20,ce100,bm25,ce20,ce20,ce20,bm25,ce100,ce20,ce20
fever:208139,ce20,bm25,ce100,ce20,ce100,bm25,hybrid,ce20,hybrid,bi200
fever:208144,ce20,bm25,ce20,bm25,ce20,ce20,ce100,ce20,ce100,bm25
fever:208146,ce20,ce20,bm25,bm25,bm25,bm25,bm25,ce20,ce20,ce20
fever:208148,ce20,bm25,bm25,bm25,ce20,ce20,ce20,ce20,ce20,bm25
fever:208149,ce20,bm25,bm25,bm25,ce20,ce20,bm25,ce20,ce20,bm25
fever:208150,ce20,ce20,bm25,ce20,bm25,ce20,ce100,ce20,hybrid,hybrid
fever:208151,ce20,ce100,bm25,bm25,ce20,ce20,bm25,ce20,ce20,ce20
fever:208153,ce20,bm25,bm25,bm25,ce20,ce20,ce20,bm25,ce20,bm25
fever:208154,ce100,ce100,ce100,ce100,ce100,ce100,ce100,ce100,ce100,ce20
fever:208156,ce20,bm25,bm25,bm25,ce20,ce20,ce20,ce100,ce100,ce20
fever:208157,ce20,ce100,ce100,ce20,bm25,ce20,ce100,ce20,ce20,ce20
fever:208159,ce20,bm25,bm25,bm25,ce20,bi200,ce100,ce20,ce20,bi200
fever:208410,bm25,bm25,bm25,bm25,ce20,bi200,ce20,ce20,ce20,bi200
fever:208413,bm25,bm25,bm25,bm25,ce20,bi200,ce100,bm25,hybrid,bi200
fever:208414,bm25,bm25,bm25,bm25,ce20,bi200,ce100,ce100,ce20,bi200
fever:208416,ce100,ce100,ce100,ce100,ce20,hybrid,ce100,ce20,ce100,bi200
fever:208418,bm25,bm25,bm25,bm25,ce20,bi200,hybrid,hybrid,hybrid,hybrid
fever:208420,ce20,bm25,ce20,bm25,ce20,bi200,ce100,ce20,ce20,ce20
fever:208422,bm25,bm25,bm25,bm25,bm25,hybrid,ce100,ce100,hybrid,hybrid
fever:208424,bm25,bm25,bm25,bm25,ce20,bi200,ce100,ce20,bi200,ce20
fever:208426,bm25,bm25,ce20,ce20,ce20,hybrid,ce100,bm25,ce20,bi200
fever:208427,bm25,bm25,ce20,ce20,ce20,hybrid,bm25,bm25,ce20,bi200
fever:208429,bm25,ce20,ce20,ce20,ce20,bi200,ce100,ce100,ce20,ce20
fever:208431,ce20,bm25,ce20,ce20,ce20,bi200,ce100,ce100,ce20,ce20
fever:208433,bm25,bm25,ce20,bm25,bm25,bi200,bi200,hybrid,bi200,bi200
fever:208435,bm25,bm25,ce100,ce100,ce20,ce20,ce100,ce20,ce100,bi200
fever:208438,ce20,bm25,ce20,ce20,ce20,bi200,ce100,ce100,ce20,ce20
fever:208440,bm25,bm25,ce20,bm25,ce20,bi200,bi200,hybrid,ce20,hybrid
fever:208441,bm25,bm25,bm25,ce20,bm25,bi200,ce100,ce20,ce20,bi200
fever:20847,bm25,ce100,ce100,bm25,ce100,bi200,bm25,ce100,ce100,hybrid
fever:208896,bm25,bm25,ce20,ce20,bm25,ce20,ce20,ce100,bi200,bi200
fever:208898,ce20,ce20,bm25,bm25,bm25,hybrid,hybrid,hybrid,bm25,ce20
fever:208900,ce20,ce20,ce20,ce20,bm25,hybrid,hybrid,hybrid,hybrid,ce20
fever:208901,ce20,ce20,ce100,ce20,bm25,ce20,ce100,ce100,ce100,ce20
fever:208903,bm25,bm25,ce100,ce20,ce100,ce100,bi200,bm25,bi200,ce20
fever:208906,ce20,ce20,ce20,ce20,bm25,ce100,ce100,hybrid,bi200,hybrid
fever:208908,bm25,bm25,ce20,ce20,bm25,hybrid,hybrid,ce100,ce20,bi200
fever:208910,bm25,bm25,ce20,ce100,ce100,bi200,bi200,ce100,ce20,bi200
fever:208911,ce20,bm25,ce20,ce20,ce20,bi200,hybrid,ce100,ce20,bi200
fever:208912,bm25,bm25,ce20,ce100,ce100,ce20,hybrid,ce100,bi200,bi200
fever:208916,ce20,bm25,ce20,ce20,ce20,bi200,hybrid,bi200,bi200,bi200
fever:208917,ce100,ce20,ce100,ce100,ce20,bi200,ce100,ce100,ce100,bi200
fever:208918,bm25,bm25,ce20,ce20,ce100,hybrid,ce100,ce100,ce20,bi200
fever:208919,bm25,bm25,ce20,ce20,bm25,ce100,ce100,bm25,bi200,ce20
fever:208924,ce100,bm25,ce100,ce20,bm25,ce20,ce100,ce100,ce100,bi200
fever:208927,ce20,bm25,ce20,ce20,ce20,ce20,hybrid,ce100,ce100,hybrid
fever:209084,bm25,bm25,bm25,bm25,ce20,bm25,bm25,bi200,hybrid,ce20
fever:209085,bm25,ce20,bm25,bm25,ce20,bm25,bm25,bm25,hybrid,ce20
fever:209086,ce20,ce100,bm25,bm25,ce20,ce100,bm25,bm25,ce20,ce20
fever:209087,ce20,ce100,bm25,bm25,ce20,bi200,bm25,hybrid,hybrid,ce20
fever:209088,bm25,ce20,ce20,bm25,bm25,bi200,bm25,hybrid,bi200,ce20
fever:209092,bm25,bm25,bm25,bm25,bm25,bm25,bm25,hybrid,hybrid,ce20
fever:209093,ce20,ce20,bm25,bm25,ce20,ce100,bm25,bm25,ce20,ce20
fever:209095,ce20,ce100,bm25,bm25,ce20,bi200,ce20,bm25,ce20,ce20
fever:209096,ce20,ce100,ce20,bm25,ce20,ce20,bm25,bm25,hybrid,ce20
fever:209097,ce20,bm25,bm25,bm25,bm25,ce100,bm25,ce100,ce20,bi200
fever:209098,bm25,ce20,ce20,bm25,ce100,bi200,bi200,hybrid,hybrid,bm25
fever:209099,bm25,ce20,ce20,bm25,bm25,bi200,hybrid,hybrid,hybrid,bm25
fever:209101,bm25,ce20,ce20,bm25,bm25,bi200,bi200,hybrid,hybrid,bm25
fever:209102,bm25,ce100,ce100,bm25,ce100,ce20,ce100,hybrid,hybrid,bm25
fever:209103,bm25,ce20,ce20,bm25,bm25,bi200,bi200,bm25,hybrid,hybrid
fever:209107,bm25,bm25,ce20,bm25,bm25,ce20,bi200,bm25,hybrid,bm25
fever:209109,bm25,ce20,ce20,bm25,ce100,bi200,bi200,hybrid,hybrid,bm25
fever:209114,bm25,ce20,ce100,bm25,bm25,ce20,bi200,ce20,hybrid,bm25
fever:209117,bm25,ce20,ce20,bm25,bm25,ce20,bi200,bm25,hybrid,bm25
fever:209119,bm25,ce100,ce100,bm25,bm25,ce20,hybrid,ce20,hybrid,bm25
fever:209122,bm25,ce20,ce20,bm25,bm25,ce20,bi200,hybrid,hybrid,bm25
fever:209123,bm25,ce20,ce20,bm25,ce100,bi200,bi200,hybrid,hybrid,bm25
fever:20925,bm25,ce20,bm25,bm25,ce100,ce20,ce20,hybrid,ce20,ce20
fever:20926,bm25,ce20,bm25,bm25,bm25,ce20,ce20,hybrid,bm25,bm25
fever:209341,ce100,ce100,ce100,ce100,ce100,bi200,ce100,ce100,hybrid,hybrid
fever:209342,ce100,ce100,ce100,bm25,ce100,bi200,ce100,ce100,hybrid,ce20
fever:209346,bm25,bm25,bm25,bm25,bm25,hybrid,bm25,bi200,bm25,bm25
fever:209350,ce100,ce100,ce100,ce100,ce100,ce100,ce100,ce100,ce100,bm25
fever:209352,ce100,ce100,ce100,bm25,ce100,bi200,hybrid,bi200,hybrid,ce20
fever:209354,bm25,bm25,bm25,bm25,bm25,bm25,bm25,bi200,hybrid,bm25
fever:209355,bm25,bm25,bm25,bm25,bm25,bm25,bm25,bm25,bm25,bm25
fever:209356,bm25,ce100,bm25,bm25,ce100,hybrid,bi200,bi200,bm25,hybrid
fever:209358,ce100,ce100,ce100,bm25,ce100,ce100,ce100,hybrid,hybrid,hybrid
fever:209360,bm25,bm25,bm25,bm25,bm25,ce100,bm25,bi200,bm25,bm25
fever:20954,bm25,ce20,bm25,bm25,bm25,hybrid,bi200,hybrid,hybrid,hybrid
fever:209845,bm25,bm25,ce100,bm25,bm25,ce20,bi200,hybrid,bi200,bi200
fever:209846,bm25,bm25,ce100,ce20,bm25,ce100,ce100,hybrid,bi200,ce20
fever:209849,ce100,ce100,ce100,ce100,ce20,bi200,ce100,ce20,hybrid,ce20
fever:209852,ce20,bm25,bm25,ce20,ce20,bi200,bi200,hybrid,bi200,ce20
fever:209855,ce20,ce20,bm25,ce20,bm25,ce100,bi200,hybrid,hybrid,bi200
fever:209856,ce20,ce20,bm25,bm25,ce20,ce100,bi200,ce20,hybrid,bi200
fever:209857,ce20,ce100,ce20,ce20,ce100,ce100,hybrid,ce100,bi200,ce20
fever:209858,bm25,bm25,bm25,bm25,bm25,bi200,bi200,hybrid,bi200,ce20
fever:209859,ce20,ce20,ce100,ce20,bm25,ce100,bm25,ce20,bi200,hybrid
fever:209860,bm25,bm25,bm25,bm25,ce20,ce100,hybrid,hybrid,bi200,bi200
fever:209861,ce20,ce100,ce100,ce100,ce100,ce100,ce100,ce100,ce20,ce100
fever:209863,ce100,ce20,ce20,ce20,bm25,ce20,ce100,ce100,ce20,ce20
fever:209869,ce100,ce100,ce100,bm25,ce100,ce100,ce100,ce20,ce20,ce100
fever:209872,ce100,ce100,ce100,ce20,ce20,ce20,ce100,ce100,ce100,ce100
fever:209874,ce100,ce100,ce100,ce100,ce20,ce100,ce100,bi200,ce20,bi200
fever:209877,ce20,ce100,bm25,bm25,ce100,ce20,ce100,ce100,ce20,bi200
fever:209879,ce20,ce100,ce100,bm25,ce20,hybrid,ce100,hybrid,ce20,bi200
fever:209880,ce100,ce100,ce100,bm25,ce20,ce20,ce100,hybrid,ce20,ce20
fever:209881,ce100,ce100,bm25,ce20,ce100,ce20,ce100,ce100,ce20,ce20
fever:209884,ce100,ce100,bm25,bm25,ce100,ce20,ce100,ce100,ce20,bi200
fever:209888,bm25,ce100,bm25,bm25,ce20,ce100,ce100,hybrid,ce20,bi200
fever:21008,bm25,bm25,bm25,bm25,bm25,ce20,bm25,ce20,bm25,bm25
fever:210206,ce100,ce100,ce20,bm25,bm25,ce20,ce20,ce20,ce20,bi200
fever:210212,bm25,bm25,bm25,bm25,ce20,bi200,bm25,bi200,bm25,bm25
fever:21026,bm25,bm25,ce20,bm25,ce20,ce20,ce100,bm25,bm25,bm25
fever:21027,bm25,bm25,bm25,ce20,ce20,bm25,ce20,hybrid,ce20,bm25
fever:21032,ce20,ce20,bm25,bm25,ce20,ce100,bm25,hybrid,ce20,ce20
fever:21033,ce20,ce100,bm25,bm25,ce20,ce100,bm25,hybrid,ce20,ce20
fever:2106,ce100,ce20,ce100,bm25,ce100,hybrid,bi200,bi200,bi200,bi200
fever:21072,ce100,ce100,ce100,bm25,ce100,ce100,bi200,bi200,bi200,hybrid
fever:21085,bm25,ce20,bm25,bm25,ce20,ce20,bi200,ce20,bm25,bm25
fever:211007,ce20,ce20,bm25,bm25,ce20,bi200,bm25,bi200,bi200,bi200
fever:211009,ce20,ce20,bm25,ce20,ce20,hybrid,bi200,hybrid,bi200,bi200
fever:211010,ce20,ce20,ce20,ce20,ce100,bi200,bi200,bi200,bi200,bm25
fever:211011,ce20,bm25,bm25,bm25,ce20,bi200,bm25,bi200,bi200,bi200
fever:211013,bm25,ce20,bm25,ce20,ce100,ce20,ce100,bi200,bi200,bi200
fever:211015,ce20,ce20,bm25,ce20,ce20,hybrid,bi200,hybrid,bi200,bi200
fever:211016,ce20,ce20,ce20,ce20,ce20,bi200,bi200,ce20,bi200,bm25
fever:211017,bm25,bm25,bm25,ce20,ce20,bi200,bi200,bi200,bi200,bm25
fever:211019,ce100,ce20,ce20,bm25,ce100,ce20,ce100,bi200,bi200,bi200
fever:211021,ce20,ce20,bm25,bm25,ce20,bi200,bm25,bi200,bi200,bi200
fever:211022,ce100,ce100,ce100,bm25,ce100,ce100,ce100,bi200,bi200,bi200
fever:211025,ce20,ce20,bm25,bm25,ce20,bi200,bm25,bi200,bi200,bi200
fever:211026,ce20,bm25,bm25,bm25,ce20,bi200,bi200,bi200,bi200,bi200
fever:211027,ce20,ce20,ce20,bm25,ce100,ce20,bi200,bi200,bi200,bi200
fever:21110,bm25,ce20,bm25,bm25,bm25,ce20,bm25,bm25,bm25,bm25
fever:211271,bm25,bm25,bm25,ce20,ce20,bm25,bm25,bm25,bm25,bm25
fever:211277,bm25,bm25,bm25,ce20,ce20,bm25,bm25,bm25,bm25,bm25
fever:211278,ce20,bm25,bm25,ce20,ce20,bm25,bm25,bm25,bm25,bm25
fever:211282,bm25,ce100,bm25,ce100,ce100,ce100,ce100,hybrid,hybrid,hybrid
fever:211286,bm25,bm25,bm25,ce20,ce20,ce20,bm25,bm25,ce20,bm25
fever:211287,bm25,bm25,bm25,ce20,ce20,ce20,bm25,bm25,ce20,bm25
fever:211288,bm25,bm25,bm25,ce20,ce20,bm25,bm25,bm25,bm25,bm25
fever:211290,bm25,bm25,bm25,ce100,ce100,bm25,ce100,ce100,ce20,bm25
fever:211291,bm25,bm25,bm25,ce20,ce20,bm25,bm25,bm25,bm25,bm25
fever:211294,bm25,bm25,bm25,ce20,ce20,ce20,bm25,bm25,ce20,bm25
fever:211304,ce20,bm25,bm25,ce20,bm25,bm25,bm25,bm25,bm25,bm25
fever:21138,bm25,bm25,bm25,bm25,ce20,ce20,ce20,bi200,bm25,bi200
fever:21145,ce100,ce20,ce100,ce20,ce20,hybrid,bm25,bm25,hybrid,hybrid
fever:21146,ce100,ce20,ce100,ce20,ce20,bi200,ce100,hybrid,hybrid,hybrid
fever:211770,bm25,bm25,bm25,ce20,bm25,bm25,ce100,ce20,ce20,bi200
fever:211771,ce20,bm25,bm25,bm25,ce20,hybrid,ce20,ce20,ce20,bi200
fever:211772,ce100,ce100,bm25,ce20,ce20,bi200,ce20,bi200,ce20,bm25
fever:211774,bm25,ce100,bm25,ce20,bm25,bm25,ce100,ce20,ce100,bm25
fever:211775,ce100,ce100,bm25,ce20,ce20,bi200,ce20,bi200,ce100,bm25
fever:211776,bm25,ce20,bm25,ce20,ce20,bi200,ce100,bi200,ce20,ce20
fever:211777,bm25,ce100,ce20,ce20,ce100,ce100,hybrid,bi200,ce100,hybrid
fever:211781,bm25,bm25,bm25,ce20,ce100,bm25,ce100,bm25,ce100,ce20
fever:211783,ce20,ce20,bm25,ce20,ce20,bi200,ce20,ce20,ce20,bm25
fever:211784,bm25,bm25,ce20,ce20,ce100,bi200,ce20,bi200,ce100,ce20
fever:211788,bm25,bm25,ce100,bm25,ce100,bi200,bi200,bi200,ce100,bi200
fever:211789,ce20,ce20,bm25,bm25,ce20,bi200,ce20,hybrid,hybrid,bm25
fever:211792,ce20,bm25,bm25,ce20,ce20,bi200,ce20,bi200,ce20,ce20
fever:211798,ce20,bm25,ce20,ce20,ce20,hybrid,ce20,hybrid,ce20,ce20
fever:211799,ce20,bm25,ce20,ce20,ce20,bi200,ce20,bm25,ce100,bi200
fever:211802,ce100,ce100,bm25,ce20,ce20,bi200,ce20,bi200,ce100,bi200
fever:211803,ce20,bm25,ce20,bm25,ce20,ce20,ce20,bi200,ce20,ce20
fever:211848,bm25,bm25,ce100,bm25,bm25,hybrid,ce100,ce20,ce20,ce20
fever:211851,bm25,ce20,ce20,bm25,bm25,ce20,ce100,ce20,ce20,bi200
fever:211857,bm25,ce20,bm25,bm25,bm25,bi200,ce100,ce20,ce20,bm25
fever:211859,ce20,bm25,ce20,ce20,ce20,ce20,ce100,ce20,ce20,ce20
fever:211863,ce20,bm25,ce100,bm25,bm25,ce20,ce100,ce20,ce20,ce100
fever:211866,bm25,ce100,ce20,ce100,ce100,ce20,ce100,ce20,ce20,ce100
fever:21187,ce100,ce100,bm25,ce20,ce100,bi200,bi200,hybrid,bi200,ce100
fever:211872,bm25,bm25,ce20,bm25,bm25,bi200,ce100,bm25,ce20,ce20
fever:21188,ce100,ce100,ce100,ce100,ce100,bi200,bi200,ce100,bi200,ce100
fever:21189,ce20,ce20,ce20,ce20,ce20,ce20,bi200,bi200,ce20,bm25
fever:21190,ce20,bm25,ce20,ce20,ce20,ce20,bi200,bm25,hybrid,bm25
fever:212029,bm25,bm25,bm25,bm25,bm25,ce100,bm25,ce20,bm25,bm25
fever:212030,bm25,bm25,ce20,bm25,bm25,ce100,bm25,ce20,bm25,bm25
fever:212035,ce100,bm25,ce20,bm25,ce20,ce100,ce100,hybrid,ce20,bm25
fever:212038,ce20,bm25,bm25,bm25,bm25,ce100,bi200,bm25,ce20,hybrid
fever:212039,ce100,bm25,ce20,bm25,ce20,ce100,ce100,ce20,ce20,bm25
fever:21204,bm25,ce20,ce100,bm25,ce100,bm25,ce100,bm25,ce20,ce20
fever:212052,ce100,bm25,ce100,ce100,ce20,ce100,bi200,ce20,ce100,ce100
fever:212055,ce20,bm25,bm25,bm25,ce20,bm25,bm25,ce20,ce20,bi200
fever:21211,bm25,bm25,bm25,bm25,ce20,bi200,bm25,bm25,bm25,bm25
fever:212183,ce20,ce20,ce20,bm25,ce20,bi200,bm25,ce20,bm25,bm25
fever:212186,ce20,ce100,ce20,ce20,ce20,bi200,bi200,bi200,bi200,bi200
fever:212187,ce20,ce20,ce20,bm25,ce20,bi200,bm25,ce20,ce20,bm25
fever:212188,bm25,ce20,ce20,bm25,ce20,bi200,bm25,bm25,ce20,bm25
fever:212190,ce20,ce100,ce20,ce20,ce20,bi200,ce100,bm25,ce20,ce20
fever:212192,ce20,ce20,ce20,bm25,ce20,bi200,bm25,ce20,bm25,bm25
fever:212193,ce20,ce100,ce20,ce20,ce20,bi200,bm25,bm25,ce20,ce100
fever:212194,ce20,ce20,ce20,ce20,ce20,bi200,bi200,ce20,ce20,bm25
fever:212195,ce20,ce100,ce20,ce20,ce20,bi200,ce100,bm25,ce20,ce20
fever:212197,ce20,ce100,ce20,bm25,ce20,bi200,ce100,bm25,ce20,ce20
fever:212198,ce20,ce100,ce20,ce20,ce20,bi200,bm25,bm25,bi200,ce20
fever:212202,ce20,ce100,ce20,ce20,ce20,bi200,ce100,bi200,bi200,ce20
fever:212203,ce20,ce20,ce20,ce20,ce20,bi200,bi200,bm25,bi200,ce20
fever:212206,ce20,ce20,ce20,ce20,ce20,ce20,bm25,bm25,ce20,ce100
fever:212209,bm25,bm25,ce20,ce20,ce100,ce20,ce100,ce100,ce100,ce100
fever:21221,bm25,ce100,ce100,ce100,ce100,bi200,hybrid,ce100,hybrid,bi200
fever:212211,ce20,bm25,ce20,ce20,ce20,ce20,ce20,bm25,bm25,bm25
fever:212212,ce100,ce20,ce20,ce20,ce20,ce20,ce100,bm25,ce20,ce100
fever:212214,bm25,ce100,ce20,ce20,ce20,ce20,ce100,ce20,ce20,ce20
fever:212216,ce20,ce20,ce20,ce20,ce20,ce20,ce100,bm25,ce20,ce20
fever:212217,ce20,ce20,ce20,ce20,ce20,ce20,ce100,bm25,ce20,ce20
fever:212218,bm25,bm25,bm25,ce20,ce100,ce20,ce20,bm25,ce20,bm25
fever:212221,ce100,ce100,ce100,ce20,ce20,ce20,ce100,bm25,hybrid,ce100
fever:212225,ce20,ce20,ce20,ce20,ce20,ce20,ce20,ce20,ce20,ce20
fever:212226,ce20,ce20,ce20,ce20,ce20,bi200,ce100,hybrid,ce20,bm25
fever:212228,ce20,bm25,bm25,ce20,ce100,ce20,ce20,bm25,ce20,bm25
fever:212237,ce20,ce20,ce100,ce20,ce20,ce20,ce100,bm25,ce20,ce20
fever:212241,bm25,ce20,bm25,ce20,ce20,bm25,bm25,bm25,ce20,ce20
fever:212243,bm25,bm25,ce20,ce20,ce20,ce20,ce20,bm25,bm25,bm25
fever:212244,ce20,ce20,ce20,ce20,ce20,ce20,ce20,ce20,ce20,bm25
fever:21228,bm25,bm25,bm25,bm25,bm25,hybrid,bm25,bi200,bm25,bm25
fever:212309,ce20,bm25,ce20,ce20,ce20,ce20,bi200,bm25,bi200,bm25
fever:212313,ce20,ce20,ce20,bm25,ce20,ce20,bm25,hybrid,bi200,hybrid
fever:212314,ce20,ce20,ce20,bm25,ce20,ce20,ce100,hybrid,hybrid,hybrid
fever:212317,ce20,bm25,ce20,bm25,ce20,ce20,bm25,ce20,bi200,bm25
fever:212318,ce100,ce20,ce20,bm25,ce100,ce20,ce100,bi200,bi200,bm25
fever:212321,ce20,bm25,ce20,bm25,ce20,bi200,bi200,hybrid,bi200,bi200
fever:212324,bm25,bm25,bm25,bm25,ce20,ce20,bi200,bm25,bi200,bm25
fever:212329,ce100,ce100,ce20,ce20,ce100,ce20,ce100,hybrid,bi200,ce20
fever:212331,ce20,ce100,ce20,bm25,ce20,ce20,ce100,ce20,ce20,bi200
fever:212333,bm25,bm25,bm25,ce20,bm25,ce20,bi200,hybrid,bm25,bm25
fever:212335,ce20,bm25,bm25,bm25,ce20,ce20,bi200,bm25,bi200,bm25
fever:212339,ce100,ce100,bm25,ce100,ce20,bi200,ce100,bi200,hybrid,bi200
fever:212340,bm25,bm25,bm25,bm25,bm25,ce20,hybrid,hybrid,bm25,bm25
fever:21235,ce20,bm25,bm25,bm25,ce20,hybrid,ce20,ce100,ce20,hybrid
fever:21236,bm25,ce20,ce20,ce20,ce20,bi200,bi200,hybrid,bi200,bi200
fever:21253,ce20,ce100,ce20,ce100,ce20,bi200,bi200,hybrid,bi200,bi200
fever:21270,ce100,ce100,ce100,ce100,ce100,bi200,bi200,bi200,bi200,bi200
fever:21274,ce20,ce20,ce20,bm25,bm25,bi200,ce100,bi200,hybrid,hybrid
fever:212767,ce100,ce100,bm25,bm25,ce100,hybrid,bi200,bm25,hybrid,ce20
fever:212768,ce100,ce100,bm25,bm25,ce100,hybrid,bi200,bm25,hybrid,ce20
fever:212774,ce100,ce100,ce100,bm25,ce100,ce100,ce100,ce100,ce100,bi200
fever:212779,bm25,ce100,bm25,bm25,ce100,hybrid,bi200,bm25,hybrid,ce20
fever:212780,ce100,ce100,ce20,ce20,ce100,bi200,bi200,bi200,hybrid,hybrid
fever:21281,ce100,ce100,ce100,ce100,ce100,hybrid,bi200,bi200,hybrid,bi200
fever:21313,bm25,ce20,ce20,bm25,ce20,bm25,ce100,ce100,ce20,ce20
fever:21314,ce20,ce20,ce20,bm25,ce20,ce20,hybrid,hybrid,ce20,ce20
fever:21320,ce20,ce100,bm25,bm25,ce20,ce100,hybrid,hybrid,ce20,ce100
fever:213428,ce20,bm25,bm25,ce20,ce100,ce100,bm25,bm25,bi200,bm25
fever:213435,ce100,ce100,ce100,bm25,ce100,ce100,ce100,ce100,ce100,ce20
fever:213436,bm25,bm25,bm25,ce20,ce100,bm25,bm25,bm25,bi200,bm25
fever:213437,ce100,bm25,bm25,ce20,ce100,ce100,bm25,bm25,bi200,bm25
fever:213439,ce100,ce100,ce100,ce20,ce100,hybrid,bm25,hybrid,ce20,bi200
fever:213442,ce20,ce100,ce100,ce20,ce100,ce100,ce100,bi200,bi200,bi200
fever:213444,ce20,bm25,ce100,ce20,bm25,ce100,ce20,bi200,ce20,ce20
fever:213449,bm25,ce100,ce100,ce20,ce20,ce100,ce100,hybrid,bi200,hybrid
fever:21345,ce20,ce100,bm25,bm25,ce100,ce20,hybrid,ce20,ce20,bi200
fever:213451,ce100,ce100,ce100,ce20,ce100,hybrid,bm25,hybrid,ce20,bi200
fever:213453,ce100,ce100,ce100,ce100,ce100,ce100,ce20,ce100,ce100,ce20
fever:21376,bm25,ce20,bm25,ce20,bm25,bm25,ce100,ce20,bm25,bm25
fever:213924,bm25,ce20,bm25,bm25,ce20,ce100,ce100,ce20,ce20,ce20
fever:213927,bm25,ce20,bm25,bm25,bm25,bm25,bm25,bm25,bm25,bm25
fever:213928,bm25,ce20,bm25,bm25,ce20,bm25,bm25,ce20,bm25,bm25
fever:213930,bm25,ce20,bm25,bm25,bm25,bm25,bm25,bm25,bm25,bm25
fever:213935,bm25,ce20,bm25,bm25,bm25,bm25,bm25,ce20,ce20,bm25
fever:213936,bm25,bm25,ce20,bm25,ce20,ce100,ce100,ce20,ce20,ce20
fever:213937,bm25,ce20,bm25,bm25,bm25,bm25,bm25,bm25,bm25,bi200
fever:213940,bm25,ce20,bm25,bm25,ce20,hybrid,ce20,bm25,bm25,bi200
fever:213941,ce20,ce20,bm25,bm25,ce20,bm25,bm25,ce20,ce20,bm25
fever:213943,bm25,ce20,bm25,bm25,bm25,ce100,bm25,bm25,bm25,bi200
fever:213945,bm25,ce20,bm25,bm25,bm25,bm25,bm25,bm25,bm25,bm25
fever:213948,bm25,ce20,bm25,bm25,ce20,ce100,bm25,bm25,bm25,bm25
fever:213949,ce20,ce20,ce20,bm25,ce20,ce20,ce100,ce100,ce100,ce100
fever:213952,bm25,ce20,bm25,bm25,bm25,bm25,bm25,ce20,bm25,bm25
fever:213953,bm25,ce20,bm25,bm25,bm25,bm25,bm25,bm25,bm25,bm25
fever:213954,bm25,ce20,bm25,bm25,bm25,ce100,bm25,ce20,bm25,bi200
fever:213955,bm25,ce20,bm25,bm25,ce20,ce100,bm25,bm25,bm25,bm25
fever:21404,bm25,bm25,bm25,bm25,ce20,ce20,bm25,ce20,ce20,bm25
fever:21405,bm25,ce20,ce20,bm25,ce20,ce20,ce100,bm25,ce20,ce20
fever:214238,ce20,ce20,bm25,ce100,ce100,ce20,bm25,ce100,ce20,bi200
fever:214247,ce20,bm25,bm25,ce20,bm25,ce20,bm25,ce20,hybrid,bm25
fever:214256,bm25,ce20,bm25,bm25,bm25,ce20,bm25,bm25,bm25,bi200
fever:214258,bm25,ce20,bm25,bm25,bm25,ce20,ce100,hybrid,bm25,ce20
fever:214262,ce20,ce20,ce20,ce20,ce100,ce20,bm25,ce20,ce20,hybrid
fever:214266,ce100,ce20,ce20,bm25,ce100,ce100,ce100,ce20,ce20,ce20
fever:214268,ce100,ce20,ce20,bm25,ce100,ce100,ce100,ce20,ce20,bi200
fever:214270,bm25,bm25,bm25,bm25,bm25,ce20,bm25,ce20,bm25,bm25
fever:214271,ce20,ce100,ce100,ce100,ce100,ce20,ce100,hybrid,ce20,bi200
fever:214272,bm25,ce20,ce20,ce20,ce20,ce20,ce20,ce100,ce20,ce20
fever:2144,ce20,bm25,bm25,bm25,bm25,bi200,bm25,bi200,bm25,bm25
fever:2147,bm25,bm25,bm25,bm25,bm25,ce20,ce20,hybrid,ce20,ce20
fever:214780,bm25,bm25,bm25,bm25,bm25,ce20,bm25,bm25,bm25,bi200
fever:214784,bm25,bm25,bm25,bm25,bm25,bm25,bm25,bm25,bm25,ce20
fever:214785,bm25,bm25,bm25,bm25,bm25,ce20,bm25,bm25,bm25,bi200
fever:214787,bm25,bm25,bm25,bm25,bm25,ce20,bm25,bm25,bm25,bi200
fever:214789,bm25,bm25,bm25,bm25,bm25,ce20,bm25,bi200,ce20,bm25
fever:214790,bm25,bm25,bm25,bm25,bm25,bm25,bm25,bm25,bm25,bi200
fever:214799,bm25,bm25,bm25,bm25,bm25,bm25,bm25,bm25,bm25,hybrid
fever:21483,ce20,ce20,ce20,ce20,ce20,ce20,ce20,ce20,ce20,ce20
fever:21493,bm25,ce100,ce100,bm25,ce100,bi200,bi200,ce20,hybrid,bi200
fever:21494,ce100,ce100,ce100,bm25,ce100,bi200,bi200,ce20,bi200,bi200
fever:21495,ce100,ce20,bm25,ce20,bm25,ce100,bi200,bi200,ce20,hybrid
fever:214973,ce20,bm25,bm25,bm25,bm25,bm25,bm25,ce100,ce20,bi200
fever:214974,bm25,bm25,bm25,bm25,bm25,bm25,bm25,bm25,bm25,bi200
fever:214975,bm25,bm25,bm25,bm25,bm25,bm25,bm25,bm25,bm25,bi200
fever:214976,ce20,bm25,bm25,bm25,bm25,bm25,bm25,bm25,bm25,bi200
fever:214977,ce20,bm25,bm25,bm25,bm25,bm25,bm25,bm25,bm25,bi200
fever:214982,bm25,bm25,bm25,bm25,bm25,bm25,bm25,bm25,bm25,bi200
fever:214985,bm25,bm25,bm25,bm25,bm25,bm25,bm25,bm25,ce20,bi200
fever:214986,bm25,bm25,bm25,bm25,bm25,bm25,bm25,bm25,ce20,bi200
fever:214988,ce20,bm25,bm25,bm25,bm25,bm25,bm25,bi200,ce20,bi200
fever:214989,bm25,bm25,bm25,bm25,bm25,bm25,bm25,bm25,ce20,bi200
fever:2150,ce100,ce20,bm25,ce20,ce20,bi200,bi200,ce20,hybrid,bm25
fever:2151,ce100,ce20,bm25,ce20,ce20,bi200,ce100,bi200,hybrid,bm25
fever:215113,ce20,ce20,ce100,bm25,ce20,bi200,ce100,ce20,ce20,ce20
fever:215121,ce100,ce100,ce100,ce100,ce100,ce100,ce100,ce20,ce20,ce100
fever:215122,ce100,ce20,ce20,bm25,ce20,bi200,ce100,hybrid,ce20,hybrid
fever:215123,ce20,ce20,bm25,bm25,ce20,ce100,ce20,ce20,ce20,ce20
fever:215125,ce100,ce20,bm25,bm25,ce20,bi200,bi200,bi200,ce20,ce20
fever:215128,ce20,ce20,bm25,bm25,ce20,ce100,ce20,bm25,ce20,ce20
fever:215129,ce100,ce20,ce100,bm25,ce100,ce100,ce100,bi200,ce20,hybrid
fever:215130,ce20,ce20,bm25,bm25,ce20,ce100,bi200,hybrid,ce20,ce20
fever:215131,ce20,bm25,ce100,bm25,ce20,ce100,ce100,ce20,ce20,ce20
fever:215135,ce20,ce20,bm25,bm25,ce20,bi200,bi200,hybrid,bi200,ce20
fever:215137,ce100,ce100,ce100,bm25,ce20,bi200,ce100,hybrid,hybrid,hybrid
fever:215140,bm25,bm25,ce20,ce20,ce20,ce100,bi200,ce20,ce100,bi200
fever:215199,ce20,bm25,bm25,bm25,ce20,bi200,ce20,bm25,bm25,bm25
fever:215200,ce20,bm25,ce20,bm25,ce20,ce20,ce20,bm25,ce20,bm25
fever:215201,ce20,bm25,bm25,bm25,ce20,ce20,ce20,bi200,bm25,ce20
fever:215202,bm25,bm25,bm25,bm25,bm25,bm25,ce20,bm25,bm25,ce20
fever:215206,ce20,bm25,bm25,bm25,ce20,bi200,ce20,bi200,bm25,bm25
fever:215211,bm25,bm25,bm25,bm25,bm25,ce20,bm25,bi200,ce20,bm25
fever:215215,ce20,bm25,bm25,bm25,ce20,ce20,ce20,bi200,bm25,bm25
fever:215218,bm25,bm25,bm25,bm25,bm25,ce20,bm25,bi200,ce20,bi200
fever:215224,ce20,bm25,bm25,bm25,ce20,ce20,ce20,bi200,bm25,ce20
fever:215226,bm25,bm25,bm25,bm25,bm25,bm25,ce20,bm25,ce20,ce20
fever:215227,ce20,bm25,bm25,bm25,ce20,bi200,ce20,bi200,bm25,ce20
fever:215230,bm25,bm25,ce20,bm25,bm25,ce20,ce20,bi200,ce20,bm25
fever:215267,ce100,ce100,ce100,ce100,ce100,hybrid,ce100,hybrid,bi200,hybrid
fever:215272,ce20,bm25,ce100,bm25,ce100,ce100,ce100,hybrid,bi200,hybrid
fever:215274,ce100,ce100,ce100,ce100,ce100,ce100,ce100,ce100,ce100,hybrid
fever:215276,ce20,ce20,ce100,bm25,ce100,ce100,ce100,ce20,ce100,hybrid
fever:215277,ce100,ce20,ce100,bm25,ce100,hybrid,ce100,hybrid,bi200,hybrid
fever:215279,ce20,ce100,ce100,ce100,ce100,hybrid,ce100,ce100,ce100,ce20
fever:215283,ce100,bm25,ce100,bm25,ce100,ce100,ce100,hybrid,ce100,hybrid
fever:215285,ce20,bm25,ce100,bm25,ce100,bi200,bm25,bi200,bi200,hybrid
fever:215476,bm25,bm25,bm25,bm25,bm25,bm25,bm25,bm25,ce20,bm25
fever:215477,bm25,ce20,bm25,bm25,ce20,ce100,bm25,ce100,ce20,ce20
fever:215479,ce20,ce100,ce100,ce100,ce20,hybrid,bm25,ce20,ce20,ce20
fever:215482,ce20,bm25,bm25,bm25,bm25,bm25,bm25,bm25,ce20,ce20
fever:215484,ce20,bm25,ce100,bm25,ce20,bi200,bm25,ce20,ce100,bi200
fever:215487,ce20,ce100,ce20,ce20,ce100,ce100,ce100,ce100,ce20,ce20
fever:215490,ce20,ce100,ce20,bm25,ce20,bm25,ce100,ce20,ce20,ce20
fever:215491,ce20,ce100,ce20,ce20,ce20,bm25,bm25,ce20,ce100,ce20
fever:215493,ce20,bm25,ce20,ce20,ce100,ce100,bm25,ce20,ce20,hybrid
fever:215495,ce20,ce100,ce100,bm25,ce100,ce100,ce100,ce100,ce100,bi200
fever:215497,ce20,bm25,bm25,bm25,bm25,bm25,bm25,bm25,ce20,bi200
fever:215498,ce20,ce100,ce100,ce100,ce20,ce100,bm25,bi200,ce100,bi200
fever:215500,bm25,bm25,bm25,bm25,bm25,bm25,bm25,bm25,bm25,bm25
fever:215502,ce20,bm25,bm25,bm25,bm25,bm25,bm25,bm25,ce20,bi200
fever:215503,bm25,bm25,ce20,bm25,bm25,ce20,bm25,bm25,ce20,bm25
fever:215504,ce20,ce100,ce100,ce100,ce20,hybrid,bm25,ce20,ce20,ce20
fever:215506,bm25,ce100,ce20,ce20,bm25,ce100,ce100,ce20,ce20,bi200
fever:215507,ce20,ce100,ce100,ce20,ce20,bm25,bm25,bm25,ce100,ce20
fever:215510,ce20,ce100,ce100,ce20,ce20,ce100,ce100,ce100,ce100,bi200
fever:21558,bm25,bm25,bm25,bm25,bm25,hybrid,bi200,hybrid,bi200,hybrid
fever:21564,ce100,ce100,ce100,ce100,ce20,ce100,ce100,ce20,hybrid,hybrid
fever:21566,bm25,bm25,bm25,bm25,ce20,bi200,bm25,hybrid,ce20,ce20
fever:215851,ce20,ce20,ce20,bm25,ce20,ce20,bm25,ce20,ce100,ce20
fever:215853,ce100,ce20,bm25,bm25,ce100,ce20,ce100,hybrid,ce20,ce20
fever:215859,bm25,ce20,bm25,ce20,ce20,ce20,hybrid,hybrid,hybrid,ce20
fever:215860,bm25,ce20,ce20,ce20,ce20,ce20,bm25,bm25,ce20,ce20
fever:215861,bm25,ce20,ce20,ce20,ce20,ce20,ce100,ce20,ce100,ce100
fever:215862,bm25,ce20,ce20,bm25,bm25,ce20,ce100,ce20,ce20,bm25
fever:215865,ce100,ce20,bm25,bm25,ce100,ce20,ce100,hybrid,ce20,ce20
fever:215867,bm25,bm25,ce20,bm25,ce100,ce20,ce100,hybrid,ce20,ce20
fever:215872,bm25,ce20,ce100,bm25,ce20,ce20,ce100,ce20,ce20,hybrid
fever:215873,bm25,ce20,ce20,ce20,ce20,ce20,ce100,ce20,ce100,ce100
fever:215874,bm25,ce20,bm25,ce20,ce100,ce20,ce20,ce20,bm25,bm25
fever:215875,bm25,bm25,ce20,bm25,bm25,ce20,ce100,bm25,ce20,bm25
fever:215878,bm25,bm25,bm25,ce20,ce100,ce20,bm25,ce20,bm25,bm25
fever:21588,bm25,ce100,ce20,ce20,ce100,ce20,ce20,ce100,ce20,hybrid
fever:21607,ce20,ce20,bm25,bm25,ce20,hybrid,bi200,hybrid,ce20,hybrid
fever:21617,bm25,bm25,bm25,bm25,ce20,bi200,bm25,bm25,hybrid,bm25
fever:216179,ce20,ce20,ce20,ce20,ce20,bi200,bm25,hybrid,bi200,bi200
fever:216186,ce20,ce20,ce20,ce20,ce20,bi200,bm25,hybrid,bi200,bi200
fever:216188,ce20,ce100,ce20,bm25,ce20,bi200,ce100,hybrid,hybrid,hybrid
fever:216192,bm25,bm25,bm25,bm25,bm25,bi200,bm25,hybrid,bi200,bi200
fever:216193,bm25,bm25,bm25,bm25,bm25,bi200,bm25,bm25,bi200,bi200
fever:216196,ce20,ce20,ce20,ce20,ce20,bi200,bm25,ce20,bi200,bi200
fever:216197,ce20,ce100,ce20,ce20,ce20,bi200,ce100,hybrid,bi200,bi200
fever:216347,bm25,bm25,bm25,bm25,ce100,hybrid,ce100,hybrid,bm25,bi200
fever:216349,bm25,ce100,bm25,bm25,bm25,ce20,bi200,bi200,bm25,bi200
fever:216351,bm25,ce100,bm25,bm25,ce100,bi200,hybrid,bi200,ce20,bi200
fever:216352,bm25,ce100,bm25,bm25,ce100,bi200,bi200,hybrid,ce20,bi200
fever:216356,ce100,ce100,ce20,ce100,ce100,ce100,bi200,ce100,hybrid,bi200
fever:216358,bm25,ce100,bm25,bm25,ce100,bi200,ce100,bi200,ce20,bi200
fever:216360,ce100,ce100,ce20,ce100,ce100,ce100,ce100,bi200,hybrid,bi200
fever:216362,bm25,ce100,bm25,bm25,ce100,bi200,bi200,bi200,bm25,bi200
fever:216363,bm25,bm25,ce20,bm25,ce20,bi200,bi200,bi200,bm25,bi200
fever:216364,bm25,ce100,bm25,bm25,bm25,bi200,ce100,bm25,bm25,bi200
fever:216365,bm25,ce100,bm25,bm25,bm25,bi200,bi200,bi200,bm25,bi200
fever:216366,bm25,ce100,ce20,bm25,ce100,ce100,bi200,bi200,bm25,bi200
fever:216367,bm25,ce100,ce20,bm25,bm25,ce100,ce100,bi200,ce20,bi200
fever:216368,bm25,ce100,bm25,bm25,ce100,hybrid,bi200,bi200,bm25,bi200
fever:216381,ce20,ce20,bm25,bm25,bm25,ce20,ce20,ce20,hybrid,bm25
fever:216382,ce20,ce20,ce20,ce100,ce100,ce20,ce100,ce20,ce20,bm25
fever:216384,bm25,bm25,bm25,bm25,bm25,ce20,ce20,ce20,bm25,bm25
fever:216387,ce20,ce20,bm25,ce20,ce20,hybrid,ce20,hybrid,hybrid,hybrid
fever:216389,bm25,ce20,ce20,bm25,bm25,ce20,ce20,ce20,ce20,bm25
fever:216390,bm25,bm25,bm25,ce20,ce20,ce20,ce100,ce20,bm25,bm25
fever:216392,bm25,ce20,bm25,ce20,ce20,ce20,ce20,ce20,ce20,bm25
fever:216393,bm25,bm25,bm25,bm25,bm25,ce20,ce20,ce20,bm25,bm25
fever:216395,ce20,bm25,bm25,ce20,bm25,ce20,ce20,ce20,bm25,bm25
fever:216397,ce20,ce20,ce100,ce100,ce20,ce20,ce20,hybrid,hybrid,bm25
fever:216399,ce20,ce20,bm25,ce20,ce20,hybrid,ce20,hybrid,hybrid,bm25
fever:216401,ce20,bm25,ce100,bm25,ce20,ce20,ce20,ce20,ce20,bm25
fever:21644,ce100,bm25,bm25,bm25,ce20,ce20,bm25,bm25,ce20,bm25
fever:21647,ce20,ce100,ce20,ce100,ce20,bi200,ce100,bi200,hybrid,bi200
fever:216578,bm25,ce20,bm25,bm25,bm25,bm25,bm25,hybrid,ce20,bi200
fever:216581,bm25,ce20,bm25,bm25,ce20,bm25,bm25,ce20,ce20,bm25
fever:216583,bm25,ce20,bm25,bm25,bm25,bm25,bi200,hybrid,bm25,bm25
fever:216585,bm25,ce20,bm25,bm25,bm25,ce20,bi200,ce20,bm25,bm25
fever:216591,bm25,ce20,bm25,bm25,bm25,ce20,bm25,ce20,bm25,bm25
fever:216593,bm25,ce20,bm25,bm25,bm25,bm25,bm25,ce20,bm25,bm25
fever:216594,bm25,ce20,ce20,bm25,ce20,ce20,bi200,ce20,ce20,bm25
fever:216595,bm25,ce20,bm25,bm25,bm25,ce20,bm25,ce20,ce20,bm25
fever:216597,bm25,ce20,bm25,bm25,bm25,ce20,bi200,ce20,bm25,bm25
fever:216599,bm25,ce20,bm25,bm25,bm25,ce20,bm25,ce20,ce20,bm25
fever:216771,ce100,ce100,ce20,bm25,ce100,ce20,bi200,ce20,hybrid,bm25
fever:216774,bm25,bm25,bm25,bm25,ce100,bm25,ce100,ce20,hybrid,bm25
fever:216777,bm25,ce100,ce100,ce100,ce100,ce20,ce100,ce100,hybrid,bm25
fever:216779,bm25,ce100,ce20,bm25,ce100,bi200,hybrid,ce100,hybrid,hybrid
fever:216780,bm25,ce20,bm25,bm25,bm25,bi200,bm25,bm25,hybrid,bm25
fever:216781,bm25,ce20,ce20,bm25,ce100,bi200,bi200,hybrid,hybrid,bm25
fever:216783,bm25,ce100,bm25,bm25,bm25,bm25,ce100,ce100,hybrid,bm25
fever:216784,bm25,ce20,bm25,bm25,ce20,bi200,bi200,bm25,hybrid,bm25
fever:216790,ce100,ce100,ce100,bm25,ce100,bi200,ce100,ce100,hybrid,hybrid
fever:216791,ce100,bm25,ce100,bm25,ce100,ce20,ce100,ce100,hybrid,ce20
fever:216793,bm25,ce20,ce20,bm25,bm25,bi200,bi200,bm25,hybrid,bm25
fever:216795,bm25,bm25,bm25,bm25,bm25,ce20,bm25,ce20,hybrid,bm25
fever:216798,ce100,ce100,ce20,bm25,ce100,bi200,bi200,bi200,hybrid,bm25
fever:216799,bm25,ce20,ce20,ce20,ce20,ce20,ce100,ce100,ce20,bm25
fever:217014,bm25,bm25,bm25,bm25,bm25,bm25,bm25,hybrid,hybrid,bm25
fever:217018,bm25,bm25,bm25,bm25,bm25,bm25,bm25,hybrid,hybrid,bm25
fever:217023,bm25,bm25,bm25,bm25,bm25,bm25,bm25,hybrid,hybrid,bm25
fever:217024,bm25,bm25,bm25,bm25,bm25,bm25,bm25,hybrid,hybrid,bm25
fever:217025,bm25,bm25,bm25,bm25,bm25,bm25,bm25,hybrid,hybrid,bm25
fever:217027,bm25,bm25,bm25,bm25,bm25,bm25,bm25,hybrid,ce20,bm25
fever:217091,bm25,bm25,bm25,bm25,bm25,ce100,bi200,ce20,bm25,bi200
fever:217093,bm25,ce20,bm25,bm25,bm25,ce100,bi200,bm25,hybrid,bi200
fever:217094,bm25,bm25,bm25,bm25,bm25,ce100,bi200,bm25,bi200,bi200
fever:217102,bm25,bm25,bm25,bm25,bm25,ce100,bi200,ce20,bi200,bi200
fever:217107,bm25,bm25,bm25,bm25,bm25,ce100,bi200,ce20,ce20,bi200
fever:217111,bm25,bm25,bm25,bm25,bm25,ce100,bi200,bm25,bm25,bi200
fever:217115,bm25,bm25,ce100,bm25,bm25,ce100,bi200,ce20,ce20,bi200
fever:21716,bm25,bm25,bm25,bm25,bm25,ce20,bm25,ce20,ce20,bm25
fever:217166,bm25,ce20,bm25,bm25,bm25,hybrid,bi200,bm25,bi200,ce100
fever:217167,bm25,bm25,bm25,bm25,ce20,ce20,bi200,hybrid,bi200,ce100
fever:217168,bm25,ce20,bm25,bm25,bm25,bi200,bi200,hybrid,bi200,ce100
fever:217170,bm25,ce20,bm25,bm25,bm25,hybrid,bi200,bm25,bi200,bm25
fever:217172,bm25,ce100,ce20,ce100,ce100,hybrid,ce100,ce100,hybrid,ce100
fever:217177,bm25,ce20,bm25,bm25,bm25,bi200,bi200,bm25,bi200,ce100
fever:217179,bm25,bm25,bm25,bm25,ce20,hybrid,bm25,ce100,bi200,ce100
fever:217181,bm25,ce20,bm25,bm25,bm25,hybrid,bi200,bm25,bi200,bm25
fever:217182,bm25,ce20,ce20,bm25,ce20,ce100,bi200,ce100,bi200,ce100
fever:217187,ce100,ce100,ce20,bm25,ce100,bm25,ce100,ce20,ce100,bm25
fever:21719,bm25,ce100,ce100,ce20,ce100,bi200,hybrid,bm25,bi200,bi200
fever:217194,bm25,ce100,ce20,bm25,ce20,ce100,bi200,ce20,ce20,bm25
fever:217195,ce100,ce100,ce100,ce100,ce20,ce100,ce100,bm25,ce100,ce100
fever:217196,ce100,ce100,ce20,bm25,ce20,ce100,ce100,ce20,ce100,ce100
fever:217197,ce100,ce100,ce20,ce100,ce100,ce100,ce100,ce100,ce100,hybrid
fever:217198,ce100,ce100,ce20,bm25,ce20,ce100,ce100,bm25,ce20,bm25
fever:21720,bm25,ce100,ce100,ce20,ce100,bi200,hybrid,bm25,bi200,bi200
fever:217201,bm25,ce100,ce20,bm25,ce20,bm25,ce100,bm25,ce20,bm25
fever:217205,ce100,ce100,ce100,ce100,ce100,ce100,ce100,ce100,ce100,ce20
fever:217210,ce100,ce100,ce20,bm25,ce100,ce100,ce100,bm25,ce20,bm25
fever:217212,ce100,ce100,ce20,ce100,ce20,ce100,ce100,ce20,ce20,ce20
fever:217215,ce100,ce100,ce20,bm25,ce20,ce100,ce100,bm25,hybrid,bm25
fever:217217,bm25,bm25,ce20,bm25,bm25,ce100,ce100,bi200,ce20,ce20
fever:217221,bm25,bm25,ce20,bm25,bm25,bm25,bm25,bm25,ce20,bm25
fever:21728,ce100,ce100,ce100,ce100,ce100,ce100,hybrid,bi200,hybrid,hybrid
fever:217379,bm25,bm25,bm25,bm25,bm25,ce100,bm25,hybrid,hybrid,bi200
fever:217380,ce100,ce100,ce20,ce100,ce100,hybrid,bi200,bi200,hybrid,bi200
fever:217381,bm25,bm25,bm25,bm25,bm25,ce100,ce100,hybrid,hybrid,bi200
fever:217390,bm25,bm25,bm25,bm25,bm25,hybrid,bm25,hybrid,hybrid,bi200
fever:217391,ce100,ce100,ce20,ce100,ce100,hybrid,bi200,bi200,hybrid,bi200
fever:217658,ce20,ce20,bm25,bm25,ce20,bi200,hybrid,ce20,bm25,hybrid
fever:217660,ce20,ce20,bm25,ce20,ce20,ce20,hybrid,hybrid,hybrid,ce20
fever:217662,bm25,ce100,bm25,ce20,ce20,ce20,hybrid,hybrid,ce20,ce20
fever:217666,bm25,bm25,bm25,ce20,ce100,ce20,hybrid,bm25,ce20,ce20
fever:217669,bm25,ce100,ce100,ce100,ce100,ce100,ce100,hybrid,ce20,ce20
fever:217670,ce100,ce100,bm25,ce20,ce100,ce20,hybrid,hybrid,bi200,ce20
fever:217671,ce20,ce20,bm25,ce100,ce100,ce20,hybrid,hybrid,hybrid,ce20
fever:217672,bm25,ce20,bm25,ce20,ce100,ce20,hybrid,ce100,ce20,ce100
fever:217676,bm25,ce20,bm25,bm25,ce20,ce20,hybrid,hybrid,bi200,ce20
fever:217678,bm25,ce20,bm25,bm25,ce20,ce20,hybrid,hybrid,hybrid,ce20
fever:217680,bm25,ce20,ce20,ce20,ce100,ce100,hybrid,hybrid,ce20,ce20
fever:217683,bm25,bm25,bm25,bm25,bm25,ce20,ce100,ce20,bm25,ce20
fever:217684,bm25,bm25,bm25,bm25,ce20,hybrid,bi200,ce20,bm25,hybrid
fever:21775,ce20,ce100,ce20,ce100,ce100,ce100,ce100,ce100,ce20,ce100
fever:21784,ce100,ce20,ce100,ce20,ce100,ce20,ce100,ce100,ce100,hybrid
fever:21785,ce100,ce20,ce100,bm25,ce20,ce20,ce100,ce100,ce20,ce20
fever:21804,ce20,ce100,bm25,ce100,ce100,bi200,bi200,hybrid,ce100,bi200
fever:218090,ce100,ce100,bm25,bm25,ce100,hybrid,bi200,hybrid,bi200,hybrid
fever:218092,ce100,ce100,ce100,ce100,ce100,bi200,bi200,hybrid,hybrid,hybrid
fever:218094,ce100,ce100,ce100,ce100,ce100,bi200,bi200,ce100,hybrid,hybrid
fever:218096,ce100,ce100,bm25,bm25,ce100,hybrid,bi200,bi200,bi200,hybrid
fever:218097,ce100,ce100,ce100,ce100,ce20,bi200,bi200,ce100,hybrid,hybrid
fever:218099,ce100,ce100,ce100,ce100,ce100,bi200,bi200,hybrid,hybrid,hybrid
fever:218101,bm25,ce100,bm25,bm25,ce100,hybrid,bi200,hybrid,hybrid,hybrid
fever:218102,ce100,ce100,ce20,ce100,ce100,ce100,bi200,ce100,hybrid,ce100
fever:218104,ce100,ce100,ce100,ce100,ce100,ce100,bi200,ce100,hybrid,ce100
fever:218105,ce100,ce100,bm25,bm25,ce100,ce100,bi200,hybrid,bi200,hybrid
fever:218107,ce100,ce100,bm25,bm25,ce100,hybrid,bi200,hybrid,hybrid,hybrid
fever:218109,ce100,ce100,ce100,ce100,ce100,ce100,bi200,hybrid,hybrid,ce100
fever:218110,ce100,ce100,ce100,ce100,ce100,ce100,bi200,hybrid,hybrid,ce100
fever:218111,ce100,ce100,ce20,ce100,ce100,ce100,bm25,hybrid,hybrid,hybrid
fever:218112,ce100,ce100,ce20,ce100,ce100,bi200,bi200,ce100,bi200,hybrid
fever:218113,ce100,ce100,bm25,bm25,ce100,hybrid,bi200,ce100,hybrid,hybrid
fever:218114,ce100,ce100,bm25,bm25,ce100,ce100,bi200,hybrid,bi200,hybrid
fever:218115,ce100,ce100,ce100,ce100,ce100,bi200,bi200,hybrid,hybrid,ce100
fever:218232,ce100,ce100,ce100,bm25,ce100,bi200,bi200,bi200,bi200,bi200
fever:218233,ce100,ce100,ce100,bm25,ce100,bi200,bi200,bi200,bi200,bi200
fever:218235,bm25,bm25,ce20,bm25,bm25,bi200,bi200,bi200,bi200,bi200
fever:218237,bm25,bm25,bm25,bm25,ce20,bi200,bm25,bi200,bi200,bi200
fever:218238,bm25,bm25,bm25,bm25,bm25,bi200,bm25,bi200,bi200,bi200
fever:218239,ce100,ce20,ce100,bm25,ce100,bi200,bi200,ce100,hybrid,bi200
fever:218240,bm25,bm25,bm25,ce100,bm25,bi200,bi200,bi200,bi200,bi200
fever:218242,bm25,bm25,bm25,bm25,bm25,bi200,bi200,bi200,bi200,bi200
fever:218243,bm25,bm25,bm25,bm25,bm25,bi200,bm25,bi200,bi200,bi200
fever:218244,bm25,bm25,bm25,bm25,bm25,bi200,bm25,bi200,bi200,bi200
fever:218245,bm25,bm25,bm25,bm25,ce20,bi200,bm25,bi200,bi200,bi200
fever:218246,bm25,bm25,ce100,bm25,ce100,bi200,bi200,bi200,bi200,bi200
fever:218248,ce20,bm25,bm25,bm25,ce20,bi200,bi200,bi200,bi200,bi200
fever:218249,ce100,ce100,ce100,bm25,ce100,bi200,bi200,bi200,bi200,bi200
fever:218252,ce20,ce100,ce20,bm25,ce100,bi200,bi200,ce100,bi200,bi200
fever:218358,ce100,ce100,bm25,bm25,bm25,ce100,bi200,hybrid,bm25,bm25
fever:218361,ce100,ce100,bm25,bm25,bm25,ce100,bi200,bm25,bm25,bm25
fever:218362,ce100,ce100,bm25,bm25,bm25,bi200,bi200,bm25,bi200,bm25
fever:218367,ce100,ce100,bm25,bm25,bm25,ce100,bi200,bm25,bm25,bm25
fever:218368,ce100,ce100,bm25,bm25,bm25,bi200,bi200,bm25,bi200,bm25
fever:218370,ce100,ce100,bm25,bm25,ce100,bi200,ce100,hybrid,bi200,bm25
fever:218371,ce100,ce100,bm25,bm25,bm25,bi200,bi200,hybrid,bi200,bm25
fever:218372,bm25,ce100,bm25,bm25,ce100,bi200,bi200,bm25,bi200,bm25
fever:218373,ce100,ce100,bm25,bm25,ce100,bi200,bi200,bm25,bi200,bm25
fever:218462,bm25,bm25,bm25,bm25,bm25,bm25,bm25,hybrid,bm25,bm25
fever:218468,bm25,bm25,bm25,bm25,bm25,bm25,bi200,bm25,bm25,bm25
fever:218469,bm25,ce20,bm25,bm25,ce20,ce20,ce20,bi200,ce20,ce20
fever:218471,ce20,bm25,bm25,bm25,bm25,bm25,bm25,bi200,bm25,ce20
fever:218472,bm25,bm25,bm25,bm25,bm25,bm25,ce100,hybrid,bm25,ce20
fever:218474,bm25,bm25,bm25,bm25,bm25,bm25,ce100,bm25,ce20,bi200
fever:218475,bm25,bm25,bm25,bm25,bm25,bm25,bm25,hybrid,ce20,bm25
fever:218476,bm25,bm25,bm25,bm25,bm25,bm25,bm25,hybrid,bm25,bm25
fever:218479,bm25,bm25,bm25,bm25,bm25,bm25,bm25,bm25,bm25,ce20
fever:218481,bm25,bm25,bm25,ce20,ce20,ce100,ce20,bi200,bm25,ce20
fever:21852,ce100,ce100,ce100,bm25,ce100,hybrid,ce100,hybrid,ce20,hybrid
fever:21853,ce100,ce100,ce100,ce100,ce20,ce100,ce100,hybrid,ce100,ce100
fever:21854,ce20,ce100,ce20,ce100,ce100,ce100,bi200,bi200,bi200,bi200
fever:21858,ce20,bm25,bm25,bm25,ce20,bi200,bm25,hybrid,hybrid,bm25
fever:21875,ce20,ce20,ce100,ce20,ce20,ce100,ce100,bi200,hybrid,ce20
fever:21882,bm25,ce20,ce20,ce20,ce20,ce100,ce100,ce100,bi200,hybrid
fever:21883,ce20,bm25,bm25,ce20,ce20,bm25,bm25,ce20,ce20,bm25
fever:21888,ce100,ce100,ce100,ce20,ce100,bi200,bi200,bi200,bi200,bi200
fever:21899,ce100,ce100,ce100,ce100,ce20,ce100,bi200,hybrid,bm25,bi200
fever:219025,ce20,ce20,bm25,bm25,ce20,bi200,ce20,ce20,ce20,bm25
fever:219028,ce100,ce20,ce100,ce20,ce100,hybrid,bi200,hybrid,hybrid,ce20
fever:219030,ce100,ce20,ce100,ce20,ce100,hybrid,bi200,hybrid,hybrid,ce20
fever:219033,bm25,ce20,ce100,ce100,ce100,ce100,ce100,ce100,ce100,ce20
fever:219036,ce100,ce20,bm25,ce20,ce20,ce100,ce100,ce20,ce20,bi200
fever:219123,ce100,ce100,ce100,bm25,bm25,bi200,ce100,bi200,hybrid,bi200
fever:219125,bm25,bm25,ce100,bm25,bm25,bi200,ce100,bi200,hybrid,bi200
fever:219126,bm25,bm25,bm25,bm25,bm25,bi200,bi200,bi200,hybrid,bi200
fever:219128,ce100,ce100,ce100,ce20,ce20,bi200,ce100,ce100,hybrid,bi200
fever:219130,ce100,ce100,ce100,ce100,ce100,bi200,ce100,bi200,hybrid,bi200
fever:219132,ce100,ce20,ce20,ce20,ce100,bi200,ce100,ce100,hybrid,ce100
fever:219139,ce100,ce20,ce20,ce20,ce100,bi200,ce100,ce100,hybrid,ce100
fever:219142,ce100,ce100,ce100,ce20,ce100,bi200,ce100,ce100,bi200,bi200
fever:219144,ce20,bm25,bm25,bm25,bm25,hybrid,ce100,bi200,hybrid,bi200
fever:219146,ce100,ce100,ce100,ce20,ce100,bi200,ce100,ce100,hybrid,bi200
fever:219149,bm25,bm25,ce100,bm25,bm25,bi200,ce100,bi200,ce20,bm25
fever:219151,ce20,ce100,bm25,bm25,ce100,bi200,ce100,ce100,hybrid,bi200
fever:219153,ce100,ce100,ce100,ce100,bm25,bi200,ce100,hybrid,hybrid,ce20
fever:219155,ce100,ce20,ce100,ce20,ce100,bi200,ce100,hybrid,hybrid,bi200
fever:219161,bm25,bm25,bm25,bm25,bm25,hybrid,bi200,bm25,bm25,bi200
fever:219164,bm25,bm25,bm25,bm25,bm25,ce20,bi200,hybrid,hybrid,bi200
fever:219165,bm25,bm25,bm25,bm25,bm25,ce20,bi200,hybrid,hybrid,bi200
fever:219171,bm25,bm25,bm25,bm25,bm25,hybrid,bi200,bm25,hybrid,bi200
fever:219173,bm25,bm25,ce100,bm25,bm25,ce100,bi200,ce20,ce20,bi200
fever:219188,bm25,bm25,bm25,bm25,bm25,hybrid,bi200,bi200,hybrid,bi200
fever:219189,bm25,bm25,bm25,bm25,ce20,ce100,bi200,ce20,hybrid,bi200
fever:219190,bm25,bm25,bm25,bm25,bm25,hybrid,bi200,bi200,hybrid,bi200
fever:219200,bm25,bm25,bm25,bm25,bm25,ce20,bi200,bi200,hybrid,bi200
fever:219202,bm25,bm25,bm25,bm25,bm25,ce100,bi200,ce20,ce20,bi200
fever:219205,bm25,bm25,bm25,bm25,bm25,hybrid,bi200,hybrid,bi200,bi200
fever:219276,bm25,ce20,bm25,bm25,ce20,ce20,bm25,bm25,bi200,hybrid
fever:219278,bm25,ce20,bm25,bm25,ce20,ce100,bm25,hybrid,bi200,bm25
fever:219284,bm25,bm25,bm25,bm25,bm25,ce100,bm25,hybrid,bm25,bm25
fever:219285,bm25,ce20,bm25,bm25,ce20,ce100,bm25,ce20,ce20,bm25
fever:219289,bm25,ce20,ce20,bm25,ce20,hybrid,bm25,bi200,ce20,hybrid
fever:219291,bm25,bm25,bm25,ce20,ce20,ce20,ce20,hybrid,bm25,hybrid
fever:219294,bm25,ce20,ce20,bm25,bm25,bm25,bm25,bm25,bi200,bm25
fever:219295,bm25,bm25,bm25,bm25,ce20,ce100,ce20,hybrid,ce20,bm25
fever:219298,bm25,ce20,ce20,bm25,ce20,ce20,bm25,bm25,ce20,bm25
fever:219299,bm25,ce20,ce20,ce20,ce20,ce100,bm25,bm25,ce20,hybrid
fever:219303,bm25,ce20,ce20,bm25,ce20,ce20,bm25,bi200,ce100,hybrid
fever:219305,bm25,bm25,ce20,bm25,bm25,ce20,bm25,bm25,ce20,bi200
fever:21933,ce20,ce20,ce20,bm25,ce20,ce20,ce100,ce20,ce20,bi200
fever:21958,bm25,bm25,bm25,ce20,ce20,hybrid,bm25,bm25,bm25,bm25
fever:21959,bm25,bm25,bm25,ce20,bm25,bm25,bi200,hybrid,hybrid,bm25
fever:219674,ce100,ce100,ce100,bm25,ce100,bi200,bi200,bi200,bi200,bi200
fever:219675,ce100,ce100,ce100,ce100,ce100,bi200,bi200,bi200,bi200,bi200
fever:219676,ce100,ce100,ce100,ce100,ce100,bi200,bi200,bi200,hybrid,bi200
fever:219684,ce100,ce100,ce100,ce100,ce100,ce100,bi200,bi200,bi200,bi200
fever:219686,ce100,ce100,ce100,bm25,ce100,bi200,bi200,bi200,bi200,bi200
fever:219688,ce100,bm25,ce100,ce100,ce100,bi200,bi200,bi200,bi200,bi200
fever:219691,ce100,ce100,ce100,bm25,ce100,ce100,ce100,hybrid,hybrid,hybrid
fever:219693,ce100,ce100,ce100,bm25,ce100,hybrid,bi200,bi200,bi200,hybrid
fever:2197,ce20,bm25,bm25,bm25,bm25,hybrid,bm25,hybrid,bm25,bm25
fever:219704,ce100,bm25,ce100,ce100,ce100,bi200,ce100,bi200,bi200,bi200
fever:219708,ce100,ce100,ce100,bm25,ce100,hybrid,ce100,bi200,hybrid,bi200
fever:21986,ce20,bm25,bm25,ce20,ce20,bi200,bm25,hybrid,hybrid,bm25
fever:21990,bm25,ce20,bm25,bm25,bm25,bi200,bm25,hybrid,hybrid,bm25
fever:22002,bm25,ce100,bm25,bm25,ce100,ce100,ce100,ce100,ce100,ce100
fever:22017,bm25,bm25,bm25,bm25,bm25,hybrid,ce100,hybrid,hybrid,hybrid
fever:220200,bm25,ce100,ce20,bm25,ce20,ce20,ce100,ce100,hybrid,bi200
fever:220201,bm25,bm25,bm25,bm25,bm25,ce20,bm25,hybrid,hybrid,bi200
fever:220204,ce100,ce100,ce20,ce20,ce20,bi200,ce20,ce20,ce20,bi200
fever:220205,bm25,bm25,bm25,bm25,bm25,ce20,bm25,ce100,bi200,bi200
fever:220207,ce20,bm25,bm25,bm25,ce20,ce20,bm25,hybrid,bi200,bi200
fever:220212,bm25,bm25,ce20,bm25,ce20,ce20,bi200,ce100,ce20,ce20
fever:220214,bm25,ce100,ce100,ce20,ce100,ce20,ce100,ce20,ce20,ce20
fever:220215,bm25,bm25,bm25,bm25,bm25,bi200,bm25,ce20,hybrid,bi200
fever:220216,ce20,bm25,ce20,bm25,bm25,ce20,bm25,hybrid,hybrid,hybrid
fever:220219,bm25,bm25,ce20,bm25,ce20,ce20,bm25,ce20,bi200,bi200
fever:220234,ce100,ce100,ce100,ce100,ce100,ce100,bi200,hybrid,bi200,ce100
fever:220235,ce100,ce100,ce100,ce100,ce100,ce100,bi200,hybrid,bi200,ce100
fever:220237,bm25,ce100,ce20,bm25,ce100,ce100,bi200,bi200,hybrid,ce100
fever:220238,ce100,bm25,ce100,ce100,ce100,ce100,bi200,hybrid,hybrid,hybrid
fever:220239,ce100,ce100,ce100,ce100,ce100,ce100,bi200,hybrid,ce100,ce100
fever:220243,ce100,ce100,ce100,ce100,ce100,ce100,bi200,bi200,hybrid,hybrid
fever:220248,ce100,bm25,ce100,bm25,ce20,ce100,ce100,hybrid,ce100,hybrid
fever:220251,ce100,ce100,ce100,ce100,ce100,ce100,bi200,bi200,bi200,ce100
fever:220278,ce20,ce20,bm25,bm25,ce20,bi200,bm25,hybrid,ce20,bm25
fever:220279,ce20,bm25,ce20,ce20,ce20,hybrid,hybrid,ce20,ce20,hybrid
fever:220280,ce20,ce20,bm25,bm25,ce20,bi200,bi200,ce20,ce20,bm25
fever:220282,ce20,bm25,ce20,bm25,ce20,ce20,ce100,ce20,ce20,bm25
fever:220284,ce20,ce20,ce20,bm25,ce20,bi200,ce20,ce20,ce20,bm25
fever:220288,ce20,bm25,bm25,bm25,ce20,hybrid,hybrid,hybrid,hybrid,bm25
fever:220290,ce20,bm25,bm25,bm25,bm25,bi200,bm25,hybrid,hybrid,bm25
fever:220291,ce20,bm25,ce20,bm25,ce20,bm25,ce100,ce20,ce20,ce20
fever:220296,ce20,ce20,ce20,bm25,ce20,bi200,bi200,ce20,ce20,bm25
fever:22042,bm25,ce20,ce20,ce20,bm25,ce20,ce100,ce20,ce20,ce20
fever:22043,bm25,ce20,ce20,bm25,bm25,ce20,ce100,ce20,ce20,bm25
fever:220439,bm25,ce100,bm25,ce20,ce100,bi200,ce100,hybrid,hybrid,ce20
fever:220442,ce100,ce100,ce100,ce100,ce100,ce100,bi200,ce100,hybrid,ce100
fever:220446,ce100,ce100,bm25,ce100,ce100,bi200,ce100,hybrid,hybrid,ce20
fever:220447,ce100,ce100,ce100,ce100,ce100,bi200,bi200,bi200,hybrid,ce20
fever:220449,bm25,ce100,bm25,bm25,ce100,bi200,ce100,hybrid,hybrid,bm25
fever:220452,bm25,ce100,bm25,bm25,ce100,bi200,bi200,bm25,ce20,ce20
fever:220461,bm25,ce20,bm25,ce20,ce100,bi200,ce100,hybrid,ce100,ce20
fever:220464,bm25,ce100,bm25,bm25,ce100,bi200,ce100,bi200,hybrid,ce20
fever:220466,ce100,ce100,ce100,ce100,ce100,ce100,bi200,ce20,hybrid,ce20
fever:22089,ce100,ce20,ce100,ce100,ce20,hybrid,ce100,ce20,hybrid,hybrid
fever:22092,bm25,ce20,ce20,ce20,ce20,bi200,bm25,bi200,bi200,bi200
fever:22093,ce20,ce100,ce100,bm25,ce20,ce20,ce100,bi200,ce20,ce20
fever:220949,bm25,ce100,ce100,bm25,bm25,bm25,bi200,ce20,bi200,bi200
fever:220952,bm25,ce100,bm25,bm25,bm25,bi200,bi200,bi200,bi200,bi200
fever:220958,bm25,bm25,ce100,bm25,bm25,ce20,bm25,ce100,bi200,bi200
fever:22096,bm25,ce20,bm25,bm25,ce100,bi200,bm25,hybrid,bi200,hybrid
fever:220963,bm25,ce100,ce100,bm25,ce100,ce100,bm25,ce100,ce100,bi200
fever:220969,bm25,bm25,ce100,ce100,ce100,ce100,bi200,hybrid,bi200,bi200
fever:220974,bm25,bm25,ce100,bm25,ce100,bm25,bm25,ce100,bi200,bi200
fever:220975,bm25,bm25,ce100,bm25,bm25,bi200,bm25,ce20,bi200,ce20
fever:220977,ce100,bm25,ce100,bm25,ce100,bm25,bi200,bi200,bi200,bi200
fever:220980,bm25,ce100,ce100,bm25,ce100,bm25,bm25,ce20,bi200,bi200
fever:220989,bm25,ce100,ce100,bm25,bm25,bm25,bm25,bi200,bi200,bi200
fever:22103,bm25,bm25,ce20,bm25,bm25,bm25,ce100,bi200,ce20,bm25
fever:221071,ce100,ce100,ce100,bm25,bm25,ce100,ce100,ce20,ce20,bi200
fever:221072,ce20,ce20,bm25,bm25,ce20,ce100,ce100,hybrid,bi200,hybrid
fever:221073,bm25,ce100,bm25,bm25,ce100,ce100,ce100,hybrid,ce100,hybrid
fever:221076,bm25,ce100,ce100,ce100,ce100,ce100,ce100,ce20,ce100,hybrid
fever:221077,ce20,ce100,ce100,ce20,ce20,bi200,bm25,hybrid,ce100,hybrid
fever:221081,ce20,ce20,bm25,ce20,ce20,ce100,ce20,ce100,ce100,ce20
fever:221085,ce20,ce20,bm25,bm25,ce100,hybrid,ce100,hybrid,bi200,hybrid
fever:221086,bm25,ce100,ce100,bm25,ce20,ce100,bm25,hybrid,ce100,bi200
fever:221087,ce20,ce20,ce100,ce20,ce100,bi200,bm25,bm25,ce100,ce20
fever:221090,bm25,ce100,ce20,bm25,ce100,bi200,ce20,hybrid,ce100,bi200
fever:221093,bm25,ce100,ce100,ce100,ce100,ce100,ce100,ce100,ce100,hybrid
fever:221120,ce20,ce20,ce100,ce20,ce20,ce20,bm25,ce100,ce20,hybrid
fever:221121,ce20,ce20,ce20,ce20,ce20,ce20,bm25,ce100,ce100,ce20
fever:221124,ce100,ce20,ce20,ce20,ce20,bi200,bm25,ce20,ce20,hybrid
fever:221126,ce100,ce20,ce100,ce100,ce100,ce100,ce100,hybrid,hybrid,hybrid
fever:221127,ce100,ce20,ce100,ce100,ce100,ce100,hybrid,ce20,ce100,hybrid
fever:221129,ce20,ce20,ce20,ce20,ce20,ce20,ce100,ce20,ce20,ce20
fever:221131,ce100,ce20,ce20,ce20,ce20,ce20,ce100,ce20,ce100,hybrid
fever:221132,ce100,ce20,ce100,ce100,ce100,ce100,bm25,ce100,hybrid,ce100
fever:221135,bm25,bm25,bm25,bm25,bm25,bi200,bm25,ce20,hybrid,hybrid
fever:221137,ce20,ce20,ce100,ce20,ce20,ce20,bm25,ce20,ce20,hybrid
fever:221146,ce100,ce20,ce20,ce20,ce100,ce100,bm25,ce20,ce20,hybrid
fever:221148,ce100,ce20,ce20,ce20,ce20,bi200,ce100,hybrid,hybrid,ce20
fever:221152,ce100,ce20,ce100,ce100,ce100,hybrid,ce100,hybrid,hybrid,hybrid
fever:22116,bm25,bm25,bm25,bm25,bm25,ce20,ce20,ce100,ce20,ce20
fever:221237,bm25,bm25,bm25,ce20,bm25,bm25,bm25,bm25,hybrid,bi200
fever:221240,bm25,bm25,bm25,ce20,bm25,bi200,bi200,bm25,bi200,bi200
fever:221241,bm25,bm25,ce20,ce20,bm25,bi200,ce20,bm25,ce20,ce20
fever:221244,ce20,bm25,ce20,ce20,ce20,hybrid,hybrid,bi200,bi200,ce20
fever:221245,bm25,bm25,bm25,ce20,bm25,bm25,bm25,bm25,hybrid,bi200
fever:221249,bm25,bm25,ce100,ce20,bm25,hybrid,ce100,bm25,ce20,bi200
fever:221250,bm25,bm25,ce100,ce20,bm25,ce20,ce100,bm25,ce20,ce20
fever:221251,bm25,bm25,bm25,bm25,bm25,bm25,ce100,bm25,hybrid,bm25
fever:221252,bm25,bm25,ce100,ce20,bm25,ce100,ce100,bm25,ce20,ce20
fever:221256,ce20,bm25,bm25,ce20,bm25,bi200,bi200,bm25,bi200,bi200
fever:221257,bm25,bm25,bm25,bm25,bm25,bm25,bm25,bm25,hybrid,bm25
fever:22126,ce20,ce20,ce20,bm25,ce20,ce20,ce100,ce20,ce20,bi200
fever:22186,ce100,ce100,bm25,ce20,ce20,ce100,bm25,hybrid,ce20,hybrid
fever:22187,bm25,bm25,bm25,ce20,bm25,ce100,bm25,hybrid,ce20,hybrid
fever:22192,bm25,ce20,bm25,bm25,bm25,ce100,hybrid,ce20,ce20,bm25
fever:22193,bm25,ce20,bm25,bm25,bm25,ce100,hybrid,ce20,bm25,bm25
fever:22194,bm25,bm25,bm25,bm25,ce100,bi200,bi200,bi200,bi200,hybrid
fever:22195,bm25,bm25,bm25,bm25,ce100,bi200,bi200,bi200,bi200,hybrid
fever:22201,ce20,ce20,ce20,ce100,bm25,bi200,bi200,hybrid,ce20,bi200
fever:222024,ce20,ce20,bm25,ce20,ce20,bi200,bi200,hybrid,ce20,bm25
fever:222026,ce100,bm25,ce20,bm25,bm25,bi200,hybrid,hybrid,ce20,ce20
fever:222027,ce20,ce20,ce20,ce20,ce20,ce20,bm25,hybrid,ce20,bm25
fever:222028,ce20,ce20,ce20,ce20,ce20,bi200,bm25,hybrid,ce20,bm25
fever:222030,bm25,ce20,bm25,bm25,bm25,bm25,bm25,bm25,ce20,ce20
fever:222031,bm25,ce20,ce20,bm25,bm25,hybrid,bi200,bm25,hybrid,bm25
fever:222033,ce20,bm25,ce20,bm25,ce20,bm25,ce20,ce20,ce20,ce20
fever:222035,ce20,bm25,ce20,ce20,ce20,bm25,ce100,ce20,ce20,ce20
fever:222036,ce20,bm25,ce20,bm25,bm25,bm25,ce100,ce20,ce20,bi200
fever:222041,ce20,ce20,ce20,ce20,ce20,bi200,bm25,hybrid,ce20,bm25
fever:222042,bm25,ce20,bm25,bm25,bm25,bm25,ce20,bm25,ce20,ce20
fever:222043,ce20,ce20,ce20,bm25,bm25,ce20,hybrid,hybrid,bm25,ce100
fever:222045,ce20,ce20,ce20,bm25,ce20,bi200,ce20,bi200,ce20,bm25
fever:222046,ce20,bm25,ce20,bm25,ce20,bm25,ce20,ce20,ce20,ce20
fever:222049,ce20,ce20,ce20,bm25,ce20,bi200,ce20,ce20,ce20,bm25
fever:222161,bm25,bm25,bm25,bm25,bm25,bm25,bm25,hybrid,hybrid,bi200
fever:222162,bm25,bm25,bm25,bm25,bm25,bm25,bm25,bm25,ce20,bm25
fever:222169,ce20,bm25,bm25,bm25,ce20,hybrid,bm25,hybrid,ce20,bi200
fever:222170,ce20,bm25,ce100,bm25,bm25,hybrid,bm25,hybrid,hybrid,hybrid
fever:222171,bm25,bm25,bm25,bm25,bm25,hybrid,bm25,hybrid,hybrid,bi200
fever:222172,bm25,ce100,bm25,bm25,bm25,bm25,bm25,hybrid,hybrid,hybrid
fever:222173,bm25,bm25,ce100,bm25,bm25,bm25,bm25,ce20,hybrid,bm25
fever:222174,bm25,bm25,ce100,bm25,bm25,bi200,bm25,ce20,hybrid,bm25
fever:22220,bm25,bm25,ce20,bm25,ce20,ce20,ce100,ce20,bm25,ce20
fever:2223,ce100,ce100,ce20,ce100,ce100,bi200,bi200,hybrid,bi200,hybrid
fever:22255,bm25,bm25,bm25,bm25,bm25,bm25,bm25,bi200,hybrid,bi200
fever:222643,ce20,bm25,bm25,bm25,ce20,hybrid,bi200,ce20,ce100,hybrid
fever:222645,ce20,bm25,bm25,bm25,ce20,hybrid,hybrid,ce20,ce100,hybrid
fever:222647,ce100,bm25,ce20,bm25,ce20,hybrid,ce20,ce20,bi200,ce20
fever:222650,ce100,bm25,ce20,bm25,ce100,bm25,bm25,bi200,hybrid,ce100
fever:222651,ce100,ce100,ce20,ce100,ce100,ce100,hybrid,ce20,ce20,ce100
fever:222652,ce100,ce20,ce100,ce100,ce20,hybrid,bi200,ce100,bi200,hybrid
fever:222654,ce100,bm25,ce100,ce100,ce100,hybrid,bi200,hybrid,hybrid,hybrid
fever:22266,bm25,ce20,bm25,bm25,ce20,hybrid,bi200,bm25,bm25,bm25
fever:222660,bm25,bm25,ce100,ce100,ce100,bm25,hybrid,hybrid,hybrid,ce100
fever:222661,ce20,bm25,bm25,bm25,ce20,hybrid,bi200,ce20,ce100,hybrid
fever:222662,ce20,bm25,bm25,bm25,ce20,hybrid,bi200,ce100,ce100,hybrid
fever:222715,bm25,bm25,ce20,bm25,bm25,bi200,bi200,bi200,hybrid,bi200
fever:222717,ce100,ce100,ce20,bm25,ce20,bi200,bm25,bi200,hybrid,bi200
fever:222719,ce100,bm25,ce20,bm25,ce20,ce100,bi200,bi200,hybrid,bi200
fever:222721,ce20,bm25,ce20,bm25,bm25,hybrid,bi200,bi200,hybrid,bi200
fever:222724,ce100,ce100,ce20,ce100,ce100,hybrid,bi200,bi200,bi200,bi200
fever:222725,bm25,bm25,ce20,bm25,ce100,bi200,bi200,bi200,hybrid,bi200
fever:222728,ce100,ce100,ce20,ce100,ce100,bi200,bi200,bi200,hybrid,bi200
fever:222730,ce100,bm25,ce20,ce20,ce20,bi200,bi200,bi200,hybrid,bi200
fever:222732,ce100,ce100,ce20,bm25,ce100,bi200,bm25,bi200,bi200,bi200
fever:222735,ce100,ce20,ce20,bm25,ce100,bi200,bi200,bi200,hybrid,bi200
fever:222737,ce20,bm25,ce20,bm25,ce20,bi200,bi200,bi200,hybrid,bi200
fever:222738,ce100,bm25,ce20,bm25,ce100,bi200,bi200,bi200,hybrid,bi200
fever:222741,ce20,ce100,bm25,bm25,ce20,ce100,ce100,hybrid,ce20,bi200
fever:222745,ce100,ce100,bm25,bm25,ce20,ce100,ce100,hybrid,ce20,ce20
fever:222746,ce20,ce100,bm25,bm25,ce20,ce100,ce100,hybrid,ce20,ce20
fever:222748,ce20,ce20,bm25,bm25,bm25,bi200,bi200,ce20,bm25,bm25
fever:222754,bm25,ce20,ce100,bm25,bm25,ce20,ce20,hybrid,bm25,bi200
fever:222755,ce20,ce100,bm25,bm25,ce20,ce100,ce100,hybrid,ce20,ce20
fever:222757,ce20,ce20,bm25,bm25,ce20,ce100,ce20,hybrid,bm25,bm25
fever:222759,bm25,bm25,bm25,bm25,ce20,hybrid,hybrid,ce20,hybrid,bm25
fever:222760,ce20,ce20,bm25,bm25,ce20,ce100,ce20,hybrid,ce20,bi200
fever:222761,ce100,ce100,bm25,bm25,ce20,ce100,bm25,bi200,ce20,bi200
fever:222763,ce20,bm25,ce20,bm25,ce20,ce100,ce20,hybrid,ce20,ce20
fever:222764,ce100,ce100,ce100,ce100,ce20,ce100,ce100,hybrid,ce100,bm25
fever:222765,ce20,ce100,ce20,bm25,ce100,ce100,ce100,hybrid,ce20,ce20
fever:222767,ce100,ce100,ce20,ce100,ce20,ce100,ce100,ce20,ce20,ce100
fever:222768,ce100,ce100,ce100,bm25,ce20,ce100,ce20,hybrid,bi200,bi200
fever:222770,ce100,ce100,ce100,ce100,ce100,ce100,ce100,hybrid,ce100,ce100
fever:222772,ce100,ce100,ce100,ce100,ce100,ce100,ce100,ce20,ce100,ce100
fever:222775,ce100,ce100,bm25,bm25,ce100,ce100,bi200,bi200,bi200,ce100
fever:222875,ce20,ce100,ce100,bm25,ce20,bm25,bm25,bi200,ce20,bm25
fever:222881,ce20,ce100,ce100,bm25,ce100,ce100,ce100,bi200,hybrid,ce100
fever:222887,ce100,ce100,ce100,bm25,ce100,ce100,ce100,bi200,ce20,ce100
fever:222888,ce20,bm25,ce20,bm25,bm25,ce100,bm25,bm25,ce20,ce100
fever:222895,ce100,bm25,bm25,bm25,ce20,ce100,bi200,bm25,hybrid,hybrid
fever:222896,ce20,ce100,bm25,bm25,bm25,ce100,bm25,bi200,ce20,bm25
fever:222899,ce100,ce100,ce100,bm25,bm25,bm25,ce100,bm25,hybrid,hybrid
fever:223,ce100,ce100,ce20,bm25,ce20,ce100,hybrid,ce20,bm25,hybrid
fever:22309,ce20,ce20,ce20,bm25,ce20,ce20,bm25,ce20,ce20,bm25
fever:2231,ce20,ce20,ce20,ce20,ce20,ce20,ce20,ce20,ce20,ce20
fever:22310,ce20,ce20,ce20,bm25,ce20,ce20,ce100,hybrid,hybrid,bi200
fever:223201,ce100,ce100,ce100,ce20,ce100,ce100,bi200,bi200,bi200,hybrid
fever:223202,ce100,ce100,ce100,ce20,ce100,ce100,bi200,bi200,bi200,bi200
fever:223203,ce100,ce100,ce20,ce20,ce100,bi200,ce20,bi200,bi200,bi200
fever:223204,ce100,ce100,ce20,ce20,ce100,bi200,hybrid,bi200,hybrid,ce100
fever:223205,ce100,ce100,ce20,ce20,ce100,bi200,ce20,bi200,bi200,bm25
fever:223208,ce100,ce100,ce100,ce20,ce100,bi200,ce100,ce100,ce20,ce20
fever:223210,ce100,ce100,ce20,ce20,ce100,ce20,ce20,bi200,bi200,bi200
fever:223212,ce100,ce100,ce100,ce100,ce100,bi200,bi200,bi200,hybrid,hybrid
fever:223214,ce100,ce100,ce100,ce20,ce100,bi200,bi200,bi200,hybrid,hybrid
fever:223219,ce100,ce100,ce100,ce100,ce100,bi200,bi200,bi200,hybrid,hybrid
fever:223220,ce100,ce100,ce100,ce100,ce100,bi200,bi200,bi200,hybrid,hybrid
fever:223271,bm25,bm25,bm25,bm25,bm25,ce20,bm25,bm25,bm25,bi200
fever:223272,bm25,bm25,bm25,ce20,bm25,ce20,bm25,bm25,bm25,bi200
fever:223273,ce100,ce20,bm25,ce20,ce20,ce100,bi200,hybrid,hybrid,bi200
fever:223274,bm25,bm25,bm25,bm25,bm25,hybrid,hybrid,bm25,ce20,bi200
fever:223278,ce20,ce20,ce20,bm25,ce20,ce100,bi200,hybrid,hybrid,bi200
fever:223279,ce20,ce20,ce20,ce20,ce20,ce20,bm25,hybrid,hybrid,bi200
fever:223288,ce20,ce100,ce20,bm25,ce20,bm25,bm25,hybrid,ce20,bi200
fever:223291,bm25,bm25,bm25,bm25,bm25,bm25,bm25,bi200,ce20,ce20
fever:223294,ce20,ce20,bm25,ce20,ce20,ce20,bi200,hybrid,bi200,bi200
fever:223295,bm25,ce20,bm25,ce20,ce20,hybrid,bi200,hybrid,bm25,bi200
fever:223334,bm25,bm25,bm25,bm25,bm25,bm25,bm25,bm25,hybrid,bi200
fever:223337,bm25,bm25,bm25,bm25,bm25,bm25,bm25,bm25,hybrid,bm25
fever:223338,bm25,bm25,bm25,bm25,bm25,bm25,ce20,ce20,ce20,bi200
fever:223339,bm25,bm25,bm25,bm25,bm25,bm25,bm25,bm25,hybrid,bi200
fever:223340,bm25,bm25,bm25,bm25,bm25,bm25,bm25,bm25,ce20,bi200
fever:223342,bm25,bm25,bm25,bm25,bm25,bm25,bm25,bm25,hybrid,bm25
fever:223343,bm25,bm25,bm25,bm25,bm25,bm25,bm25,bm25,ce20,bi200
fever:223346,bm25,bm25,bm25,bm25,bm25,bm25,ce20,ce20,ce20,bi200
fever:223349,bm25,bm25,bm25,bm25,bm25,bm25,bm25,bm25,hybrid,bi200
fever:223350,bm25,bm25,bm25,bm25,bm25,bm25,bm25,hybrid,hybrid,bi200
fever:223351,bm25,bm25,bm25,bm25,bm25,bm25,bm25,bm25,hybrid,bi200
fever:223352,bm25,ce100,ce20,bm25,ce20,bm25,ce20,ce20,ce20,bm25
fever:223487,ce100,bm25,bm25,bm25,bm25,ce100,ce100,bi200,hybrid,bm25
fever:223488,ce100,ce100,ce100,bm25,ce100,ce100,bm25,bi200,hybrid,hybrid
fever:223489,bm25,bm25,bm25,bm25,bm25,ce100,bm25,bm25,bm25,bm25
fever:223491,ce100,bm25,bm25,bm25,bm25,ce100,bm25,bi200,ce20,bm25
fever:223493,bm25,bm25,ce20,bm25,ce20,bi200,bm25,bi200,ce20,bi200
fever:223495,ce100,ce100,ce20,bm25,ce100,ce100,hybrid,bi200,hybrid,hybrid
fever:223499,bm25,bm25,bm25,bm25,bm25,ce100,bm25,bm25,bm25,bm25
fever:22355,ce100,ce100,bm25,ce100,ce20,ce20,ce100,hybrid,bi200,ce20
fever:223664,ce100,ce100,ce100,ce20,ce100,ce100,ce100,bi200,hybrid,bi200
fever:223667,ce100,ce100,ce20,ce20,ce100,ce100,ce100,bi200,hybrid,bi200
fever:223668,ce100,ce100,ce100,ce100,ce100,ce100,ce100,bi200,bi200,ce100
fever:223669,ce100,ce100,ce100,ce20,ce100,ce100,ce100,bi200,hybrid,bi200
fever:223670,ce100,ce100,ce100,bm25,ce20,bi200,ce100,bi200,bi200,bi200
fever:223675,bm25,ce20,ce20,bm25,ce100,ce100,ce20,bi200,bi200,bi200
fever:223678,ce20,bm25,bm25,bm25,bm25,hybrid,bm25,ce20,bi200,ce20
fever:223682,ce20,bm25,bm25,bm25,bm25,ce100,bm25,bm25,hybrid,ce20
fever:223692,bm25,bm25,bm25,bm25,bm25,ce100,bm25,bm25,bi200,bm25
fever:223693,ce20,bm25,bm25,bm25,bm25,ce100,bm25,bm25,ce20,ce20
fever:22370,ce20,ce100,ce20,bm25,ce20,ce20,ce100,ce20,ce20,bm25
fever:223707,bm25,bm25,bm25,bm25,bm25,ce100,bm25,bm25,hybrid,ce20
fever:22371,bm25,ce100,ce100,bm25,ce20,ce20,ce100,ce20,ce20,bm25
fever:223767,bm25,ce20,ce20,ce20,bm25,ce20,ce20,bm25,bm25,ce20
fever:223768,bm25,ce20,ce20,bm25,bm25,ce20,ce20,hybrid,bm25,ce20
fever:223771,ce20,bm25,ce20,ce20,bm25,ce100,ce20,ce20,bm25,bm25
fever:223774,bm25,ce20,ce20,ce20,ce20,ce20,bm25,ce20,bm25,ce20
fever:223775,bm25,ce20,ce20,ce20,bm25,ce20,ce20,bm25,bm25,ce20
fever:223780,bm25,ce20,bm25,ce20,bm25,bm25,ce20,ce20,ce20,ce20
fever:22409,bm25,ce20,ce20,bm25,ce20,ce20,bm25,ce20,ce20,bm25
fever:224114,bm25,bm25,bm25,ce20,ce20,ce100,bm25,hybrid,bm25,bm25
fever:224115,bm25,bm25,bm25,ce20,ce100,hybrid,bm25,bi200,bi200,hybrid
fever:224122,bm25,bm25,bm25,ce20,ce20,ce20,bm25,ce20,ce20,bm25
fever:224125,bm25,bm25,bm25,ce20,ce20,bi200,ce100,bi200,ce20,ce20
fever:224127,bm25,bm25,bm25,ce20,ce20,ce100,bm25,bm25,bm25,bm25
fever:224131,ce20,bm25,bm25,ce100,ce20,ce20,ce100,ce20,hybrid,ce20
fever:224133,bm25,bm25,bm25,bm25,ce20,ce100,bm25,ce20,bm25,bm25
fever:224134,bm25,bm25,bm25,ce20,ce100,bi200,ce100,hybrid,hybrid,bm25
fever:224136,bm25,bm25,bm25,ce20,ce20,ce20,bm25,bm25,ce20,bm25
fever:224137,ce20,bm25,bm25,ce20,ce20,bi200,bm25,bi200,bm25,bm25
fever:224139,ce20,bm25,bm25,bm25,ce20,hybrid,bm25,ce20,hybrid,bm25
fever:224140,bm25,ce100,ce20,ce20,ce100,ce100,bm25,ce20,ce20,bi200
fever:224141,ce20,bm25,bm25,bm25,ce20,ce20,bm25,ce20,bm25,hybrid
fever:224145,ce20,bm25,bm25,ce20,ce20,bi200,bm25,bm25,ce20,bm25
fever:224184,ce20,ce100,bm25,ce20,ce20,ce100,ce100,hybrid,hybrid,hybrid
fever:224186,bm25,bm25,bm25,bm25,ce20,bm25,bm25,hybrid,hybrid,bm25
fever:224187,bm25,bm25,bm25,ce20,ce20,bi200,bm25,hybrid,hybrid,bm25
fever:22419,ce20,ce20,ce20,ce20,ce20,bi200,ce100,hybrid,hybrid,ce20
fever:224191,ce20,bm25,bm25,bm25,ce20,bi200,bm25,bm25,hybrid,bm25
fever:224192,ce20,bm25,bm25,bm25,ce20,hybrid,bm25,hybrid,hybrid,bm25
fever:224193,bm25,bm25,bm25,ce20,ce20,bm25,ce100,bm25,hybrid,bm25
fever:224195,ce20,bm25,bm25,ce20,ce20,hybrid,bm25,ce100,hybrid,hybrid
fever:224197,bm25,bm25,bm25,bm25,ce20,bi200,bm25,hybrid,hybrid,bm25
fever:224200,ce20,ce20,bm25,bm25,ce20,hybrid,bm25,hybrid,hybrid,hybrid
fever:224201,ce20,bm25,bm25,ce20,ce20,bm25,bm25,bm25,hybrid,bm25
fever:224202,bm25,bm25,bm25,ce20,ce20,bi200,bi200,bm25,hybrid,hybrid
fever:22435,ce100,ce100,ce100,ce100,ce100,ce100,bi200,bi200,hybrid,bi200
fever:224369,ce100,ce100,ce100,bm25,ce100,ce100,ce100,hybrid,hybrid,hybrid
fever:224370,ce100,ce100,ce100,bm25,ce100,ce100,bi200,hybrid,hybrid,hybrid
fever:224371,ce20,ce100,ce100,bm25,ce100,ce100,bm25,hybrid,ce20,ce20
fever:224373,ce100,ce100,ce100,bm25,ce100,ce100,ce100,hybrid,hybrid,hybrid
fever:224374,ce100,ce100,ce100,ce100,ce100,ce100,ce100,hybrid,ce20,hybrid
fever:224376,ce20,ce100,ce100,ce20,ce100,ce100,ce100,hybrid,hybrid,hybrid
fever:224378,ce20,ce100,bm25,bm25,ce20,ce100,bm25,hybrid,hybrid,hybrid
fever:224379,ce20,ce100,ce100,ce20,ce100,ce100,ce100,hybrid,hybrid,hybrid
fever:224381,ce20,ce100,ce100,bm25,ce100,ce100,ce100,hybrid,hybrid,hybrid
fever:224384,ce100,ce100,ce100,bm25,ce100,bi200,bi200,hybrid,hybrid,hybrid
fever:22441,bm25,ce20,bm25,bm25,ce20,bm25,ce100,ce20,ce20,bm25
fever:224552,bm25,bm25,bm25,bm25,bm25,bm25,bm25,bm25,ce20,bm25
fever:224553,bm25,bm25,bm25,bm25,bm25,bm25,bm25,bm25,bm25,bm25
fever:224557,bm25,bm25,bm25,bm25,bm25,bm25,bm25,bi200,ce20,bm25
fever:224558,bm25,bm25,bm25,bm25,ce20,ce20,bm25,bm25,ce20,bm25
fever:224562,bm25,bm25,bm25,bm25,ce20,ce20,ce100,ce20,ce20,bm25
fever:224566,ce20,bm25,bm25,bm25,ce20,ce20,ce20,bi200,ce20,ce20
fever:224567,bm25,bm25,bm25,bm25,ce20,bi200,bm25,bm25,ce20,bm25
fever:224568,bm25,bm25,bm25,bm25,ce20,ce20,bm25,bm25,ce20,bm25
fever:224569,ce20,ce20,ce20,ce20,ce20,ce20,bm25,ce20,bi200,ce20
fever:224572,ce20,bm25,ce100,ce100,ce20,ce100,bi200,ce20,ce100,bi200
fever:224573,ce20,bm25,bm25,bm25,bm25,bm25,bm25,bm25,ce20,bm25
fever:22480,ce20,ce100,ce100,bm25,ce20,ce100,bm25,ce20,ce20,ce20
fever:22491,ce100,ce100,ce100,ce20,ce20,bi200,ce100,ce20,hybrid,hybrid
fever:22495,bm25,bm25,bm25,ce20,ce20,bm25,bm25,bm25,ce20,bi200
fever:224956,ce20,bm25,ce100,ce100,ce20,bi200,ce20,bi200,bi200,hybrid
fever:224959,ce100,ce20,bm25,ce20,ce20,bi200,ce100,ce20,bi200,ce20
fever:224964,bm25,bm25,bm25,ce20,bm25,hybrid,ce20,bi200,bm25,hybrid
fever:224968,bm25,bm25,bm25,ce100,bm25,hybrid,ce20,bi200,bi200,hybrid
fever:22507,bm25,bm25,bm25,bm25,ce20,bm25,bm25,bm25,bm25,bm25
fever:22518,ce20,ce100,ce20,ce100,ce100,ce100,bm25,bi200,bi200,bi200
fever:225236,bm25,bm25,bm25,bm25,ce20,ce20,bm25,ce20,bm25,bm25
fever:225237,bm25,ce20,ce20,bm25,ce20,ce20,bm25,bi200,ce20,ce20
fever:225239,bm25,bm25,bm25,bm25,bm25,ce20,ce100,bm25,ce20,ce20
fever:225250,bm25,bm25,bm25,bm25,bm25,ce20,bm25,bm25,ce20,bm25
fever:225252,bm25,bm25,bm25,bm25,ce20,ce20,bm25,bm25,bm25,bm25
fever:225253,ce20,ce100,bm25,ce20,ce100,bm25,ce100,bi200,ce20,ce20
fever:225254,bm25,bm25,bm25,ce20,bm25,ce20,bm25,bm25,bm25,bm25
fever:225255,ce20,ce20,ce20,ce20,ce20,ce20,bm25,ce20,ce20,bm25
fever:225258,ce20,ce100,ce100,ce20,ce20,ce100,hybrid,ce20,ce20,hybrid
fever:225262,ce20,ce20,ce20,ce20,ce20,ce20,bm25,ce20,ce20,bm25
fever:225265,ce20,ce20,ce20,ce20,ce20,ce100,ce100,ce20,ce20,ce20
fever:225266,ce20,ce20,ce20,ce20,ce100,bi200,ce100,ce20,ce20,ce20
fever:225267,ce20,ce100,ce20,ce20,bm25,ce100,ce20,ce100,ce20,ce20
fever:225269,ce100,ce20,ce20,ce20,ce100,ce20,bm25,ce20,ce20,ce100
fever:225273,ce20,ce20,ce20,ce20,bm25,ce20,ce20,bm25,ce20,bm25
fever:225277,ce20,bm25,bm25,bm25,ce20,bi200,bm25,hybrid,hybrid,hybrid
fever:225278,ce20,ce20,ce20,ce20,bm25,ce100,bm25,ce20,bm25,bm25
fever:225281,ce20,ce20,ce20,ce20,ce20,ce20,bm25,ce20,ce20,bm25
fever:225283,ce20,bm25,bm25,bm25,ce20,ce20,bm25,ce20,ce20,ce20
fever:225285,bm25,bm25,bm25,bm25,bm25,ce20,bm25,bm25,bm25,bm25
fever:225288,bm25,bm25,bm25,ce20,ce20,ce20,bm25,bm25,bm25,bm25
fever:225289,bm25,bm25,bm25,bm25,ce20,ce20,bm25,ce20,bm25,bm25
fever:225291,bm25,bm25,bm25,bm25,ce20,ce20,ce100,ce20,ce20,bm25
fever:225294,bm25,ce20,ce20,bm25,ce20,ce20,ce100,bm25,ce20,ce20
fever:225295,bm25,bm25,bm25,bm25,bm25,ce20,ce100,bm25,bm25,ce20
fever:225296,bm25,bm25,bm25,bm25,bm25,ce20,ce100,bm25,ce20,ce20
fever:225297,bm25,bm25,ce20,bm25,ce20,ce20,bm25,ce20,ce20,bm25
fever:225298,bm25,bm25,ce100,bm25,ce100,ce20,ce100,ce20,ce20,ce20
fever:225301,bm25,bm25,bm25,bm25,bm25,ce20,ce100,bm25,ce20,ce20
fever:225303,bm25,bm25,bm25,bm25,ce20,ce20,ce100,bm25,ce20,bm25
fever:225308,bm25,bm25,ce20,ce20,ce20,ce20,ce100,ce20,ce20,ce20
fever:225312,bm25,bm25,bm25,bm25,bm25,ce20,bm25,bm25,bm25,bm25
fever:225313,bm25,bm25,bm25,ce20,ce20,ce20,ce20,bm25,bm25,bm25
fever:225722,ce100,ce100,ce100,ce100,ce100,hybrid,ce100,hybrid,hybrid,hybrid
fever:225723,ce100,ce100,ce100,ce100,ce100,hybrid,ce100,bi200,hybrid,hybrid
fever:225726,bm25,ce100,bm25,bm25,ce20,ce100,bm25,hybrid,hybrid,hybrid
fever:225739,bm25,ce100,bm25,bm25,ce20,ce100,bm25,hybrid,hybrid,hybrid
fever:225744,ce100,ce100,ce100,ce100,ce100,ce100,bi200,bi200,hybrid,hybrid
fever:225747,ce20,ce100,ce100,bm25,ce100,bm25,bm25,hybrid,hybrid,ce20
fever:225748,ce100,ce100,ce100,ce100,ce100,ce100,ce100,hybrid,hybrid,hybrid
fever:225749,bm25,ce100,bm25,bm25,ce20,ce100,bm25,hybrid,hybrid,hybrid
fever:225790,bm25,ce20,bm25,bm25,bm25,ce100,bi200,hybrid,ce20,bm25
fever:225791,ce20,ce20,bm25,bm25,ce100,ce100,bi200,ce100,ce20,ce100
fever:225792,ce20,bm25,bm25,bm25,bm25,bi200,ce100,ce100,ce20,bi200
fever:225794,ce20,bm25,bm25,ce100,bm25,ce100,ce100,ce100,ce100,ce100
fever:225797,ce20,ce20,bm25,ce100,ce20,bi200,bi200,ce100,hybrid,hybrid
fever:225800,ce20,ce100,bm25,ce20,bm25,ce100,bi200,hybrid,ce100,ce100
fever:225802,ce100,ce20,bm25,ce20,ce20,ce100,ce20,ce100,ce100,ce100
fever:225803,bm25,bm25,ce100,ce100,ce100,ce100,ce100,ce100,hybrid,hybrid
fever:225804,ce100,ce100,ce20,ce100,ce100,ce100,ce100,bi200,ce100,hybrid
fever:225810,ce20,bm25,ce20,ce20,ce20,bi200,ce100,hybrid,ce20,bi200
fever:225811,ce20,ce20,ce20,ce20,ce100,hybrid,bi200,hybrid,hybrid,ce100
fever:225814,ce20,ce20,ce20,ce20,ce20,ce100,ce20,hybrid,ce100,hybrid
fever:225817,ce100,bm25,ce100,ce20,ce100,bi200,bi200,bi200,hybrid,ce20
fever:225819,ce100,bm25,ce100,ce100,ce100,ce100,ce100,ce100,ce100,ce100
fever:225820,ce100,ce20,bm25,ce100,ce20,ce100,ce100,hybrid,ce20,ce20
fever:225823,ce100,bm25,ce100,ce100,ce20,bi200,bi200,ce100,ce20,hybrid
fever:225826,ce20,ce20,ce20,bm25,ce20,bi200,bi200,bi200,bi200,ce20
fever:225863,bm25,ce20,bm25,bm25,bm25,hybrid,bm25,hybrid,hybrid,hybrid
fever:225865,bm25,bm25,ce20,bm25,bm25,bi200,bm25,hybrid,bi200,bi200
fever:225868,ce20,ce20,ce100,bm25,bm25,hybrid,bm25,hybrid,hybrid,hybrid
fever:225871,bm25,ce20,ce100,bm25,ce100,ce100,bm25,ce100,hybrid,ce20
fever:225872,bm25,bm25,bm25,bm25,bm25,hybrid,bm25,hybrid,bi200,bi200
fever:225873,bm25,bm25,bm25,bm25,bm25,hybrid,bm25,hybrid,hybrid,hybrid
fever:225874,bm25,bm25,bm25,bm25,bm25,bi200,bm25,hybrid,ce20,hybrid
fever:22609,bm25,bm25,ce100,bm25,ce100,ce20,ce100,bi200,bi200,bi200
fever:226092,ce100,ce20,ce20,bm25,ce100,bi200,hybrid,hybrid,ce20,bi200
fever:226095,bm25,bm25,ce20,bm25,ce20,bm25,ce100,ce20,bm25,bm25
fever:226098,ce100,ce100,bm25,ce100,ce20,ce20,ce100,hybrid,ce20,bi200
fever:226100,ce20,ce20,ce20,bm25,bm25,ce20,ce100,ce20,ce20,ce20
fever:226101,bm25,ce20,ce20,bm25,ce20,bm25,ce100,ce20,bm25,bm25
fever:226102,ce100,ce100,ce100,ce20,ce100,ce20,ce100,hybrid,ce20,ce100
fever:226105,bm25,bm25,ce20,ce20,ce100,ce20,ce100,ce20,bm25,ce20
fever:226106,ce100,ce20,ce20,bm25,ce20,bi200,ce100,ce20,ce20,ce20
fever:226107,ce20,bm25,bm25,bm25,ce20,ce20,hybrid,hybrid,ce20,bi200
fever:226113,ce20,ce20,ce20,ce20,ce100,ce20,ce100,ce20,ce20,ce100
fever:226114,ce100,ce100,ce100,ce20,ce100,ce20,ce100,hybrid,ce20,ce100
fever:226115,bm25,bm25,ce20,ce20,ce100,ce20,ce100,ce20,bm25,ce20
fever:226119,ce20,bm25,ce20,bm25,ce20,ce100,ce20,ce20,ce20,ce20
fever:226121,bm25,ce20,ce20,bm25,ce20,ce100,ce100,hybrid,ce20,ce20
fever:226122,bm25,ce20,ce20,bm25,ce20,ce100,ce100,hybrid,ce20,hybrid
fever:226127,bm25,ce20,bm25,bm25,bm25,bm25,bm25,ce20,ce20,bm25
fever:226135,ce20,ce100,ce20,bm25,ce20,hybrid,ce100,hybrid,ce20,hybrid
fever:226136,bm25,ce20,ce20,bm25,ce20,ce100,ce100,hybrid,ce20,ce20
fever:226137,ce20,ce20,bm25,bm25,bm25,ce100,bm25,ce20,ce20,hybrid
fever:226139,bm25,ce20,ce20,bm25,bm25,hybrid,bm25,hybrid,bm25,hybrid
fever:226143,ce20,ce20,ce20,bm25,ce100,ce100,bm25,hybrid,hybrid,ce20
fever:226146,ce20,ce100,ce20,bm25,bm25,hybrid,bm25,hybrid,ce20,bi200
fever:226147,ce20,bm25,bm25,bm25,bm25,bi200,ce20,ce20,bm25,hybrid
fever:22615,ce100,ce20,ce20,bm25,ce100,bi200,bi200,bm25,bm25,bi200
fever:226153,bm25,bm25,bm25,bm25,bm25,hybrid,bm25,ce20,ce20,hybrid
fever:226158,ce20,ce20,ce20,bm25,bm25,hybrid,bm25,hybrid,ce20,hybrid
fever:22619,bm25,ce20,bm25,ce20,ce100,bm25,bm25,hybrid,hybrid,ce20
fever:22620,bm25,bm25,bm25,bm25,bm25,bm25,bm25,bi200,ce20,ce20
fever:22623,bm25,bm25,bm25,ce20,bm25,bm25,bm25,bi200,bi200,bm25
fever:22633,ce20,bm25,bm25,bm25,ce20,ce20,bm25,bm25,ce20,bm25
fever:22638,ce100,ce100,ce100,ce20,ce100,bi200,ce100,hybrid,hybrid,bm25
fever:22639,ce20,ce20,ce100,ce20,ce100,bi200,ce100,bi200,bi200,ce100
fever:226440,bm25,ce20,ce20,bm25,ce20,bm25,hybrid,ce20,bm25,hybrid
fever:226441,bm25,bm25,bm25,bm25,ce20,bm25,ce20,hybrid,bm25,bm25
fever:226444,ce20,bm25,bm25,bm25,ce20,hybrid,ce20,hybrid,ce20,ce20
fever:226445,bm25,bm25,bm25,bm25,ce20,hybrid,bm25,hybrid,bm25,bm25
fever:226451,bm25,bm25,bm25,bm25,bm25,bi200,bm25,bi200,ce20,ce20
fever:226454,bm25,ce20,bm25,bm25,bm25,ce20,bm25,bi200,ce20,ce20
fever:226457,bm25,ce20,ce20,bm25,bm25,ce20,bm25,ce20,ce20,ce20
fever:226458,bm25,bm25,ce20,bm25,ce20,ce20,ce100,ce100,ce20,bm25
fever:226840,ce100,ce100,ce100,ce20,ce100,bi200,bm25,bi200,hybrid,bi200
fever:226843,ce100,ce20,bm25,bm25,ce100,ce20,ce20,bm25,hybrid,bm25
fever:226845,ce100,ce100,ce100,ce20,ce100,bi200,bm25,bm25,hybrid,bi200
fever:226848,ce100,ce100,ce100,ce100,ce100,bi200,ce100,ce20,hybrid,hybrid
fever:226849,ce100,ce100,ce100,ce100,ce100,bi200,ce100,bi200,hybrid,bi200
fever:226850,bm25,ce20,ce20,ce20,ce100,bi200,ce20,bm25,hybrid,bm25
fever:226851,ce100,ce100,ce100,ce100,ce100,hybrid,ce100,ce20,hybrid,hybrid
fever:226853,ce100,ce100,ce20,ce20,ce100,bi200,hybrid,ce20,hybrid,hybrid
fever:226855,ce100,ce20,ce20,bm25,ce100,ce20,ce20,bm25,hybrid,hybrid
fever:226856,ce100,ce100,ce100,ce20,ce100,bi200,ce100,bi200,hybrid,bi200
fever:226857,ce100,ce20,ce20,bm25,ce100,bi200,ce20,bm25,hybrid,bi200
fever:226858,ce100,bm25,ce20,ce100,ce100,ce20,ce100,bi200,hybrid,ce100
fever:226860,ce20,bm25,ce20,ce20,ce20,ce20,ce20,ce20,hybrid,ce100
fever:226862,ce100,bm25,ce20,ce100,ce20,ce20,ce20,ce20,ce20,hybrid
fever:226864,ce20,bm25,ce20,ce20,ce20,ce20,bi200,bi200,bi200,bi200
fever:22687,bm25,bm25,ce20,bm25,ce20,ce20,ce100,ce20,bm25,ce20
fever:226871,ce20,bm25,ce20,ce20,ce100,ce20,bm25,ce20,bi200,hybrid
fever:226877,ce100,bm25,ce20,ce20,ce20,ce20,ce20,ce20,ce20,hybrid
fever:226878,ce20,bm25,ce20,ce20,bm25,ce20,bm25,ce20,bi200,hybrid
fever:226880,ce100,bm25,ce100,ce100,ce100,ce20,bi200,bi200,bi200,ce100
fever:226885,ce20,bm25,ce20,ce20,bm25,bi200,bm25,bm25,bi200,hybrid
fever:2270,bm25,bm25,bm25,bm25,ce100,bi200,bi200,bi200,ce20,bi200
fever:227067,bm25,ce20,ce20,ce20,ce20,bi200,bm25,hybrid,bi200,bi200
fever:227068,bm25,bm25,ce20,bm25,ce20,bi200,bi200,bi200,bi200,bi200
fever:227070,bm25,bm25,bm25,bm25,bm25,hybrid,ce20,hybrid,bm25,ce20
fever:227072,bm25,bm25,ce20,bm25,ce20,bi200,bi200,bi200,bi200,bi200
fever:227073,bm25,bm25,ce20,bm25,bm25,bi200,bm25,bi200,bi200,bi200
fever:227080,ce20,bm25,bm25,bm25,bm25,hybrid,ce20,hybrid,bi200,ce20
fever:227081,bm25,bm25,bm25,bm25,bm25,hybrid,hybrid,bm25,bm25,ce20
fever:227083,ce20,bm25,bm25,bm25,bm25,bi200,ce20,hybrid,bi200,ce20
fever:227084,bm25,bm25,ce20,bm25,ce20,bi200,bi200,bi200,bi200,bi200
fever:227085,bm25,bm25,bm25,bm25,bm25,bi200,bi200,bi200,bi200,bi200
fever:227087,bm25,bm25,ce20,bm25,bm25,bi200,hybrid,bi200,bi200,bi200
fever:227088,ce20,bm25,bm25,bm25,bm25,ce20,bm25,bm25,ce20,ce20
fever:227090,bm25,bm25,bm25,bm25,bm25,ce20,bm25,ce20,ce20,bm25
fever:227092,ce20,bm25,bm25,bm25,bm25,ce20,bm25,bm25,ce20,ce20
fever:227093,ce20,bm25,bm25,bm25,bm25,ce20,bm25,bm25,ce20,ce20
fever:227095,bm25,bm25,bm25,bm25,bm25,ce20,bm25,ce20,ce20,ce20
fever:227096,ce20,bm25,bm25,bm25,bm25,ce20,bm25,ce20,ce20,ce20
fever:227097,bm25,bm25,bm25,bm25,bm25,ce20,bm25,bm25,ce20,ce20
fever:227098,ce20,ce100,ce100,ce100,ce20,ce100,ce100,ce100,ce100,ce20
fever:227101,bm25,bm25,bm25,bm25,bm25,ce20,bm25,ce20,ce20,ce20
fever:227103,bm25,bm25,bm25,bm25,bm25,bi200,bm25,bm25,ce20,ce20
fever:227109,ce20,ce100,ce100,ce100,ce20,ce100,bi200,ce100,ce100,hybrid
fever:227112,ce20,bm25,bm25,bm25,bm25,ce20,bm25,ce20,ce20,ce20
fever:227116,ce20,ce100,ce100,ce100,ce20,ce100,ce100,ce100,ce100,ce20
fever:227120,bm25,ce100,ce20,bm25,ce100,bi200,bm25,bm25,bi200,bm25
fever:227121,bm25,ce100,ce20,ce20,ce100,bi200,bm25,bm25,bi200,bm25
fever:227122,bm25,ce100,bm25,bm25,ce100,bi200,bm25,bm25,bi200,bm25
fever:227129,bm25,ce20,ce20,bm25,ce20,bi200,bm25,bm25,bi200,bm25
fever:227130,bm25,ce100,ce100,ce20,ce100,bi200,bm25,bm25,bi200,hybrid
fever:227132,bm25,ce100,bm25,bm25,ce20,bi200,bm25,bm25,bi200,bm25
fever:227133,bm25,ce100,bm25,bm25,ce100,bi200,bm25,bm25,bi200,bm25
fever:227135,ce100,ce100,ce20,ce20,ce100,bi200,ce100,bm25,ce20,ce20
fever:227139,bm25,ce100,ce20,bm25,ce100,bi200,bm25,bm25,bi200,bm25
fever:227140,ce20,ce100,ce20,ce20,ce100,bi200,ce100,bm25,hybrid,bm25
fever:22724,ce20,bm25,bm25,bm25,ce20,ce20,bi200,bi200,bi200,bi200
fever:22725,bm25,bm25,bm25,bm25,bm25,ce100,bm25,hybrid,ce20,ce20
fever:22726,bm25,bm25,bm25,bm25,bm25,bm25,bm25,ce20,ce20,ce20
fever:22729,ce20,ce20,ce20,ce20,ce100,ce20,ce100,bm25,ce20,ce20
fever:227347,ce20,bm25,bm25,bm25,ce20,ce20,bm25,ce20,bm25,bi200
fever:227348,bm25,bm25,bm25,bm25,bm25,bm25,bm25,bm25,bm25,bi200
fever:227349,ce20,bm25,bm25,bm25,bm25,ce20,bm25,ce20,ce20,bm25
fever:227350,ce20,bm25,bm25,bm25,ce20,ce20,bm25,ce20,ce20,bm25
fever:227355,bm25,bm25,bm25,bm25,bm25,ce20,ce100,bm25,ce20,bm25
fever:227356,ce20,bm25,ce20,bm25,bm25,bm25,ce100,ce20,ce20,bm25
fever:227357,ce20,bm25,ce100,bm25,ce20,ce20,ce100,ce100,ce20,ce20
fever:227360,ce20,bm25,bm25,bm25,ce20,ce20,bm25,ce20,bm25,bi200
fever:227361,ce20,bm25,bm25,bm25,bm25,ce100,bm25,ce20,bm25,bm25
fever:227362,bm25,bm25,bm25,bm25,bm25,ce20,bm25,bm25,ce20,bm25
fever:227363,ce20,bm25,bm25,bm25,bm25,ce20,ce100,ce20,ce20,bm25
fever:227365,ce20,bm25,ce100,bm25,ce20,ce20,ce100,ce100,ce20,ce20
fever:227369,ce20,bm25,ce20,bm25,ce20,hybrid,bm25,ce20,bm25,bm25
fever:227372,ce20,bm25,bm25,bm25,ce20,ce20,bm25,bm25,ce20,bm25
fever:227373,ce20,bm25,bm25,bm25,ce20,ce20,bm25,ce20,ce20,bm25
fever:22744,ce20,ce20,ce20,ce20,ce100,bi200,ce100,hybrid,ce100,ce20
fever:227771,bm25,bm25,bm25,bm25,bm25,hybrid,bm25,bi200,hybrid,bi200
fever:227773,bm25,bm25,bm25,bm25,ce20,bi200,bi200,bi200,hybrid,bi200
fever:227775,bm25,bm25,bm25,bm25,ce20,bi200,bm25,bi200,hybrid,bi200
fever:227779,ce100,ce100,ce100,bm25,ce100,bi200,ce100,bi200,hybrid,ce20
fever:227788,ce100,ce100,ce100,bm25,ce100,bi200,ce100,bi200,hybrid,hybrid
fever:227789,ce100,ce100,ce100,ce100,ce100,bi200,ce100,ce100,hybrid,ce20
fever:227791,bm25,bm25,bm25,bm25,bm25,ce100,bm25,bi200,bi200,bi200
fever:22782,ce100,bm25,bm25,bm25,ce20,ce100,bi200,hybrid,ce20,bm25
fever:22804,ce20,ce100,ce20,ce20,bm25,ce20,ce20,hybrid,ce100,hybrid
fever:22805,ce20,ce20,ce100,ce20,bm25,ce20,hybrid,bi200,ce100,hybrid
fever:228061,bm25,bm25,bm25,bm25,bm25,ce20,ce20,bm25,hybrid,ce20
fever:228062,bm25,bm25,bm25,bm25,bm25,ce20,hybrid,bm25,hybrid,ce20
fever:228063,bm25,ce20,ce20,bm25,ce100,ce20,hybrid,ce20,ce20,ce20
fever:228066,bm25,ce20,ce100,bm25,ce100,ce20,ce100,bm25,ce20,ce20
fever:22807,ce20,bm25,bm25,bm25,ce20,ce20,bm25,bi200,ce20,bi200
fever:228070,bm25,bm25,bm25,bm25,ce20,ce20,hybrid,hybrid,hybrid,ce20
fever:228071,bm25,ce20,bm25,bm25,bm25,ce20,ce20,bm25,bm25,bm25
fever:228073,bm25,ce20,bm25,bm25,ce20,ce20,bm25,ce20,ce20,bm25
fever:228074,ce20,ce20,ce20,ce20,ce20,ce20,ce20,ce20,ce20,bm25
fever:228080,bm25,ce20,bm25,bm25,bm25,ce20,hybrid,bm25,ce20,bm25
fever:228086,bm25,bm25,bm25,bm25,ce20,bm25,ce20,ce20,bm25,bm25
fever:228088,bm25,bm25,ce20,bm25,ce20,ce20,ce20,ce20,ce20,ce20
fever:228318,ce100,ce100,ce100,ce100,ce100,bi200,bi200,bi200,bi200,hybrid
fever:228320,ce100,ce100,ce20,ce100,ce100,bi200,ce20,hybrid,ce100,bi200
fever:228323,ce100,ce100,ce100,bm25,bm25,bi200,ce20,hybrid,bi200,bi200
fever:228324,ce100,ce100,ce100,bm25,ce100,bi200,hybrid,bi200,bi200,bi200
fever:228334,bm25,ce20,bm25,ce20,bm25,bi200,bi200,hybrid,bi200,hybrid
fever:228335,ce100,ce20,bm25,bm25,bm25,ce100,ce20,hybrid,bi200,bi200
fever:228341,bm25,ce20,bm25,ce20,bm25,bi200,ce20,hybrid,bi200,hybrid
fever:228343,ce100,ce100,ce100,ce100,ce100,bi200,ce20,hybrid,bi200,bi200
fever:228345,ce20,ce20,ce20,bm25,ce20,hybrid,ce100,hybrid,ce20,hybrid
fever:228350,ce20,ce20,bm25,bm25,ce20,bi200,ce20,hybrid,hybrid,hybrid
fever:228351,ce100,ce20,bm25,bm25,bm25,ce100,bm25,hybrid,bi200,bi200
fever:228430,bm25,bm25,bm25,ce100,bm25,bi200,hybrid,hybrid,hybrid,hybrid
fever:228432,bm25,bm25,bm25,ce100,bm25,ce100,hybrid,hybrid,hybrid,hybrid
fever:22846,ce20,ce20,bm25,bm25,ce20,ce100,bm25,bi200,bi200,hybrid
fever:22851,bm25,bm25,bm25,bm25,bm25,ce20,ce20,ce20,ce20,ce20
fever:228568,ce100,bm25,ce100,bm25,ce100,hybrid,ce100,hybrid,ce20,bi200
fever:228571,ce100,ce100,ce100,ce100,ce100,ce100,bi200,ce100,ce100,bi200
fever:228572,ce100,ce100,ce100,ce100,ce100,ce100,bi200,ce100,ce100,ce20
fever:228576,ce100,ce20,ce100,bm25,bm25,ce100,ce100,ce100,ce20,bi200
fever:228586,ce100,ce100,ce100,ce100,ce20,ce100,bi200,ce100,ce20,bi200
fever:22861,bm25,ce20,bm25,bm25,ce20,bi200,bm25,ce20,bi200,bm25
fever:22862,ce100,ce100,ce20,bm25,ce100,ce100,ce100,bi200,hybrid,bm25
fever:228689,bm25,bm25,ce20,bm25,ce20,bi200,ce20,ce20,ce20,bi200
fever:228690,bm25,bm25,ce20,bm25,ce20,bi200,ce20,ce20,ce20,bi200
fever:228693,bm25,ce100,bm25,bm25,ce20,bm25,bm25,bm25,hybrid,ce20
fever:228694,ce20,bm25,ce100,ce20,ce20,bm25,bm25,bm25,hybrid,bi200
fever:22871,ce20,bm25,bm25,ce20,ce20,bm25,bm25,hybrid,bm25,bm25
fever:22929,bm25,bm25,ce20,bm25,ce100,bi200,ce100,hybrid,bi200,bi200
fever:229303,bm25,ce20,bm25,bm25,ce20,ce100,bi200,ce20,ce100,bi200
fever:229304,ce20,bm25,bm25,bm25,ce20,ce100,bi200,ce20,ce20,bm25
fever:229305,bm25,ce20,ce20,bm25,ce20,ce100,bi200,ce20,ce100,ce100
fever:229309,ce100,ce20,ce20,bm25,ce20,ce20,bi200,ce100,ce100,hybrid
fever:229311,bm25,ce100,ce20,bm25,ce20,ce100,ce100,ce20,ce20,ce20
fever:229312,ce100,ce100,ce100,ce100,ce20,ce100,ce100,ce20,ce100,ce20
fever:229317,ce20,ce100,ce100,bm25,ce20,ce100,ce100,ce20,ce20,ce100
fever:229319,ce100,ce100,ce100,ce20,ce20,ce100,ce100,ce20,ce100,ce100
fever:22942,bm25,bm25,bm25,ce20,bm25,bi200,bi200,hybrid,hybrid,bm25
fever:22944,bm25,bm25,bm25,bm25,bm25,bm25,bm25,hybrid,hybrid,ce20
fever:2295,bm25,bm25,bm25,bm25,bm25,hybrid,bm25,bm25,ce20,bm25
fever:23012,ce20,ce100,bm25,ce20,ce100,bi200,bm25,ce100,ce20,bm25
fever:23063,ce100,ce100,ce100,ce20,ce100,ce20,bm25,bi200,ce100,bi200
fever:23075,ce20,bm25,ce20,ce20,ce20,bi200,hybrid,ce100,ce100,bm25
fever:23080,ce20,ce20,ce100,ce100,ce20,ce20,ce100,ce20,ce100,ce100
fever:23118,ce20,bm25,ce20,bm25,ce20,bm25,bm25,ce20,ce20,ce20
fever:23126,bm25,bm25,bm25,bm25,bm25,ce20,ce100,ce20,ce20,hybrid
fever:23137,ce100,ce100,ce100,ce100,ce100,bi200,bi200,bi200,bi200,hybrid
fever:23147,ce100,ce100,ce20,ce100,ce100,ce100,ce100,ce100,ce100,ce100
fever:23148,ce100,ce100,ce100,ce100,ce100,ce100,ce100,hybrid,ce100,ce100
fever:23153,ce20,ce100,ce100,bm25,bm25,bi200,ce100,ce20,ce20,bi200
fever:2316,bm25,ce20,bm25,bm25,bm25,ce100,ce20,hybrid,bm25,ce20
fever:2317,ce20,ce100,bm25,bm25,ce100,ce100,ce20,hybrid,hybrid,ce100
fever:23172,ce100,ce100,ce100,ce100,ce100,bi200,bi200,bi200,bi200,bi200
fever:23173,ce100,ce100,ce100,ce100,ce100,bi200,bi200,bi200,bi200,bm25
fever:23196,bm25,bm25,bm25,bm25,ce20,bm25,bm25,bm25,ce20,bi200
fever:23198,bm25,bm25,bm25,ce20,bm25,ce20,bm25,ce20,bm25,bm25
fever:23210,ce100,ce100,ce20,ce20,ce100,ce100,ce20,ce20,ce20,bi200
fever:23211,bm25,bm25,bm25,bm25,ce20,ce20,bm25,ce20,ce20,bm25
fever:23212,bm25,ce20,ce20,bm25,ce20,ce20,bm25,ce20,ce20,bm25
fever:23230,bm25,bm25,bm25,bm25,bm25,bm25,bm25,ce20,bm25,bm25
fever:23251,bm25,bm25,ce20,ce20,ce20,ce20,ce100,ce20,ce20,bm25
fever:23261,ce100,ce100,ce20,ce20,ce100,bi200,bi200,hybrid,bi200,bi200
fever:23296,bm25,ce20,bm25,bm25,ce20,ce20,bm25,bm25,ce20,bm25
fever:23299,ce20,bm25,bm25,ce20,ce20,bm25,bm25,bm25,ce20,bm25
fever:23317,ce100,ce100,ce100,ce100,ce100,bi200,bi200,hybrid,bi200,bi200
fever:23330,ce100,bm25,ce100,ce100,ce20,ce20,ce100,ce20,ce20,ce100
fever:23381,ce20,bm25,ce20,bm25,ce20,ce20,ce100,ce20,ce20,bm25
fever:23427,ce20,ce20,ce20,ce20,ce20,bi200,bi200,ce100,hybrid,hybrid
fever:23428,ce20,ce20,bm25,ce20,ce20,bi200,bi200,hybrid,hybrid,hybrid
fever:23446,bm25,bm25,bm25,bm25,ce20,bm25,ce100,ce20,hybrid,ce20
fever:23459,bm25,bm25,bm25,ce20,bm25,bi200,ce100,bm25,bi200,bm25
fever:23475,ce20,ce20,ce20,bm25,ce20,bi200,ce100,bi200,bi200,ce20
fever:23496,ce100,ce100,ce100,ce100,ce100,ce100,ce100,bm25,bi200,bi200
fever:23497,ce20,ce100,ce20,ce100,ce100,ce100,bi200,bm25,ce20,bi200
fever:23512,bm25,bm25,bm25,bm25,bm25,hybrid,bm25,hybrid,bi200,bm25
fever:23516,ce100,ce100,ce100,ce100,ce100,bi200,bi200,ce100,hybrid,bi200
fever:23536,bm25,bm25,bm25,bm25,bm25,hybrid,bm25,hybrid,hybrid,hybrid
fever:23540,ce100,ce100,ce100,ce100,ce100,ce100,bm25,ce100,hybrid,ce100
fever:23563,ce100,bm25,ce20,ce20,ce20,ce100,ce100,ce100,ce20,ce100
fever:23570,ce20,ce100,bm25,bm25,ce20,bi200,hybrid,hybrid,hybrid,hybrid
fever:23572,ce20,bm25,ce20,ce20,ce20,bi200,ce100,ce20,ce20,hybrid
fever:2358,bm25,bm25,bm25,ce20,bm25,bm25,bm25,hybrid,bm25,bi200
fever:23588,bm25,bm25,bm25,bm25,bm25,hybrid,bm25,bm25,hybrid,bi200
fever:2359,ce20,bm25,bm25,bm25,bm25,ce100,bm25,hybrid,hybrid,ce20
fever:23590,bm25,ce20,ce100,ce20,ce20,bi200,bi200,bi200,hybrid,bi200
fever:23605,bm25,ce100,bm25,ce20,bm25,bi200,bm25,bm25,bi200,bi200
fever:23607,bm25,ce20,ce20,bm25,ce20,ce20,bm25,ce20,bm25,bm25
fever:23628,ce20,bm25,bm25,bm25,ce20,bm25,bm25,ce20,hybrid,bm25
fever:23633,ce100,ce100,ce100,ce100,ce100,hybrid,ce100,hybrid,hybrid,ce100
fever:23634,ce20,ce100,ce100,ce100,ce100,hybrid,ce100,hybrid,hybrid,ce100
fever:23679,bm25,bm25,bm25,bm25,bm25,ce20,bm25,ce20,bm25,bm25
fever:2369,ce100,bm25,bm25,ce20,ce20,ce20,bi200,bm25,hybrid,ce100
fever:2371,ce100,ce100,ce100,ce100,ce20,ce20,ce100,ce100,ce100,ce100
fever:2372,ce100,ce100,ce100,ce20,ce20,ce20,ce100,ce20,ce20,ce100
fever:23729,bm25,bm25,bm25,bm25,bm25,ce100,bi200,hybrid,hybrid,hybrid
fever:23736,ce20,ce100,bm25,ce20,ce100,bi200,hybrid,bm25,hybrid,bi200
fever:2374,bm25,ce20,ce20,bm25,ce20,bm25,ce100,bm25,ce20,ce20
fever:23741,bm25,bm25,ce20,bm25,ce20,bi200,bi200,bi200,bi200,bi200
fever:23753,bm25,bm25,bm25,bm25,bm25,ce20,bm25,bm25,bm25,bm25
fever:23766,ce100,ce100,ce20,bm25,ce100,bi200,ce100,ce100,hybrid,hybrid
fever:23794,bm25,bm25,bm25,bm25,ce20,bi200,bm25,hybrid,bi200,bm25
fever:23797,ce20,ce20,ce20,bm25,ce20,ce20,ce20,ce20,ce20,ce20
fever:23804,ce20,bm25,ce20,bm25,ce20,bi200,bm25,ce20,bm25,bm25
fever:23806,ce100,ce100,ce100,ce20,ce100,bi200,hybrid,hybrid,hybrid,hybrid
fever:23807,ce100,ce100,ce20,ce20,ce100,ce100,hybrid,hybrid,hybrid,hybrid
fever:23845,ce100,ce100,bm25,ce100,ce100,hybrid,ce100,hybrid,hybrid,hybrid
fever:23846,ce100,ce100,bm25,ce100,ce100,hybrid,ce100,hybrid,hybrid,hybrid
fever:23861,ce100,ce100,bm25,bm25,ce100,bm25,ce100,hybrid,hybrid,hybrid
fever:23884,ce20,ce20,ce20,bm25,ce20,ce20,ce100,ce20,ce20,ce20
fever:23885,bm25,bm25,bm25,bm25,bm25,bm25,bm25,ce20,ce20,bm25
fever:2389,ce20,ce100,ce100,ce100,ce20,hybrid,ce100,hybrid,hybrid,hybrid
fever:23906,bm25,bm25,bm25,ce20,ce100,ce20,ce100,hybrid,ce20,ce20
fever:23925,ce20,ce20,ce20,ce20,ce20,ce20,ce100,bm25,ce20,ce20
fever:23934,bm25,ce20,bm25,bm25,bm25,ce100,bm25,bi200,bi200,hybrid
fever:23939,ce20,ce20,bm25,bm25,ce20,ce20,ce100,ce20,ce20,ce20
fever:23943,bm25,ce20,bm25,bm25,ce20,ce20,bm25,ce20,bi200,ce20
fever:23949,bm25,ce20,bm25,bm25,ce20,hybrid,bm25,hybrid,hybrid,bm25
fever:23961,bm25,ce20,bm25,bm25,ce100,bi200,bi200,hybrid,bi200,hybrid
fever:23962,bm25,ce20,bm25,bm25,ce100,bi200,bi200,hybrid,bi200,hybrid
fever:23967,bm25,ce100,ce20,ce20,ce100,ce100,ce20,bi200,ce20,ce100
fever:23994,ce20,bm25,bm25,bm25,bm25,bm25,ce100,bm25,bm25,ce20
fever:24021,bm25,bm25,bm25,bm25,bm25,ce20,ce100,ce20,hybrid,ce20
fever:24025,bm25,bm25,bm25,bm25,ce20,ce20,bm25,ce20,ce20,bm25
fever:24044,ce20,ce20,ce20,bm25,ce20,ce20,bi200,ce20,ce20,hybrid
fever:2405,ce100,bm25,bm25,bm25,bm25,ce100,bm25,hybrid,hybrid,bm25
fever:2406,ce100,bm25,ce20,bm25,ce20,hybrid,ce100,hybrid,ce20,ce20
fever:24063,ce20,ce100,ce100,bm25,ce20,bi200,bi200,ce100,ce20,bi200
fever:24074,ce100,ce20,ce20,bm25,ce20,ce20,ce100,hybrid,bi200,hybrid
fever:24078,bm25,ce100,bm25,bm25,bm25,ce100,ce100,hybrid,bi200,bi200
fever:24080,bm25,ce100,ce100,bm25,ce100,bi200,bi200,hybrid,bi200,bi200
fever:24094,ce20,ce100,bm25,bm25,ce20,bi200,bm25,ce20,hybrid,hybrid
fever:24095,ce20,ce20,bm25,ce20,bm25,bi200,hybrid,hybrid,hybrid,bm25
fever:24099,bm25,bm25,ce20,bm25,bm25,hybrid,ce100,ce100,ce20,hybrid
fever:24110,ce20,ce20,bm25,ce20,ce20,bi200,ce20,hybrid,ce20,ce20
fever:24117,bm25,bm25,ce20,bm25,bm25,ce20,bm25,ce20,bm25,bm25
fever:24118,bm25,bm25,bm25,bm25,bm25,ce20,bm25,hybrid,bm25,ce20
fever:2414,bm25,bm25,bm25,bm25,bm25,hybrid,bm25,hybrid,bm25,bi200
fever:24142,ce20,ce100,bm25,bm25,ce20,bm25,bm25,bi200,hybrid,bi200
fever:24143,ce20,ce100,ce100,bm25,ce20,ce100,bm25,bi200,ce20,bi200
fever:24152,bm25,ce20,ce100,bm25,ce100,ce20,ce100,ce20,ce20,ce20
fever:2416,ce100,bm25,bm25,ce100,bm25,bi200,ce100,bi200,hybrid,hybrid
fever:24175,ce100,ce100,ce100,bm25,ce100,bi200,bi200,bi200,bi200,bi200
fever:24204,ce100,ce100,ce100,bm25,ce100,ce20,ce100,ce100,ce20,ce20
fever:24205,ce100,ce100,ce20,ce100,ce100,ce100,bi200,ce100,ce100,bi200
fever:2421,bm25,ce20,bm25,ce20,ce100,hybrid,bi200,bi200,bi200,hybrid
fever:24217,ce100,ce100,ce100,bm25,ce100,ce100,bi200,hybrid,bi200,ce100
fever:24240,ce100,ce100,ce100,bm25,ce100,hybrid,bm25,bi200,bi200,bm25
fever:24247,bm25,bm25,bm25,bm25,bm25,bm25,bm25,ce20,bm25,bi200
fever:24258,ce20,ce100,bm25,bm25,ce100,ce100,bi200,bm25,hybrid,bm25
fever:24259,ce100,ce100,ce100,bm25,ce100,ce100,bi200,bm25,hybrid,bi200
fever:24264,bm25,ce20,bm25,bm25,ce20,bi200,bm25,hybrid,bm25,bi200
fever:24271,bm25,ce100,bm25,bm25,ce20,bi200,bm25,bm25,bi200,bm25
fever:24273,bm25,ce100,bm25,bm25,bm25,ce100,bm25,bm25,ce20,bi200
fever:24311,ce20,ce100,bm25,bm25,bm25,ce100,bm25,bi200,hybrid,bi200
fever:24312,bm25,bm25,bm25,bm25,bm25,hybrid,bm25,bi200,hybrid,bi200
fever:24315,ce20,bm25,bm25,bm25,ce100,bi200,bi200,bi200,hybrid,hybrid
fever:24345,bm25,ce20,ce20,bm25,ce20,ce20,ce100,ce20,ce20,bm25
fever:24372,ce100,ce100,ce20,bm25,ce20,ce100,ce100,hybrid,hybrid,ce100
fever:24442,ce20,bm25,bm25,bm25,ce20,ce100,ce100,hybrid,hybrid,ce100
fever:24448,ce100,ce20,ce100,bm25,ce100,ce100,ce100,hybrid,hybrid,hybrid
fever:24454,bm25,ce20,bm25,bm25,bm25,bi200,bm25,bm25,bm25,bm25
fever:2447,bm25,ce20,ce20,ce20,ce20,ce20,bm25,bm25,ce20,bm25
fever:24479,ce100,ce100,ce100,bm25,ce100,bi200,ce100,bm25,ce20,hybrid
fever:24480,ce20,bm25,bm25,bm25,bm25,bi200,bm25,hybrid,bi200,bi200
fever:24481,bm25,bm25,bm25,ce20,ce20,bi200,bm25,bm25,ce20,ce20
fever:24495,bm25,ce100,bm25,bm25,bm25,ce100,bm25,bi200,bm25,bi200
fever:24541,ce20,bm25,ce20,bm25,ce20,ce20,ce100,ce20,ce20,ce20
fever:24543,bm25,bm25,bm25,bm25,bm25,ce20,bm25,bm25,bm25,bm25
fever:24595,bm25,bm25,ce100,bm25,bm25,ce100,bm25,hybrid,bi200,bi200
fever:24646,ce20,ce100,ce100,bm25,ce100,ce100,ce100,ce100,ce100,bi200
fever:24659,ce20,bm25,bm25,bm25,bm25,bm25,ce20,ce20,bm25,ce20
fever:2466,ce100,ce100,ce20,ce20,ce100,bi200,hybrid,hybrid,hybrid,hybrid
fever:24675,ce100,bm25,ce20,bm25,ce20,bi200,ce100,ce20,ce20,ce20
fever:24684,ce100,ce100,ce100,ce20,ce100,bi200,bi200,bi200,bi200,hybrid
fever:24741,bm25,ce100,bm25,bm25,bm25,bi200,ce100,hybrid,bi200,bi200
fever:24742,bm25,ce100,ce20,bm25,bm25,bi200,ce100,bm25,bi200,bi200
fever:24744,bm25,ce100,bm25,bm25,ce100,bi200,bi200,bm25,bi200,bi200
fever:24767,ce20,ce20,ce100,ce20,ce100,bi200,bm25,ce100,bi200,bi200
fever:24779,bm25,bm25,bm25,bm25,bm25,bi200,bm25,bi200,bm25,bm25
fever:24782,bm25,bm25,bm25,bm25,bm25,bm25,hybrid,hybrid,bm25,bm25
fever:24795,bm25,bm25,bm25,bm25,bm25,bi200,bm25,hybrid,bm25,bm25
fever:24797,bm25,bm25,bm25,bm25,ce100,bi200,ce100,bm25,hybrid,bm25
fever:24803,ce20,ce20,ce20,ce100,ce20,ce20,ce20,ce100,hybrid,ce100
fever:24839,ce20,ce20,ce20,bm25,ce100,ce100,ce20,ce20,ce20,ce20
fever:24854,bm25,bm25,bm25,bm25,bm25,ce20,bm25,hybrid,ce20,bi200
fever:24885,ce100,ce100,ce100,ce100,ce100,ce100,ce100,bi200,hybrid,hybrid
fever:24910,bm25,bm25,bm25,bm25,bm25,ce20,bm25,ce20,bm25,bm25
fever:24975,ce100,bm25,ce20,ce20,ce20,bi200,bi200,ce20,ce20,bi200
fever:24994,ce100,ce100,ce100,bm25,ce100,hybrid,ce100,bi200,hybrid,ce100
fever:25004,bm25,bm25,bm25,bm25,bm25,bi200,bm25,ce20,hybrid,bi200
fever:25005,bm25,bm25,bm25,bm25,bm25,bi200,hybrid,hybrid,hybrid,bi200
fever:25008,ce20,ce100,ce100,ce100,ce100,bi200,ce100,bi200,hybrid,ce20
fever:25025,bm25,ce100,ce100,bm25,ce100,ce100,ce100,hybrid,bi200,bi200
fever:25058,bm25,bm25,bm25,bm25,bm25,hybrid,bm25,hybrid,hybrid,bm25
fever:25080,bm25,ce20,ce20,ce100,ce20,hybrid,bi200,ce100,ce100,ce100
fever:25089,ce20,ce20,ce20,bm25,ce20,bi200,bi200,bm25,ce20,bm25
fever:25115,ce20,ce100,ce100,bm25,ce100,ce100,hybrid,bi200,bi200,ce100
fever:25131,ce20,ce20,bm25,ce20,ce20,bi200,bi200,hybrid,bi200,bm25
fever:25147,bm25,bm25,bm25,bm25,bm25,ce20,bm25,bm25,bi200,bi200
fever:25178,ce20,bm25,bm25,bm25,ce20,ce20,bm25,hybrid,bm25,bm25
fever:25199,ce20,ce20,bm25,bm25,ce100,ce20,ce100,hybrid,ce20,bm25
fever:2521,ce20,ce100,ce20,bm25,bm25,bi200,bm25,bi200,hybrid,hybrid
fever:25238,bm25,bm25,bm25,bm25,ce100,ce100,ce100,ce20,ce20,bm25
fever:25247,ce100,ce100,bm25,ce100,ce100,hybrid,ce100,hybrid,bi200,hybrid
fever:25289,bm25,bm25,bm25,bm25,bm25,bi200,bm25,bm25,bi200,bi200
fever:25290,bm25,bm25,bm25,bm25,bm25,bi200,bm25,bm25,bm25,bm25
fever:2530,bm25,ce20,ce20,bm25,bm25,ce20,bi200,hybrid,bm25,bi200
fever:2531,bm25,ce20,ce20,bm25,ce20,ce20,bi200,hybrid,hybrid,bi200
fever:25320,ce100,ce100,ce20,bm25,ce100,ce100,bm25,bi200,hybrid,bm25
fever:25339,bm25,bm25,bm25,bm25,ce20,bm25,bm25,bm25,ce20,bi200
fever:25358,ce100,ce100,ce100,ce20,ce20,ce20,ce100,ce20,ce20,ce100
fever:25359,ce20,bm25,ce20,ce20,ce20,ce20,ce100,ce20,ce20,ce20
fever:2536,bm25,ce20,bm25,bm25,bm25,bi200,hybrid,hybrid,bi200,bi200
fever:25368,ce100,ce100,ce20,ce100,ce20,bm25,bm25,hybrid,ce20,bm25
fever:25379,ce20,bm25,ce100,ce100,bm25,bi200,bi200,bi200,hybrid,bi200
fever:25395,ce100,ce20,ce100,ce20,ce20,ce20,ce100,hybrid,hybrid,ce20
fever:25396,ce20,ce20,ce20,bm25,ce20,bi200,bi200,ce20,ce20,bm25
fever:25397,ce100,ce20,ce20,ce100,ce100,bi200,ce100,bi200,bi200,ce20
fever:25408,bm25,bm25,bm25,bm25,bm25,bm25,bm25,ce20,ce20,ce20
fever:25409,bm25,ce20,ce20,ce20,ce20,ce20,ce20,ce20,ce20,bm25
fever:25410,bm25,ce20,ce20,ce20,ce20,ce20,ce20,hybrid,ce20,ce20
fever:25458,bm25,bm25,bm25,bm25,ce20,ce20,bm25,hybrid,bm25,bm25
fever:25470,bm25,bm25,bm25,bm25,bm25,ce20,bm25,hybrid,bi200,bm25
fever:25490,bm25,ce20,bm25,ce20,ce20,bm25,bm25,ce20,hybrid,bm25
fever:25504,bm25,ce20,ce20,ce20,ce20,bm25,ce20,bm25,ce20,ce20
fever:25505,ce20,ce20,bm25,ce20,ce20,bm25,ce100,ce20,ce20,ce20
fever:25520,ce20,bm25,bm25,bm25,ce20,ce20,bi200,ce20,ce20,bi200
fever:25521,bm25,bm25,bm25,bm25,ce20,bm25,bm25,ce20,ce20,bi200
fever:25533,bm25,bm25,bm25,bm25,ce20,bm25,bm25,bm25,bm25,bi200
fever:25545,bm25,bm25,bm25,bm25,bm25,ce20,bm25,bm25,bm25,bm25
fever:25548,bm25,bm25,bm25,bm25,bm25,bm25,bm25,bm25,bm25,bm25
fever:25551,ce20,ce100,bm25,ce20,ce20,hybrid,hybrid,bm25,hybrid,hybrid
fever:25564,bm25,bm25,bm25,bm25,bm25,bi200,ce100,bi200,ce20,bi200
fever:25573,ce100,ce100,bm25,bm25,bm25,ce100,bi200,bi200,bi200,bi200
fever:25591,ce100,ce100,ce100,ce100,ce100,bi200,hybrid,ce100,hybrid,hybrid
fever:25642,ce100,ce100,ce100,ce100,ce100,ce100,bi200,ce20,hybrid,ce100
fever:25676,bm25,bm25,bm25,bm25,bm25,ce20,bm25,hybrid,hybrid,bm25
fever:25705,bm25,ce20,ce20,ce20,ce20,hybrid,ce100,bm25,ce20,ce100
fever:25717,bm25,ce20,ce20,bm25,ce20,ce20,ce100,ce20,ce20,ce20
fever:25722,ce20,ce20,bm25,bm25,ce20,ce20,bm25,ce20,ce100,ce20
fever:25739,ce100,ce100,ce100,ce100,ce20,hybrid,ce100,hybrid,hybrid,hybrid
fever:25740,ce20,ce100,ce100,ce100,ce100,hybrid,ce100,hybrid,hybrid,hybrid
fever:25748,ce20,bm25,bm25,bm25,bm25,bi200,bm25,bi200,bi200,bm25
fever:2575,ce20,ce100,bm25,ce20,bm25,bi200,ce100,ce20,ce100,bm25
fever:25780,ce20,ce20,ce20,bm25,ce100,ce20,ce100,hybrid,ce20,ce20
fever:25781,bm25,ce20,ce20,bm25,ce100,ce20,ce100,ce20,ce20,ce20
fever:25799,ce20,ce20,ce20,ce20,ce20,bi200,bi200,bi200,ce20,bi200
fever:25811,bm25,ce20,ce20,bm25,bm25,bi200,bm25,ce20,ce20,hybrid
fever:25824,bm25,bm25,ce20,bm25,bm25,bi200,bi200,bm25,bm25,bm25
fever:25828,bm25,bm25,bm25,bm25,bm25,bi200,bm25,hybrid,ce20,bm25
fever:25829,ce20,bm25,bm25,bm25,bm25,bi200,bm25,hybrid,ce20,ce20
fever:25837,ce20,ce20,ce20,bm25,ce20,ce100,bm25,hybrid,ce20,hybrid
fever:25842,bm25,bm25,bm25,bm25,bm25,hybrid,bm25,bm25,bm25,bm25
fever:25870,ce20,bm25,bm25,ce20,ce20,ce20,bi200,bm25,ce20,ce20
fever:25906,bm25,ce100,ce100,ce100,ce100,bi200,hybrid,hybrid,bi200,bi200
fever:25921,ce100,bm25,ce100,ce100,ce100,bi200,bi200,bi200,bi200,bi200
fever:25933,bm25,bm25,bm25,bm25,bm25,bm25,hybrid,bm25,bm25,bm25
fever:2594,ce20,ce20,ce20,ce20,ce20,ce20,ce20,ce20,ce20,bm25
fever:25995,ce20,ce20,ce20,bm25,ce20,bi200,bm25,hybrid,bi200,bi200
fever:26008,bm25,bm25,bm25,bm25,ce20,bm25,bm25,bi200,hybrid,bi200
fever:26061,ce20,bm25,bm25,bm25,bm25,bm25,bm25,bm25,ce20,bi200
fever:26078,ce100,ce100,ce20,bm25,ce20,ce100,bi200,hybrid,bi200,bi200
fever:26081,ce100,bm25,bm25,bm25,ce100,bm25,hybrid,ce20,hybrid,bm25
fever:26132,bm25,ce20,bm25,bm25,ce100,bi200,ce100,bi200,bi200,bi200
fever:26141,bm25,bm25,bm25,bm25,ce20,bi200,bm25,bi200,bi200,bi200
fever:2615,ce20,bm25,bm25,ce20,ce20,ce20,bi200,hybrid,ce20,hybrid
fever:26155,ce100,bm25,ce20,bm25,ce20,ce20,ce100,ce100,bi200,hybrid
fever:2616,ce100,bm25,ce20,ce20,ce20,ce20,bi200,hybrid,ce100,hybrid
fever:26180,bm25,bm25,bm25,ce20,ce20,ce20,ce20,hybrid,bm25,ce20
fever:26212,bm25,ce20,ce20,ce20,ce20,ce20,ce20,ce20,ce20,ce20
fever:26217,ce100,ce100,ce100,ce100,ce100,bi200,bi200,hybrid,bi200,bi200
fever:26224,bm25,ce20,ce20,bm25,ce20,bm25,ce20,ce20,ce20,bm25
fever:26251,ce20,ce20,ce20,ce100,ce20,bi200,ce100,ce20,ce20,ce20
fever:26271,ce100,ce100,ce100,ce20,ce100,ce100,ce100,ce20,ce20,bi200
fever:26281,bm25,ce20,bm25,bm25,bm25,bm25,bm25,bm25,bm25,bm25
fever:26289,bm25,ce20,bm25,bm25,ce20,bi200,bm25,bm25,ce20,bm25
fever:26294,bm25,ce20,ce100,bm25,ce20,ce100,bm25,hybrid,bi200,bi200
fever:26300,ce100,ce100,bm25,bm25,ce100,bi200,bi200,hybrid,bi200,bi200
fever:26301,bm25,ce20,bm25,bm25,ce100,bi200,bi200,hybrid,bi200,bi200
fever:26317,ce20,bm25,ce20,bm25,ce20,hybrid,hybrid,bm25,bi200,bi200
fever:26322,ce100,ce100,ce100,ce100,ce100,bi200,ce100,ce100,ce100,ce100
fever:26332,bm25,ce20,bm25,ce20,ce20,ce20,hybrid,hybrid,ce20,ce20
fever:26340,bm25,ce100,bm25,bm25,ce20,ce20,ce100,hybrid,bm25,hybrid
fever:26341,bm25,ce20,bm25,ce20,ce20,ce20,ce100,ce20,bm25,bm25
fever:26359,bm25,ce100,ce100,ce20,bm25,ce20,ce100,hybrid,bi200,bi200
fever:26378,bm25,ce100,ce100,ce20,ce20,ce20,ce100,bm25,ce20,bm25
fever:26381,bm25,bm25,bm25,bm25,ce100,hybrid,ce100,hybrid,bi200,bi200
fever:26382,bm25,ce100,bm25,bm25,ce100,hybrid,bi200,hybrid,bi200,bi200
fever:26389,bm25,ce20,ce20,bm25,ce20,ce20,ce100,hybrid,hybrid,ce20
fever:26404,bm25,ce20,bm25,bm25,bm25,hybrid,bi200,hybrid,bi200,bi200
fever:26444,ce20,ce100,ce20,ce100,ce100,ce20,ce100,ce100,ce100,ce100
fever:26446,ce20,bm25,bm25,bm25,ce20,hybrid,ce20,bi200,ce20,ce20
fever:26450,ce20,ce100,ce100,bm25,ce20,hybrid,hybrid,hybrid,hybrid,bi200
fever:26454,bm25,bm25,ce100,bm25,bm25,bm25,ce100,ce20,bi200,bm25
fever:26500,ce100,ce100,ce20,ce100,ce100,bi200,ce100,hybrid,bi200,bi200
fever:26525,bm25,ce20,bm25,bm25,ce20,bi200,bm25,bm25,bm25,bm25
fever:26548,ce100,ce100,ce100,bm25,ce100,bi200,bi200,ce20,hybrid,hybrid
fever:26549,ce100,ce100,bm25,bm25,ce100,bi200,bi200,bm25,hybrid,hybrid
fever:26550,bm25,ce20,ce20,bm25,ce20,hybrid,hybrid,hybrid,bi200,ce20
fever:26556,bm25,ce20,bm25,bm25,ce20,bi200,bm25,ce20,bm25,bm25
fever:26592,bm25,bm25,ce100,ce20,bm25,bi200,ce100,ce20,ce20,bm25
fever:26598,bm25,bm25,bm25,ce20,ce20,bi200,ce20,bm25,bm25,ce20
fever:26611,ce100,ce100,ce20,ce20,ce100,ce100,ce100,hybrid,hybrid,hybrid
fever:26623,ce20,bm25,ce20,ce20,bm25,ce20,ce100,bm25,ce20,bm25
fever:26624,ce20,ce20,ce20,bm25,bm25,ce20,ce100,ce20,ce20,bm25
fever:26635,ce20,bm25,ce20,ce20,ce20,bi200,hybrid,hybrid,ce20,bm25
fever:26675,bm25,ce100,ce100,bm25,ce100,bi200,bi200,bi200,hybrid,bi200
fever:26687,bm25,ce20,bm25,bm25,ce20,hybrid,bi200,bm25,bm25,bm25
fever:26690,bm25,bm25,bm25,bm25,bm25,ce20,bm25,bm25,ce20,bi200
fever:26705,bm25,bm25,ce20,bm25,ce20,bi200,bi200,hybrid,hybrid,hybrid
fever:26717,ce100,ce100,ce100,ce100,ce100,bi200,hybrid,hybrid,bi200,bi200
fever:26792,bm25,ce20,ce20,bm25,ce20,bm25,bi200,hybrid,hybrid,bi200
fever:26793,bm25,ce20,ce20,bm25,bm25,bm25,ce100,bm25,ce20,bi200
fever:26804,bm25,bm25,bm25,bm25,bm25,bm25,bm25,hybrid,hybrid,bm25
fever:26819,ce20,ce20,ce20,bm25,ce20,ce20,ce20,ce100,ce20,ce20
fever:26820,bm25,bm25,bm25,bm25,bm25,bm25,bm25,ce20,bm25,bm25
fever:2683,bm25,ce20,bm25,bm25,ce20,ce100,ce100,hybrid,ce20,hybrid
fever:26830,bm25,ce100,ce100,bm25,ce100,bi200,ce100,ce100,hybrid,ce20
fever:26836,ce100,bm25,bm25,bm25,ce20,bi200,bi200,hybrid,hybrid,hybrid
fever:26839,bm25,ce20,bm25,bm25,bm25,bm25,bm25,bi200,bm25,ce20
fever:26842,ce20,ce20,ce20,ce20,bm25,ce20,ce100,bm25,ce20,bm25
fever:26852,bm25,bm25,bm25,bm25,ce20,ce20,ce100,ce20,ce20,ce20
fever:26878,ce20,ce100,ce100,bm25,ce100,ce100,hybrid,ce100,ce100,hybrid
fever:26886,bm25,ce20,ce20,ce20,bm25,ce100,bm25,bi200,bi200,bi200
fever:26887,ce100,ce100,ce100,ce100,ce100,ce100,bi200,bi200,hybrid,ce20
fever:26914,ce100,ce100,ce100,ce100,ce100,ce100,ce100,ce100,bi200,bi200
fever:26919,ce20,bm25,bm25,bm25,ce100,ce100,ce100,bi200,hybrid,ce20
fever:26947,bm25,bm25,bm25,bm25,bm25,bm25,bm25,bm25,bm25,bm25
fever:26948,bm25,bm25,bm25,bm25,bm25,ce20,bm25,bm25,ce20,bm25
fever:26964,bm25,bm25,bm25,bm25,bm25,bm25,ce100,ce20,ce20,bm25
fever:26986,ce20,ce20,ce100,ce100,ce20,ce100,bi200,ce20,ce100,ce100
fever:2699,ce20,ce100,ce20,bm25,ce20,ce100,hybrid,hybrid,hybrid,hybrid
fever:27033,ce100,ce100,ce100,ce100,ce100,ce100,ce100,hybrid,hybrid,hybrid
fever:27040,ce100,ce100,ce100,bm25,ce100,bi200,hybrid,ce100,bi200,hybrid
fever:27041,ce100,ce20,ce100,ce100,ce100,bi200,ce100,ce100,hybrid,ce100
fever:27052,bm25,ce20,bm25,bm25,ce20,ce20,bm25,ce20,ce20,bm25
fever:27073,bm25,bm25,bm25,bm25,ce20,ce20,bm25,ce20,ce20,ce20
fever:27081,ce100,ce100,ce20,ce100,ce100,ce20,ce100,ce100,bi200,bi200
fever:27082,ce100,ce100,ce20,ce20,ce100,ce20,ce100,ce100,bi200,bi200
fever:27117,bm25,bm25,bm25,bm25,bm25,bi200,hybrid,hybrid,bm25,bi200
fever:27120,ce100,ce100,ce100,ce100,ce100,bi200,hybrid,hybrid,ce20,bi200
fever:27148,bm25,bm25,ce100,bm25,bm25,ce20,bm25,ce100,bi200,bi200
fever:2717,bm25,ce20,bm25,bm25,ce20,ce100,ce20,ce20,bm25,bm25
fever:27187,ce20,ce20,ce20,bm25,ce20,bi200,ce20,ce20,ce20,ce20
fever:27233,bm25,bm25,bm25,bm25,ce100,bi200,bi200,bi200,bm25,bi200
fever:27269,bm25,bm25,bm25,bm25,ce20,hybrid,bm25,bm25,ce20,bi200
fever:27278,ce20,ce20,ce20,ce20,ce100,ce100,hybrid,hybrid,hybrid,hybrid
fever:27279,ce100,bm25,bm25,bm25,bm25,ce20,bi200,bi200,bi200,hybrid
fever:27283,ce100,ce100,ce100,bm25,ce100,ce100,ce20,hybrid,hybrid,hybrid
fever:27294,bm25,ce20,bm25,ce20,bm25,ce20,bm25,bm25,ce20,bi200
fever:27301,bm25,ce20,ce20,ce20,ce20,bm25,bm25,ce20,ce20,bm25
fever:27307,bm25,ce20,bm25,bm25,bm25,ce20,bm25,hybrid,ce20,hybrid
fever:27308,ce100,ce100,ce100,ce100,ce100,ce100,bi200,ce20,ce100,ce100
fever:27357,ce20,ce20,ce20,ce20,ce100,bi200,bm25,bm25,hybrid,bi200
fever:27386,ce20,ce20,ce20,ce20,ce20,ce20,ce100,hybrid,ce20,ce20
fever:2739,ce100,ce20,ce20,ce100,ce20,bi200,ce100,ce100,ce100,bi200
fever:27398,ce20,ce20,bm25,ce20,ce20,ce20,ce20,hybrid,bi200,ce20
fever:27403,bm25,bm25,bm25,bm25,bm25,bi200,bm25,hybrid,hybrid,bm25
fever:27416,bm25,ce100,bm25,bm25,bm25,hybrid,bm25,ce20,ce20,bm25
fever:27417,bm25,ce100,bm25,bm25,bm25,bi200,bm25,ce20,ce20,bm25
fever:27439,ce20,ce20,bm25,ce20,ce20,bi200,ce100,hybrid,ce100,bi200
fever:27455,bm25,ce100,ce20,bm25,ce100,bi200,bi200,bi200,hybrid,bi200
fever:27457,ce20,bm25,bm25,bm25,ce20,bi200,ce20,hybrid,bi200,bm25
fever:27461,ce20,ce20,ce20,ce20,ce20,ce20,hybrid,ce20,ce100,hybrid
fever:27496,ce100,ce100,ce100,bm25,ce100,bi200,ce20,ce100,hybrid,ce100
fever:27497,ce100,ce100,ce100,bm25,ce100,bi200,ce20,ce100,hybrid,ce100
fever:27503,ce20,bm25,bm25,ce20,bm25,hybrid,hybrid,hybrid,hybrid,hybrid
fever:27561,bm25,ce20,bm25,bm25,bm25,bm25,bi200,bm25,bm25,ce20
fever:27564,ce20,bm25,ce20,ce20,bm25,ce20,bm25,hybrid,ce20,bm25
fever:27583,bm25,ce20,bm25,bm25,ce20,ce100,bm25,hybrid,bi200,bm25
fever:27588,ce20,ce20,bm25,bm25,ce20,ce20,ce100,ce20,hybrid,ce20
fever:27589,bm25,bm25,bm25,bm25,ce20,bi200,ce100,hybrid,hybrid,bi200
fever:27595,bm25,bm25,ce20,bm25,ce20,bm25,ce100,ce20,hybrid,bm25
fever:27605,ce20,bm25,bm25,ce20,ce20,hybrid,bm25,ce20,ce20,bi200
fever:27651,ce100,ce100,bm25,ce100,ce20,bi200,bi200,hybrid,bi200,bm25
fever:27657,ce100,ce20,ce20,ce20,ce20,ce20,ce100,bm25,ce20,ce20
fever:27701,ce100,ce20,ce100,ce20,ce100,bi200,ce100,bi200,bi200,ce100
fever:27702,ce100,ce100,ce100,ce100,ce20,bi200,bi200,bi200,hybrid,ce100
fever:27715,ce100,ce100,ce20,bm25,ce100,ce100,bi200,bi200,bi200,bi200
fever:27753,ce20,ce20,ce20,ce20,bm25,ce20,ce20,ce20,ce20,bm25
fever:27775,ce20,ce20,ce20,bm25,ce20,ce100,bm25,ce20,ce20,hybrid
fever:27777,ce20,ce100,ce100,ce20,ce20,ce20,ce20,ce100,ce100,ce100
fever:27778,ce20,bm25,bm25,bm25,bm25,ce20,bm25,hybrid,bm25,bm25
fever:27806,bm25,ce100,bm25,ce20,bm25,bm25,ce100,ce100,ce20,ce20
fever:27807,bm25,ce20,bm25,ce20,bm25,ce20,ce100,ce20,ce20,bi200
fever:27809,ce100,ce20,ce20,ce100,ce20,hybrid,bi200,hybrid,hybrid,hybrid
fever:27863,bm25,ce20,ce20,bm25,ce20,bi200,bm25,hybrid,hybrid,hybrid
fever:27865,bm25,bm25,bm25,bm25,bm25,hybrid,ce20,hybrid,bm25,ce20
fever:27869,bm25,ce20,bm25,bm25,bm25,ce100,ce100,bi200,bi200,bm25
fever:27897,ce20,ce20,ce20,ce20,ce20,ce20,ce20,ce20,bm25,ce20
fever:27960,ce20,ce100,ce20,ce20,ce100,ce20,ce100,ce100,ce100,hybrid
fever:2797,ce20,ce20,bm25,ce20,ce20,bi200,bm25,hybrid,bm25,bm25
fever:27973,bm25,ce100,bm25,ce20,ce20,bi200,bi200,hybrid,ce20,bm25
fever:2798,ce20,ce20,bm25,ce20,ce20,bi200,ce20,bm25,ce20,ce20
fever:27980,bm25,ce20,bm25,bm25,bm25,ce20,ce100,hybrid,ce20,hybrid
fever:28013,ce20,bm25,bm25,bm25,ce20,hybrid,bi200,bi200,ce20,bi200
fever:28048,bm25,bm25,bm25,bm25,bm25,bi200,bm25,bm25,bm25,bm25
fever:28063,bm25,ce20,ce20,ce20,bm25,ce20,bi200,ce20,bi200,ce20
fever:28092,bm25,ce20,ce20,ce20,bm25,ce20,bm25,ce20,bm25,bi200
fever:28179,ce100,ce100,bm25,ce100,ce20,ce100,ce100,bi200,hybrid,hybrid
fever:28188,bm25,bm25,bm25,bm25,ce100,hybrid,ce100,hybrid,hybrid,bi200
fever:28201,bm25,ce20,ce20,bm25,ce20,ce20,bi200,hybrid,hybrid,bi200
fever:28227,ce100,ce20,bm25,bm25,ce100,bi200,bi200,bi200,hybrid,bi200
fever:28246,ce100,ce20,bm25,bm25,ce20,ce20,ce20,ce20,ce20,hybrid
fever:28257,ce100,ce100,ce100,ce100,ce100,bi200,bi200,ce20,bi200,bm25
fever:28270,bm25,ce20,bm25,bm25,bm25,ce100,ce100,bm25,bm25,ce100
fever:28278,ce20,bm25,ce20,ce20,ce20,bi200,ce100,ce20,ce20,ce20
fever:28307,ce20,ce20,ce20,ce20,ce20,hybrid,bm25,ce20,hybrid,hybrid
fever:28324,bm25,ce20,ce20,bm25,ce20,bi200,bm25,hybrid,bi200,bm25
fever:28325,bm25,ce20,ce20,bm25,ce20,bi200,bm25,bm25,bi200,bm25
fever:28329,bm25,bm25,ce100,bm25,ce20,bm25,ce100,ce20,ce20,ce20
fever:28337,ce100,ce100,bm25,bm25,ce100,bi200,ce100,hybrid,hybrid,bm25
fever:28338,ce100,ce100,bm25,ce100,ce100,ce100,ce100,hybrid,hybrid,ce100
fever:2834,bm25,bm25,bm25,bm25,bm25,bm25,bm25,bm25,bm25,bm25
fever:2835,bm25,bm25,bm25,bm25,bm25,bm25,bm25,bm25,bm25,bm25
fever:28369,ce20,ce100,ce20,ce20,ce20,bi200,bm25,ce20,ce20,ce20
fever:28380,ce20,ce20,bm25,bm25,ce20,ce20,bm25,bm25,ce20,ce20
fever:28381,ce20,ce20,bm25,bm25,ce20,ce20,bm25,bm25,ce20,ce20
fever:28384,bm25,ce20,bm25,ce20,ce100,hybrid,bi200,hybrid,bi200,hybrid
fever:28406,ce20,ce20,bm25,ce20,ce20,ce20,ce100,bm25,ce20,ce20
fever:28421,ce20,bm25,bm25,bm25,ce20,ce20,ce20,bm25,ce20,bm25
fever:28447,ce20,ce20,ce20,bm25,bm25,bi200,bi200,bi200,bi200,bm25
fever:28495,ce20,ce20,ce20,ce20,ce20,bi200,ce20,bm25,ce20,ce20
fever:28496,ce20,ce20,ce20,ce20,ce20,bi200,bi200,hybrid,ce20,bm25
fever:28499,ce20,ce20,ce20,bm25,ce20,ce20,ce100,hybrid,ce20,bm25
fever:28517,ce20,ce20,ce20,bm25,ce20,ce20,ce100,hybrid,ce20,ce20
fever:28525,bm25,ce100,ce20,bm25,ce100,ce100,bi200,ce100,ce20,bi200
fever:28544,ce20,bm25,ce20,ce20,ce20,bi200,bi200,hybrid,bi200,bm25
fever:28545,ce20,bm25,ce20,ce20,ce20,bi200,bi200,hybrid,bi200,bm25
fever:28552,bm25,bm25,bm25,bm25,bm25,ce100,bm25,bi200,ce20,bm25
fever:28560,bm25,bm25,bm25,bm25,bm25,bm25,hybrid,hybrid,hybrid,bm25
fever:28593,bm25,bm25,ce100,ce20,bm25,hybrid,bm25,hybrid,hybrid,bm25
fever:28626,bm25,ce20,bm25,bm25,ce100,bi200,ce100,bi200,ce20,ce20
fever:28656,bm25,ce20,ce20,ce20,ce20,ce20,ce20,bm25,ce20,ce100
fever:28657,ce100,ce100,bm25,bm25,ce100,bi200,hybrid,bi200,bi200,hybrid
fever:28679,bm25,ce20,bm25,bm25,ce100,bi200,ce100,hybrid,ce20,hybrid
fever:28702,bm25,bm25,bm25,bm25,bm25,hybrid,bm25,hybrid,bm25,ce20
fever:28706,ce20,bm25,bm25,bm25,bm25,hybrid,bm25,hybrid,ce20,bm25
fever:28716,ce20,bm25,ce20,ce20,ce20,ce20,ce100,bm25,ce20,ce20
fever:2874,ce20,bm25,bm25,bm25,ce20,hybrid,bm25,bm25,ce20,bm25
fever:28754,bm25,ce20,bm25,bm25,bm25,hybrid,bm25,hybrid,bm25,ce20
fever:28788,ce100,bm25,ce100,ce100,ce100,ce100,ce100,bi200,ce100,hybrid
fever:28802,bm25,ce20,ce20,bm25,ce20,ce20,bm25,bm25,ce20,ce20
fever:28803,ce20,ce20,ce20,ce20,ce20,ce20,bm25,bm25,ce20,ce20
fever:28832,bm25,bm25,bm25,bm25,bm25,bm25,bm25,ce100,ce20,bm25
fever:28833,bm25,ce20,ce20,ce100,ce100,ce100,bm25,ce100,ce20,hybrid
fever:28862,ce100,ce20,ce100,ce100,ce20,ce20,ce100,hybrid,bi200,ce100
fever:28863,ce20,bm25,bm25,bm25,ce20,ce20,bm25,bm25,ce20,bm25
fever:28864,ce20,bm25,bm25,bm25,ce20,ce20,bm25,ce20,ce20,ce20
fever:28867,ce100,bm25,ce100,ce100,ce100,bi200,bi200,ce100,bi200,hybrid
fever:28892,ce20,ce20,ce20,bm25,ce20,bi200,ce20,bi200,ce100,bm25
fever:28908,ce20,ce100,ce100,bm25,ce100,bi200,bi200,bi200,bi200,bi200
fever:28911,bm25,bm25,bm25,bm25,bm25,hybrid,ce100,hybrid,hybrid,hybrid
fever:28912,ce100,bm25,bm25,bm25,bm25,hybrid,ce100,hybrid,hybrid,ce20
fever:28914,ce100,ce20,ce100,ce20,ce100,ce20,bi200,ce100,hybrid,bi200
fever:28918,ce20,ce20,bm25,bm25,ce100,bi200,bm25,bi200,ce20,bm25
fever:28930,bm25,bm25,bm25,bm25,bm25,hybrid,ce100,hybrid,bm25,ce100
fever:28968,ce100,ce100,ce100,ce100,ce100,bi200,bi200,bi200,bi200,hybrid
fever:2904,ce20,ce20,bm25,ce20,ce100,hybrid,bm25,bi200,bi200,ce20
fever:29064,ce20,ce20,ce20,ce20,ce20,ce20,ce100,bi200,bi200,bi200
fever:29089,ce100,bm25,ce100,ce20,bm25,bi200,bi200,hybrid,ce20,ce100
fever:29092,ce20,ce20,ce20,ce20,ce20,ce100,bi200,ce20,ce20,ce20
fever:2910,bm25,bm25,bm25,bm25,bm25,bi200,bi200,bi200,hybrid,ce20
fever:29104,bm25,ce20,bm25,bm25,bm25,bm25,bm25,hybrid,bi200,bi200
fever:29112,ce20,bm25,bm25,ce20,ce20,ce20,bm25,bm25,ce20,ce20
fever:29113,ce20,bm25,bm25,ce20,ce20,ce20,ce100,ce100,ce20,ce20
fever:29142,bm25,bm25,bm25,bm25,bm25,bi200,bm25,bi200,bm25,bi200
fever:29143,bm25,bm25,bm25,bm25,bm25,hybrid,bm25,hybrid,hybrid,bi200
fever:29145,bm25,bm25,bm25,ce20,ce100,ce20,bi200,bi200,hybrid,bm25
fever:29146,bm25,bm25,bm25,ce20,ce20,ce20,bi200,hybrid,hybrid,bm25
fever:29193,ce20,bm25,ce20,bm25,ce20,bi200,ce20,bi200,ce20,ce20
fever:29205,ce100,ce100,ce100,bm25,ce100,hybrid,ce100,bi200,hybrid,bi200
fever:29219,ce100,ce100,ce100,ce100,ce100,ce100,ce100,ce100,bi200,hybrid
fever:29228,bm25,ce20,bm25,bm25,bm25,hybrid,bi200,bi200,hybrid,hybrid
fever:29229,bm25,ce20,bm25,bm25,bm25,hybrid,bi200,bi200,hybrid,hybrid
fever:29256,ce20,ce20,ce20,bm25,ce20,ce20,bm25,ce20,ce20,bi200
fever:29257,ce20,ce20,ce20,bm25,ce20,ce20,bm25,bi200,bm25,bi200
fever:29289,bm25,ce100,ce100,ce20,ce100,ce100,ce100,ce100,bi200,hybrid
fever:29290,ce100,ce100,ce20,ce100,ce100,ce100,ce100,hybrid,bi200,hybrid
fever:29296,bm25,ce20,ce20,ce20,ce20,ce20,ce100,ce20,bm25,ce20
fever:29306,ce100,ce20,ce20,bm25,bm25,bi200,ce100,ce100,bi200,bi200
fever:29324,ce20,ce20,bm25,bm25,ce20,ce20,bi200,bi200,bm25,bm25
fever:29338,ce100,ce100,ce20,bm25,ce100,ce100,ce100,ce100,ce100,bi200
fever:29352,ce20,bm25,bm25,bm25,bm25,hybrid,ce20,hybrid,hybrid,bi200
fever:29353,bm25,bm25,ce100,bm25,bm25,ce20,bi200,hybrid,bi200,bi200
fever:29361,ce20,ce20,ce20,ce100,ce20,bi200,bi200,ce20,ce20,bi200
fever:29364,ce20,ce20,ce20,ce20,ce20,bi200,bi200,bi200,ce100,ce20
fever:29365,ce20,ce100,ce100,ce20,ce20,ce100,bi200,bm25,ce100,ce100
fever:2937,bm25,ce20,bm25,bm25,ce20,ce100,bm25,hybrid,ce20,hybrid
fever:2938,ce20,ce20,ce100,bm25,ce20,bi200,bm25,ce20,bi200,hybrid
fever:29443,ce20,bm25,ce20,bm25,ce20,bi200,bi200,hybrid,ce20,ce20
fever:2947,ce20,ce20,ce20,ce20,ce20,bi200,bm25,bi200,bm25,bm25
fever:2948,ce20,bm25,ce100,ce20,ce20,bi200,bi200,hybrid,ce20,bm25
fever:29490,ce20,ce100,ce20,ce20,ce20,ce100,ce100,hybrid,ce20,ce20
fever:29518,ce100,ce100,ce100,bm25,ce100,ce100,ce100,hybrid,hybrid,hybrid
fever:29530,ce20,ce20,ce20,ce20,ce20,ce20,ce20,ce20,ce20,ce20
fever:29534,ce20,ce100,ce20,ce100,ce100,ce100,hybrid,bi200,hybrid,hybrid
fever:29543,ce100,bm25,ce100,ce100,ce100,hybrid,bi200,hybrid,hybrid,hybrid
fever:29544,ce20,bm25,ce100,ce100,ce100,bi200,bi200,ce20,bi200,hybrid
fever:29550,ce20,ce20,ce20,ce20,ce20,ce20,hybrid,hybrid,ce100,bm25
fever:29551,ce100,ce20,ce20,ce20,ce20,ce100,bi200,hybrid,ce20,ce20
fever:29556,bm25,ce20,ce100,bm25,ce20,hybrid,bm25,hybrid,bi200,bi200
fever:29577,bm25,bm25,bm25,bm25,bm25,ce100,bm25,ce20,ce100,ce20
fever:29580,ce100,bm25,ce20,bm25,ce20,ce100,ce100,hybrid,hybrid,bm25
fever:29581,bm25,bm25,bm25,bm25,bm25,bm25,bm25,bm25,bm25,bm25
fever:29590,bm25,bm25,bm25,bm25,bm25,ce100,ce100,hybrid,ce20,ce20
fever:29591,ce20,bm25,ce100,bm25,bm25,hybrid,bm25,hybrid,bi200,ce20
fever:29594,bm25,bm25,bm25,bm25,bm25,bi200,ce20,ce20,bm25,bm25
fever:29595,bm25,bm25,bm25,bm25,bm25,bm25,bm25,bm25,bm25,bm25
fever:2961,bm25,bm25,bm25,bm25,bm25,bm25,bm25,ce20,bm25,bm25
fever:29658,ce20,ce20,ce20,bm25,ce100,ce20,ce100,bm25,ce20,bm25
fever:29659,ce20,bm25,ce100,ce100,ce100,bi200,ce100,bi200,bi200,bi200
fever:29675,ce100,ce100,ce100,ce100,ce100,ce100,ce100,hybrid,hybrid,ce100
fever:29688,bm25,bm25,bm25,bm25,bm25,bm25,ce100,bm25,ce20,bi200
fever:29704,ce100,ce100,ce20,ce100,ce100,ce100,hybrid,hybrid,bi200,bi200
fever:29705,ce100,ce100,ce20,ce20,ce100,ce20,bi200,hybrid,bi200,bi200
fever:29720,bm25,bm25,bm25,bm25,bm25,bi200,bi200,ce20,hybrid,bm25
fever:29746,ce20,bm25,ce100,bm25,ce20,bi200,hybrid,ce20,ce20,bi200
fever:29750,bm25,bm25,bm25,bm25,ce20,hybrid,ce20,bm25,bm25,ce20
fever:29786,bm25,ce20,ce20,ce20,bm25,ce20,ce100,bi200,hybrid,ce20
fever:29804,bm25,bm25,bm25,bm25,ce100,ce20,bm25,ce20,bm25,bm25
fever:2983,bm25,bm25,bm25,ce20,bm25,hybrid,bm25,hybrid,hybrid,hybrid
fever:2984,bm25,bm25,bm25,ce20,bm25,bm25,bm25,bi200,ce20,bi200
fever:29848,ce20,ce20,ce100,ce20,ce20,bi200,ce100,ce100,ce100,ce20
fever:29849,ce100,ce100,ce100,ce20,ce100,bi200,ce100,bi200,hybrid,hybrid
fever:29856,ce20,ce100,ce20,ce20,ce100,bi200,bm25,bm25,bi200,hybrid
fever:29857,ce20,ce100,ce20,bm25,ce20,bi200,ce100,bm25,hybrid,ce20
fever:29861,bm25,bm25,ce20,ce20,ce20,ce20,bm25,ce20,ce20,bi200
fever:29862,ce20,bm25,ce20,ce20,ce20,ce20,bi200,ce20,ce20,bi200
fever:29863,ce100,ce100,ce100,ce100,ce100,hybrid,ce100,hybrid,hybrid,bi200
fever:29864,ce20,ce20,ce20,ce100,ce20,bi200,bi200,hybrid,ce100,ce20
fever:29873,bm25,bm25,bm25,ce20,ce100,ce20,ce100,ce20,ce20,bm25
fever:29893,ce20,ce20,ce20,bm25,ce100,hybrid,ce100,bi200,hybrid,bm25
fever:29902,ce20,bm25,ce100,bm25,bm25,ce100,bi200,ce20,bm25,ce100
fever:29903,ce100,ce100,ce100,bm25,ce100,ce100,hybrid,ce20,bm25,ce100
fever:29952,ce20,ce100,ce100,bm25,ce100,bi200,bi200,bi200,bi200,bi200
fever:29953,bm25,ce20,ce20,ce20,ce20,bi200,bi200,ce100,bi200,bi200
fever:29993,bm25,ce100,ce100,ce100,ce100,ce20,ce100,bm25,ce20,hybrid
fever:30014,bm25,bm25,bm25,ce20,ce20,hybrid,ce100,bm25,ce20,bi200
fever:30023,ce100,ce20,bm25,ce20,ce20,bi200,ce20,hybrid,ce100,bm25
fever:30024,ce20,ce20,ce20,ce20,ce20,bi200,ce100,ce100,ce20,hybrid
fever:30062,ce20,ce100,ce100,ce100,ce100,ce100,ce100,bi200,hybrid,bi200
fever:3008,ce100,ce100,ce20,ce20,ce100,ce100,ce100,hybrid,bi200,hybrid
fever:3009,bm25,ce20,bm25,bm25,bm25,hybrid,bm25,bm25,hybrid,bi200
fever:30106,ce20,ce100,ce100,ce20,ce20,ce20,bm25,ce100,ce100,hybrid
fever:30122,ce20,bm25,ce20,bm25,bm25,hybrid,bi200,ce20,bm25,hybrid
fever:3013,ce100,ce100,ce100,ce100,ce100,ce100,bi200,bi200,bm25,bi200
fever:30133,bm25,ce20,bm25,bm25,bm25,hybrid,bi200,bm25,bm25,bi200
fever:30134,ce20,bm25,bm25,bm25,bm25,hybrid,bi200,bm25,bm25,bi200
fever:30144,bm25,bm25,bm25,bm25,bm25,bm25,bm25,bi200,hybrid,bi200
fever:3015,ce20,bm25,bm25,bm25,ce20,bm25,bm25,hybrid,hybrid,bm25
fever:30178,ce20,ce20,ce20,bm25,ce20,ce20,ce100,ce100,ce20,bi200
fever:3019,bm25,ce20,bm25,bm25,bm25,hybrid,bm25,bm25,hybrid,hybrid
fever:30233,ce20,bm25,bm25,bm25,bm25,bi200,bi200,hybrid,ce20,ce20
fever:30234,ce20,bm25,ce20,bm25,ce20,hybrid,ce20,hybrid,ce20,ce20
fever:30236,ce100,ce100,ce100,ce100,ce100,bi200,bi200,bi200,bi200,hybrid
fever:30239,bm25,ce20,bm25,bm25,ce20,bi200,bi200,hybrid,bi200,bi200
fever:30258,ce100,ce100,ce20,ce100,ce100,ce20,bi200,ce100,ce100,bi200
fever:30259,ce100,ce100,ce100,ce100,ce100,ce100,bi200,ce100,ce100,ce100
fever:30270,ce100,ce100,ce100,ce100,ce100,ce20,ce100,ce100,ce100,ce20
fever:30309,ce100,ce100,ce100,ce100,ce100,ce100,ce100,bi200,bi200,ce100
fever:3033,ce100,ce100,ce20,ce100,ce100,ce100,ce100,ce100,ce100,ce100
fever:30333,ce20,ce100,ce20,ce20,ce100,ce20,ce20,ce100,ce20,hybrid
fever:304,bm25,ce20,ce20,bm25,bm25,ce20,ce100,bi200,hybrid,ce20
fever:30425,bm25,ce20,bm25,bm25,ce20,ce100,bi200,bi200,bi200,bi200
fever:30479,bm25,ce100,bm25,ce100,bm25,bi200,bi200,bm25,bi200,bi200
fever:30486,ce20,ce20,ce20,ce20,bm25,ce20,ce20,ce20,ce20,bm25
fever:305,ce100,ce100,ce100,ce100,ce100,ce100,bi200,hybrid,hybrid,hybrid
fever:3059,ce20,bm25,bm25,ce20,bm25,ce20,bm25,ce20,bm25,bm25
fever:30609,ce100,bm25,bm25,bm25,ce100,ce20,ce100,ce20,ce20,ce20
fever:3063,ce100,ce100,ce100,bm25,ce100,bi200,bm25,bi200,bm25,bm25
fever:30638,ce20,ce20,ce100,bm25,ce20,ce20,ce100,hybrid,hybrid,hybrid
fever:30640,bm25,bm25,bm25,ce20,bm25,ce20,ce20,hybrid,bm25,bm25
fever:30645,ce20,ce100,ce100,ce100,ce100,bi200,bm25,ce100,ce100,hybrid
fever:30673,bm25,bm25,bm25,bm25,ce20,ce20,ce20,bi200,ce20,ce20
fever:30715,ce20,ce20,ce20,ce20,ce20,ce20,bi200,bi200,bi200,bm25
fever:30745,ce100,bm25,ce20,ce100,ce20,bi200,ce100,bm25,ce20,ce100
fever:30746,ce100,bm25,ce20,ce20,ce20,ce20,bm25,bm25,bi200,ce20
fever:30790,ce100,bm25,ce100,ce100,ce100,bi200,hybrid,hybrid,ce100,ce100
fever:30800,ce100,ce100,ce100,ce100,ce100,hybrid,bi200,ce20,bi200,hybrid
fever:30805,ce20,bm25,ce20,ce20,ce20,bi200,hybrid,hybrid,ce20,ce20
fever:30807,ce20,ce20,ce20,ce20,ce20,bi200,bi200,hybrid,ce100,bm25
fever:30824,bm25,bm25,bm25,bm25,ce20,ce20,bi200,bm25,hybrid,bi200
fever:3086,ce100,bm25,bm25,bm25,ce20,bi200,bm25,bi200,ce20,bi200
fever:30863,ce20,ce100,ce100,ce20,ce100,hybrid,bm25,hybrid,ce20,hybrid
fever:3087,ce20,bm25,bm25,bm25,ce20,bi200,bm25,bm25,hybrid,bi200
fever:30961,bm25,ce20,bm25,bm25,ce20,ce20,bi200,bm25,bm25,bm25
fever:30962,bm25,ce20,bm25,bm25,ce20,ce20,bi200,bm25,bm25,bm25
fever:30965,ce20,ce20,ce20,ce20,ce20,ce20,bi200,hybrid,bi200,bi200
fever:30968,ce20,ce20,bm25,bm25,ce20,hybrid,ce100,hybrid,hybrid,hybrid
fever:30984,ce20,ce20,bm25,ce20,ce20,ce20,ce100,ce100,hybrid,hybrid
fever:31013,bm25,bm25,bm25,ce20,ce20,ce100,ce100,ce20,ce20,ce100
fever:31020,bm25,ce20,bm25,bm25,bm25,ce20,bi200,hybrid,bm25,bm25
fever:31026,ce20,bm25,ce20,bm25,ce20,ce20,ce100,ce20,ce20,ce100
fever:3106,bm25,bm25,bm25,bm25,ce20,bi200,bi200,bi200,bi200,bm25
fever:31105,ce20,bm25,ce100,ce100,ce20,ce20,hybrid,ce20,ce100,ce100
fever:3111,bm25,ce100,ce20,ce20,ce20,ce100,ce20,ce100,ce20,bi200
fever:31114,ce20,bm25,ce20,ce20,ce20,hybrid,bm25,ce20,ce20,ce20
fever:3113,bm25,ce20,bm25,bm25,ce100,hybrid,hybrid,hybrid,ce20,hybrid
fever:31131,bm25,bm25,bm25,bm25,bm25,bm25,bm25,hybrid,hybrid,ce20
fever:31138,bm25,ce100,bm25,bm25,ce100,ce100,ce20,bi200,ce20,ce20
fever:31160,ce20,bm25,bm25,bm25,ce20,bm25,ce100,bm25,ce20,bi200
fever:31163,bm25,ce20,ce20,ce20,bm25,ce20,bm25,ce20,ce20,bi200
fever:31167,ce20,bm25,ce20,ce20,bm25,ce20,bi200,ce100,hybrid,hybrid
fever:31168,ce20,bm25,ce20,ce100,ce20,ce20,bi200,ce100,ce20,hybrid
fever:31186,ce20,ce20,bm25,bm25,bm25,bm25,ce20,ce20,bm25,hybrid
fever:3119,bm25,ce100,bm25,ce20,ce100,ce100,ce100,bi200,ce20,ce20
fever:31192,ce20,ce20,ce100,ce100,ce100,hybrid,bi200,ce20,bi200,bi200
fever:31232,ce20,ce20,ce20,bm25,ce20,hybrid,bm25,ce20,bi200,bi200
fever:31358,ce20,ce100,ce20,bm25,ce100,bi200,bi200,bi200,bi200,bi200
fever:31367,ce20,ce100,ce20,bm25,ce100,ce100,bi200,bi200,bi200,ce100
fever:31418,bm25,bm25,bm25,bm25,ce20,hybrid,bm25,bi200,bm25,bm25
fever:31422,ce100,bm25,ce20,bm25,ce20,hybrid,bm25,ce100,ce20,ce20
fever:31447,ce20,ce20,ce20,bm25,bm25,bi200,ce100,bm25,ce20,bm25
fever:3145,ce20,bm25,bm25,bm25,ce100,ce20,bm25,hybrid,ce20,ce20
fever:31456,ce20,ce20,ce100,bm25,ce20,ce20,bm25,ce20,ce20,ce20
fever:31457,ce20,ce20,ce100,bm25,ce20,ce20,ce100,ce20,ce20,ce20
fever:31470,bm25,bm25,ce20,bm25,ce100,ce100,ce100,bi200,hybrid,bm25
fever:3148,ce100,ce100,ce20,ce20,ce100,bi200,bi200,hybrid,hybrid,hybrid
fever:3149,ce100,ce100,ce20,ce100,ce100,bi200,bi200,hybrid,hybrid,hybrid
fever:31496,bm25,bm25,ce20,ce20,ce20,ce100,ce20,bi200,ce20,bi200
fever:315,bm25,bm25,ce100,bm25,ce100,bi200,bi200,bi200,bi200,bm25
fever:31581,ce20,ce20,ce20,ce20,ce20,bi200,ce100,ce100,ce20,ce20
fever:3159,bm25,ce100,bm25,bm25,bm25,hybrid,bm25,ce20,bm25,bm25
fever:316,bm25,bm25,ce100,bm25,ce100,bi200,bi200,bi200,bi200,bm25
fever:3160,bm25,ce100,bm25,bm25,bm25,hybrid,bm25,ce20,bm25,bm25
fever:31620,ce20,ce20,ce20,bm25,ce20,ce100,bm25,hybrid,ce20,hybrid
fever:31631,bm25,ce20,ce20,bm25,ce20,ce20,ce100,hybrid,ce20,ce20
fever:31632,bm25,ce20,ce20,bm25,bm25,ce20,ce100,hybrid,ce20,ce20
fever:31675,ce20,ce20,ce20,bm25,bm25,ce20,ce100,ce20,ce20,bm25
fever:31676,bm25,ce20,ce20,bm25,bm25,ce20,ce100,ce20,ce20,bm25
fever:31681,ce20,ce100,ce20,ce20,ce100,ce20,hybrid,hybrid,ce100,hybrid
fever:31684,bm25,ce20,bm25,ce20,bm25,bm25,bm25,hybrid,bi200,hybrid
fever:31686,bm25,ce20,ce100,ce20,bm25,bm25,bm25,ce20,bi200,bi200
fever:31693,ce20,bm25,ce20,ce20,ce20,bi200,ce20,bi200,ce20,ce20
fever:31723,ce20,ce100,bm25,ce20,ce20,bi200,bi200,hybrid,ce20,ce20
fever:31728,ce20,ce100,bm25,bm25,bm25,hybrid,bi200,bm25,hybrid,bi200
fever:31733,bm25,ce20,ce20,bm25,ce20,ce20,ce20,ce20,ce20,bm25
fever:31743,bm25,ce20,bm25,bm25,bm25,ce20,bm25,bm25,ce20,bm25
fever:3176,bm25,ce100,bm25,bm25,bm25,hybrid,bm25,bm25,ce20,bi200
fever:31770,ce20,bm25,ce20,ce20,ce20,ce20,ce20,bm25,ce20,ce20
fever:31771,ce20,bm25,ce20,ce20,ce20,hybrid,ce20,bm25,ce20,ce20
fever:31774,ce100,ce100,bm25,ce20,ce20,bi200,bi200,bi200,hybrid,hybrid
fever:31775,ce20,ce100,ce20,ce20,ce20,bi200,hybrid,hybrid,hybrid,ce20
fever:31813,bm25,bm25,bm25,bm25,bm25,bm25,bm25,bm25,bm25,bi200
fever:31842,ce20,ce20,ce20,ce100,ce100,hybrid,ce100,ce100,ce100,hybrid
fever:31843,ce20,ce100,ce100,ce100,ce100,hybrid,ce100,ce20,hybrid,hybrid
fever:31845,ce20,ce100,bm25,bm25,ce20,bi200,ce100,bi200,hybrid,bm25
fever:31852,bm25,ce20,bm25,bm25,bm25,ce20,bm25,ce20,bm25,bm25
fever:31857,bm25,ce100,ce20,bm25,ce100,ce100,ce100,bi200,bi200,bi200
fever:31868,ce20,bm25,bm25,bm25,ce20,bm25,ce100,hybrid,hybrid,bi200
fever:31885,ce100,ce100,ce100,ce100,ce100,ce100,bi200,hybrid,ce100,ce100
fever:31903,bm25,ce20,bm25,bm25,ce20,bm25,bm25,hybrid,hybrid,ce20
fever:31904,bm25,ce20,ce20,bm25,ce20,ce20,bm25,bm25,hybrid,ce20
fever:31905,bm25,bm25,bm25,ce100,ce20,ce20,bm25,bm25,ce20,bm25
fever:31916,bm25,ce100,ce20,bm25,ce100,bi200,ce100,bi200,hybrid,hybrid
fever:31958,bm25,ce20,ce20,bm25,ce20,ce20,ce100,bm25,ce20,ce20
fever:31960,ce100,ce100,ce20,ce100,ce100,ce100,hybrid,ce100,hybrid,ce20
fever:31963,ce20,ce20,ce20,ce20,ce100,ce100,ce20,ce20,ce20,ce20
fever:31997,ce100,ce20,bm25,ce20,ce20,hybrid,hybrid,hybrid,bi200,bi200
fever:3201,ce20,bm25,bm25,bm25,bm25,ce20,bm25,ce20,ce20,bm25
fever:3202,ce20,bm25,bm25,bm25,bm25,ce20,bm25,bm25,ce20,bm25
fever:32076,ce20,ce20,ce20,bm25,ce20,ce20,bm25,hybrid,ce20,ce20
fever:32079,ce20,ce100,ce20,ce100,ce100,bi200,bi200,hybrid,bi200,bi200
fever:32080,bm25,ce100,ce20,ce100,ce100,bi200,bi200,hybrid,bi200,bi200
fever:32091,bm25,ce100,ce100,bm25,ce100,hybrid,ce100,hybrid,bi200,bi200
fever:32092,bm25,ce100,ce100,bm25,ce100,bi200,ce100,hybrid,bi200,bi200
fever:3210,bm25,bm25,bm25,bm25,ce20,bi200,bm25,bm25,bm25,bi200
fever:32145,ce100,ce100,bm25,ce20,bm25,ce100,bm25,hybrid,bm25,bm25
fever:32146,ce20,ce100,ce100,bm25,ce100,bi200,hybrid,hybrid,hybrid,bi200
fever:3215,ce20,ce20,ce20,bm25,bm25,bi200,bi200,bi200,bi200,bi200
fever:32153,ce20,ce20,ce20,bm25,ce20,hybrid,ce100,ce20,ce20,bm25
fever:32233,bm25,bm25,bm25,bm25,bm25,ce20,bm25,ce20,bm25,bm25
fever:32255,bm25,bm25,bm25,bm25,bm25,ce20,bm25,hybrid,hybrid,bm25
fever:32283,ce20,ce20,bm25,ce20,ce100,ce20,bm25,bm25,ce20,ce20
fever:32321,ce20,ce20,bm25,ce20,ce20,ce20,ce100,ce100,ce20,ce20
fever:32338,bm25,ce20,bm25,bm25,ce20,hybrid,bi200,bi200,ce20,bm25
fever:32355,ce100,ce20,ce20,ce20,ce100,ce20,ce100,hybrid,hybrid,ce20
fever:32382,bm25,bm25,bm25,bm25,bm25,hybrid,bm25,bi200,hybrid,bi200
fever:32402,ce20,ce100,ce100,ce20,ce100,ce100,ce100,hybrid,hybrid,hybrid
fever:32429,ce100,ce100,ce20,ce100,ce100,ce100,ce20,hybrid,hybrid,hybrid
fever:32432,bm25,bm25,ce20,bm25,ce20,ce20,ce100,hybrid,bm25,ce20
fever:32474,ce100,ce100,ce100,ce100,ce100,bi200,bi200,bi200,bi200,bi200
fever:32487,bm25,bm25,ce20,bm25,bm25,ce20,ce20,ce20,ce20,bm25
fever:32490,bm25,bm25,bm25,bm25,ce20,hybrid,bm25,bm25,bm25,bm25
fever:32505,ce20,bm25,bm25,bm25,bm25,bi200,hybrid,hybrid,hybrid,hybrid
fever:32520,ce100,ce100,ce100,ce100,ce100,ce100,hybrid,ce100,bi200,bi200
fever:32534,ce100,ce20,ce100,bm25,ce100,bi200,ce100,ce100,hybrid,bi200
fever:32535,ce100,ce100,ce100,ce100,ce100,bi200,ce100,ce100,bi200,bi200
fever:32595,ce20,ce20,bm25,ce20,bm25,ce100,bm25,bm25,bi200,bi200
fever:32596,ce20,ce20,bm25,bm25,bm25,bm25,bm25,bm25,ce20,bi200
fever:32609,ce20,ce100,bm25,bm25,ce20,ce20,bi200,ce20,hybrid,hybrid
fever:3264,bm25,ce100,bm25,bm25,ce100,hybrid,ce100,hybrid,bi200,bi200
fever:32652,ce20,bm25,bm25,ce20,ce20,ce20,bm25,ce20,ce20,bi200
fever:32672,bm25,bm25,bm25,bm25,bm25,bm25,bm25,bm25,ce20,bm25
fever:32679,bm25,ce20,bm25,bm25,bm25,ce20,ce100,ce20,ce20,bm25
fever:32687,bm25,bm25,bm25,bm25,bm25,bm25,bm25,ce20,bi200,bm25
fever:327,ce20,ce20,ce20,bm25,ce100,ce100,bi200,hybrid,hybrid,hybrid
fever:32711,ce20,ce20,ce100,ce20,ce20,bi200,ce100,bi200,hybrid,hybrid
fever:32712,ce20,ce100,ce100,ce100,ce20,bi200,bi200,bi200,hybrid,hybrid
fever:32730,bm25,ce20,ce20,ce20,ce20,bi200,bi200,bi200,bi200,ce20
fever:32734,bm25,ce100,ce20,bm25,ce100,ce100,ce100,bi200,ce20,ce20
fever:32740,ce20,bm25,ce20,bm25,ce20,bi200,ce20,hybrid,ce20,bi200
fever:32781,ce20,bm25,ce20,ce20,ce20,bi200,bm25,bi200,bm25,bm25
fever:32796,bm25,ce100,ce100,bm25,ce100,ce100,ce100,ce20,ce20,ce20
fever:32815,ce20,ce20,ce20,ce20,ce20,ce20,ce20,ce20,ce20,ce20
fever:32820,bm25,ce20,bm25,bm25,bm25,bm25,bm25,ce20,bi200,bm25
fever:32827,bm25,ce100,ce100,bm25,ce20,ce20,hybrid,bm25,ce20,hybrid
fever:32890,ce100,ce20,ce100,bm25,bm25,ce100,bi200,bm25,bm25,ce100
fever:32891,ce100,ce20,ce100,bm25,ce100,ce100,ce100,ce100,ce100,ce100
fever:32918,ce20,ce20,ce20,bm25,ce20,ce20,bm25,bm25,ce20,ce100
fever:32923,bm25,bm25,ce20,ce20,ce100,ce20,bm25,bm25,ce20,bi200
fever:32927,bm25,bm25,ce20,bm25,ce20,bm25,ce100,bm25,ce20,ce20
fever:32939,ce100,ce100,bm25,bm25,ce100,hybrid,ce20,hybrid,hybrid,hybrid
fever:32940,ce20,bm25,bm25,ce20,ce20,bi200,bm25,bi200,bi200,bm25
fever:32956,bm25,bm25,ce20,ce20,ce100,ce100,ce100,ce100,bi200,ce100
fever:32958,bm25,ce100,bm25,bm25,ce20,bi200,bi200,bm25,bi200,bm25
fever:32959,ce20,ce100,ce20,ce20,ce20,bi200,hybrid,ce100,hybrid,ce20
fever:32970,ce20,ce20,ce100,ce20,ce20,hybrid,hybrid,hybrid,ce20,ce20
fever:32987,bm25,bm25,ce100,bm25,bm25,hybrid,bm25,bi200,hybrid,ce100
fever:33009,ce20,ce20,ce20,ce20,ce20,ce20,bm25,bm25,ce20,ce20
fever:33011,bm25,ce100,ce20,ce20,ce100,ce100,bm25,bm25,hybrid,hybrid
fever:3305,ce20,ce20,bm25,ce20,ce20,bi200,hybrid,bi200,bi200,ce20
fever:33054,ce20,bm25,bm25,bm25,bm25,ce100,bm25,bm25,bm25,bi200
fever:33055,bm25,bm25,bm25,bm25,bm25,hybrid,bm25,bi200,bm25,bm25
fever:33075,ce20,ce20,ce20,ce100,ce20,ce20,ce100,ce100,ce100,ce100
fever:33112,ce20,bm25,bm25,bm25,ce20,bi200,bm25,bi200,bi200,bi200
fever:33130,ce20,ce20,bm25,bm25,ce20,bi200,bi200,bm25,ce20,hybrid
fever:33166,bm25,bm25,ce20,bm25,ce20,ce100,ce100,hybrid,ce20,ce20
fever:33171,ce100,ce20,ce20,ce20,ce20,ce20,bm25,ce100,ce20,bi200
fever:33172,ce100,ce20,ce20,ce20,ce20,bi200,ce100,ce20,hybrid,bi200
fever:33196,bm25,ce20,ce20,bm25,ce20,ce20,ce100,hybrid,bm25,bm25
fever:33197,bm25,ce20,ce20,bm25,ce20,ce20,bi200,ce20,ce20,bm25
fever:33214,bm25,ce20,bm25,bm25,ce20,bm25,bi200,hybrid,bm25,bm25
fever:33222,ce20,ce100,ce20,ce20,ce20,ce20,bi200,bi200,hybrid,bm25
fever:33235,ce100,bm25,ce20,ce20,ce20,bi200,hybrid,ce100,bi200,bi200
fever:33240,bm25,bm25,ce20,ce20,ce100,ce20,hybrid,hybrid,bi200,bi200
fever:33270,ce100,ce100,ce20,ce20,ce20,bi200,bi200,ce20,ce20,ce20
fever:33275,ce20,bm25,bm25,bm25,ce20,ce20,bm25,ce20,ce20,hybrid
fever:33290,bm25,bm25,bm25,bm25,ce20,bm25,ce20,ce20,bm25,bm25
fever:33313,ce100,ce100,ce100,ce100,ce100,ce100,hybrid,hybrid,ce20,hybrid
fever:33314,ce100,ce20,ce20,ce20,ce100,ce20,bm25,ce20,ce20,bm25
fever:33322,ce20,ce20,ce20,ce20,ce20,ce20,bm25,ce20,ce20,ce20
fever:33334,ce100,ce100,ce100,bm25,ce100,hybrid,bi200,bi200,bi200,bi200
fever:33339,bm25,bm25,bm25,bm25,ce20,bi200,bm25,bi200,bm25,bi200
fever:33368,bm25,ce100,bm25,bm25,ce100,bi200,bi200,bm25,bi200,bi200
fever:3337,ce100,ce20,bm25,ce20,ce20,bi200,ce100,hybrid,hybrid,bm25
fever:33374,ce100,ce20,ce20,bm25,bm25,bi200,bm25,bm25,bi200,ce20
fever:33377,bm25,bm25,bm25,bm25,bm25,bm25,bm25,bm25,bm25,bm25
fever:3338,bm25,ce20,ce20,bm25,ce20,bi200,bm25,ce20,hybrid,bm25
fever:33447,ce20,ce20,ce20,ce20,ce20,ce20,ce100,hybrid,bi200,hybrid
fever:33465,bm25,ce100,bm25,bm25,bm25,bm25,bm25,bm25,hybrid,bm25
fever:3348,bm25,ce20,bm25,bm25,ce20,ce20,bi200,hybrid,bi200,bm25
fever:3349,bm25,ce20,ce100,bm25,ce20,bi200,ce100,ce100,bi200,bi200
fever:33491,bm25,ce100,bm25,bm25,ce20,bm25,bi200,hybrid,bm25,hybrid
fever:33496,bm25,ce20,ce20,bm25,ce20,ce20,ce100,ce20,ce100,ce20
fever:33498,ce20,ce100,ce100,bm25,ce100,ce100,ce100,bi200,bi200,ce100
fever:33531,bm25,bm25,ce20,bm25,bm25,ce20,bm25,ce100,bi200,bi200
fever:33547,ce20,ce20,ce20,ce20,ce20,ce20,ce20,ce20,ce20,ce20
fever:33573,bm25,bm25,bm25,bm25,bm25,bm25,bm25,bm25,bi200,bm25
fever:33574,bm25,bm25,ce100,bm25,bm25,bm25,bm25,bm25,bi200,bm25
fever:33578,ce20,bm25,bm25,bm25,ce20,bi200,bi200,bi200,bm25,hybrid
fever:33604,ce100,ce100,ce100,ce100,ce100,bi200,ce100,ce100,hybrid,hybrid
fever:33605,ce100,ce100,ce100,ce100,ce100,bi200,ce100,bi200,hybrid,ce20
fever:33644,bm25,ce20,bm25,ce20,ce20,bi200,bi200,hybrid,hybrid,bm25
fever:33670,ce20,ce20,ce20,bm25,ce100,ce20,ce100,ce20,ce20,bm25
fever:33671,bm25,ce20,ce20,ce20,ce100,ce20,ce100,ce20,ce20,ce20
fever:33675,ce20,bm25,bm25,bm25,bm25,hybrid,bm25,bm25,ce20,hybrid
fever:33688,ce100,bm25,ce20,ce20,ce20,ce20,ce100,ce100,ce100,hybrid
fever:3370,ce100,ce20,ce100,ce20,ce100,bi200,bm25,bm25,bi200,bm25
fever:33700,bm25,bm25,ce20,bm25,ce20,ce20,bm25,bi200,ce20,bi200
fever:3371,ce100,ce20,ce100,ce20,ce100,bi200,bm25,bm25,bi200,bm25
fever:33739,bm25,ce100,ce20,bm25,ce100,ce20,bi200,bi200,hybrid,hybrid
fever:33740,ce20,ce100,ce20,bm25,ce20,ce20,ce100,ce100,hybrid,hybrid
fever:33744,bm25,bm25,bm25,bm25,bm25,bm25,ce20,bi200,bm25,bm25
fever:33796,bm25,ce20,ce20,ce20,ce20,ce20,ce100,hybrid,hybrid,ce20
fever:33838,ce100,ce100,ce100,ce100,ce100,bi200,hybrid,bi200,bi200,hybrid
fever:33839,ce100,bm25,ce100,ce20,ce100,bi200,hybrid,ce20,bi200,bi200
fever:33840,bm25,bm25,bm25,bm25,bm25,bm25,bm25,hybrid,hybrid,bm25
fever:33844,ce100,ce100,ce20,bm25,bm25,ce100,bm25,bm25,bi200,bm25
fever:33918,bm25,bm25,bm25,bm25,ce100,ce20,bm25,ce20,bm25,bm25
fever:33949,ce100,ce100,ce20,ce20,ce100,hybrid,hybrid,hybrid,bi200,bi200
fever:33955,ce20,ce100,ce20,ce20,ce20,ce20,ce100,ce100,ce100,ce100
fever:33982,ce100,ce20,ce20,ce20,ce20,ce100,ce20,hybrid,hybrid,hybrid
fever:33986,bm25,ce20,bm25,bm25,bm25,hybrid,bm25,bm25,bm25,bi200
fever:34004,ce20,ce100,ce20,bm25,bm25,ce100,ce20,ce100,ce20,bi200
fever:34029,bm25,bm25,bm25,bm25,bm25,ce100,bm25,bm25,bm25,bm25
fever:34034,bm25,bm25,bm25,bm25,ce20,bi200,bm25,hybrid,bm25,bm25
fever:34064,ce100,ce100,ce100,ce100,ce100,bi200,ce100,bi200,hybrid,hybrid
fever:34073,bm25,ce20,bm25,bm25,ce20,bi200,bm25,ce20,bm25,bm25
fever:34105,bm25,bm25,ce100,ce100,ce100,bi200,bi200,bi200,hybrid,bi200
fever:34111,ce20,bm25,ce20,bm25,ce100,ce20,ce100,hybrid,ce20,bi200
fever:3413,ce100,ce20,bm25,bm25,bm25,hybrid,bi200,bm25,bm25,bi200
fever:34155,ce20,bm25,bm25,bm25,bm25,hybrid,ce20,hybrid,hybrid,ce20
fever:34156,ce20,bm25,bm25,bm25,ce20,ce20,ce20,ce20,ce20,ce20
fever:34162,bm25,bm25,ce20,bm25,ce20,ce20,hybrid,bi200,ce20,bm25
fever:34180,ce20,ce20,bm25,ce20,bm25,ce100,bi200,bm25,bm25,hybrid
fever:34184,ce20,ce20,ce20,bm25,ce20,ce20,ce100,ce20,ce20,bm25
fever:34195,bm25,bm25,bm25,bm25,bm25,ce100,bm25,hybrid,bm25,hybrid
fever:34205,bm25,ce20,bm25,bm25,ce20,ce100,ce20,hybrid,bm25,ce20
fever:34213,ce20,ce20,ce20,bm25,ce20,ce20,ce20,ce20,ce20,bm25
fever:34227,ce20,ce20,ce20,bm25,bm25,ce100,bm25,ce20,ce20,ce20
fever:34228,bm25,ce20,ce20,bm25,ce20,ce20,ce100,ce20,ce20,bm25
fever:34230,bm25,ce20,bm25,bm25,ce20,bi200,bi200,hybrid,hybrid,hybrid
fever:34244,bm25,ce20,ce20,ce20,ce100,ce20,bm25,bm25,ce20,ce20
fever:34249,ce20,bm25,bm25,ce20,ce20,hybrid,bm25,ce20,ce100,hybrid
fever:34309,ce100,bm25,bm25,bm25,ce20,ce20,ce100,bm25,ce20,ce20
fever:3432,ce20,ce20,ce20,bm25,ce20,bi200,hybrid,ce20,ce20,ce20
fever:34323,bm25,ce100,ce20,ce20,ce20,bm25,bi200,ce100,ce20,ce20
fever:34353,ce100,ce20,ce100,bm25,ce100,bi200,bi200,hybrid,hybrid,hybrid
fever:34357,ce100,ce100,ce100,bm25,ce100,bi200,ce100,hybrid,bi200,bi200
fever:34385,ce20,ce100,ce100,bm25,ce20,bi200,bi200,ce20,ce20,bi200
fever:34392,ce100,ce100,ce100,ce100,ce100,ce100,ce100,ce100,ce100,ce100
fever:34396,ce20,ce20,bm25,bm25,bm25,ce20,ce100,bm25,bi200,bi200
fever:34412,bm25,bm25,ce20,bm25,bm25,ce20,bm25,ce20,ce20,bm25
fever:34454,ce100,ce20,ce20,bm25,ce100,ce20,ce100,hybrid,ce20,ce100
fever:34461,bm25,bm25,bm25,bm25,bm25,hybrid,bm25,hybrid,bm25,bm25
fever:3448,ce20,bm25,bm25,bm25,bm25,bm25,bm25,ce100,ce20,bm25
fever:34496,ce20,bm25,bm25,bm25,bm25,bm25,bm25,bm25,ce20,bm25
fever:34506,ce100,ce100,ce100,ce20,ce100,bi200,ce100,ce100,ce100,ce20
fever:34507,ce100,bm25,ce100,ce20,ce100,bi200,ce100,ce20,ce20,bi200
fever:34521,ce20,ce100,ce100,bm25,ce20,ce100,bi200,bm25,ce20,hybrid
fever:34524,bm25,ce20,ce100,bm25,ce20,bi200,bm25,ce20,hybrid,bm25
fever:34525,bm25,ce20,ce100,bm25,ce20,bi200,bi200,bm25,hybrid,ce20
fever:34527,bm25,bm25,ce100,bm25,ce100,bm25,ce100,ce20,ce100,bm25
fever:34545,bm25,ce20,bm25,bm25,ce100,ce100,ce20,hybrid,bi200,hybrid
fever:34577,ce100,ce20,ce20,ce20,ce100,bi200,hybrid,hybrid,hybrid,hybrid
fever:34583,ce100,ce100,ce100,ce20,ce100,ce100,ce100,bi200,hybrid,hybrid
fever:34619,ce100,ce100,ce100,ce100,ce100,ce100,hybrid,bi200,hybrid,hybrid
fever:34658,ce20,ce20,ce20,bm25,bm25,bi200,bm25,bm25,bi200,bi200
fever:34677,bm25,ce20,bm25,bm25,bm25,bm25,ce100,bm25,ce20,bi200
fever:34684,ce20,bm25,ce20,ce20,ce20,bi200,bi200,bi200,hybrid,bi200
fever:34695,bm25,ce20,ce20,ce20,bm25,bi200,ce100,hybrid,bi200,ce20
fever:34747,ce20,ce20,bm25,bm25,ce20,ce20,ce100,ce100,ce100,ce100
fever:3475,ce100,ce100,ce20,ce100,ce100,ce100,ce100,ce100,bi200,hybrid
fever:34755,ce20,ce20,ce20,bm25,ce100,ce20,bi200,hybrid,bi200,hybrid
fever:34764,bm25,bm25,ce20,bm25,ce20,ce20,ce100,ce100,ce20,ce20
fever:34766,ce20,ce100,ce20,bm25,ce20,ce100,ce100,ce20,ce20,bi200
fever:34769,bm25,ce20,bm25,bm25,bm25,bm25,bm25,bm25,bm25,bm25
fever:34774,ce20,bm25,bm25,bm25,bm25,bi200,bm25,ce20,bm25,bm25
fever:34791,bm25,ce20,bm25,bm25,bm25,bm25,bm25,hybrid,bm25,bm25
fever:34823,bm25,bm25,bm25,bm25,bm25,bm25,bm25,ce20,bm25,bm25
fever:34829,bm25,ce20,ce20,bm25,ce20,ce20,bi200,hybrid,hybrid,bi200
fever:3483,bm25,bm25,bm25,ce20,bm25,ce20,bm25,bm25,bm25,bm25
fever:34830,bm25,ce20,ce20,bm25,ce20,ce20,bi200,hybrid,hybrid,bi200
fever:34845,bm25,ce100,bm25,bm25,bm25,hybrid,ce100,hybrid,bm25,bm25
fever:34876,bm25,ce20,ce20,ce20,ce20,bm25,bm25,ce20,ce20,bm25
fever:34881,ce20,ce20,bm25,bm25,ce20,ce100,ce20,hybrid,hybrid,ce100
fever:34906,ce20,bm25,ce20,bm25,ce20,ce20,bm25,bm25,bm25,bm25
fever:34907,ce20,bm25,ce20,bm25,ce20,bi200,ce20,hybrid,ce20,bm25
fever:3492,ce100,ce100,bm25,bm25,ce100,bi200,bi200,bi200,bi200,hybrid
fever:34924,ce20,ce100,ce100,ce100,bm25,hybrid,ce100,hybrid,bi200,hybrid
fever:34936,bm25,ce100,bm25,bm25,bm25,ce100,bi200,bm25,bi200,bm25
fever:3494,ce100,ce100,ce20,ce100,ce100,ce20,ce100,ce100,ce100,hybrid
fever:34944,ce20,ce100,ce100,ce100,ce100,ce100,ce100,ce20,ce100,hybrid
fever:34961,ce20,ce20,ce100,ce20,ce100,ce20,ce100,hybrid,hybrid,bm25
fever:35003,ce20,bm25,ce100,ce100,ce100,bi200,ce100,ce20,ce100,ce100
fever:35009,ce100,ce20,bm25,bm25,ce100,ce100,bi200,hybrid,bi200,ce20
fever:35030,bm25,bm25,bm25,bm25,bm25,bi200,bm25,hybrid,ce20,hybrid
fever:35031,ce20,bm25,bm25,bm25,ce20,bm25,bm25,hybrid,ce20,ce20
fever:35043,bm25,bm25,bm25,bm25,bm25,bm25,bm25,ce20,ce20,ce100
fever:35055,ce20,ce100,bm25,bm25,bm25,ce100,ce100,bi200,bm25,bm25
fever:35065,ce20,ce100,ce20,bm25,ce100,ce20,ce100,bm25,ce20,ce20
fever:3509,ce100,ce20,ce20,ce20,ce20,ce100,ce100,hybrid,ce20,ce20
fever:35123,ce20,ce20,ce100,bm25,ce100,hybrid,ce100,hybrid,ce20,bm25
fever:3517,ce20,ce20,ce20,bm25,ce20,ce100,bm25,hybrid,ce20,bi200
fever:35174,bm25,bm25,bm25,ce100,ce100,ce20,ce20,bm25,ce20,hybrid
fever:3518,ce20,ce20,ce20,bm25,ce20,ce20,bm25,hybrid,ce20,bi200
fever:35219,ce20,ce100,ce20,ce20,ce20,hybrid,ce20,bi200,ce20,bi200
fever:35230,bm25,bm25,bm25,bm25,bm25,ce20,ce100,ce20,bm25,ce20
fever:35237,ce20,bm25,bm25,bm25,bm25,ce20,bm25,hybrid,hybrid,hybrid
fever:35271,ce20,ce100,ce20,bm25,ce20,bi200,bm25,bi200,ce20,ce20
fever:35282,ce20,ce20,ce20,bm25,bm25,ce100,bm25,hybrid,ce20,bm25
fever:35286,bm25,bm25,ce20,bm25,bm25,ce20,ce100,hybrid,ce20,ce20
fever:35290,ce100,ce20,ce20,bm25,ce100,bi200,bi200,bm25,bm25,bi200
fever:35291,ce100,ce100,ce100,bm25,ce100,hybrid,hybrid,bm25,bm25,hybrid
fever:35309,ce100,ce100,ce100,bm25,ce100,hybrid,bi200,hybrid,hybrid,bi200
fever:35365,ce100,ce20,ce20,ce20,ce100,ce100,ce20,hybrid,ce20,hybrid
fever:35381,bm25,ce20,ce100,bm25,bm25,ce20,ce100,bm25,hybrid,hybrid
fever:35382,bm25,ce20,ce100,ce20,bm25,ce20,ce100,bm25,hybrid,hybrid
fever:354,ce20,ce100,bm25,ce100,ce100,ce100,bm25,ce20,ce20,bi200
fever:35405,ce20,bm25,bm25,ce20,ce20,ce20,bm25,ce20,hybrid,bm25
fever:35406,ce20,ce20,bm25,ce20,ce20,ce20,bm25,ce20,hybrid,bm25
fever:35411,ce20,ce20,ce20,bm25,ce20,ce100,ce100,hybrid,ce20,ce20
fever:35416,bm25,ce20,bm25,bm25,bm25,bi200,bm25,bm25,bm25,bm25
fever:3545,ce20,bm25,bm25,ce20,ce20,bm25,bm25,bi200,hybrid,bi200
fever:3546,bm25,bm25,bm25,ce20,ce20,bm25,bm25,bi200,bm25,bi200
fever:35475,bm25,ce100,ce100,bm25,ce100,ce20,ce100,hybrid,hybrid,hybrid
fever:35479,ce20,ce20,bm25,bm25,bm25,ce100,bm25,bm25,bm25,bi200
fever:35494,ce20,bm25,ce20,ce20,ce20,bi200,ce100,ce100,ce100,bi200
fever:35523,bm25,bm25,bm25,bm25,bm25,ce20,bm25,bm25,ce20,ce20
fever:35552,bm25,bm25,bm25,ce20,bm25,bm25,ce20,bm25,bm25,bm25
fever:3556,ce20,bm25,bm25,bm25,bm25,bm25,bm25,hybrid,ce20,ce20
fever:35574,bm25,ce20,ce20,bm25,ce20,bm25,ce20,bm25,ce20,ce20
fever:35575,bm25,bm25,ce20,ce20,bm25,ce20,ce20,ce20,ce20,bm25
fever:35596,ce20,ce20,ce20,ce20,ce20,bi200,ce100,ce20,ce20,ce20
fever:35617,bm25,bm25,bm25,bm25,ce20,bm25,bm25,bm25,ce20,bi200
fever:35619,bm25,bm25,bm25,bm25,ce20,ce100,ce100,hybrid,ce20,hybrid
fever:3562,ce100,bm25,bm25,ce20,ce100,hybrid,bi200,hybrid,bi200,bi200
fever:35627,ce100,ce100,ce100,ce100,ce100,hybrid,hybrid,hybrid,hybrid,bi200
fever:35681,ce100,ce100,ce100,ce100,ce100,ce100,bi200,ce20,hybrid,bi200
fever:35695,bm25,bm25,bm25,bm25,bm25,hybrid,bm25,hybrid,hybrid,bm25
fever:357,bm25,bm25,bm25,bm25,bm25,ce20,bm25,bm25,bm25,bm25
fever:35702,ce20,ce100,ce20,ce20,ce100,ce100,ce100,bi200,ce100,hybrid
fever:35703,ce20,ce100,bm25,ce20,ce100,ce100,ce100,hybrid,ce20,bm25
fever:35706,bm25,ce100,ce100,bm25,ce100,bi200,bi200,ce20,bi200,bi200
fever:35708,bm25,bm25,ce20,bm25,ce100,ce20,bi200,bm25,ce20,ce20
fever:35720,bm25,bm25,bm25,bm25,bm25,bm25,bm25,hybrid,bm25,ce20
fever:35752,ce20,bm25,ce20,bm25,ce20,hybrid,hybrid,bm25,hybrid,hybrid
fever:35754,bm25,ce20,ce20,bm25,ce20,ce20,ce20,ce20,ce20,ce20
fever:35804,bm25,ce20,bm25,bm25,bm25,bi200,bi200,bi200,hybrid,hybrid
fever:35822,bm25,bm25,bm25,bm25,bm25,bm25,bm25,bm25,bi200,bm25
fever:3583,ce20,bm25,bm25,bm25,bm25,bm25,ce100,ce20,ce20,bm25
fever:35833,ce20,ce100,ce20,ce20,ce100,ce100,ce20,ce100,ce20,ce20
fever:35843,ce20,ce100,ce20,bm25,ce100,ce20,ce100,ce100,ce20,ce100
fever:35844,ce20,ce100,ce20,bm25,ce100,ce20,ce100,ce100,ce20,bi200
fever:3585,bm25,ce20,ce20,ce20,ce20,ce20,ce20,ce20,ce20,bm25
fever:35855,ce100,ce100,ce20,ce100,ce100,bi200,ce100,bi200,bi200,bi200
fever:35858,bm25,bm25,bm25,bm25,bm25,ce20,bm25,ce20,ce100,bm25
fever:35859,bm25,bm25,bm25,bm25,ce20,ce20,ce20,ce20,ce100,bm25
fever:3588,ce100,ce20,ce20,ce20,ce100,ce20,ce100,ce100,hybrid,bi200
fever:35881,ce20,ce20,ce20,ce20,bm25,ce20,ce20,hybrid,ce20,hybrid
fever:35882,ce20,ce20,ce20,ce20,ce20,ce20,ce100,bm25,ce20,hybrid
fever:35899,ce20,ce20,ce20,bm25,ce20,bi200,bm25,bm25,bi200,bm25
fever:35905,bm25,bm25,bm25,bm25,bm25,bm25,bm25,ce20,bm25,bm25
fever:35914,ce20,bm25,bm25,ce20,ce20,bi200,bi200,hybrid,hybrid,bi200
fever:35968,ce20,ce20,bm25,ce20,bm25,bi200,bi200,bm25,bi200,bi200
fever:3597,bm25,ce20,ce20,bm25,bm25,hybrid,bm25,ce20,bi200,bi200
fever:3598,bm25,ce20,ce20,ce20,bm25,hybrid,bm25,ce20,bi200,hybrid
fever:36038,bm25,bm25,bm25,bm25,bm25,bm25,bm25,bm25,bm25,bm25
fever:36063,ce20,bm25,ce20,bm25,ce20,ce100,ce100,hybrid,ce20,ce20
fever:36081,bm25,ce100,ce20,bm25,ce100,ce100,ce20,bm25,ce20,bi200
fever:36091,ce100,ce100,ce100,ce100,ce100,bi200,ce100,ce100,hybrid,hybrid
fever:36092,ce100,ce20,ce20,bm25,ce100,bi200,ce100,ce100,hybrid,ce20
fever:36094,ce20,ce20,ce20,ce20,ce20,ce20,bm25,ce20,ce20,bm25
fever:36141,ce100,ce20,ce20,bm25,ce20,ce20,bm25,ce20,bm25,ce20
fever:36170,bm25,ce100,bm25,ce20,bm25,bm25,ce100,hybrid,ce100,bm25
fever:36171,bm25,bm25,bm25,bm25,bm25,ce20,bm25,bm25,ce20,bm25
fever:36207,ce20,ce20,ce20,ce20,ce20,bi200,hybrid,hybrid,hybrid,ce20
fever:36242,bm25,ce20,bm25,bm25,ce20,ce20,ce20,ce20,ce20,bm25
fever:36251,ce100,ce100,ce100,ce20,ce100,ce100,bi200,hybrid,hybrid,bm25
fever:36272,bm25,bm25,ce20,bm25,ce100,bi200,bi200,bi200,bi200,bi200
fever:36281,bm25,bm25,bm25,bm25,bm25,ce20,bm25,bm25,bm25,bm25
fever:36298,ce20,ce100,ce20,bm25,ce100,bi200,ce20,hybrid,hybrid,hybrid
fever:36308,ce100,ce100,ce100,ce100,ce100,bi200,ce100,bi200,hybrid,bi200
fever:36332,bm25,ce20,ce100,bm25,ce20,ce20,ce20,ce20,ce20,ce20
fever:36333,bm25,bm25,bm25,bm25,ce20,bm25,ce100,ce20,ce20,bi200
fever:36347,bm25,bm25,bm25,ce20,bm25,hybrid,bm25,hybrid,bm25,bi200
fever:36350,bm25,ce100,bm25,bm25,bm25,ce20,bm25,bm25,ce20,bi200
fever:36353,ce20,ce20,ce20,ce20,ce20,ce20,ce20,ce20,ce20,bm25
fever:3637,bm25,bm25,bm25,bm25,bm25,hybrid,bm25,bi200,bm25,bm25
fever:36370,bm25,ce20,ce20,ce20,ce20,ce20,bm25,bi200,bi200,bi200
fever:36371,bm25,ce20,ce20,ce20,bm25,ce20,bm25,hybrid,bi200,bi200
fever:3638,bm25,bm25,bm25,bm25,bm25,hybrid,bm25,bi200,bm25,bm25
fever:36399,ce20,ce20,ce100,ce20,ce100,ce100,ce100,ce20,ce20,ce100
fever:36424,bm25,bm25,ce20,bm25,bm25,ce20,bi200,ce20,hybrid,ce20
fever:36425,bm25,ce100,bm25,ce100,bm25,bi200,bi200,hybrid,bi200,bi200
fever:36428,ce20,ce20,ce20,ce20,ce20,ce20,ce100,ce20,ce20,ce20
fever:36444,ce20,ce100,ce20,ce20,ce20,ce100,bm25,bi200,hybrid,ce20
fever:36448,bm25,ce20,ce100,bm25,ce100,hybrid,bi200,hybrid,hybrid,ce20
fever:36453,bm25,bm25,bm25,bm25,bm25,bm25,bm25,ce20,hybrid,bm25
fever:36468,ce20,ce20,bm25,ce20,bm25,ce20,ce100,bm25,ce20,ce20
fever:36480,ce100,ce20,ce100,ce20,ce100,bi200,hybrid,ce20,hybrid,hybrid
fever:36496,ce20,ce100,ce100,bm25,ce100,bi200,bi200,ce20,bi200,bi200
fever:36500,ce100,ce100,bm25,bm25,ce20,bi200,bi200,hybrid,hybrid,ce20
fever:36501,bm25,ce100,ce20,bm25,ce20,ce20,bi200,hybrid,hybrid,ce20
fever:3656,bm25,bm25,bm25,bm25,bm25,bm25,bm25,bi200,ce20,bm25
fever:36569,ce100,ce100,ce100,ce100,ce20,ce20,bi200,ce20,ce100,ce100
fever:36570,bm25,ce100,bm25,bm25,ce100,ce20,hybrid,hybrid,ce20,ce20
fever:3661,ce20,bm25,bm25,bm25,ce20,ce20,bm25,bi200,hybrid,bi200
fever:36629,ce100,ce100,ce20,bm25,ce20,ce20,ce100,ce20,ce20,ce20
fever:36633,bm25,ce20,bm25,bm25,ce20,bi200,bi200,bi200,bi200,bi200
fever:36650,ce100,ce100,bm25,ce20,ce20,bi200,bi200,hybrid,hybrid,hybrid
fever:3667,bm25,ce20,bm25,bm25,bm25,ce20,bi200,hybrid,hybrid,hybrid
fever:3668,bm25,ce20,ce20,bm25,bm25,ce20,bi200,bi200,bm25,ce20
fever:367,bm25,bm25,bm25,ce20,ce20,bm25,bm25,bm25,ce20,bm25
fever:36731,ce100,ce100,ce20,ce20,ce100,ce20,bi200,ce100,ce100,bi200
fever:36775,bm25,ce100,bm25,bm25,bm25,bi200,bm25,hybrid,bm25,bi200
fever:368,ce20,bm25,bm25,ce20,ce20,bm25,ce100,bm25,ce20,ce20
fever:36815,ce100,ce100,ce20,bm25,ce100,bi200,ce100,ce100,ce20,hybrid
fever:3682,ce100,ce100,ce20,bm25,ce100,bi200,ce100,hybrid,ce20,hybrid
fever:36828,bm25,ce20,bm25,bm25,ce20,bi200,ce20,bi200,bm25,bm25
fever:36829,bm25,ce20,bm25,bm25,ce20,bi200,ce20,bi200,bm25,bm25
fever:36832,bm25,ce100,ce100,ce100,ce100,bi200,bi200,ce20,bi200,bi200
fever:36833,bm25,ce100,ce100,ce100,ce100,bi200,bi200,ce20,bi200,bi200
fever:36843,ce20,ce20,ce20,bm25,ce20,ce20,ce100,bm25,ce20,ce20
fever:36844,bm25,bm25,ce20,bm25,ce20,ce20,ce100,bm25,ce20,bm25
fever:36849,ce20,ce100,ce20,ce20,ce20,ce20,ce100,ce100,ce100,hybrid
fever:36860,bm25,bm25,bm25,bm25,bm25,bm25,bm25,ce20,bm25,bm25
fever:36882,ce100,ce20,bm25,ce20,ce20,bi200,bi200,ce100,ce20,bi200
fever:36885,bm25,ce100,ce20,ce20,ce20,ce100,ce100,ce20,ce20,hybrid
fever:36886,ce100,ce100,ce100,ce20,ce20,ce100,hybrid,ce100,ce20,ce100
fever:369,bm25,ce100,ce100,bm25,ce100,bi200,bi200,bi200,bi200,bi200
fever:36922,bm25,bm25,ce20,bm25,ce20,bi200,bi200,bi200,bi200,bi200
fever:36932,ce20,ce20,bm25,bm25,ce100,ce100,bi200,hybrid,bi200,bi200
fever:36952,ce20,ce20,ce100,bm25,ce100,bi200,bi200,bi200,bi200,hybrid
fever:36953,bm25,ce100,bm25,bm25,ce100,ce100,ce100,bi200,bi200,ce20
fever:36988,bm25,bm25,bm25,bm25,bm25,hybrid,ce100,ce20,bi200,bi200
fever:370,ce100,ce100,ce100,bm25,ce100,bi200,bi200,hybrid,bi200,bi200
fever:37050,bm25,ce100,ce100,ce100,ce100,hybrid,ce100,hybrid,bi200,hybrid
fever:37052,ce20,ce20,ce20,ce20,ce20,ce20,bi200,bi200,bi200,bi200
fever:37060,ce100,bm25,ce100,ce100,ce100,bi200,ce100,ce100,bi200,hybrid
fever:37067,ce100,ce20,bm25,bm25,ce20,bi200,hybrid,hybrid,hybrid,hybrid
fever:37086,ce20,ce20,ce20,bm25,ce20,ce20,ce20,ce100,ce100,bi200
fever:37092,ce20,ce20,bm25,bm25,ce20,bi200,bi200,bi200,ce20,bm25
fever:37097,ce100,ce100,ce100,ce100,ce100,ce100,ce100,ce100,ce100,hybrid
fever:37099,ce20,ce100,ce100,ce20,ce100,bi200,bi200,ce100,hybrid,hybrid
fever:37100,ce20,ce100,ce100,ce100,ce20,bi200,ce100,ce100,ce20,bi200
fever:37112,bm25,bm25,bm25,bm25,bm25,bm25,bm25,bm25,bm25,bm25
fever:37136,ce100,ce100,bm25,ce20,bm25,ce20,ce20,hybrid,bi200,bm25
fever:37137,ce100,ce100,ce20,ce20,bm25,ce20,bm25,bi200,bi200,bi200
fever:37153,ce100,ce20,ce20,ce20,ce20,bi200,ce20,ce100,bi200,bi200
fever:37159,ce20,bm25,ce20,ce20,ce20,ce20,ce100,bm25,ce20,ce20
fever:3717,ce20,ce100,bm25,bm25,ce20,ce100,ce20,hybrid,ce20,ce20
fever:3718,ce20,ce20,bm25,bm25,ce20,ce100,ce20,hybrid,ce20,ce20
fever:37202,ce100,bm25,bm25,ce20,bm25,ce20,ce100,ce100,ce20,bi200
fever:37229,ce100,ce100,ce100,ce100,ce100,ce100,bi200,ce100,bi200,ce100
fever:37234,ce20,bm25,ce100,bm25,ce20,ce20,ce100,bm25,ce20,hybrid
fever:37250,bm25,bm25,bm25,bm25,bm25,bm25,bm25,hybrid,bm25,bi200
fever:37253,ce100,ce100,ce100,ce20,ce100,ce100,bi200,hybrid,bi200,hybrid
fever:37265,ce20,bm25,bm25,bm25,bm25,bm25,bm25,bm25,bm25,bm25
fever:3728,bm25,ce20,bm25,bm25,bm25,bi200,bi200,bm25,hybrid,hybrid
fever:37281,bm25,bm25,ce20,ce20,ce20,bm25,ce100,hybrid,ce20,bm25
fever:37282,ce20,ce20,ce20,bm25,ce20,bm25,ce100,ce20,ce20,ce20
fever:37325,ce20,bm25,bm25,ce20,ce20,hybrid,bm25,bm25,hybrid,bi200
fever:37326,ce20,bm25,bm25,ce20,ce20,hybrid,bm25,bm25,hybrid,hybrid
fever:37331,bm25,bm25,bm25,bm25,ce20,bm25,bm25,hybrid,bm25,bm25
fever:3734,bm25,bm25,bm25,bm25,ce20,ce20,ce20,bm25,hybrid,ce20
fever:37386,bm25,ce20,ce20,bm25,ce20,bm25,bm25,bm25,ce20,bm25
fever:37401,ce100,ce100,ce100,ce100,ce100,ce100,bi200,ce20,ce100,ce100
fever:37432,ce20,ce100,bm25,bm25,ce20,bm25,bm25,ce20,bm25,bm25
fever:37467,bm25,ce20,ce100,bm25,ce100,bi200,hybrid,bi200,hybrid,bi200
fever:37490,bm25,ce20,ce20,bm25,ce20,ce20,ce20,ce20,ce20,ce20
fever:37537,ce20,bm25,ce20,bm25,ce20,ce20,ce100,hybrid,ce20,hybrid
fever:37539,bm25,bm25,bm25,ce20,bm25,ce20,bm25,hybrid,hybrid,bm25
fever:37546,ce20,ce20,ce20,ce20,ce20,ce20,ce20,ce20,ce20,ce20
fever:37557,bm25,ce20,ce20,bm25,ce100,hybrid,bm25,bi200,hybrid,bi200
fever:37558,ce20,ce100,ce100,ce20,ce100,hybrid,bi200,bi200,hybrid,ce100
fever:3761,ce20,ce100,ce20,bm25,ce20,hybrid,bm25,bm25,hybrid,bi200
fever:37625,bm25,ce100,ce100,ce20,ce100,ce100,bi200,bm25,ce100,bi200
fever:37626,ce20,ce100,ce100,ce20,ce100,ce100,bi200,bm25,ce100,bi200
fever:37664,bm25,ce20,bm25,bm25,bm25,ce100,bm25,bm25,bm25,bm25
fever:37675,bm25,bm25,bm25,bm25,bm25,ce20,bm25,hybrid,bi200,bm25
fever:37691,bm25,ce20,bm25,ce20,bm25,bm25,bm25,ce20,bm25,hybrid
fever:37710,ce100,ce100,ce100,bm25,ce100,ce100,bm25,hybrid,bi200,hybrid
fever:37715,ce20,ce100,ce20,ce20,ce20,bi200,bm25,bm25,hybrid,bi200
fever:37718,bm25,ce100,ce20,bm25,ce20,ce20,ce100,hybrid,ce20,ce100
fever:37727,ce100,ce20,bm25,bm25,bm25,bm25,bm25,hybrid,hybrid,hybrid
fever:37739,bm25,ce20,bm25,bm25,bm25,ce20,bm25,bi200,bm25,hybrid
fever:37749,ce20,bm25,ce20,ce20,ce20,bm25,bm25,hybrid,bi200,bm25
fever:37768,ce20,ce20,bm25,ce20,ce20,ce20,bm25,ce20,ce20,ce20
fever:37773,ce20,bm25,ce20,bm25,bm25,hybrid,ce100,hybrid,hybrid,hybrid
fever:37792,ce100,ce100,ce20,ce100,ce100,ce100,ce100,bm25,ce100,hybrid
fever:37801,bm25,bm25,bm25,bm25,bm25,hybrid,hybrid,hybrid,hybrid,hybrid
fever:37802,bm25,bm25,bm25,bm25,bm25,hybrid,hybrid,hybrid,hybrid,hybrid
fever:37829,ce100,ce100,ce20,ce20,ce100,ce100,bm25,ce100,ce100,ce20
fever:3783,bm25,ce100,ce20,ce100,ce100,ce20,hybrid,ce20,ce20,ce20
fever:37848,ce100,ce100,ce100,ce100,ce100,ce100,hybrid,bi200,hybrid,hybrid
fever:37872,ce20,bm25,ce100,bm25,ce20,ce100,hybrid,hybrid,bi200,hybrid
fever:37878,bm25,ce20,bm25,bm25,bm25,ce20,hybrid,hybrid,hybrid,hybrid
fever:37881,ce20,ce100,ce20,bm25,ce20,ce20,ce100,ce20,ce100,ce100
fever:37887,bm25,ce100,bm25,bm25,ce20,bi200,ce100,bi200,bi200,hybrid
fever:37923,ce20,bm25,ce20,ce20,ce20,bi200,bi200,hybrid,bi200,bm25
fever:37924,ce20,ce20,ce20,ce20,ce20,bi200,bi200,bi200,bi200,ce20
fever:37929,ce100,ce100,ce100,ce100,ce100,bi200,bi200,hybrid,hybrid,hybrid
fever:3794,bm25,bm25,ce20,bm25,bm25,hybrid,bm25,ce20,bm25,bm25
fever:37945,bm25,ce20,bm25,ce20,ce100,bm25,ce20,hybrid,bi200,bi200
fever:37947,ce20,bm25,ce20,bm25,ce20,bi200,ce100,bi200,ce20,ce20
fever:3795,bm25,bm25,ce20,bm25,bm25,hybrid,bm25,ce20,bm25,bm25
fever:37960,ce20,ce20,bm25,ce20,ce20,ce100,ce100,bi200,ce20,hybrid
fever:37995,ce20,ce100,ce20,bm25,ce20,ce100,bm25,bi200,ce20,ce20
fever:37996,ce20,ce100,ce20,bm25,ce20,ce100,bm25,bm25,ce20,ce20
fever:37997,ce20,bm25,ce20,ce20,ce100,bi200,ce20,ce20,ce20,bi200
fever:38004,ce20,bm25,bm25,bm25,ce20,bi200,bm25,ce20,bm25,bm25
fever:38029,ce20,bm25,ce100,bm25,ce20,ce100,ce100,bi200,ce100,hybrid
fever:38046,ce20,ce100,bm25,ce20,ce20,bm25,ce100,bi200,hybrid,ce100
fever:38049,bm25,ce20,ce20,bm25,ce20,ce20,ce100,ce20,ce20,bm25
fever:38052,ce20,bm25,bm25,ce20,ce20,ce20,bm25,ce20,ce20,bm25
fever:38082,bm25,bm25,bm25,bm25,bm25,bm25,bm25,ce20,bm25,bm25
fever:3809,ce100,ce100,ce20,ce20,ce100,bi200,bi200,hybrid,bi200,hybrid
fever:38107,ce20,bm25,bm25,bm25,ce20,bi200,ce20,hybrid,bi200,bm25
fever:38110,ce20,ce20,bm25,ce20,ce100,ce100,ce100,hybrid,ce100,bm25
fever:38117,bm25,bm25,ce100,bm25,ce100,bi200,bi200,ce20,hybrid,bi200
fever:38124,ce100,ce20,ce20,bm25,ce20,bi200,bi200,bm25,bi200,bm25
fever:38125,ce100,bm25,ce20,ce20,ce20,bi200,ce20,hybrid,bi200,bm25
fever:38141,ce100,ce20,ce100,bm25,ce100,hybrid,ce100,hybrid,bi200,hybrid
fever:38175,bm25,ce20,ce20,bm25,ce20,ce20,ce20,ce20,ce20,bm25
fever:38183,ce20,bm25,bm25,bm25,ce20,hybrid,ce20,hybrid,bm25,ce20
fever:38210,ce100,ce100,ce20,ce100,ce20,ce100,ce100,bi200,ce20,hybrid
fever:38255,bm25,bm25,bm25,bm25,ce100,hybrid,ce20,bm25,ce20,ce20
fever:38258,bm25,bm25,ce20,bm25,bm25,bm25,ce20,bi200,bi200,bm25
fever:38262,ce20,bm25,bm25,bm25,ce20,ce100,ce20,hybrid,bm25,hybrid
fever:38267,ce20,ce100,ce100,ce20,ce100,hybrid,bm25,bi200,bi200,bi200
fever:38275,ce20,ce100,ce20,bm25,ce20,ce20,bm25,hybrid,hybrid,bi200
fever:38288,bm25,bm25,bm25,bm25,bm25,bi200,bm25,hybrid,bi200,bi200
fever:3829,bm25,ce20,bm25,bm25,ce20,ce20,bm25,ce20,ce20,ce20
fever:38299,bm25,bm25,bm25,bm25,ce100,bm25,ce100,hybrid,hybrid,bm25
fever:38312,ce100,ce100,ce100,bm25,ce100,ce100,bi200,ce100,ce100,hybrid
fever:38313,ce100,ce100,ce100,bm25,bm25,ce100,bi200,ce100,ce100,ce100
fever:38324,bm25,ce100,ce100,ce20,ce100,ce100,ce100,ce100,bi200,ce100
fever:38338,ce20,bm25,bm25,bm25,bm25,ce100,bi200,bm25,bi200,bi200
fever:38384,ce20,ce100,ce20,ce100,ce100,ce100,ce100,ce20,ce100,ce100
fever:38399,bm25,bm25,bm25,bm25,bm25,hybrid,bm25,hybrid,bm25,bm25
fever:3843,bm25,ce20,ce20,ce20,ce20,ce20,ce20,ce20,bm25,bm25
fever:38447,ce20,ce20,ce20,ce20,ce20,bi200,ce100,ce20,ce20,ce20
fever:38481,ce20,ce100,ce20,ce20,ce20,ce100,bm25,ce100,ce20,ce100
fever:38486,bm25,ce20,bm25,bm25,ce20,hybrid,ce100,bm25,hybrid,bi200
fever:38501,bm25,ce20,bm25,bm25,ce20,bm25,ce100,ce20,ce20,ce20
fever:38529,bm25,ce20,ce20,ce20,bm25,ce20,bm25,bm25,bi200,ce20
fever:38540,ce100,ce20,bm25,ce20,ce100,ce20,bi200,bi200,bi200,hybrid
fever:38549,ce20,bm25,ce20,ce100,ce20,bi200,ce100,ce20,ce20,ce20
fever:3857,ce20,ce20,ce20,bm25,bm25,ce20,hybrid,ce20,hybrid,bm25
fever:38574,ce20,bm25,bm25,bm25,bm25,bm25,ce100,ce20,hybrid,bm25
fever:38585,ce20,ce20,ce20,ce20,ce100,ce20,ce100,bm25,bi200,bm25
fever:38587,bm25,bm25,bm25,bm25,ce20,bm25,bm25,hybrid,bm25,bm25
fever:38599,bm25,bm25,bm25,bm25,bm25,bm25,bm25,ce20,ce20,bm25
fever:38654,ce20,ce20,ce20,ce20,ce20,ce20,hybrid,bm25,ce20,bm25
fever:38671,ce20,bm25,bm25,ce20,ce20,hybrid,bm25,hybrid,hybrid,hybrid
fever:38678,ce100,bm25,ce100,bm25,ce100,ce20,ce100,ce20,hybrid,hybrid
fever:38695,bm25,bm25,bm25,bm25,bm25,ce20,bm25,ce20,bm25,bm25
fever:38696,ce20,ce20,bm25,bm25,ce20,ce20,bm25,ce20,bm25,bm25
fever:38708,bm25,bm25,ce20,ce20,ce20,hybrid,bm25,hybrid,bm25,bi200
fever:38745,ce100,ce100,ce100,ce100,bm25,bi200,bi200,bi200,hybrid,bi200
fever:38750,ce20,ce20,ce20,ce20,ce20,ce100,ce100,hybrid,ce20,ce20
fever:38794,ce20,bm25,bm25,ce20,bm25,bm25,ce20,ce20,bm25,bm25
fever:38807,bm25,ce20,bm25,bm25,ce20,ce20,ce20,hybrid,bm25,hybrid
fever:38861,ce20,ce100,ce20,bm25,ce20,ce100,ce100,bm25,hybrid,bm25
fever:38898,bm25,bm25,bm25,bm25,bm25,bi200,bi200,hybrid,hybrid,bm25
fever:38904,bm25,ce20,ce100,bm25,ce20,bi200,bi200,bi200,hybrid,ce100
fever:38922,bm25,ce100,bm25,ce20,ce20,bi200,bm25,hybrid,hybrid,bm25
fever:38923,bm25,bm25,bm25,ce20,ce20,hybrid,bm25,hybrid,hybrid,bi200
fever:38925,bm25,bm25,bm25,bm25,bm25,ce20,bm25,ce20,ce20,ce20
fever:38931,bm25,ce100,ce100,ce100,bm25,hybrid,bi200,hybrid,bi200,bm25
fever:38939,ce20,ce100,ce20,ce100,ce100,ce100,ce100,bi200,ce20,bi200
fever:38940,ce100,ce100,ce20,ce100,ce100,bi200,bi200,bi200,ce20,bi200
fever:38944,bm25,bm25,bm25,bm25,bm25,ce20,bi200,bm25,bm25,bi200
fever:38947,ce20,ce100,ce20,ce20,ce20,bm25,bi200,ce100,ce100,ce100
fever:38950,ce20,bm25,ce20,bm25,ce20,ce20,ce100,hybrid,ce20,bm25
fever:39018,bm25,ce20,bm25,ce20,ce20,ce20,bm25,hybrid,hybrid,ce20
fever:39114,ce20,bm25,bm25,bm25,ce20,bi200,hybrid,hybrid,hybrid,hybrid
fever:39115,ce20,bm25,ce20,bm25,ce20,hybrid,hybrid,hybrid,hybrid,hybrid
fever:39121,ce100,ce100,ce100,bm25,ce20,bi200,bi200,bi200,hybrid,ce20
fever:39137,bm25,ce100,ce20,bm25,ce100,hybrid,bi200,bi200,hybrid,bi200
fever:39150,bm25,ce20,bm25,ce20,ce20,ce20,ce100,hybrid,ce20,ce20
fever:39171,ce20,ce20,ce100,bm25,ce20,ce20,bm25,ce20,ce20,ce20
fever:39173,ce20,bm25,ce20,ce100,bm25,ce20,bm25,ce20,ce20,ce20
fever:39174,bm25,ce20,bm25,bm25,bm25,bm25,bm25,hybrid,bi200,bm25
fever:39175,ce100,ce100,ce20,ce100,ce100,hybrid,ce100,hybrid,hybrid,hybrid
fever:39188,bm25,ce20,ce20,bm25,ce20,ce20,ce100,bi200,ce20,ce20
fever:39224,bm25,ce20,ce20,bm25,bm25,ce20,bm25,ce20,ce20,bi200
fever:39342,bm25,bm25,bm25,ce20,ce20,hybrid,bm25,bi200,bm25,hybrid
fever:39351,bm25,bm25,ce20,bm25,bm25,bm25,ce20,ce20,bm25,bm25
fever:39399,ce20,ce20,ce20,bm25,ce100,ce20,ce100,ce20,ce20,hybrid
fever:39400,ce20,bm25,ce20,bm25,ce100,ce20,ce100,ce20,ce20,ce20
fever:39405,ce20,ce20,ce20,ce20,ce20,ce100,ce100,bm25,ce20,hybrid
fever:39414,bm25,ce20,bm25,bm25,bm25,bm25,bm25,bm25,hybrid,bi200
fever:39437,bm25,ce20,bm25,bm25,ce20,ce20,bm25,ce20,ce20,bm25
fever:39448,ce20,ce100,ce20,bm25,ce20,bi200,ce100,ce100,hybrid,hybrid
fever:39452,ce20,bm25,bm25,bm25,bm25,hybrid,ce20,bm25,ce20,bm25
fever:39454,ce20,bm25,bm25,ce20,bm25,hybrid,hybrid,hybrid,hybrid,hybrid
fever:39455,ce20,ce100,bm25,ce20,bm25,hybrid,hybrid,hybrid,hybrid,hybrid
fever:39480,ce20,ce20,bm25,bm25,bm25,hybrid,bm25,hybrid,hybrid,bi200
fever:39499,bm25,ce100,ce20,ce20,ce100,bi200,bi200,bi200,hybrid,bi200
fever:39509,ce20,ce100,bm25,bm25,ce20,ce20,bm25,bm25,ce20,ce20
fever:39536,bm25,bm25,bm25,bm25,bm25,ce20,bi200,hybrid,bi200,bi200
fever:39539,ce100,ce100,ce20,bm25,ce20,ce100,ce100,bi200,ce20,ce20
fever:39545,ce100,ce100,ce20,ce100,ce100,ce100,bi200,hybrid,ce20,hybrid
fever:39564,ce20,ce20,ce20,bm25,ce20,bi200,ce20,ce20,ce100,ce20
fever:39599,ce20,ce20,ce20,ce20,ce20,ce20,ce20,ce20,ce20,ce20
fever:39605,ce20,ce20,ce20,bm25,ce20,ce100,bm25,ce100,ce100,hybrid
fever:39606,ce20,ce20,ce20,bm25,ce20,ce100,ce100,ce100,ce100,ce100
fever:39608,bm25,bm25,bm25,bm25,ce20,ce20,bm25,bm25,bm25,bm25
fever:39609,bm25,bm25,ce20,ce20,ce20,ce20,bm25,bm25,ce20,ce20
fever:39612,bm25,bm25,bm25,bm25,bm25,hybrid,ce100,ce20,bm25,ce100
fever:39615,bm25,ce100,ce100,ce100,ce100,hybrid,bi200,ce100,bi200,bi200
fever:39616,bm25,ce20,ce100,bm25,ce100,ce100,ce100,ce100,bi200,bm25
fever:39634,bm25,ce100,bm25,bm25,bm25,hybrid,bm25,ce20,hybrid,bm25
fever:39664,ce20,ce20,ce20,ce20,ce100,ce20,ce20,ce20,ce20,hybrid
fever:3967,bm25,bm25,ce20,bm25,bm25,ce20,ce100,bm25,ce20,ce20
fever:39670,bm25,ce100,ce100,bm25,bm25,bi200,ce100,bi200,bi200,bm25
fever:39716,bm25,bm25,bm25,bm25,ce20,ce20,bm25,ce20,hybrid,bm25
fever:39793,bm25,bm25,ce20,ce20,ce20,hybrid,bm25,bm25,ce20,ce20
fever:39801,ce100,ce100,ce100,ce100,ce100,ce100,ce100,ce100,ce100,hybrid
fever:39811,ce100,ce100,ce20,ce100,ce100,ce100,ce20,bi200,ce20,hybrid
fever:39832,ce100,bm25,ce20,ce100,ce100,bi200,bi200,hybrid,hybrid,bm25
fever:39833,ce20,bm25,ce100,ce20,ce100,hybrid,ce100,bi200,hybrid,bm25
fever:39855,ce100,ce20,ce100,ce20,ce20,bi200,ce100,bi200,ce100,bi200
fever:39873,bm25,ce100,ce20,bm25,bm25,ce100,ce20,hybrid,ce20,ce20
fever:39897,ce20,bm25,bm25,bm25,ce20,ce20,ce100,bm25,ce20,bm25
fever:39958,bm25,ce20,ce20,bm25,ce20,ce20,bm25,ce20,ce20,ce20
fever:39977,bm25,bm25,bm25,bm25,bm25,bm25,bm25,ce20,ce20,bm25
fever:39983,bm25,ce20,bm25,bm25,ce20,ce20,ce20,hybrid,ce20,ce20
fever:40052,bm25,ce100,bm25,ce20,ce20,bi200,bm25,hybrid,hybrid,bm25
fever:40057,ce20,ce20,bm25,bm25,ce20,ce20,ce20,ce20,bi200,bm25
fever:40086,bm25,bm25,bm25,bm25,ce20,hybrid,bi200,hybrid,bi200,bm25
fever:40124,ce100,ce100,ce100,ce100,ce100,hybrid,ce100,hybrid,ce100,hybrid
fever:40125,ce100,ce100,ce20,ce100,ce100,ce100,ce100,hybrid,ce20,ce100
fever:40144,bm25,bm25,bm25,bm25,bm25,bi200,bm25,bm25,bm25,bm25
fever:40179,bm25,ce20,ce20,ce20,bm25,ce20,bi200,hybrid,bi200,ce20
fever:40181,ce20,ce20,bm25,ce20,ce20,bi200,bi200,hybrid,hybrid,bm25
fever:40195,bm25,ce20,ce20,bm25,ce100,bi200,ce100,ce20,hybrid,hybrid
fever:40205,ce20,ce20,bm25,bm25,ce100,bi200,bi200,hybrid,bi200,hybrid
fever:40221,bm25,ce20,ce20,bm25,ce20,bi200,bi200,hybrid,ce20,hybrid
fever:40250,ce100,ce100,ce100,ce100,ce100,hybrid,ce100,hybrid,bi200,hybrid
fever:40296,ce20,ce20,ce20,ce20,ce20,ce20,ce100,ce20,ce20,ce20
fever:40305,ce100,ce100,ce100,ce100,ce100,bi200,bi200,bi200,bi200,bi200
fever:40307,ce20,ce100,ce20,ce20,ce20,ce20,ce100,ce20,ce100,ce100
fever:40325,bm25,ce100,bm25,ce20,bm25,bi200,bi200,bm25,bi200,bi200
fever:40351,ce20,ce20,ce20,bm25,ce20,ce20,bm25,ce20,ce20,ce20
fever:4039,ce100,ce100,ce100,ce100,ce100,bi200,ce100,hybrid,hybrid,ce20
fever:40396,bm25,bm25,ce100,bm25,bm25,bi200,bm25,ce20,ce100,hybrid
fever:40397,bm25,ce100,ce20,bm25,ce20,bi200,bm25,ce100,ce100,ce100
fever:4041,ce20,bm25,ce20,bm25,bm25,bi200,ce100,ce20,ce20,hybrid
fever:40417,ce100,ce100,ce20,bm25,ce100,bi200,bi200,bm25,hybrid,bm25
fever:40432,bm25,bm25,bm25,bm25,bm25,hybrid,bm25,hybrid,hybrid,bm25
fever:40442,ce20,bm25,bm25,bm25,bm25,bm25,bm25,hybrid,ce20,ce20
fever:40443,bm25,bm25,bm25,bm25,ce20,bm25,bm25,bm25,bm25,ce20
fever:40444,bm25,bm25,bm25,bm25,ce20,bm25,bm25,bm25,bm25,bm25
fever:40450,ce20,ce100,ce20,bm25,bm25,bi200,bm25,bi200,bi200,bi200
fever:40457,ce20,ce100,bm25,bm25,bm25,bi200,ce20,hybrid,ce20,ce20
fever:40469,bm25,bm25,bm25,ce20,bm25,ce20,bi200,bi200,bm25,bm25
fever:40475,ce20,ce20,ce100,ce100,ce20,ce20,hybrid,ce100,bi200,bi200
fever:40511,bm25,bm25,bm25,bm25,bm25,hybrid,ce20,ce20,bm25,bm25
fever:40527,ce20,ce20,ce20,ce20,ce100,bi200,bi200,bi200,bi200,bm25
fever:40528,ce20,ce20,ce20,ce20,ce100,bi200,bi200,bi200,ce20,bi200
fever:4058,ce20,bm25,ce20,ce20,ce20,bm25,ce20,ce100,ce20,ce100
fever:40621,ce100,ce20,ce20,bm25,ce20,bi200,ce100,bi200,hybrid,ce20
fever:40622,ce20,ce20,ce20,ce20,ce20,ce20,ce20,ce20,ce20,bm25
fever:40626,ce20,ce100,bm25,ce20,ce20,ce100,bm25,ce100,hybrid,ce20
fever:40641,ce20,ce20,ce20,ce20,ce20,ce20,ce100,ce20,ce20,ce20
fever:40642,ce100,ce100,ce100,ce100,ce20,bi200,bi200,hybrid,hybrid,hybrid
fever:40643,bm25,bm25,bm25,bm25,bm25,bi200,bi200,bm25,bi200,bi200
fever:40666,ce20,bm25,ce100,ce100,ce100,bi200,bi200,bi200,hybrid,hybrid
fever:40742,bm25,bm25,ce20,ce20,ce20,bi200,ce100,ce20,hybrid,bm25
fever:40748,ce100,ce20,ce20,bm25,ce100,bi200,bi200,bi200,bm25,bi200
fever:40755,ce100,ce100,ce20,bm25,ce100,ce100,bi200,ce20,ce20,bi200
fever:40778,ce20,bm25,bm25,bm25,ce20,ce20,ce20,bm25,bm25,ce20
fever:40785,ce100,ce20,bm25,ce100,ce100,ce20,bi200,hybrid,bi200,bi200
fever:40808,ce20,ce20,ce20,ce20,ce20,ce20,bi200,bm25,bi200,hybrid
fever:40833,bm25,ce20,ce20,ce100,ce20,ce20,ce20,hybrid,ce20,ce20
fever:40858,ce20,ce20,ce20,bm25,bm25,bi200,bi200,hybrid,ce20,bm25
fever:40859,bm25,bm25,bm25,bm25,bm25,bi200,bi200,ce20,ce20,bm25
fever:40863,ce100,ce20,ce100,bm25,ce100,bi200,ce100,hybrid,hybrid,ce20
fever:40883,ce20,bm25,ce100,bm25,ce100,hybrid,bm25,bm25,ce100,hybrid
fever:4090,ce100,bm25,ce100,bm25,ce100,ce100,ce100,ce20,hybrid,ce20
fever:4091,bm25,bm25,bm25,bm25,bm25,ce20,ce100,ce20,hybrid,ce20
fever:40921,ce20,ce20,bm25,ce20,bm25,bi200,bi200,bm25,bi200,bm25
fever:40922,ce100,ce20,ce100,ce20,ce100,hybrid,bi200,ce100,bi200,hybrid
fever:40944,bm25,ce100,ce20,bm25,ce20,bm25,bi200,ce20,hybrid,bi200
fever:40992,ce20,ce100,ce100,ce20,bm25,bi200,bm25,ce20,ce100,bi200
fever:4100,ce100,ce20,ce20,ce20,ce100,bi200,bi200,hybrid,bi200,hybrid
fever:41003,ce20,bm25,ce100,bm25,bm25,ce20,ce100,ce20,ce20,bm25
fever:41049,ce100,ce20,bm25,bm25,ce100,bi200,bm25,bm25,bm25,bi200
fever:41090,ce100,ce100,bm25,ce100,ce20,bi200,bi200,hybrid,hybrid,bi200
fever:41091,bm25,ce100,bm25,ce100,ce100,hybrid,bi200,hybrid,bi200,bi200
fever:41097,bm25,ce20,ce20,bm25,ce100,hybrid,bm25,bi200,bi200,bi200
fever:41120,ce20,ce20,ce100,ce20,ce100,bi200,ce20,ce100,bi200,ce20
fever:41123,bm25,ce100,ce20,ce20,bm25,ce100,ce100,hybrid,bi200,hybrid
fever:41150,ce20,ce20,ce20,ce20,ce20,bi200,bi200,hybrid,bi200,bi200
fever:41198,ce20,ce20,ce100,ce20,ce100,hybrid,ce100,hybrid,ce20,ce20
fever:41199,ce100,bm25,ce100,ce20,ce20,ce100,ce100,hybrid,ce20,ce20
fever:41221,bm25,ce100,ce100,ce20,bm25,ce100,bm25,hybrid,bi200,ce20
fever:41265,ce20,ce20,ce20,ce20,ce20,ce100,bm25,ce100,ce20,ce100
fever:41266,ce100,ce20,ce20,ce100,ce100,bi200,ce100,bi200,hybrid,ce100
fever:41290,ce20,ce20,ce100,ce100,ce20,ce100,ce100,hybrid,ce100,ce100
fever:41316,bm25,ce20,bm25,bm25,ce20,ce20,bm25,ce20,ce20,bm25
fever:4132,ce20,ce20,ce20,ce20,ce20,ce20,ce100,bm25,ce20,ce100
fever:41330,ce20,ce20,bm25,ce20,ce20,bm25,bm25,ce20,ce20,bi200
fever:41337,ce20,bm25,bm25,bm25,bm25,ce100,bi200,bm25,bm25,bi200
fever:4134,bm25,bm25,bm25,ce20,ce20,ce20,bm25,bm25,ce20,ce20
fever:41419,bm25,bm25,bm25,bm25,bm25,bi200,bm25,hybrid,hybrid,hybrid
fever:41441,bm25,bm25,bm25,bm25,ce20,bm25,ce20,bm25,bm25,ce20
fever:41452,ce100,ce100,ce100,ce100,ce100,ce100,ce100,ce100,hybrid,ce100
fever:41480,ce20,bm25,ce100,ce100,ce20,bi200,ce100,ce100,ce100,bi200
fever:41492,ce20,bm25,bm25,bm25,ce20,ce20,ce20,hybrid,hybrid,bm25
fever:41515,bm25,bm25,bm25,bm25,bm25,bm25,bm25,bm25,bm25,bm25
fever:41518,bm25,ce20,bm25,bm25,ce100,ce100,ce20,hybrid,bi200,hybrid
fever:41571,bm25,bm25,bm25,bm25,bm25,bm25,ce20,hybrid,ce20,bm25
fever:41606,ce20,bm25,bm25,bm25,bm25,bi200,bm25,bi200,bm25,bm25
fever:41634,bm25,bm25,bm25,bm25,bm25,bm25,bm25,bm25,bm25,ce20
fever:41656,ce20,bm25,bm25,bm25,bm25,bi200,bi200,bi200,ce20,bm25
fever:41661,ce20,ce100,ce20,bm25,ce100,ce100,bi200,bm25,ce20,hybrid
fever:41665,bm25,ce20,ce20,bm25,bm25,ce100,bi200,bi200,hybrid,bm25
fever:41703,ce100,ce100,ce100,ce100,ce100,ce100,ce100,bi200,ce100,bm25
fever:4171,ce100,ce100,ce100,ce100,ce100,ce100,ce100,ce100,ce100,ce100
fever:41711,ce20,ce100,bm25,bm25,ce20,bi200,ce100,hybrid,bi200,bi200
fever:4172,ce100,ce100,ce100,ce100,ce100,ce20,ce100,ce100,ce100,ce100
fever:41728,bm25,bm25,bm25,bm25,bm25,bm25,bm25,bm25,bm25,bm25
fever:41764,bm25,bm25,bm25,ce20,ce20,bi200,hybrid,bm25,ce20,bi200
fever:41780,bm25,bm25,bm25,bm25,bm25,bi200,bm25,bm25,bi200,bm25
fever:41786,bm25,ce20,ce20,bm25,ce20,ce20,bm25,ce20,ce20,bm25
fever:4179,ce100,ce100,ce20,bm25,ce100,bi200,bi200,bi200,bi200,bi200
fever:41790,ce100,ce20,ce20,bm25,ce20,ce20,ce100,ce20,ce20,bm25
fever:41803,ce20,bm25,bm25,bm25,ce20,hybrid,ce20,ce100,ce100,hybrid
fever:41810,ce20,ce20,ce100,ce100,ce20,ce100,bi200,bi200,hybrid,ce20
fever:41811,bm25,ce20,bm25,bm25,bm25,ce20,bm25,bm25,bm25,bm25
fever:41820,bm25,ce20,bm25,bm25,bm25,hybrid,ce20,ce20,ce20,hybrid
fever:41821,bm25,ce20,ce20,bm25,bm25,hybrid,ce100,ce20,hybrid,hybrid
fever:41829,bm25,ce20,bm25,bm25,ce20,ce20,bm25,ce20,ce20,bm25
fever:41833,ce20,ce20,ce100,bm25,ce20,ce100,bi200,hybrid,hybrid,hybrid
fever:41840,bm25,bm25,bm25,bm25,bm25,ce100,bi200,hybrid,hybrid,hybrid
fever:41848,ce100,ce100,ce100,ce100,ce20,ce100,bi200,hybrid,hybrid,hybrid
fever:41850,ce20,ce100,bm25,bm25,ce100,bi200,hybrid,hybrid,hybrid,hybrid
fever:419,ce20,ce20,bm25,bm25,ce20,bi200,bi200,ce20,bi200,hybrid
fever:41923,bm25,bm25,bm25,ce20,bm25,ce20,bm25,hybrid,hybrid,bi200
fever:41935,ce20,ce20,ce20,ce20,bm25,ce20,ce100,ce20,bm25,bi200
fever:41947,bm25,ce20,ce20,bm25,ce20,ce20,ce100,ce20,ce20,ce20
fever:41953,bm25,bm25,ce20,ce20,bm25,ce20,ce100,ce100,ce20,ce20
fever:41975,ce20,ce100,ce100,ce100,ce100,ce100,bm25,ce20,bi200,hybrid
fever:41976,ce100,ce100,ce100,ce100,ce100,ce100,ce20,ce20,hybrid,ce100
fever:41980,ce20,ce20,ce20,bm25,bm25,ce20,hybrid,ce20,bi200,hybrid
fever:420,bm25,bm25,bm25,bm25,bm25,bi200,bi200,bm25,bi200,bm25
fever:42024,bm25,bm25,bm25,bm25,bm25,bm25,bm25,ce20,bm25,bm25
fever:42026,ce100,bm25,bm25,bm25,ce20,hybrid,bm25,bm25,hybrid,bm25
fever:42027,bm25,bm25,bm25,bm25,ce20,hybrid,bm25,bm25,bm25,bm25
fever:42041,ce100,ce100,ce100,ce100,ce100,bi200,hybrid,ce100,hybrid,bi200
fever:42052,ce100,ce100,ce20,bm25,ce100,ce100,bi200,ce100,bi200,ce100
fever:42072,ce100,bm25,ce20,bm25,ce20,bi200,ce100,hybrid,bi200,ce20
fever:42117,bm25,ce100,bm25,ce20,ce20,hybrid,bi200,bi200,bm25,ce100
fever:42152,bm25,ce100,ce20,ce20,ce20,ce20,ce20,bm25,ce20,hybrid
fever:42165,ce20,ce20,ce20,ce20,ce20,bi200,bi200,hybrid,bi200,ce100
fever:42173,bm25,ce20,ce20,bm25,ce20,ce100,bm25,hybrid,bm25,ce20
fever:42174,ce20,ce20,bm25,ce20,ce20,ce20,ce100,bm25,ce20,hybrid
fever:42184,ce100,ce100,ce100,bm25,ce100,bi200,ce100,ce100,ce100,ce100
fever:42187,ce100,bm25,bm25,ce100,bm25,ce100,bm25,bi200,bi200,hybrid
fever:42188,ce100,ce20,bm25,ce100,bm25,ce100,bi200,bi200,hybrid,hybrid
fever:422,ce20,ce20,ce20,bm25,ce20,ce20,ce100,bm25,ce20,ce20
fever:42201,ce20,bm25,bm25,bm25,ce100,bi200,ce100,hybrid,ce20,bm25
fever:42209,ce100,ce20,bm25,bm25,bm25,hybrid,bi200,hybrid,hybrid,hybrid
fever:42213,bm25,ce20,bm25,bm25,ce20,ce20,ce20,ce20,bm25,bm25
fever:42215,bm25,bm25,bm25,bm25,bm25,bm25,bm25,hybrid,ce20,bm25
fever:42223,ce20,ce100,ce100,bm25,ce100,ce100,bm25,bm25,bi200,hybrid
fever:42226,ce20,bm25,bm25,bm25,ce20,bi200,hybrid,hybrid,hybrid,bm25
fever:42258,bm25,bm25,bm25,bm25,bm25,bm25,bi200,bm25,bm25,bm25
fever:42274,bm25,ce100,bm25,bm25,bm25,hybrid,bm25,hybrid,ce20,bm25
fever:42300,ce20,bm25,bm25,bm25,ce20,bi200,ce100,ce20,bi200,bm25
fever:42339,ce100,ce20,ce100,ce20,ce100,ce100,ce100,ce100,bi200,hybrid
fever:42343,ce20,ce100,ce100,bm25,bm25,ce100,bi200,ce20,ce20,ce20
fever:42344,ce20,bm25,bm25,bm25,ce20,hybrid,bm25,ce100,ce20,bi200
fever:42350,ce20,ce20,bm25,ce20,ce20,ce20,ce100,ce20,ce20,bm25
fever:42362,ce20,ce20,ce20,bm25,ce20,ce20,ce20,bm25,ce20,bm25
fever:42385,ce20,bm25,bm25,bm25,bm25,bm25,bm25,hybrid,hybrid,bm25
fever:42390,ce20,ce20,ce20,bm25,ce100,ce20,ce100,ce100,ce20,ce20
fever:42397,ce100,ce20,ce20,ce20,ce20,ce20,ce100,bm25,bi200,hybrid
fever:4240,bm25,bm25,ce20,bm25,bm25,ce100,bi200,bm25,hybrid,ce20
fever:42406,bm25,bm25,bm25,bm25,bm25,bi200,bm25,bm25,ce20,bm25
fever:42412,bm25,bm25,bm25,bm25,ce20,bi200,bm25,hybrid,hybrid,hybrid
fever:4246,ce20,bm25,ce20,ce20,bm25,bi200,hybrid,hybrid,bi200,hybrid
fever:42470,ce100,ce100,ce100,ce100,ce100,ce100,ce100,ce100,ce100,ce100
fever:42493,ce100,ce20,bm25,bm25,bm25,hybrid,bm25,bm25,bm25,hybrid
fever:4251,ce20,ce20,bm25,bm25,bm25,bm25,bi200,bi200,hybrid,bi200
fever:42559,bm25,bm25,bm25,bm25,bm25,bm25,bm25,ce20,bi200,bm25
fever:42583,bm25,ce20,bm25,bm25,ce100,bi200,bm25,bm25,hybrid,hybrid
fever:42594,ce20,bm25,ce20,bm25,ce20,ce20,bm25,ce20,ce100,ce20
fever:426,bm25,ce100,ce100,bm25,bm25,ce100,bm25,hybrid,bm25,bm25
fever:42611,ce20,bm25,bm25,bm25,ce20,bi200,bi200,ce20,bi200,bm25
fever:42612,ce20,ce20,bm25,bm25,ce20,bi200,bi200,bm25,bi200,bm25
fever:42619,bm25,ce20,ce20,ce20,bm25,hybrid,ce100,hybrid,bi200,ce20
fever:42620,bm25,ce20,bm25,bm25,bm25,hybrid,bi200,bm25,bm25,bm25
fever:42628,bm25,ce100,bm25,bm25,bm25,hybrid,bm25,ce20,bm25,bm25
fever:42643,bm25,ce20,bm25,bm25,ce20,ce20,bi200,bm25,hybrid,bm25
fever:42652,bm25,ce20,bm25,ce100,ce100,bi200,bi200,ce20,hybrid,ce20
fever:42669,ce20,ce100,ce20,bm25,ce100,ce20,ce20,bm25,ce20,ce20
fever:4267,ce20,ce100,ce100,bm25,ce100,bi200,bm25,bi200,bi200,hybrid
fever:42686,bm25,bm25,ce20,bm25,ce20,ce20,ce20,hybrid,ce20,bm25
fever:42709,bm25,ce100,ce20,ce100,ce20,bi200,ce100,ce100,ce20,ce20
fever:42720,ce20,ce20,bm25,bm25,ce20,bi200,ce100,ce20,ce20,bm25
fever:42722,ce20,ce20,ce20,ce20,ce20,ce20,bi200,hybrid,bi200,hybrid
fever:4273,ce100,ce20,ce20,bm25,bm25,bi200,bi200,bi200,bi200,bi200
fever:42770,ce20,ce20,bm25,ce20,ce100,bi200,bi200,hybrid,hybrid,ce20
fever:4280,ce100,ce20,bm25,bm25,ce20,hybrid,bi200,bi200,hybrid,bi200
fever:42817,bm25,bm25,bm25,bm25,ce20,bi200,bm25,hybrid,bm25,bm25
fever:42841,ce100,ce20,bm25,ce20,ce20,hybrid,hybrid,hybrid,hybrid,hybrid
fever:42888,bm25,bm25,bm25,ce20,bm25,bm25,bm25,bi200,ce20,bi200
fever:42922,bm25,ce100,ce20,bm25,ce100,ce100,ce20,ce100,hybrid,hybrid
fever:42924,ce20,ce20,ce20,ce20,ce100,ce20,ce100,ce20,ce20,bm25
fever:42933,ce20,bm25,ce20,ce20,ce20,ce100,ce20,hybrid,bm25,bm25
fever:42943,bm25,bm25,ce20,bm25,ce20,bm25,ce100,ce20,ce20,ce20
fever:42954,bm25,ce100,bm25,bm25,bm25,hybrid,bi200,hybrid,hybrid,bi200
fever:42963,ce20,bm25,bm25,ce20,bm25,ce20,ce100,ce20,ce20,ce20
fever:42964,ce20,ce100,bm25,ce20,bm25,ce100,bm25,hybrid,hybrid,ce20
fever:42966,bm25,ce100,bm25,ce20,bm25,bm25,bm25,hybrid,ce20,ce20
fever:42974,ce20,ce20,ce20,ce20,ce20,bi200,ce100,bm25,bi200,bm25
fever:42982,ce20,ce100,bm25,bm25,ce100,bi200,ce20,ce20,bi200,ce20
fever:42998,bm25,ce20,ce20,ce20,ce20,ce20,bm25,bm25,ce20,ce20
fever:43008,ce100,ce100,ce100,ce100,ce100,bi200,ce100,bi200,bi200,bi200
fever:43009,ce100,ce100,ce100,ce100,ce100,bi200,ce100,bi200,bi200,bi200
fever:43011,ce100,bm25,ce100,ce100,ce100,ce100,bi200,bi200,bi200,bi200
fever:43041,bm25,ce100,ce100,bm25,ce100,bi200,hybrid,hybrid,bi200,bi200
fever:43042,bm25,ce100,ce100,ce100,ce100,bi200,bi200,bi200,bi200,bi200
fever:43078,ce20,ce100,ce100,ce100,ce20,ce100,ce100,ce100,ce20,ce20
fever:43080,bm25,ce20,ce20,bm25,bm25,bi200,bm25,bm25,bm25,bm25
fever:43109,bm25,bm25,bm25,bm25,bm25,hybrid,bm25,bm25,bm25,bm25
fever:43110,bm25,bm25,bm25,bm25,bm25,hybrid,bm25,bm25,ce20,bm25
fever:43141,bm25,bm25,ce100,bm25,ce20,ce20,bm25,bm25,ce20,ce20
fever:4315,bm25,bm25,bm25,bm25,bm25,ce100,bm25,bi200,bm25,bm25
fever:43153,bm25,bm25,bm25,bm25,bm25,bm25,bm25,hybrid,bm25,bm25
fever:43168,bm25,ce20,ce20,bm25,ce100,ce20,ce100,ce20,ce20,ce20
fever:43170,bm25,ce100,ce20,bm25,ce20,bi200,bi200,hybrid,hybrid,hybrid
fever:43171,bm25,ce100,ce20,bm25,ce100,bi200,bi200,bi200,hybrid,hybrid
fever:43300,ce20,bm25,bm25,bm25,ce20,hybrid,hybrid,hybrid,hybrid,hybrid
fever:43317,ce20,bm25,ce100,ce100,ce100,ce100,ce100,ce20,ce100,hybrid
fever:43326,ce100,ce20,ce20,bm25,ce20,bi200,bi200,bi200,hybrid,bi200
fever:43378,bm25,bm25,ce20,ce100,ce100,ce20,ce100,bm25,ce20,bi200
fever:43437,ce100,ce100,ce100,ce100,ce100,ce100,bi200,bi200,hybrid,bi200
fever:43444,bm25,bm25,bm25,ce20,ce20,ce20,ce100,hybrid,hybrid,bm25
fever:43458,ce20,ce100,ce100,ce100,ce100,ce100,ce100,hybrid,bi200,hybrid
fever:43459,ce100,ce100,ce100,ce100,ce100,ce100,ce100,ce100,hybrid,ce100
fever:43460,ce20,ce20,ce20,ce20,ce20,ce100,ce100,ce20,ce20,ce20
fever:43468,bm25,bm25,bm25,ce20,ce20,bm25,bm25,bm25,ce20,bm25
fever:43475,ce20,bm25,ce100,bm25,ce100,hybrid,bm25,bi200,hybrid,bm25
fever:43478,ce20,bm25,bm25,bm25,bm25,bi200,bm25,hybrid,bi200,bm25
fever:4350,bm25,bm25,ce20,bm25,ce20,ce20,bm25,ce20,bi200,bm25
fever:4351,bm25,ce20,ce20,bm25,ce20,ce20,ce100,bm25,ce20,ce20
fever:43510,ce100,ce20,bm25,bm25,bm25,hybrid,bi200,bm25,bm25,bi200
fever:43515,ce20,bm25,bm25,bm25,bm25,ce20,bm25,ce20,bm25,bi200
fever:43516,ce20,ce20,ce20,bm25,bm25,ce20,bm25,ce20,bm25,bi200
fever:43522,ce20,bm25,bm25,ce20,ce20,hybrid,hybrid,hybrid,hybrid,hybrid
fever:43523,ce20,ce20,bm25,ce20,ce20,hybrid,hybrid,hybrid,hybrid,hybrid
fever:43526,bm25,ce20,bm25,ce20,ce20,ce20,bm25,ce20,bi200,ce20
fever:43535,ce20,ce100,ce20,ce20,ce20,ce100,ce100,ce20,ce20,bi200
fever:43554,ce20,ce100,ce100,ce20,ce20,ce100,ce100,bi200,ce100,ce100
fever:43563,bm25,bm25,bm25,bm25,bm25,ce20,ce20,ce20,bi200,ce20
fever:43564,bm25,ce20,bm25,bm25,bm25,bm25,bm25,bm25,bm25,bm25
fever:43593,ce20,bm25,bm25,ce100,ce20,bi200,bi200,bi200,bi200,bi200
fever:43608,ce100,ce20,ce100,ce20,ce100,ce20,ce100,ce100,ce100,hybrid
fever:43621,bm25,bm25,bm25,bm25,bm25,ce20,bm25,ce20,bm25,bm25
fever:43641,ce20,ce100,bm25,bm25,ce20,hybrid,bi200,hybrid,hybrid,bi200
fever:43644,bm25,ce20,bm25,bm25,ce100,ce20,ce20,hybrid,ce20,hybrid
fever:43646,ce20,ce20,ce20,bm25,bm25,ce20,bi200,hybrid,ce100,bi200
fever:43666,ce20,ce20,bm25,bm25,ce20,ce100,bm25,hybrid,ce20,ce20
fever:43667,bm25,ce20,ce20,bm25,ce100,ce20,bi200,bm25,bi200,bm25
fever:43696,ce20,bm25,bm25,bm25,bm25,bi200,bm25,bm25,bm25,bi200
fever:43697,ce20,bm25,bm25,bm25,bm25,bi200,bm25,ce20,hybrid,bi200
fever:43698,ce100,bm25,bm25,ce100,bm25,ce100,ce100,ce100,ce20,ce20
fever:43702,ce100,ce100,bm25,ce100,ce100,bi200,bm25,ce20,bm25,hybrid
fever:43776,bm25,ce20,ce20,bm25,ce20,ce20,ce20,bm25,ce20,bm25
fever:43806,ce20,bm25,ce100,ce100,ce100,bi200,bi200,bi200,bi200,bi200
fever:43811,ce100,ce100,ce100,ce100,ce100,ce20,bi200,hybrid,hybrid,ce100
fever:43812,bm25,bm25,ce100,ce100,ce100,ce100,ce100,hybrid,bi200,hybrid
fever:43813,ce100,bm25,bm25,ce100,ce100,ce100,ce100,hybrid,bi200,hybrid
fever:43842,ce20,bm25,ce20,bm25,ce20,bi200,bm25,ce20,hybrid,hybrid
fever:43862,ce20,ce20,ce20,ce100,ce20,ce20,bi200,bi200,hybrid,hybrid
fever:43900,bm25,bm25,bm25,bm25,bm25,hybrid,bm25,hybrid,hybrid,hybrid
fever:43905,bm25,ce100,ce100,bm25,bm25,bi200,ce100,hybrid,hybrid,hybrid
fever:43906,ce100,ce100,ce100,bm25,ce100,bi200,ce100,hybrid,hybrid,hybrid
fever:4391,ce100,ce100,bm25,bm25,bm25,bi200,bi200,bi200,bi200,bi200
fever:43920,bm25,bm25,bm25,bm25,bm25,bm25,ce20,ce20,bm25,bm25
fever:43964,ce20,bm25,ce20,bm25,ce20,ce20,ce20,bi200,bi200,bm25
fever:43974,bm25,bm25,bm25,bm25,bm25,bm25,bm25,ce20,ce20,bm25
fever:43981,ce100,ce100,ce100,ce100,ce100,bi200,ce100,bi200,hybrid,hybrid
fever:44061,ce100,ce20,bm25,ce20,ce100,ce20,ce100,hybrid,ce20,bm25
fever:44156,ce100,ce100,ce20,ce20,ce20,ce100,ce100,ce100,ce20,ce100
fever:44180,ce100,ce20,ce20,ce20,ce20,bi200,bi200,ce100,bi200,hybrid
fever:44214,ce20,ce20,bm25,bm25,ce20,bi200,ce100,hybrid,bi200,hybrid
fever:44223,ce100,bm25,bm25,ce100,ce100,bi200,ce100,bi200,hybrid,hybrid
fever:4423,ce100,ce20,ce20,ce20,ce20,ce20,ce100,bm25,ce20,ce20
fever:44239,ce20,ce20,ce20,ce20,ce20,ce20,bm25,bm25,ce20,ce20
fever:44240,bm25,ce20,ce20,ce20,ce20,ce20,ce100,ce20,ce20,ce20
fever:44277,ce100,ce100,ce100,ce100,ce100,bi200,hybrid,hybrid,hybrid,hybrid
fever:44291,ce100,ce20,ce20,bm25,ce100,ce100,bi200,hybrid,hybrid,hybrid
fever:44327,ce20,ce100,bm25,ce20,bm25,ce100,hybrid,hybrid,hybrid,ce20
fever:4433,bm25,ce100,ce100,bm25,ce100,bi200,bi200,bm25,bi200,bm25
fever:44332,ce20,ce20,ce20,bm25,ce20,bm25,ce100,ce20,ce20,ce20
fever:44334,bm25,bm25,ce20,bm25,bm25,ce20,ce20,ce20,ce20,bi200
fever:44347,bm25,ce20,ce20,ce20,bm25,ce100,ce20,ce20,ce20,bm25
fever:44361,ce20,ce20,ce20,ce20,bm25,bm25,bm25,ce20,ce20,bm25
fever:44380,bm25,bm25,ce20,bm25,ce100,ce20,ce20,ce20,ce20,ce20
fever:44381,ce20,bm25,bm25,bm25,ce20,ce100,ce20,hybrid,bm25,bm25
fever:44383,bm25,bm25,bm25,bm25,bm25,ce20,bm25,bm25,bm25,bm25
fever:44396,ce20,ce20,ce20,bm25,ce20,hybrid,bm25,ce20,ce20,ce20
fever:44397,ce20,ce100,ce100,ce100,ce100,bi200,ce100,hybrid,ce20,ce20
fever:44427,ce100,bm25,ce100,ce20,ce100,bi200,ce100,bi200,hybrid,hybrid
fever:4445,bm25,bm25,bm25,bm25,ce20,bi200,ce20,hybrid,ce20,bm25
fever:44452,bm25,bm25,bm25,bm25,bm25,ce20,bm25,ce20,bm25,bm25
fever:44497,bm25,ce20,bm25,bm25,bm25,ce20,bm25,hybrid,bm25,bm25
fever:44512,ce20,ce100,bm25,ce20,ce100,hybrid,bi200,hybrid,hybrid,hybrid
fever:44544,bm25,ce20,ce20,bm25,ce20,ce20,bm25,ce20,ce20,bm25
fever:44552,ce20,ce20,ce100,bm25,ce100,bi200,ce100,hybrid,ce20,bm25
fever:44565,ce100,ce100,ce20,bm25,ce100,bi200,bm25,bm25,hybrid,hybrid
fever:44566,ce20,ce100,ce20,bm25,ce100,ce20,bm25,bm25,hybrid,hybrid
fever:4458,bm25,ce20,bm25,bm25,ce20,bm25,ce20,bm25,ce20,ce100
fever:446,ce100,ce100,ce20,ce20,ce20,ce20,hybrid,bm25,hybrid,ce20
fever:44605,ce20,bm25,ce20,bm25,ce20,ce20,bm25,ce20,ce20,bm25
fever:44610,ce100,ce100,ce100,bm25,bm25,ce20,ce20,ce100,ce20,bi200
fever:44617,ce100,bm25,bm25,ce20,ce20,ce20,ce100,hybrid,hybrid,bm25
fever:44703,bm25,ce20,bm25,bm25,bm25,bm25,bm25,bm25,bm25,bm25
fever:44710,bm25,ce20,bm25,bm25,bm25,ce100,bi200,bm25,ce20,bm25
fever:44720,ce20,bm25,bm25,bm25,bm25,bi200,bm25,bm25,hybrid,bi200
fever:44721,ce20,ce100,ce100,ce20,ce100,bi200,ce100,bi200,bi200,hybrid
fever:44722,ce20,ce100,ce20,bm25,ce100,bi200,bi200,bi200,bi200,hybrid
fever:44732,bm25,bm25,bm25,bm25,bm25,ce20,ce100,ce20,ce20,bm25
fever:44754,ce20,ce100,bm25,bm25,bm25,bi200,bi200,hybrid,hybrid,hybrid
fever:44755,bm25,ce20,bm25,bm25,ce20,ce20,ce20,ce20,ce20,bi200
fever:44787,bm25,bm25,bm25,bm25,bm25,bm25,bm25,bm25,bm25,bm25
fever:44801,bm25,bm25,bm25,bm25,bm25,bm25,bm25,bm25,bi200,bi200
fever:44809,ce20,bm25,bm25,ce20,ce20,bm25,bm25,hybrid,bm25,bm25
fever:44837,ce20,ce20,ce20,bm25,ce20,ce20,bm25,bm25,ce20,ce20
fever:44856,ce20,bm25,bm25,bm25,ce20,bi200,bm25,bi200,hybrid,bi200
fever:44864,ce20,ce20,ce20,bm25,ce20,hybrid,bi200,bm25,bi200,bi200
fever:44889,bm25,ce100,bm25,bm25,ce100,ce100,ce20,hybrid,hybrid,ce100
fever:44890,ce100,ce100,bm25,bm25,ce20,ce100,ce20,hybrid,bm25,ce100
fever:44899,ce20,bm25,bm25,ce20,ce20,bi200,hybrid,ce100,bm25,bi200
fever:44927,ce20,bm25,ce20,bm25,ce100,ce20,bm25,ce100,ce20,hybrid
fever:44928,ce20,ce20,ce20,bm25,ce20,ce20,ce20,ce100,ce20,ce100
fever:44946,bm25,ce100,ce100,bm25,ce100,bi200,bi200,bi200,hybrid,hybrid
fever:44950,bm25,bm25,bm25,bm25,ce20,bm25,bm25,bm25,bm25,bm25
fever:44955,bm25,ce100,bm25,bm25,ce100,ce100,ce20,hybrid,hybrid,ce20
fever:44987,ce20,bm25,ce20,bm25,ce20,ce20,ce100,hybrid,hybrid,hybrid
fever:4499,bm25,bm25,bm25,bm25,bm25,bi200,bm25,bm25,bi200,bi200
fever:44998,ce100,ce20,bm25,ce20,bm25,hybrid,ce100,hybrid,hybrid,hybrid
fever:4500,bm25,ce20,bm25,bm25,bm25,bi200,bm25,bm25,bi200,bi200
fever:45014,ce100,ce100,bm25,bm25,bm25,ce100,bi200,hybrid,hybrid,hybrid
fever:45018,ce20,ce20,ce20,bm25,ce20,ce20,bm25,bm25,bm25,bm25
fever:45036,ce100,bm25,bm25,bm25,ce20,hybrid,ce100,hybrid,hybrid,hybrid
fever:4506,ce100,ce100,ce100,ce20,ce100,bi200,bm25,bm25,bi200,bi200
fever:45085,bm25,bm25,bm25,ce20,ce20,ce20,bm25,bm25,bm25,bi200
fever:45109,ce20,bm25,ce20,ce20,ce20,bi200,ce100,bi200,ce20,hybrid
fever:45124,bm25,ce20,ce20,bm25,ce20,ce100,bm25,hybrid,ce20,bi200
fever:45143,ce20,ce20,ce20,bm25,bm25,bm25,ce20,ce20,ce20,ce100
fever:45180,bm25,ce20,ce20,bm25,ce20,ce20,bi200,hybrid,bm25,bi200
fever:45192,bm25,bm25,bm25,bm25,bm25,bi200,bm25,ce20,ce20,ce20
fever:45205,ce20,bm25,ce100,ce20,ce20,ce100,ce100,ce20,ce100,ce100
fever:45217,ce100,ce100,ce100,ce20,ce100,hybrid,ce100,hybrid,hybrid,bm25
fever:45220,ce100,ce20,ce20,bm25,ce100,bi200,ce100,hybrid,hybrid,hybrid
fever:45226,ce100,ce100,ce100,ce100,ce100,ce100,ce100,ce100,hybrid,ce100
fever:4529,bm25,ce20,ce20,bm25,bm25,bm25,bm25,ce20,ce20,bm25
fever:45302,bm25,ce20,bm25,bm25,ce20,bi200,bi200,bm25,bm25,bm25
fever:45310,ce20,ce100,bm25,bm25,bm25,bm25,bm25,hybrid,hybrid,bi200
fever:45345,bm25,ce100,bm25,bm25,ce100,ce100,bm25,ce20,bm25,ce20
fever:45349,bm25,ce100,bm25,ce20,ce100,ce100,bm25,bm25,bm25,bi200
fever:4536,ce20,bm25,bm25,ce20,ce100,ce20,bm25,ce20,bm25,bm25
fever:45364,bm25,bm25,bm25,bm25,bm25,hybrid,ce100,ce20,ce20,hybrid
fever:4537,ce20,bm25,ce20,ce20,ce20,ce100,ce20,hybrid,bm25,ce20
fever:45374,bm25,ce100,ce100,bm25,bm25,ce100,ce100,bm25,ce20,hybrid
fever:45376,bm25,ce100,bm25,ce20,bm25,hybrid,bi200,ce100,bi200,bi200
fever:45384,bm25,bm25,bm25,bm25,ce20,bi200,hybrid,hybrid,bi200,bi200
fever:45394,ce20,bm25,ce100,ce20,ce20,bi200,hybrid,bi200,hybrid,bi200
fever:45396,ce20,ce20,bm25,bm25,ce20,hybrid,ce100,hybrid,ce100,bi200
fever:45400,ce20,bm25,bm25,bm25,ce20,ce20,ce20,hybrid,bm25,bm25
fever:45439,ce100,ce20,ce20,bm25,ce20,bi200,bi200,hybrid,hybrid,bi200
fever:45440,ce100,ce20,ce20,bm25,ce20,ce20,bi200,hybrid,ce20,bi200
fever:45447,ce20,bm25,bm25,bm25,ce20,bm25,ce20,ce20,ce20,bm25
fever:45465,bm25,ce20,ce20,bm25,ce20,ce20,ce20,ce20,ce20,bm25
fever:455,ce20,bm25,bm25,bm25,bm25,bi200,bi200,ce20,bi200,hybrid
fever:45515,bm25,bm25,bm25,bm25,bm25,bm25,bm25,ce20,bm25,bi200
fever:45522,bm25,ce20,ce20,bm25,ce20,ce20,ce100,bm25,ce20,ce20
fever:45557,ce20,ce20,ce20,bm25,ce20,bi200,ce20,ce20,ce20,ce20
fever:45565,ce20,bm25,ce20,bm25,bm25,ce20,bm25,ce20,ce20,ce100
fever:45566,bm25,bm25,bm25,bm25,ce20,ce20,ce20,bi200,ce20,hybrid
fever:45574,ce100,ce100,bm25,bm25,bm25,ce20,ce20,hybrid,bi200,bm25
fever:45575,bm25,ce20,bm25,ce20,bm25,ce100,bi200,bm25,bi200,bi200
fever:45581,ce20,bm25,bm25,bm25,ce100,ce100,ce20,ce20,hybrid,bm25
fever:45585,ce20,ce20,ce20,bm25,ce20,ce20,ce20,ce20,hybrid,ce20
fever:45603,ce100,ce100,ce100,ce100,bm25,bi200,bi200,bi200,bi200,bi200
fever:45604,ce100,ce100,ce100,ce100,bm25,bi200,bi200,bi200,bi200,bi200
fever:45637,bm25,ce20,bm25,ce20,bm25,bm25,bm25,bm25,bm25,bm25
fever:45638,ce20,bm25,ce20,ce20,bm25,ce20,ce100,ce20,ce20,ce20
fever:45685,bm25,ce20,bm25,ce100,ce100,ce20,bi200,hybrid,ce20,ce20
fever:45699,ce20,ce20,bm25,ce20,bm25,ce20,ce20,hybrid,bm25,bm25
fever:45725,ce20,bm25,bm25,bm25,bm25,bi200,ce100,hybrid,ce20,ce20
fever:45756,ce100,ce20,bm25,bm25,ce100,ce100,hybrid,hybrid,bm25,ce100
fever:45759,bm25,ce20,ce20,bm25,ce20,ce20,bm25,ce20,bm25,bm25
fever:45805,bm25,bm25,bm25,bm25,bm25,bm25,bi200,bm25,bi200,bm25
fever:45806,bm25,bm25,bm25,bm25,bm25,bm25,bi200,bm25,bi200,bm25
fever:45812,bm25,ce20,bm25,bm25,bm25,ce20,bi200,hybrid,bm25,bm25
fever:45818,ce100,ce100,ce100,ce20,ce20,bi200,ce100,hybrid,hybrid,ce100
fever:45823,ce20,ce20,bm25,ce20,ce20,ce100,hybrid,hybrid,ce20,ce20
fever:45829,ce20,ce100,bm25,ce100,ce100,bi200,hybrid,hybrid,hybrid,ce20
fever:45874,bm25,bm25,ce20,bm25,ce100,bi200,ce100,hybrid,bi200,bi200
fever:45879,bm25,bm25,bm25,bm25,ce100,hybrid,bm25,bm25,bm25,bi200
fever:459,ce20,ce20,ce20,bm25,ce20,ce20,bm25,ce20,ce20,bm25
fever:4592,ce100,ce20,ce100,ce20,ce100,ce20,hybrid,bi200,ce100,bi200
fever:45932,bm25,bm25,bm25,bm25,bm25,bi200,bm25,hybrid,bm25,hybrid
fever:4595,bm25,bm25,bm25,bm25,bm25,hybrid,bm25,bm25,bm25,bm25
fever:45963,ce100,ce100,ce100,bm25,ce100,bi200,ce100,ce20,hybrid,bi200
fever:45964,ce100,ce100,ce100,bm25,ce100,bi200,ce100,ce20,bi200,bi200
fever:46004,bm25,ce20,ce20,ce20,ce100,ce100,ce100,ce100,ce20,ce100
fever:46023,bm25,ce20,ce20,ce20,ce20,ce20,bm25,ce20,ce20,bm25
fever:46034,ce100,ce100,ce100,ce100,ce100,hybrid,bi200,bi200,bi200,bi200
fever:46059,bm25,ce100,ce20,bm25,ce100,hybrid,ce100,ce100,ce20,ce100
fever:46064,bm25,ce20,bm25,bm25,bm25,hybrid,bm25,bm25,hybrid,hybrid
fever:46065,bm25,ce20,bm25,ce20,ce20,hybrid,bm25,hybrid,hybrid,hybrid
fever:46090,bm25,bm25,bm25,bm25,ce20,bm25,ce100,ce20,ce20,ce20
fever:46127,bm25,bm25,bm25,bm25,ce20,bi200,bi200,bi200,bi200,bi200
fever:46133,bm25,bm25,bm25,ce100,bm25,bi200,bi200,bi200,bi200,bi200
fever:46134,bm25,bm25,bm25,bm25,bm25,ce20,bm25,ce20,ce20,bm25
fever:46144,bm25,ce20,bm25,bm25,bm25,ce20,bi200,hybrid,bm25,bm25
fever:46149,bm25,bm25,bm25,bm25,ce20,ce20,ce20,bm25,ce20,bm25
fever:46158,ce100,ce100,ce100,ce100,ce100,ce20,ce100,ce100,hybrid,ce100
fever:46165,ce20,ce20,bm25,ce20,ce20,bm25,ce20,bm25,bm25,ce20
fever:46177,ce20,ce100,ce20,ce100,ce100,bi200,ce100,ce100,hybrid,ce20
fever:46187,ce100,ce100,bm25,bm25,ce100,hybrid,bi200,bi200,hybrid,bm25
fever:46188,ce100,ce100,bm25,bm25,ce20,hybrid,bm25,bi200,ce20,hybrid
fever:46200,ce20,bm25,bm25,bm25,ce100,bi200,ce100,bi200,bi200,bi200
fever:46218,bm25,ce20,bm25,bm25,ce20,bm25,bm25,hybrid,bm25,hybrid
fever:46262,bm25,ce20,ce20,bm25,ce20,bi200,bi200,bm25,hybrid,bm25
fever:46267,ce20,ce20,bm25,ce100,ce20,ce20,ce100,hybrid,ce20,ce20
fever:46268,ce20,ce100,bm25,bm25,ce20,bm25,bm25,ce100,ce20,ce20
fever:46271,bm25,ce20,bm25,ce20,ce20,ce100,ce100,bi200,hybrid,ce20
fever:46272,bm25,ce100,bm25,bm25,bm25,hybrid,bm25,bm25,ce20,bm25
fever:46276,ce20,bm25,bm25,ce100,bm25,ce20,bm25,hybrid,hybrid,hybrid
fever:46289,bm25,ce20,bm25,bm25,ce20,bi200,bm25,hybrid,bi200,bi200
fever:46308,ce20,ce100,ce100,bm25,ce20,ce100,bm25,hybrid,hybrid,bi200
fever:46309,bm25,bm25,bm25,bm25,ce20,ce20,bm25,hybrid,bm25,bm25
fever:46310,ce20,ce20,bm25,bm25,ce20,bi200,bi200,bi200,hybrid,bi200
fever:46322,ce20,ce20,ce20,bm25,ce100,bi200,ce100,bi200,hybrid,hybrid
fever:46333,ce20,bm25,ce20,ce20,bm25,bi200,bi200,hybrid,hybrid,hybrid
fever:4635,bm25,bm25,bm25,bm25,bm25,ce20,bm25,bi200,ce20,bi200
fever:46365,ce100,ce20,bm25,bm25,ce20,ce100,ce100,bm25,ce20,ce100
fever:46366,ce100,ce100,bm25,bm25,ce20,ce100,ce100,ce100,ce20,ce100
fever:46381,ce20,ce20,bm25,bm25,bm25,bm25,bm25,bi200,bm25,bi200
fever:46383,bm25,bm25,bm25,bm25,ce20,bm25,ce100,ce20,hybrid,bm25
fever:46384,bm25,bm25,bm25,bm25,ce20,bm25,bi200,ce20,bm25,bm25
fever:46464,ce20,ce20,ce20,ce20,ce20,bi200,ce100,ce100,hybrid,hybrid
fever:46475,ce20,ce20,bm25,bm25,bm25,ce20,bi200,hybrid,hybrid,bm25
fever:46483,bm25,ce20,bm25,ce20,ce20,bi200,bm25,hybrid,bm25,bm25
fever:46508,ce20,ce20,bm25,bm25,bm25,ce20,ce100,ce20,ce20,ce20
fever:46511,bm25,ce20,bm25,bm25,ce20,bm25,bm25,hybrid,bm25,bm25
fever:46513,bm25,bm25,bm25,bm25,bm25,bm25,bm25,hybrid,hybrid,bi200
fever:46577,ce100,ce100,ce100,bm25,ce100,ce100,ce100,bi200,hybrid,ce100
fever:4658,bm25,bm25,bm25,bm25,bm25,bm25,bm25,bm25,ce20,bm25
fever:46582,bm25,ce20,ce20,bm25,ce100,ce20,ce20,ce20,ce20,hybrid
fever:46583,ce100,ce100,ce20,ce20,ce20,bi200,bi200,ce100,ce100,hybrid
fever:46612,bm25,bm25,bm25,bm25,bm25,ce20,bm25,ce20,bm25,bm25
fever:46627,bm25,ce20,ce20,bm25,bm25,ce20,bm25,ce20,ce20,bm25
fever:46636,bm25,bm25,ce20,bm25,ce100,ce20,ce20,ce20,ce20,hybrid
fever:46641,ce20,bm25,ce20,bm25,ce20,bi200,ce20,hybrid,ce20,ce20
fever:46666,ce100,ce20,bm25,bm25,ce100,ce100,bm25,hybrid,bm25,hybrid
fever:46687,ce20,ce100,ce20,ce100,ce20,bi200,bm25,bi200,hybrid,bi200
fever:46705,ce20,ce20,ce20,bm25,ce20,ce20,ce100,bi200,ce20,bi200
fever:46712,bm25,bm25,bm25,bm25,bm25,bm25,bm25,bm25,bm25,bi200
fever:4675,ce20,ce20,ce20,bm25,bm25,ce20,bi200,bi200,hybrid,bm25
fever:46754,bm25,ce20,bm25,bm25,bm25,ce20,ce100,bm25,bm25,ce20
fever:46759,ce20,bm25,ce20,ce20,bm25,ce20,bm25,bm25,ce20,bm25
fever:46780,ce100,ce20,ce20,ce100,ce100,bi200,hybrid,hybrid,hybrid,hybrid
fever:46792,bm25,ce20,bm25,bm25,bm25,bm25,bm25,hybrid,bm25,bm25
fever:46810,ce100,ce100,bm25,bm25,bm25,ce100,bm25,bi200,ce20,ce20
fever:46827,ce100,ce20,bm25,bm25,bm25,bi200,bi200,hybrid,ce100,bm25
fever:46859,bm25,ce100,ce20,ce20,ce100,ce100,ce100,ce20,ce20,bm25
fever:46883,ce20,ce20,ce100,bm25,bm25,bi200,ce20,bm25,ce20,hybrid
fever:46911,bm25,ce100,bm25,bm25,ce20,hybrid,hybrid,bm25,hybrid,bi200
fever:46934,bm25,ce100,ce20,bm25,ce100,ce100,bm25,bi200,bi200,bi200
fever:46937,ce100,ce100,ce100,bm25,ce100,hybrid,ce100,hybrid,hybrid,hybrid
fever:4695,ce100,ce100,ce100,ce100,ce100,bi200,bi200,hybrid,bi200,bi200
fever:46957,bm25,bm25,bm25,bm25,ce20,ce20,bi200,bm25,bi200,bm25
fever:46959,ce20,bm25,ce100,bm25,ce100,hybrid,bm25,bm25,ce20,bm25
fever:46964,ce100,ce20,bm25,bm25,ce100,ce100,ce20,hybrid,hybrid,hybrid
fever:46970,ce20,bm25,bm25,bm25,ce100,ce20,hybrid,bm25,bm25,bm25
fever:47000,ce20,bm25,ce20,ce100,ce20,ce20,ce100,hybrid,ce20,bi200
fever:47004,ce100,ce20,ce20,ce20,ce20,ce100,ce100,bm25,hybrid,ce100
fever:47005,ce100,bm25,ce20,ce20,ce20,ce20,ce100,bm25,ce20,ce20
fever:4705,ce100,ce20,ce100,ce100,ce100,bi200,hybrid,hybrid,hybrid,hybrid
fever:47060,ce20,ce20,ce20,bm25,ce20,hybrid,ce100,bi200,bi200,hybrid
fever:47061,ce20,ce20,ce20,bm25,ce20,hybrid,ce100,bi200,bi200,hybrid
fever:47070,ce100,ce100,bm25,bm25,ce100,hybrid,ce100,hybrid,hybrid,hybrid
fever:4713,bm25,bm25,bm25,bm25,bm25,ce100,bm25,hybrid,hybrid,bm25
fever:4716,bm25,ce20,ce20,bm25,ce20,ce20,ce20,hybrid,bi200,hybrid
fever:4717,ce20,ce20,ce20,ce100,ce20,ce100,ce20,bi200,ce100,hybrid
fever:47196,ce20,ce20,bm25,bm25,ce20,bi200,ce20,bi200,ce20,ce20
fever:47202,ce20,ce20,ce100,bm25,ce20,hybrid,ce100,hybrid,ce20,hybrid
fever:47209,ce20,ce20,ce20,ce20,ce100,bi200,ce20,bi200,bi200,ce20
fever:47222,ce20,bm25,bm25,bm25,ce100,hybrid,ce100,ce20,hybrid,bm25
fever:47223,ce20,bm25,bm25,bm25,ce100,hybrid,ce100,ce20,ce100,bi200
fever:47228,ce20,ce20,ce20,ce20,ce20,ce20,ce20,ce20,ce20,bm25
fever:47230,ce100,ce100,ce20,ce20,ce100,ce20,ce100,ce20,ce20,ce100
fever:47239,ce20,bm25,ce20,bm25,ce20,ce20,bm25,ce100,ce20,bm25
fever:47241,bm25,ce100,ce100,bm25,ce100,ce20,bm25,hybrid,bi200,bm25
fever:47242,bm25,ce100,ce20,bm25,ce100,ce20,ce100,hybrid,ce20,bi200
fever:47250,ce20,ce100,ce20,ce100,ce20,ce100,ce100,ce20,ce20,hybrid
fever:4726,bm25,bm25,bm25,bm25,bm25,bi200,bm25,bi200,ce20,bm25
fever:47267,ce20,ce20,ce20,bm25,bm25,ce20,bm25,ce20,ce20,bm25
fever:47273,bm25,ce20,bm25,bm25,ce20,bi200,ce100,bi200,bm25,hybrid
fever:4728,bm25,ce20,bm25,bm25,ce100,bi200,bi200,ce20,hybrid,hybrid
fever:47288,bm25,bm25,bm25,bm25,bm25,ce20,bm25,ce20,bm25,bm25
fever:47296,ce20,ce20,bm25,bm25,bm25,bm25,ce20,ce20,bm25,bm25
fever:47308,ce100,ce20,ce100,ce100,ce100,bi200,bi200,hybrid,hybrid,bm25
fever:47317,ce100,ce100,bm25,bm25,ce100,bi200,bi200,bi200,hybrid,bi200
fever:47321,bm25,bm25,ce20,bm25,ce20,hybrid,bm25,ce20,hybrid,hybrid
fever:47322,bm25,bm25,bm25,bm25,ce20,ce20,bm25,ce20,ce20,bm25
fever:47356,ce20,ce100,ce20,ce20,ce20,hybrid,hybrid,hybrid,ce20,hybrid
fever:47357,ce100,ce100,ce100,ce100,ce100,bi200,ce100,hybrid,bi200,hybrid
fever:4737,bm25,bm25,bm25,bm25,bm25,bm25,bm25,ce20,ce20,bm25
fever:4738,bm25,bm25,bm25,bm25,bm25,ce20,bm25,ce20,bm25,bm25
fever:47384,ce100,ce20,ce100,bm25,ce100,bi200,bi200,bi200,hybrid,bi200
fever:47403,bm25,bm25,bm25,bm25,bm25,bm25,bm25,bm25,ce20,bm25
fever:4742,bm25,ce20,bm25,bm25,ce20,ce20,bi200,bm25,ce20,bm25
fever:47457,bm25,ce20,bm25,bm25,ce20,ce20,bi200,ce20,bm25,bm25
fever:4746,ce20,ce20,ce20,ce20,ce20,ce100,bm25,ce20,ce20,bm25
fever:47524,bm25,ce20,ce20,bm25,bm25,ce20,ce100,ce20,bm25,hybrid
fever:47525,bm25,ce20,bm25,bm25,bm25,hybrid,bi200,hybrid,hybrid,hybrid
fever:47542,bm25,bm25,bm25,bm25,bm25,ce20,bm25,bm25,bm25,bm25
fever:47551,ce20,ce20,ce20,bm25,ce20,ce20,ce20,hybrid,bm25,ce20
fever:47577,ce100,ce100,ce100,ce20,ce100,ce100,ce100,ce100,bi200,ce100
fever:47588,ce20,ce20,ce20,bm25,ce20,ce20,bm25,ce20,ce20,ce20
fever:47589,ce100,bm25,ce100,bm25,ce100,ce20,bm25,ce100,ce20,bm25
fever:47598,bm25,bm25,ce20,bm25,bm25,ce20,ce100,bm25,bi200,bi200
fever:476,bm25,ce20,bm25,bm25,bm25,hybrid,bm25,hybrid,ce20,bm25
fever:47605,bm25,ce20,ce20,ce20,ce20,ce20,ce100,hybrid,ce20,bm25
fever:47607,bm25,ce100,ce100,bm25,bm25,bm25,bm25,bm25,ce20,bi200
fever:47630,bm25,ce20,ce20,ce20,ce20,bi200,bi200,hybrid,bi200,bi200
fever:47645,ce20,ce100,ce20,ce20,ce20,bi200,bm25,bm25,ce100,bi200
fever:47656,bm25,bm25,bm25,bm25,bm25,ce100,ce20,bm25,bm25,bm25
fever:47660,bm25,ce20,ce20,bm25,bm25,ce20,bi200,hybrid,bi200,bi200
fever:47684,ce20,bm25,ce20,bm25,bm25,ce20,ce20,hybrid,hybrid,bm25
fever:477,ce20,ce20,bm25,bm25,ce20,ce100,ce100,ce20,ce20,hybrid
fever:47711,ce100,bm25,ce20,ce100,ce100,hybrid,ce100,ce100,ce100,ce20
fever:47723,ce20,bm25,bm25,bm25,bm25,bm25,bm25,ce20,bm25,ce20
fever:47725,bm25,bm25,bm25,bm25,bm25,bi200,bm25,bm25,bm25,bm25
fever:47726,bm25,bm25,bm25,bm25,bm25,bi200,bm25,bm25,bm25,bm25
fever:47736,ce100,ce100,ce100,ce100,ce100,bi200,hybrid,ce100,hybrid,bi200
fever:47765,ce20,bm25,bm25,bm25,ce20,ce20,ce100,ce20,ce20,ce100
fever:47768,bm25,ce20,ce20,ce20,bm25,ce20,ce20,hybrid,ce20,ce20
fever:4778,ce20,bm25,bm25,bm25,bm25,bm25,ce20,hybrid,bm25,ce20
fever:47785,ce100,ce100,ce100,ce100,ce100,hybrid,bi200,bi200,hybrid,hybrid
fever:47786,ce100,ce100,bm25,bm25,ce100,ce100,bi200,bi200,hybrid,ce20
fever:47791,bm25,bm25,bm25,bm25,bm25,bm25,bm25,bm25,bi200,bm25
fever:47792,bm25,bm25,bm25,bm25,bm25,bm25,bm25,bm25,bi200,bm25
fever:478,ce20,ce100,bm25,ce20,ce20,ce100,hybrid,hybrid,ce20,hybrid
fever:47812,ce100,ce100,ce20,ce100,ce100,ce100,ce100,bi200,hybrid,ce20
fever:47839,ce20,ce20,bm25,ce20,ce20,ce20,ce100,ce20,ce100,ce20
fever:47847,ce20,ce20,ce20,ce20,ce20,ce20,ce20,ce20,ce20,bm25
fever:47848,ce20,ce20,ce20,ce20,ce20,ce20,ce20,ce20,ce20,bm25
fever:47849,ce20,bm25,bm25,bm25,bm25,ce100,bm25,ce20,bm25,bm25
fever:47885,ce20,bm25,bm25,ce20,ce20,bm25,bm25,bm25,bm25,bm25
fever:47911,ce20,ce20,ce20,bm25,ce20,hybrid,ce100,hybrid,ce20,ce20
fever:47942,ce20,bm25,bm25,bm25,ce20,bm25,ce20,bm25,bm25,ce20
fever:47992,bm25,bm25,bm25,bm25,ce20,ce20,bm25,bm25,bm25,bm25
fever:48016,ce20,ce20,bm25,bm25,ce100,ce100,bm25,hybrid,hybrid,hybrid
fever:48023,ce20,bm25,bm25,bm25,bm25,bm25,ce100,ce20,bm25,bm25
fever:48028,bm25,ce20,ce20,bm25,ce20,ce20,ce20,ce20,ce20,ce20
fever:48032,ce20,bm25,ce20,bm25,ce20,ce20,bm25,hybrid,ce20,bm25
fever:48047,bm25,ce20,bm25,bm25,bm25,bm25,bm25,bi200,bm25,bi200
fever:48048,bm25,bm25,bm25,ce20,ce20,bi200,bi200,hybrid,hybrid,hybrid
fever:4806,ce100,ce20,ce20,bm25,ce20,ce20,bi200,hybrid,bi200,bi200
fever:4807,ce20,ce20,ce20,bm25,ce20,ce20,bi200,hybrid,ce100,bi200
fever:48083,bm25,ce20,bm25,ce20,ce20,hybrid,hybrid,hybrid,ce20,ce20
fever:48101,bm25,ce20,bm25,bm25,ce20,ce20,bm25,ce20,ce20,ce20
fever:48142,ce20,ce20,ce20,bm25,ce20,ce20,ce100,ce20,ce20,ce20
fever:48147,bm25,ce20,ce20,ce20,ce100,ce20,hybrid,hybrid,bm25,bm25
fever:48148,bm25,ce20,ce20,ce20,ce100,ce20,hybrid,hybrid,bm25,hybrid
fever:4818,ce100,ce100,ce20,ce100,ce100,hybrid,ce100,ce100,bi200,hybrid
fever:48183,bm25,ce20,bm25,bm25,bm25,bm25,bm25,hybrid,ce20,bm25
fever:4819,ce100,ce100,ce20,ce100,ce100,bi200,ce100,ce100,ce100,bi200
fever:48204,bm25,ce20,ce20,bm25,bm25,ce100,ce100,bi200,ce20,bi200
fever:48209,bm25,ce20,bm25,bm25,ce20,bm25,ce20,bm25,bm25,bm25
fever:48210,bm25,bm25,bm25,bm25,ce20,bm25,bm25,bm25,bm25,bm25
fever:48217,ce20,ce20,ce20,ce20,ce20,ce20,ce20,ce20,ce20,bm25
fever:4822,ce20,ce20,bm25,ce20,ce20,bi200,hybrid,hybrid,bm25,hybrid
fever:48227,bm25,ce20,bm25,bm25,ce20,bi200,ce20,bi200,ce20,bi200
fever:48230,ce20,bm25,bm25,bm25,bm25,hybrid,bi200,hybrid,bi200,bi200
fever:4824,ce20,ce100,ce100,ce100,ce100,bi200,ce100,ce100,hybrid,ce20
fever:48242,bm25,bm25,bm25,bm25,ce20,bm25,ce20,hybrid,hybrid,bm25
fever:48275,ce20,ce100,bm25,ce20,ce100,ce100,ce100,ce20,ce100,bm25
fever:48276,bm25,ce100,bm25,ce20,ce100,ce100,ce100,ce20,ce100,bm25
fever:48318,ce20,ce20,ce20,ce100,ce100,ce20,ce100,hybrid,ce20,ce20
fever:48328,ce100,ce100,ce100,ce100,ce100,hybrid,hybrid,bi200,bi200,bi200
fever:48377,bm25,ce20,bm25,bm25,bm25,ce100,bm25,ce20,ce20,bm25
fever:48385,bm25,ce20,bm25,bm25,ce20,bi200,hybrid,ce20,ce20,bm25
fever:48390,ce20,ce20,bm25,ce20,ce20,hybrid,bm25,bm25,hybrid,hybrid
fever:48404,ce20,ce20,ce20,ce20,ce100,bi200,hybrid,bi200,bi200,bm25
fever:48411,ce20,ce20,ce100,ce100,ce100,ce100,ce100,ce100,bi200,hybrid
fever:48416,bm25,ce20,ce20,bm25,ce20,ce20,hybrid,hybrid,hybrid,hybrid
fever:48466,ce20,ce100,ce100,bm25,ce100,bi200,bi200,bi200,bi200,bi200
fever:48482,bm25,bm25,bm25,bm25,ce20,ce20,bm25,bm25,bm25,bm25
fever:48484,ce20,ce20,ce20,bm25,ce20,ce100,bm25,bi200,hybrid,bm25
fever:48489,bm25,ce20,bm25,bm25,ce20,ce20,bi200,hybrid,bm25,bm25
fever:48499,ce20,ce100,ce20,ce20,bm25,ce20,hybrid,bi200,ce100,hybrid
fever:48514,bm25,ce20,ce20,bm25,ce20,ce20,bm25,bm25,bm25,bi200
fever:48541,bm25,bm25,bm25,bm25,bm25,hybrid,bi200,bm25,bi200,bi200
fever:48576,ce100,ce20,ce20,bm25,ce20,ce20,ce100,bi200,hybrid,ce20
fever:48590,ce100,ce100,ce100,bm25,ce100,ce100,ce100,ce100,bi200,hybrid
fever:48602,ce100,ce100,bm25,ce100,ce100,bi200,hybrid,hybrid,hybrid,ce20
fever:48607,bm25,bm25,bm25,bm25,bm25,bi200,bm25,bi200,bm25,bm25
fever:48608,bm25,bm25,bm25,bm25,bm25,bi200,bm25,bi200,bm25,bm25
fever:4863,ce20,ce20,bm25,bm25,ce20,ce20,ce100,ce20,ce20,ce20
fever:48638,bm25,ce100,ce100,bm25,bm25,hybrid,ce100,hybrid,hybrid,bm25
fever:48658,ce100,bm25,bm25,bm25,bm25,bi200,ce100,bi200,hybrid,bi200
fever:48684,bm25,bm25,ce20,bm25,bm25,hybrid,bm25,bi200,bm25,bm25
fever:48697,ce20,ce20,bm25,bm25,ce20,ce20,ce20,bm25,bm25,ce20
fever:48707,ce100,ce100,ce20,ce100,ce20,ce100,ce100,ce100,ce100,ce100
fever:48725,ce20,ce20,ce20,ce20,ce20,bi200,bi200,bi200,ce20,ce20
fever:48735,ce100,ce20,ce20,ce100,ce100,bi200,hybrid,hybrid,bi200,bi200
fever:48737,bm25,ce100,ce100,bm25,ce100,ce100,ce100,bi200,bi200,bi200
fever:48754,bm25,ce20,ce20,bm25,bm25,bi200,bi200,bm25,bm25,bm25
fever:48755,ce100,ce20,ce100,bm25,ce100,bi200,bm25,bm25,bi200,bm25
fever:48810,bm25,bm25,bm25,bm25,bm25,bm25,bm25,bm25,ce20,bm25
fever:48815,bm25,bm25,bm25,bm25,bm25,bm25,ce20,hybrid,bm25,bm25
fever:48819,ce100,ce100,bm25,bm25,ce100,ce100,ce100,hybrid,hybrid,hybrid
fever:48866,bm25,bm25,ce20,bm25,bm25,ce20,ce20,ce20,ce20,ce20
fever:48877,ce100,ce100,bm25,ce100,ce20,ce100,ce20,hybrid,hybrid,hybrid
fever:48880,bm25,bm25,bm25,ce20,bm25,bi200,hybrid,hybrid,ce20,bi200
fever:48886,ce20,bm25,ce100,ce20,ce100,bi200,bi200,ce20,ce100,bi200
fever:48891,ce20,ce20,bm25,bm25,ce20,hybrid,bm25,ce20,ce20,hybrid
fever:48903,ce20,ce20,ce20,bm25,ce20,bi200,bi200,bi200,ce20,bm25
fever:48922,ce20,ce20,ce20,ce20,ce20,ce20,ce100,ce100,ce20,ce20
fever:48936,bm25,bm25,bm25,bm25,ce20,hybrid,bi200,bm25,ce20,ce20
fever:48961,bm25,bm25,bm25,bm25,ce20,bm25,bm25,bm25,ce20,bm25
fever:48962,ce20,bm25,bm25,bm25,ce20,bm25,bm25,bm25,hybrid,bm25
fever:48980,ce20,ce20,ce20,ce20,bm25,ce100,ce100,hybrid,bi200,bm25
fever:48981,bm25,bm25,bm25,ce20,ce20,ce20,bm25,bm25,bm25,bi200
fever:48999,ce100,bm25,bm25,bm25,ce100,bi200,ce20,bi200,bi200,hybrid
fever:49021,bm25,ce20,ce20,bm25,ce20,ce20,ce20,bi200,ce20,hybrid
fever:49085,bm25,bm25,bm25,bm25,bm25,bm25,bm25,bm25,ce20,bm25
fever:49097,ce100,ce100,ce100,ce100,ce100,hybrid,ce20,ce100,ce100,ce100
fever:49110,ce20,ce100,ce20,bm25,bm25,ce20,ce20,bm25,bm25,ce20
fever:49113,bm25,ce100,bm25,bm25,ce20,bm25,ce100,bm25,ce20,ce20
fever:49117,ce100,ce100,ce100,ce100,ce100,ce20,hybrid,hybrid,bi200,hybrid
fever:49125,ce20,ce20,ce20,ce20,ce20,bi200,bi200,hybrid,bm25,hybrid
fever:4916,ce20,ce20,bm25,bm25,ce20,bm25,ce20,ce20,ce20,ce20
fever:49165,ce100,bm25,ce100,bm25,ce20,ce100,bm25,hybrid,ce20,hybrid
fever:49168,ce20,ce20,bm25,ce20,ce20,ce20,bi200,bm25,bm25,bi200
fever:49169,ce20,bm25,ce20,ce20,ce20,ce20,bm25,bm25,bm25,bi200
fever:49171,bm25,ce100,ce100,ce100,ce100,bi200,bi200,ce20,bi200,bi200
fever:49192,ce100,ce100,ce20,ce100,ce20,ce100,ce20,bi200,hybrid,bm25
fever:49217,bm25,bm25,bm25,bm25,ce20,ce20,ce100,ce20,ce20,ce20
fever:49218,bm25,bm25,ce20,bm25,bm25,ce20,bm25,hybrid,hybrid,ce20
fever:49249,ce100,ce100,ce100,ce20,ce100,bi200,bi200,bi200,bi200,bi200
fever:49258,ce20,ce20,ce20,bm25,ce100,ce20,ce100,ce20,ce20,ce20
fever:49268,bm25,ce20,bm25,bm25,bm25,bm25,bm25,bi200,ce20,ce20
fever:49281,ce100,ce100,ce100,ce100,ce100,ce100,ce100,ce100,ce100,ce100
fever:493,ce100,bm25,ce100,bm25,bm25,bm25,ce100,hybrid,hybrid,hybrid
fever:49306,ce100,ce100,ce100,ce100,ce100,bi200,ce100,bi200,hybrid,bi200
fever:49310,bm25,ce100,bm25,ce20,bm25,hybrid,ce100,bi200,bm25,bm25
fever:49326,bm25,ce20,ce20,bm25,ce20,bi200,ce100,hybrid,ce20,ce20
fever:49362,bm25,bm25,bm25,bm25,ce100,ce20,bi200,ce100,hybrid,ce20
fever:49398,ce20,ce20,bm25,bm25,ce20,bi200,bi200,ce20,ce20,bm25
fever:49399,ce20,ce20,bm25,ce20,ce20,bi200,hybrid,ce20,ce20,hybrid
fever:49405,ce100,ce100,ce100,ce100,ce100,ce100,ce100,bi200,hybrid,bm25
fever:49413,bm25,ce100,ce100,ce100,ce100,hybrid,hybrid,bi200,bi200,bi200
fever:49451,bm25,ce100,ce20,ce100,ce100,bi200,bi200,ce100,hybrid,hybrid
fever:49458,ce100,ce100,ce20,bm25,ce100,ce100,ce20,bi200,hybrid,hybrid
fever:49470,ce20,ce20,bm25,ce20,ce100,bi200,bi200,bi200,bi200,hybrid
fever:49498,ce20,ce100,ce20,ce20,ce20,ce20,ce100,bm25,ce20,ce20
fever:49512,bm25,bm25,ce100,bm25,ce20,bi200,bm25,bm25,bm25,ce20
fever:49513,ce20,ce20,ce100,ce20,ce20,ce20,ce100,bi200,bi200,ce20
fever:49515,bm25,ce20,ce20,ce20,ce20,ce20,bm25,ce100,ce20,ce20
fever:49542,ce100,ce100,ce100,ce100,ce100,bi200,ce100,bi200,bi200,bi200
fever:49544,ce20,bm25,bm25,ce20,ce20,bi200,ce100,bi200,ce20,ce20
fever:4958,bm25,bm25,bm25,bm25,bm25,ce20,bm25,ce20,bm25,bm25
fever:4959,bm25,bm25,bm25,bm25,bm25,ce20,ce20,bm25,bm25,bm25
fever:49593,ce20,ce20,ce100,bm25,bm25,bm25,ce20,ce100,ce100,ce20
fever:49599,ce20,ce100,ce20,ce20,ce100,bi200,hybrid,hybrid,hybrid,ce20
fever:49650,ce100,ce100,ce100,ce100,ce100,bi200,bi200,bi200,bi200,bm25
fever:49706,ce20,bm25,bm25,bm25,bm25,ce20,hybrid,bi200,ce20,ce20
fever:49707,ce100,ce100,ce100,ce20,bm25,ce20,ce100,ce100,ce20,ce20
fever:49711,ce100,ce100,ce100,ce100,ce100,ce100,ce100,hybrid,ce20,hybrid
fever:49729,ce20,ce20,ce100,ce100,ce20,ce100,ce100,ce100,ce20,ce100
fever:49735,bm25,ce100,ce100,bm25,ce100,ce100,ce100,hybrid,hybrid,bi200
fever:49740,ce100,ce100,ce100,ce100,ce100,bi200,ce100,bi200,bi200,bi200
fever:49743,bm25,bm25,ce20,bm25,bm25,ce100,ce100,hybrid,ce20,ce100
fever:49752,bm25,bm25,bm25,bm25,bm25,bi200,bm25,hybrid,bm25,bm25
fever:49775,bm25,bm25,bm25,bm25,ce100,hybrid,ce100,hybrid,bm25,bi200
fever:49785,bm25,bm25,bm25,bm25,ce20,ce20,bm25,ce20,ce20,bm25
fever:49834,bm25,ce20,ce20,bm25,ce20,ce100,bi200,ce100,ce20,ce20
fever:49836,bm25,bm25,ce20,ce20,bm25,ce20,ce20,bm25,bm25,ce20
fever:49838,ce20,ce20,ce100,ce20,ce100,ce20,ce100,ce20,hybrid,bm25
fever:49839,ce20,ce20,ce20,ce20,ce100,bi200,ce100,ce20,ce20,ce100
fever:49848,ce20,ce100,ce20,ce20,ce20,bi200,ce100,hybrid,bi200,hybrid
fever:4986,bm25,bm25,bm25,bm25,bm25,ce100,bm25,bm25,bi200,bm25
fever:49869,bm25,ce20,ce20,bm25,bm25,ce20,bi200,hybrid,bm25,bi200
fever:4987,bm25,bm25,bm25,bm25,bm25,ce100,bm25,bm25,bi200,bm25
fever:49879,ce20,bm25,bm25,bm25,ce20,ce20,bm25,bm25,ce20,ce20
fever:499,ce20,ce20,ce20,bm25,ce20,ce100,bm25,ce20,hybrid,ce20
fever:49908,bm25,ce100,ce100,ce20,bm25,hybrid,ce100,bi200,bi200,bi200
fever:49926,ce20,bm25,ce20,ce20,ce20,ce20,bm25,bm25,hybrid,bi200
fever:49950,ce100,ce100,ce100,bm25,ce100,ce100,bm25,ce100,ce100,bm25
fever:50012,ce100,bm25,bm25,bm25,ce20,hybrid,bm25,ce20,hybrid,hybrid
fever:50020,bm25,bm25,bm25,bm25,bm25,bm25,bm25,bm25,bm25,bm25
fever:5004,bm25,ce20,ce20,ce20,ce100,ce20,bm25,ce20,ce20,ce20
fever:50048,ce100,bm25,ce20,ce100,ce100,ce100,bi200,hybrid,hybrid,hybrid
fever:50074,ce20,ce100,ce20,bm25,ce20,bi200,bi200,bm25,hybrid,bi200
fever:50075,ce100,bm25,ce100,ce100,ce100,bi200,bi200,bi200,bi200,hybrid
fever:50076,bm25,ce20,bm25,bm25,ce20,bi200,bi200,bi200,hybrid,hybrid
fever:50116,ce20,ce100,ce20,ce20,ce100,ce20,ce100,ce100,ce20,ce20
fever:50119,ce20,ce20,bm25,ce20,ce20,hybrid,hybrid,hybrid,hybrid,ce20
fever:50120,bm25,bm25,bm25,ce20,bm25,ce100,ce20,bm25,hybrid,hybrid
fever:50121,bm25,bm25,bm25,bm25,bm25,bi200,bm25,ce20,bi200,bi200
fever:50127,ce20,ce20,ce20,bm25,ce20,bi200,bm25,hybrid,bm25,hybrid
fever:50128,ce20,ce20,bm25,bm25,ce20,bi200,bm25,hybrid,bm25,hybrid
fever:5014,ce20,ce20,bm25,bm25,ce20,bm25,bm25,hybrid,ce20,bm25
fever:50143,ce20,ce20,ce20,bm25,ce20,bi200,hybrid,hybrid,bi200,hybrid
fever:50197,ce20,ce20,ce20,ce100,ce20,ce20,ce20,ce100,ce100,ce100
fever:50198,ce20,ce20,ce20,ce100,ce20,ce20,ce20,ce100,ce100,ce100
fever:50210,bm25,bm25,bm25,bm25,bm25,ce20,bm25,ce20,bm25,bm25
fever:50213,ce20,ce100,ce20,ce100,ce100,ce100,bi200,bi200,bi200,bi200
fever:50223,bm25,ce20,bm25,bm25,bm25,ce20,bm25,hybrid,bm25,bm25
fever:50245,ce20,ce20,ce20,bm25,ce20,ce100,ce100,hybrid,ce20,ce20
fever:50258,ce20,ce20,ce20,bm25,ce20,bi200,ce100,hybrid,ce20,ce20
fever:50289,ce20,bm25,bm25,bm25,bm25,ce20,bm25,ce20,hybrid,ce20
fever:5031,bm25,ce20,bm25,ce20,bm25,ce20,ce20,hybrid,bm25,bm25
fever:50313,bm25,bm25,bm25,ce20,ce20,ce20,bm25,ce20,hybrid,bm25
fever:50354,bm25,bm25,bm25,bm25,bm25,bm25,bm25,bm25,bm25,bm25
fever:50357,bm25,bm25,bm25,bm25,bm25,bm25,bm25,bm25,ce20,bm25
fever:5037,bm25,bm25,bm25,bm25,bm25,bm25,bm25,hybrid,ce20,bm25
fever:50382,ce20,ce20,ce20,ce20,ce20,bi200,ce20,ce20,ce20,ce20
fever:50406,ce100,ce100,ce100,ce100,ce100,bi200,bi200,bi200,bi200,bi200
fever:50413,ce20,ce20,ce20,bm25,ce20,bm25,ce20,bm25,ce20,bm25
fever:50428,ce100,ce100,ce100,ce100,ce100,ce100,bm25,hybrid,ce100,hybrid
fever:50463,bm25,bm25,ce100,ce20,ce20,ce100,ce100,ce20,ce100,bi200
fever:50486,bm25,ce100,ce100,bm25,ce100,hybrid,bi200,bm25,hybrid,hybrid
fever:50502,bm25,ce20,ce20,bm25,ce100,bi200,bi200,hybrid,bi200,bm25
fever:50517,ce20,bm25,ce20,ce100,bm25,ce20,bi200,ce20,bm25,ce20
fever:50526,bm25,ce20,bm25,bm25,ce20,bi200,bi200,hybrid,ce20,bi200
fever:50529,bm25,bm25,bm25,bm25,bm25,bm25,bm25,ce20,bm25,bm25
fever:5053,ce100,ce100,ce100,ce100,ce100,hybrid,hybrid,hybrid,hybrid,bi200
fever:50537,bm25,bm25,ce20,bm25,ce20,ce20,bm25,bi200,bi200,bi200
fever:50607,bm25,ce20,bm25,bm25,bm25,hybrid,ce100,hybrid,bm25,bm25
fever:50650,bm25,bm25,bm25,bm25,ce20,bi200,bm25,bm25,bm25,bm25
fever:50681,ce100,bm25,ce20,ce20,ce100,bi200,hybrid,bi200,hybrid,bi200
fever:50693,ce20,ce100,bm25,ce100,ce100,bi200,ce100,bi200,hybrid,bi200
fever:50703,ce20,ce20,bm25,bm25,bm25,ce100,bi200,bm25,bi200,bi200
fever:50743,bm25,ce100,ce100,ce20,ce100,ce100,bm25,bm25,bi200,bi200
fever:5075,ce100,ce100,bm25,bm25,ce100,bi200,bi200,hybrid,bi200,bi200
fever:5076,ce100,ce100,ce100,ce100,ce100,bi200,bi200,bi200,hybrid,bi200
fever:50789,bm25,ce20,bm25,bm25,ce100,ce20,ce100,ce20,ce20,bm25
fever:50799,bm25,ce20,ce20,bm25,ce20,ce20,bi200,ce20,ce20,bi200
fever:5080,ce100,ce20,bm25,ce100,ce100,ce100,ce20,hybrid,hybrid,hybrid
fever:50810,ce20,ce20,ce100,ce20,ce20,ce100,ce100,ce20,bi200,ce100
fever:50819,ce20,bm25,ce20,bm25,ce20,bi200,ce20,bm25,ce20,bm25
fever:50828,ce20,ce100,ce20,bm25,ce20,ce100,bi200,ce20,ce20,ce100
fever:50840,bm25,ce20,ce20,ce20,ce20,ce20,ce100,ce20,ce20,bm25
fever:50850,ce20,bm25,bm25,bm25,ce100,ce100,hybrid,hybrid,ce20,ce20
fever:50887,bm25,ce20,ce20,bm25,bm25,hybrid,hybrid,hybrid,bi200,hybrid
fever:50888,bm25,bm25,ce20,bm25,ce20,ce20,hybrid,ce20,ce20,ce20
fever:50910,ce20,ce100,ce100,bm25,bm25,ce100,ce100,hybrid,ce20,ce20
fever:5092,bm25,bm25,bm25,ce20,ce20,bm25,ce100,ce20,ce20,ce20
fever:50923,ce20,ce20,ce20,bm25,ce20,ce20,ce100,ce20,ce20,bm25
fever:50924,ce20,ce20,ce20,bm25,ce20,ce20,ce100,hybrid,hybrid,ce20
fever:5093,bm25,bm25,ce20,bm25,ce20,bm25,ce20,ce20,ce20,bm25
fever:50939,ce20,ce100,bm25,bm25,ce20,bm25,bm25,hybrid,bm25,hybrid
fever:50948,ce20,ce20,ce20,bm25,ce20,bi200,ce20,ce20,ce100,ce20
fever:51003,ce100,ce100,ce20,bm25,ce100,ce100,bi200,bi200,hybrid,bi200
fever:51013,ce20,ce100,ce100,ce100,bm25,bi200,bm25,hybrid,hybrid,hybrid
fever:51066,ce100,ce20,ce20,bm25,ce100,hybrid,bi200,bm25,bm25,bi200
fever:51097,bm25,ce20,bm25,bm25,ce20,ce20,ce20,ce20,bm25,bm25
fever:51098,bm25,ce20,ce20,bm25,ce20,ce20,ce100,bm25,ce20,ce100
fever:51107,ce100,ce100,ce100,ce100,ce100,hybrid,bi200,ce20,bi200,hybrid
fever:5111,ce20,ce20,ce20,bm25,ce20,ce20,ce20,hybrid,ce20,ce20
fever:51126,bm25,ce20,ce100,ce100,ce20,bi200,ce100,bi200,hybrid,ce20
fever:51154,ce20,bm25,bm25,bm25,bm25,bi200,bi200,hybrid,ce20,bi200
fever:51163,bm25,ce100,bm25,ce20,ce20,bm25,bm25,bm25,ce20,bm25
fever:51188,ce100,ce100,ce20,ce100,ce20,ce100,bi200,ce20,hybrid,hybrid
fever:51238,ce100,ce20,ce100,bm25,bm25,hybrid,ce100,bm25,ce20,ce20
fever:51239,ce20,ce20,ce100,bm25,bm25,hybrid,bm25,bm25,ce20,hybrid
fever:51260,ce20,ce100,ce20,ce20,ce20,bi200,hybrid,bi200,bi200,hybrid
fever:51262,bm25,bm25,ce20,bm25,ce100,ce20,bi200,ce20,bi200,bm25
fever:5127,bm25,bm25,bm25,bm25,bm25,bm25,bm25,ce20,bm25,bm25
fever:51284,ce20,ce20,ce20,bm25,ce20,ce20,bi200,bi200,bi200,bm25
fever:51288,bm25,bm25,bm25,bm25,bm25,hybrid,bm25,hybrid,hybrid,bi200
fever:51290,bm25,ce20,ce20,ce20,ce20,ce100,bi200,bi200,bi200,bi200
fever:51314,bm25,bm25,bm25,bm25,bm25,bm25,bm25,bm25,ce20,bi200
fever:51323,ce100,ce100,ce100,ce100,ce100,ce100,ce100,hybrid,hybrid,hybrid
fever:51328,ce20,bm25,bm25,bm25,ce20,hybrid,bm25,ce20,ce20,bm25
fever:51351,bm25,ce100,bm25,bm25,ce20,ce20,ce100,hybrid,bm25,hybrid
fever:51354,ce20,ce20,ce20,ce20,ce20,bi200,ce20,bi200,ce20,bi200
fever:51355,ce20,ce20,ce20,ce20,ce20,bi200,ce20,bi200,ce20,bi200
fever:5136,ce100,ce100,bm25,ce20,ce100,bi200,bi200,bi200,hybrid,bi200
fever:51379,bm25,bm25,bm25,bm25,bm25,bi200,ce100,hybrid,hybrid,bm25
fever:51391,ce100,ce20,ce20,bm25,bm25,hybrid,hybrid,bm25,ce20,bm25
fever:51400,ce20,bm25,bm25,bm25,bm25,ce20,bm25,bm25,ce20,bm25
fever:51424,ce100,ce100,ce20,bm25,ce20,bi200,ce100,hybrid,bi200,ce100
fever:51425,ce100,ce100,ce20,ce100,ce100,ce100,ce100,hybrid,hybrid,ce20
fever:51435,ce100,ce100,ce100,bm25,ce100,bi200,ce100,hybrid,bi200,bi200
fever:51441,bm25,bm25,bm25,bm25,bm25,bi200,bm25,hybrid,bm25,bm25
fever:51442,ce100,ce100,ce100,ce100,ce100,bi200,bi200,bi200,bi200,bi200
fever:51472,bm25,ce100,bm25,bm25,ce20,bm25,bm25,bm25,hybrid,bi200
fever:51526,bm25,bm25,bm25,bm25,bm25,bm25,ce20,bi200,bm25,bm25
fever:51527,bm25,bm25,bm25,bm25,bm25,bi200,ce20,bi200,bm25,bm25
fever:51548,bm25,ce20,ce20,bm25,ce20,hybrid,bm25,bi200,ce20,ce20
fever:51584,bm25,bm25,ce20,bm25,ce20,bi200,bm25,bi200,bi200,bi200
fever:51596,ce20,bm25,bm25,bm25,ce20,ce20,ce20,bi200,ce20,ce20
fever:51654,bm25,ce20,bm25,bm25,ce20,ce100,ce100,bm25,ce20,ce20
fever:5168,ce100,ce20,ce20,bm25,ce20,ce100,bm25,hybrid,ce20,ce20
fever:51683,bm25,bm25,bm25,bm25,bm25,bi200,bm25,bm25,bi200,bi200
fever:5169,ce20,ce20,ce20,bm25,ce20,ce100,ce100,ce20,ce100,ce100
fever:51708,ce100,ce20,bm25,bm25,ce20,ce100,ce100,bm25,ce20,ce100
fever:51741,bm25,bm25,ce20,bm25,bm25,ce100,bm25,bi200,bi200,bi200
fever:51756,ce100,ce100,ce100,ce100,ce100,ce100,ce100,ce100,bi200,hybrid
fever:51757,ce100,ce100,ce20,bm25,ce100,ce100,ce100,bm25,hybrid,ce100
fever:5177,ce100,ce20,ce100,ce100,ce20,ce100,ce100,hybrid,hybrid,bm25
fever:51777,bm25,bm25,bm25,bm25,bm25,hybrid,ce100,bm25,bi200,bm25
fever:51825,ce20,ce20,ce20,bm25,ce20,bi200,ce100,ce100,ce100,hybrid
fever:51852,ce20,bm25,ce20,ce100,ce20,bi200,hybrid,bi200,hybrid,hybrid
fever:51856,bm25,bm25,ce100,ce20,bm25,bi200,ce100,ce100,ce100,hybrid
fever:5187,bm25,bm25,bm25,bm25,bm25,bi200,bi200,hybrid,bi200,bi200
fever:51885,ce20,bm25,bm25,bm25,ce20,bm25,ce100,hybrid,ce20,bm25
fever:51886,ce20,bm25,bm25,ce20,ce20,ce20,ce100,ce100,ce20,bm25
fever:519,ce100,ce100,ce100,ce100,ce100,bi200,hybrid,bi200,hybrid,hybrid
fever:51919,bm25,bm25,bm25,bm25,bm25,ce20,bm25,bi200,hybrid,hybrid
fever:51930,ce100,ce20,bm25,bm25,ce20,ce100,bi200,bm25,bm25,bm25
fever:51936,bm25,ce20,bm25,bm25,bm25,hybrid,bi200,hybrid,hybrid,hybrid
fever:51961,ce20,ce100,ce20,bm25,ce20,hybrid,ce20,ce100,ce100,ce20
fever:51962,ce20,ce20,bm25,bm25,ce20,ce20,bm25,ce20,bi200,bm25
fever:52039,ce20,bm25,bm25,bm25,ce20,bi200,bm25,bi200,bm25,bm25
fever:52040,ce20,bm25,bm25,bm25,ce20,ce20,bi200,ce20,bm25,bm25
fever:52068,ce20,ce20,bm25,bm25,ce20,bi200,ce100,ce20,hybrid,hybrid
fever:52103,bm25,bm25,bm25,bm25,bm25,bm25,bm25,bm25,ce20,bm25
fever:52112,bm25,ce20,bm25,bm25,ce20,bm25,bm25,hybrid,bm25,bm25
fever:52121,ce20,ce20,ce20,ce100,ce20,bi200,ce100,hybrid,ce100,hybrid
fever:52139,bm25,ce20,ce20,bm25,ce20,ce20,ce100,bm25,hybrid,ce100
fever:52157,bm25,ce20,ce20,ce20,ce20,ce20,ce20,ce20,ce20,bm25
fever:52175,ce20,ce100,bm25,ce20,ce20,bi200,ce100,hybrid,bi200,ce20
fever:52183,bm25,bm25,ce20,ce20,bm25,ce20,bm25,ce100,bi200,bi200
fever:52186,ce20,bm25,bm25,bm25,ce20,ce20,bm25,hybrid,bm25,bm25
fever:52197,ce20,ce20,ce20,ce20,ce100,ce20,ce20,ce20,ce20,ce20
fever:52218,ce100,ce100,ce100,ce100,ce100,bi200,bi200,bi200,bi200,bi200
fever:52243,ce100,ce100,ce100,bm25,ce20,ce20,bm25,bi200,ce20,ce20
fever:52270,bm25,ce20,ce20,ce20,bm25,ce20,bm25,bm25,bi200,ce20
fever:52278,ce100,ce100,ce100,ce100,ce100,hybrid,ce100,bi200,ce100,ce100
fever:52287,ce20,ce20,ce20,ce20,ce20,ce20,hybrid,bi200,bi200,bi200
fever:52316,ce20,ce100,ce100,bm25,ce100,hybrid,ce100,bm25,ce20,ce20
fever:52356,ce100,bm25,bm25,ce100,ce100,ce100,bi200,hybrid,hybrid,hybrid
fever:5241,ce20,bm25,bm25,ce20,ce20,bi200,bm25,bm25,ce20,bi200
fever:52428,ce20,ce100,bm25,bm25,bm25,bi200,ce100,bm25,bi200,ce20
fever:52456,bm25,ce100,bm25,bm25,ce20,ce100,bm25,bi200,hybrid,bm25
fever:52470,bm25,bm25,bm25,bm25,ce20,bm25,ce100,bm25,ce20,ce20
fever:52472,ce100,ce100,ce100,ce100,ce20,ce100,bi200,ce20,ce100,ce100
fever:52509,ce20,ce100,bm25,ce20,ce100,ce100,ce100,hybrid,ce100,bm25
fever:52523,bm25,bm25,bm25,bm25,bm25,ce20,bm25,bm25,bm25,bm25
fever:52536,bm25,bm25,bm25,bm25,bm25,bm25,bm25,ce20,bm25,ce20
fever:52556,ce20,bm25,bm25,bm25,ce20,bi200,ce100,hybrid,ce20,hybrid
fever:52559,bm25,ce100,ce20,ce20,bm25,hybrid,ce100,hybrid,ce20,ce100
fever:52572,bm25,bm25,bm25,bm25,ce20,ce20,ce20,ce20,bm25,hybrid
fever:52582,ce20,bm25,bm25,bm25,bm25,hybrid,ce20,hybrid,hybrid,bi200
fever:52620,bm25,bm25,bm25,bm25,bm25,ce100,bi200,ce20,bm25,bm25
fever:52644,ce100,ce100,ce20,ce100,ce100,ce100,ce100,ce100,hybrid,hybrid
fever:52685,bm25,bm25,bm25,bm25,bm25,bm25,bm25,bm25,ce20,bm25
fever:52712,ce100,ce20,ce20,bm25,bm25,bi200,bm25,bm25,bm25,bi200
fever:52747,bm25,bm25,bm25,bm25,ce20,hybrid,bi200,hybrid,bm25,bi200
fever:52751,ce20,ce20,ce20,bm25,bm25,ce20,bm25,ce20,ce20,ce20
fever:52753,ce20,ce100,bm25,bm25,bm25,ce100,bi200,bm25,bm25,bi200
fever:52788,ce100,ce100,ce100,bm25,ce100,bi200,ce20,ce100,hybrid,bi200
fever:52799,bm25,ce20,bm25,bm25,bm25,ce20,ce100,bm25,bm25,ce20
fever:528,bm25,bm25,ce20,bm25,ce20,ce20,ce100,bi200,bm25,bm25
fever:52801,bm25,bm25,bm25,bm25,bm25,bi200,bm25,ce20,hybrid,bm25
fever:52825,ce20,ce20,ce20,ce20,ce100,ce100,ce20,ce20,bm25,ce20
fever:52830,ce20,ce20,ce100,bm25,ce20,hybrid,bm25,hybrid,bi200,hybrid
fever:52864,bm25,ce100,bm25,ce20,bm25,ce20,bm25,bm25,bi200,bm25
fever:52889,ce100,ce20,ce100,bm25,ce100,ce20,ce100,ce100,ce100,ce100
fever:529,bm25,bm25,ce20,bm25,ce20,ce20,ce100,bi200,bm25,bm25
fever:52907,ce20,ce100,bm25,ce20,ce100,hybrid,bi200,bm25,hybrid,bi200
fever:52917,ce100,bm25,bm25,ce20,ce100,bi200,ce100,hybrid,hybrid,bi200
fever:52918,ce20,bm25,bm25,ce20,ce20,bi200,hybrid,hybrid,hybrid,bi200
fever:52924,ce20,bm25,ce100,bm25,bm25,hybrid,ce20,bi200,bm25,bi200
fever:52926,ce20,bm25,bm25,bm25,ce20,hybrid,bm25,hybrid,hybrid,bm25
fever:52945,ce100,ce20,bm25,bm25,ce20,ce20,bi200,bi200,ce20,ce100
fever:52946,bm25,ce100,ce20,bm25,bm25,ce20,ce100,bi200,ce20,ce100
fever:53016,ce20,bm25,ce20,ce20,ce20,ce20,ce20,ce100,ce100,ce20
fever:53017,ce20,ce20,ce20,bm25,ce20,hybrid,bi200,hybrid,hybrid,bi200
fever:53020,bm25,bm25,bm25,bm25,bm25,ce20,bm25,bm25,bm25,bm25
fever:53021,bm25,bm25,bm25,bm25,bm25,bm25,bm25,hybrid,ce20,ce20
fever:53025,ce20,bm25,bm25,bm25,bm25,ce100,bi200,bm25,ce20,ce100
fever:53050,bm25,bm25,bm25,bm25,bm25,bi200,bm25,ce20,hybrid,hybrid
fever:53062,bm25,ce20,ce20,ce20,ce20,ce100,ce100,bi200,ce100,ce20
fever:53076,ce100,ce20,ce100,bm25,ce100,ce100,bi200,hybrid,hybrid,hybrid
fever:53097,ce100,ce20,ce20,bm25,ce20,bi200,ce100,ce20,ce20,hybrid
fever:531,bm25,bm25,bm25,bm25,ce20,bi200,bi200,ce20,ce20,bm25
fever:5313,ce100,ce20,ce100,ce100,ce20,bi200,ce100,bi200,ce20,ce20
fever:53135,ce100,ce100,ce100,ce100,ce100,bi200,bi200,ce100,hybrid,bi200
fever:5314,ce100,ce20,ce100,bm25,ce100,ce20,ce100,hybrid,hybrid,ce20
fever:53147,ce20,ce100,ce100,ce20,ce100,ce100,bi200,ce100,ce100,bi200
fever:53151,ce100,ce20,ce20,ce20,ce100,bi200,ce100,hybrid,ce20,ce100
fever:53165,bm25,bm25,ce20,bm25,bm25,ce20,ce20,bm25,ce20,ce20
fever:53176,ce100,ce20,ce20,bm25,ce100,ce100,ce20,bi200,ce20,ce100
fever:53177,ce20,ce20,ce20,bm25,ce100,ce100,bm25,bi200,ce20,ce20
fever:53188,ce20,bm25,bm25,bm25,bm25,hybrid,bm25,hybrid,bm25,bm25
fever:53192,bm25,bm25,ce20,bm25,bm25,bm25,ce20,bm25,bm25,bm25
fever:53197,bm25,ce20,bm25,bm25,ce20,bi200,hybrid,bi200,hybrid,hybrid
fever:532,ce20,ce100,bm25,ce20,ce20,hybrid,bi200,hybrid,bi200,bi200
fever:53204,bm25,ce100,bm25,bm25,bm25,bi200,bm25,bi200,hybrid,bi200
fever:53214,bm25,ce20,ce20,bm25,bm25,ce20,bi200,bm25,bm25,hybrid
fever:53220,ce20,bm25,bm25,ce20,bm25,hybrid,hybrid,hybrid,hybrid,hybrid
fever:5324,bm25,bm25,bm25,bm25,ce20,hybrid,ce100,hybrid,hybrid,ce20
fever:53248,ce20,ce100,ce100,ce100,ce20,hybrid,hybrid,bi200,bi200,hybrid
fever:53254,bm25,bm25,bm25,bm25,bm25,bm25,hybrid,ce20,hybrid,bm25
fever:53263,bm25,ce20,ce100,ce100,ce100,hybrid,ce100,ce20,ce100,hybrid
fever:53266,bm25,bm25,ce20,bm25,bm25,ce20,bm25,bm25,ce20,ce20
fever:53317,ce20,ce100,ce20,bm25,ce20,ce100,ce100,bi200,hybrid,bi200
fever:53319,ce100,ce20,ce100,ce20,ce20,bi200,ce100,ce20,ce100,hybrid
fever:53320,ce100,ce20,ce20,ce100,ce20,ce100,ce100,ce20,ce100,bm25
fever:53321,ce100,ce100,bm25,ce100,ce20,ce100,ce100,bi200,ce100,ce100
fever:53329,ce20,ce20,ce20,ce20,ce20,ce20,hybrid,hybrid,ce20,bm25
fever:53330,ce20,bm25,ce20,ce20,bm25,ce100,ce100,ce20,ce20,bm25
fever:53331,bm25,bm25,ce20,ce100,ce100,ce20,ce100,ce20,ce20,bm25
fever:53367,ce20,bm25,ce20,ce100,ce20,hybrid,ce100,ce20,ce20,bi200
fever:53389,ce20,ce100,ce100,ce100,ce100,hybrid,bi200,hybrid,hybrid,hybrid
fever:53421,ce100,ce100,ce100,ce100,ce100,bi200,bi200,ce100,bi200,bi200
fever:5346,ce20,ce100,ce20,ce20,ce20,bi200,ce100,ce20,hybrid,ce20
fever:53468,bm25,ce20,bm25,bm25,ce20,ce20,ce100,ce100,ce20,bi200
fever:53470,ce100,ce100,bm25,ce100,ce20,ce100,bi200,bi200,hybrid,ce100
fever:53472,bm25,bm25,bm25,bm25,bm25,bm25,bm25,hybrid,hybrid,bm25
fever:53475,ce20,ce100,ce20,ce100,ce100,bi200,bi200,bi200,bi200,bi200
fever:53478,ce20,ce100,ce20,ce100,ce100,ce100,ce100,ce20,bi200,bi200
fever:53481,ce20,bm25,bm25,bm25,ce20,ce100,bm25,ce100,ce20,ce20
fever:53525,ce100,ce100,ce100,bm25,ce100,ce100,bi200,hybrid,hybrid,hybrid
fever:53526,ce100,ce100,ce100,bm25,ce100,ce100,bi200,hybrid,hybrid,ce20
fever:53567,bm25,ce20,ce20,ce20,ce20,ce100,ce20,ce100,ce20,bi200
fever:53568,bm25,ce20,ce20,ce20,ce20,ce100,ce20,ce20,ce20,bi200
fever:53613,ce20,ce20,ce20,bm25,ce20,bi200,bi200,bi200,hybrid,bm25
fever:53662,bm25,ce20,bm25,bm25,bm25,bm25,bm25,bm25,ce20,ce20
fever:53663,bm25,bm25,bm25,bm25,ce20,ce20,bm25,bm25,ce20,ce20
fever:53668,bm25,ce20,ce20,ce20,ce100,bi200,bm25,bm25,bi200,hybrid
fever:53669,ce20,ce100,bm25,ce20,ce20,bi200,ce20,hybrid,bi200,hybrid
fever:53672,ce100,ce100,ce20,bm25,ce100,ce100,bi200,ce20,ce20,bi200
fever:53675,bm25,bm25,bm25,bm25,bm25,bm25,bm25,bm25,bi200,bi200
fever:53676,bm25,bm25,bm25,bm25,bm25,bm25,ce20,bm25,ce20,ce20
fever:53705,ce20,bm25,bm25,bm25,ce20,ce20,bm25,bm25,ce20,bi200
fever:53733,bm25,bm25,ce20,bm25,ce100,ce20,bm25,bi200,bi200,bi200
fever:53751,ce100,ce100,bm25,bm25,ce20,ce20,bi200,hybrid,hybrid,bi200
fever:53760,ce100,ce100,ce100,ce100,ce100,ce100,ce100,hybrid,bi200,ce20
fever:53771,bm25,bm25,bm25,bm25,ce20,ce20,bm25,bm25,bm25,ce20
fever:53792,ce20,ce100,bm25,ce20,bm25,ce100,bi200,ce100,hybrid,ce20
fever:53793,ce20,ce20,ce20,bm25,ce20,bi200,bi200,bi200,hybrid,bm25
fever:53794,bm25,bm25,bm25,bm25,ce20,bm25,bm25,bm25,bm25,bi200
fever:53795,ce100,ce100,ce100,bm25,ce100,bi200,ce100,bi200,hybrid,hybrid
fever:53796,bm25,bm25,ce20,ce20,bm25,bm25,bi200,bm25,ce20,ce20
fever:53825,bm25,ce100,ce100,ce100,ce100,hybrid,bi200,hybrid,bi200,bi200
fever:53832,ce100,ce100,ce100,bm25,ce100,bi200,bm25,ce100,hybrid,hybrid
fever:53852,ce20,bm25,bm25,bm25,ce100,hybrid,ce100,hybrid,hybrid,ce100
fever:53871,ce20,bm25,ce20,bm25,ce20,hybrid,hybrid,hybrid,hybrid,bm25
fever:53895,ce100,ce20,ce20,ce20,bm25,ce20,ce100,hybrid,hybrid,ce20
fever:53901,ce20,bm25,bm25,bm25,ce20,ce100,bm25,hybrid,ce20,hybrid
fever:53903,ce100,ce100,ce100,ce100,ce20,ce100,bi200,ce100,ce20,bi200
fever:53910,bm25,ce20,bm25,bm25,bm25,bm25,bm25,bm25,bi200,bm25
fever:53957,bm25,ce20,ce20,ce20,ce20,ce20,ce20,ce20,bm25,ce20
fever:53961,bm25,ce20,bm25,bm25,bm25,ce100,hybrid,ce20,bm25,bm25
fever:53967,ce100,ce100,bm25,ce20,ce20,bi200,bm25,ce100,hybrid,ce20
fever:53968,ce100,bm25,bm25,ce20,ce20,bi200,ce100,bi200,hybrid,bm25
fever:5397,bm25,bm25,bm25,ce20,bm25,bm25,bm25,bm25,bm25,bm25
fever:53973,bm25,bm25,bm25,bm25,bm25,bi200,bm25,bi200,hybrid,ce20
fever:53982,bm25,ce100,ce100,ce100,ce100,ce100,bi200,hybrid,bi200,bi200
fever:53998,bm25,ce20,ce20,bm25,ce100,bi200,bm25,bm25,hybrid,bm25
fever:54012,bm25,ce20,bm25,bm25,ce100,bi200,bi200,bm25,bi200,bm25
fever:54015,bm25,bm25,bm25,bm25,bm25,ce20,bm25,bm25,bm25,bm25
fever:54016,bm25,bm25,bm25,bm25,bm25,bm25,bm25,hybrid,bm25,bm25
fever:54029,ce100,ce100,ce100,bm25,ce100,ce100,ce100,ce20,bm25,bi200
fever:54058,bm25,ce20,ce20,bm25,ce100,bi200,ce20,bm25,hybrid,ce100
fever:54077,ce100,ce100,ce100,ce100,ce100,bi200,hybrid,bi200,hybrid,hybrid
fever:54085,bm25,bm25,bm25,bm25,bm25,ce20,bm25,bm25,bm25,bi200
fever:54102,bm25,ce20,bm25,ce20,ce20,ce20,ce20,hybrid,hybrid,hybrid
fever:54105,ce20,bm25,bm25,ce20,ce20,ce20,bm25,bi200,ce20,ce20
fever:54111,ce20,ce20,ce20,ce20,ce20,ce20,ce20,bm25,ce20,bm25
fever:54135,ce100,ce100,ce100,ce100,ce100,bi200,ce100,ce100,hybrid,hybrid
fever:54136,ce100,ce100,ce100,ce100,ce100,bi200,ce100,ce100,hybrid,ce20
fever:54142,ce100,ce100,bm25,bm25,bm25,ce100,ce20,hybrid,ce20,hybrid
fever:54150,ce20,bm25,ce20,bm25,ce20,bm25,bm25,ce20,ce20,bm25
fever:54151,ce20,ce20,bm25,ce100,ce20,bi200,ce100,ce100,ce100,hybrid
fever:54164,ce100,ce100,ce100,ce100,ce100,ce100,ce100,hybrid,bi200,hybrid
fever:54168,ce20,ce20,ce20,ce100,ce20,ce20,ce100,hybrid,ce20,ce20
fever:5418,ce20,ce20,ce100,ce100,ce20,ce20,ce100,ce20,ce100,bm25
fever:54180,bm25,ce20,bm25,bm25,ce100,bi200,bi200,hybrid,bi200,hybrid
fever:54191,ce20,bm25,ce20,ce20,ce100,ce20,bi200,bi200,bm25,bi200
fever:5420,bm25,ce20,ce20,ce20,ce20,ce20,ce100,ce20,ce20,bm25
fever:54204,bm25,bm25,bm25,bm25,ce20,ce20,bm25,ce20,ce20,ce20
fever:5421,bm25,ce20,ce20,ce20,ce20,ce20,ce100,ce20,ce20,bm25
fever:54244,bm25,bm25,bm25,bm25,bm25,hybrid,bi200,bi200,bi200,bi200
fever:54253,bm25,ce20,ce20,bm25,bm25,ce100,ce100,hybrid,bm25,hybrid
fever:54257,ce100,bm25,ce20,ce100,ce20,ce100,ce20,ce20,ce20,bi200
fever:54269,ce20,ce100,bm25,ce100,ce100,bi200,bi200,ce20,ce100,bi200
fever:54287,ce20,ce100,ce20,ce100,ce100,bi200,bm25,ce20,bm25,hybrid
fever:54289,ce20,ce20,ce20,ce20,ce20,ce20,ce20,bm25,ce20,hybrid
fever:54298,bm25,bm25,bm25,bm25,bm25,hybrid,bi200,bm25,ce20,bm25
fever:54325,ce20,ce20,bm25,bm25,bm25,ce100,bm25,ce20,bm25,bi200
fever:54326,bm25,ce20,bm25,bm25,bm25,bi200,bm25,ce20,ce100,bi200
fever:54331,ce100,ce100,ce100,ce20,ce100,hybrid,ce100,bi200,ce100,hybrid
fever:54348,ce100,ce100,ce100,ce100,ce100,bi200,bi200,hybrid,bi200,hybrid
fever:54382,bm25,bm25,bm25,bm25,bm25,ce20,bm25,ce20,ce20,bm25
fever:54383,bm25,bm25,bm25,bm25,bm25,ce20,bm25,ce20,ce20,bm25
fever:54384,bm25,bm25,bm25,ce20,bm25,bm25,ce20,bi200,ce20,bi200
fever:54410,bm25,ce20,ce20,bm25,ce100,ce20,ce20,bm25,hybrid,hybrid
fever:54411,ce100,ce100,ce20,bm25,ce100,ce100,ce20,ce100,hybrid,hybrid
fever:54417,bm25,bm25,ce20,bm25,ce100,bi200,ce100,hybrid,bi200,bi200
fever:5453,ce100,bm25,bm25,bm25,ce100,ce20,ce100,hybrid,ce20,ce20
fever:54533,bm25,ce20,bm25,bm25,ce20,hybrid,bm25,bm25,bm25,bi200
fever:5454,ce100,ce20,bm25,bm25,ce100,ce20,ce100,hybrid,ce20,ce20
fever:54604,ce100,ce100,bm25,bm25,ce100,hybrid,ce100,bi200,bm25,bm25
fever:54606,bm25,ce20,ce20,bm25,ce20,ce20,bi200,bi200,hybrid,bi200
fever:54615,bm25,bm25,bm25,bm25,bm25,bm25,bm25,hybrid,bm25,bm25
fever:54616,ce20,bm25,ce20,ce100,ce20,bi200,hybrid,bm25,hybrid,bi200
fever:54620,bm25,bm25,bm25,bm25,ce20,ce20,ce20,ce20,ce20,bm25
fever:54622,ce20,ce20,ce20,ce20,ce20,ce100,ce100,hybrid,ce20,ce20
fever:54623,ce20,ce100,ce100,ce100,ce20,ce20,ce100,ce100,ce20,bm25
fever:54624,bm25,bm25,ce20,bm25,ce20,bm25,ce100,ce20,ce20,ce20
fever:5466,bm25,bm25,bm25,ce20,bm25,bm25,bm25,hybrid,bi200,ce20
fever:54679,ce20,ce20,bm25,ce20,ce20,bi200,ce100,bi200,bi200,ce20
fever:54700,bm25,bm25,bm25,bm25,ce20,ce20,bm25,ce20,bm25,bm25
fever:54701,ce20,ce20,bm25,ce20,ce20,bm25,ce100,bi200,ce20,ce20
fever:54702,bm25,bm25,bm25,bm25,bm25,bm25,bm25,bm25,ce20,ce20
fever:54742,bm25,bm25,bm25,ce20,bm25,hybrid,bi200,bm25,hybrid,bm25
fever:54759,bm25,ce100,bm25,bm25,bm25,bi200,bi200,hybrid,hybrid,hybrid
fever:54760,ce100,ce100,ce100,bm25,ce100,ce100,ce100,hybrid,hybrid,hybrid
fever:54761,ce20,ce20,bm25,bm25,ce100,ce20,bm25,bm25,ce20,ce20
fever:54771,ce20,ce20,ce20,ce20,ce20,hybrid,bi200,hybrid,bm25,bi200
fever:54789,ce100,ce100,ce100,ce100,ce100,bi200,bi200,hybrid,hybrid,ce20
fever:54821,bm25,ce20,ce20,bm25,ce20,hybrid,bm25,bm25,hybrid,ce20
fever:5483,ce20,bm25,ce100,ce20,bm25,ce100,hybrid,hybrid,bi200,hybrid
fever:54833,bm25,ce100,ce100,bm25,ce100,bi200,bi200,hybrid,bi200,bm25
fever:54844,bm25,ce100,ce20,bm25,ce100,bi200,hybrid,hybrid,hybrid,bi200
fever:5488,ce100,ce100,ce20,bm25,ce100,bi200,bi200,bi200,bi200,bi200
fever:54907,ce100,ce100,ce100,bm25,ce100,ce100,ce100,bi200,ce20,hybrid
fever:54910,bm25,bm25,bm25,bm25,ce20,hybrid,bi200,hybrid,hybrid,hybrid
fever:54915,bm25,bm25,bm25,bm25,bm25,bm25,bm25,bm25,bm25,bm25
fever:54932,ce20,ce20,ce20,ce20,ce20,ce20,ce20,bm25,ce20,ce20
fever:54944,ce20,ce20,bm25,bm25,ce20,ce20,ce100,bm25,ce20,bi200
fever:54949,bm25,ce100,ce100,bm25,bm25,ce100,ce100,bm25,bi200,bi200
fever:54951,ce20,bm25,ce20,ce20,ce20,ce20,ce100,ce20,ce20,bm25
fever:54959,ce100,bm25,bm25,ce100,ce100,hybrid,bi200,hybrid,bi200,bi200
fever:55025,ce20,ce100,ce20,bm25,ce20,bm25,bi200,ce100,ce20,ce20
fever:55028,bm25,ce20,ce20,bm25,bm25,ce20,bm25,ce20,ce20,bm25
fever:55032,bm25,bm25,bm25,bm25,bm25,ce20,ce100,hybrid,ce20,ce20
fever:55041,ce100,ce100,ce100,ce100,ce20,hybrid,ce100,hybrid,ce100,hybrid
fever:55045,bm25,bm25,ce20,bm25,ce20,ce20,bm25,ce20,ce20,ce20
fever:55055,ce20,ce100,ce100,ce20,ce100,ce100,bi200,hybrid,bm25,ce100
fever:55065,ce100,ce100,bm25,bm25,ce100,ce100,ce100,bi200,ce20,hybrid
fever:55066,ce20,ce20,ce20,ce20,ce20,ce20,bi200,bi200,ce100,bi200
fever:55079,bm25,bm25,bm25,bm25,bm25,bm25,bm25,hybrid,bm25,bm25
fever:55101,ce20,ce100,bm25,ce20,bm25,ce20,bi200,ce20,bi200,bi200
fever:55113,bm25,bm25,ce100,bm25,bm25,bm25,ce100,ce20,hybrid,ce20
fever:5513,ce100,ce20,ce20,bm25,ce100,bi200,bm25,hybrid,bi200,bm25
fever:5514,ce20,ce20,ce20,bm25,ce100,bi200,bm25,bi200,bi200,bm25
fever:55152,bm25,bm25,bm25,ce20,bm25,ce20,bm25,bm25,ce20,bm25
fever:55156,ce20,ce100,ce100,bm25,ce100,bm25,bi200,bm25,ce20,ce20
fever:55199,bm25,ce20,ce100,bm25,ce20,ce20,bm25,ce20,ce20,ce20
fever:55208,bm25,ce100,ce20,ce20,bm25,ce20,bm25,ce100,ce20,bi200
fever:55233,ce20,bm25,bm25,ce20,ce20,hybrid,bm25,hybrid,hybrid,bi200
fever:55239,ce100,ce20,ce100,ce20,ce100,bi200,bi200,ce20,ce100,bi200
fever:55259,ce100,ce100,ce20,ce100,ce20,bi200,bi200,hybrid,hybrid,hybrid
fever:55267,ce100,ce100,ce100,ce20,ce100,bi200,ce100,ce100,ce100,bi200
fever:55279,ce100,ce100,ce100,bm25,ce100,hybrid,ce100,bi200,hybrid,bm25
fever:55282,bm25,ce20,bm25,bm25,ce20,bi200,ce20,bi200,bi200,hybrid
fever:55294,ce20,ce20,bm25,ce20,ce20,bi200,ce20,bi200,ce100,bm25
fever:55295,ce20,bm25,ce20,ce20,ce20,bi200,bi200,hybrid,bi200,bi200
fever:55330,ce20,bm25,ce20,ce20,ce20,ce20,bm25,bm25,hybrid,ce20
fever:55335,ce20,ce20,bm25,bm25,ce20,bm25,bi200,bm25,bm25,ce20
fever:55398,bm25,bm25,ce20,ce20,ce20,ce20,ce20,ce20,ce20,ce20
fever:55425,ce20,bm25,ce20,ce20,ce100,ce100,ce100,ce20,bi200,bi200
fever:55426,ce20,ce20,ce20,ce20,ce20,bi200,bi200,ce100,bi200,bi200
fever:55432,ce20,ce100,ce20,ce100,ce100,ce20,hybrid,ce100,ce100,ce100
fever:55444,ce20,ce20,bm25,bm25,ce20,ce100,ce20,ce20,hybrid,hybrid
fever:5545,bm25,ce100,ce100,ce100,ce100,bi200,bi200,bi200,hybrid,bi200
fever:55460,ce20,bm25,bm25,bm25,bm25,ce20,bm25,bm25,bm25,bm25
fever:55468,bm25,bm25,bm25,bm25,bm25,bi200,bm25,ce100,ce20,ce20
fever:55470,bm25,ce20,ce20,bm25,ce20,ce100,ce20,ce20,ce20,ce20
fever:55525,bm25,ce100,ce100,bm25,ce100,bi200,bi200,ce20,hybrid,bm25
fever:55538,ce100,ce100,ce100,ce100,ce100,ce100,bm25,hybrid,ce100,hybrid
fever:55541,bm25,ce100,bm25,bm25,ce20,hybrid,bm25,bm25,hybrid,bi200
fever:55546,ce20,bm25,ce20,ce20,ce100,hybrid,hybrid,bi200,bi200,bi200
fever:5555,ce100,ce100,ce100,ce100,ce100,ce100,ce100,bi200,ce100,hybrid
fever:55571,bm25,ce20,bm25,bm25,bm25,ce100,bi200,bm25,hybrid,bm25
fever:5560,bm25,ce100,bm25,bm25,ce20,bm25,bm25,bm25,ce20,ce20
fever:55633,bm25,ce20,bm25,ce20,bm25,ce20,bm25,ce20,bi200,ce20
fever:55645,bm25,bm25,ce100,bm25,bm25,bm25,bm25,ce20,ce20,bi200
fever:55647,bm25,bm25,bm25,bm25,bm25,bi200,ce20,hybrid,bi200,ce20
fever:55658,bm25,ce20,bm25,bm25,ce100,hybrid,bi200,ce20,hybrid,hybrid
fever:55698,ce20,ce20,bm25,bm25,ce20,bm25,ce20,ce20,ce20,ce100
fever:55703,ce20,ce20,ce20,bm25,ce20,bi200,ce100,ce20,ce20,ce100
fever:55706,bm25,bm25,bm25,bm25,bm25,ce20,bm25,ce20,ce20,bi200
fever:55707,bm25,bm25,bm25,bm25,bm25,ce20,bm25,ce20,ce20,ce20
fever:55710,ce20,ce20,ce20,ce20,bm25,ce20,ce20,ce20,bm25,ce20
fever:55713,bm25,bm25,bm25,bm25,bm25,bm25,bm25,hybrid,hybrid,bm25
fever:55732,bm25,ce100,ce100,bm25,ce100,ce100,ce100,hybrid,ce20,hybrid
fever:55733,bm25,ce20,ce20,bm25,ce20,ce20,bi200,hybrid,ce20,hybrid
fever:5574,bm25,ce20,ce100,ce20,ce100,ce100,ce100,ce20,hybrid,hybrid
fever:55741,bm25,ce20,bm25,bm25,bm25,ce20,hybrid,hybrid,ce20,hybrid
fever:55759,bm25,bm25,bm25,bm25,ce20,hybrid,ce100,bm25,ce20,ce20
fever:5578,bm25,bm25,bm25,bm25,ce100,bm25,ce20,hybrid,ce20,ce20
fever:5579,bm25,bm25,bm25,bm25,ce100,bm25,ce20,hybrid,ce20,ce20
fever:558,ce20,ce20,ce20,bm25,ce20,bm25,bi200,hybrid,bi200,bi200
fever:55801,ce100,ce100,ce20,bm25,ce100,bi200,bi200,bi200,bi200,bi200
fever:55815,bm25,ce100,bm25,bm25,ce100,ce20,bi200,ce100,bi200,bi200
fever:55826,ce20,ce20,bm25,bm25,ce20,bi200,bi200,bm25,ce20,bm25
fever:55835,ce100,bm25,ce20,ce100,ce20,ce20,ce100,ce20,ce100,ce20
fever:55860,ce20,ce20,ce20,bm25,ce20,ce20,bi200,hybrid,ce20,ce100
fever:55874,bm25,bm25,ce20,bm25,bm25,ce20,bm25,bm25,ce20,ce20
fever:55888,bm25,bm25,bm25,bm25,bm25,ce100,bm25,hybrid,ce20,ce20
fever:55924,bm25,ce20,ce20,bm25,ce100,ce20,ce100,bi200,ce20,bm25
fever:55930,bm25,ce20,ce20,bm25,bm25,bm25,bm25,bm25,ce20,bm25
fever:55931,bm25,ce20,bm25,bm25,ce20,ce20,bm25,bm25,ce20,bm25
fever:55953,bm25,bm25,bm25,ce100,ce100,bi200,bi200,bi200,hybrid,bi200
fever:55956,bm25,bm25,ce20,bm25,bm25,hybrid,bm25,hybrid,hybrid,hybrid
fever:55976,ce20,bm25,bm25,bm25,bm25,bi200,ce100,hybrid,hybrid,bm25
fever:55978,ce20,ce20,ce20,ce20,ce20,ce20,ce100,bm25,ce20,bi200
fever:5598,bm25,bm25,ce100,ce20,ce20,bi200,bi200,bi200,bm25,bm25
fever:5599,bm25,bm25,ce100,ce100,ce20,bi200,bi200,bi200,bm25,bi200
fever:55999,ce20,ce20,bm25,ce20,ce20,ce100,ce100,hybrid,ce20,hybrid
fever:5600,bm25,bm25,bm25,bm25,bm25,ce100,bi200,hybrid,hybrid,bm25
fever:56021,ce20,ce20,ce100,ce20,ce20,bi200,ce20,bm25,ce20,bm25
fever:56038,bm25,bm25,bm25,bm25,bm25,bm25,bi200,bi200,hybrid,hybrid
fever:56051,ce20,ce20,ce20,ce100,ce20,ce100,ce100,bm25,bi200,ce100
fever:56088,bm25,ce20,ce20,bm25,ce20,ce20,bm25,ce20,ce20,bm25
fever:56123,ce100,ce20,bm25,bm25,ce100,ce20,ce100,ce20,ce20,bm25
fever:56162,ce20,ce20,ce100,ce100,ce20,bi200,ce100,ce20,ce100,ce20
fever:56182,ce100,ce100,ce20,ce20,ce20,hybrid,ce20,hybrid,ce20,hybrid
fever:56186,ce20,ce100,bm25,bm25,bm25,hybrid,bi200,bm25,hybrid,bi200
fever:56200,ce20,ce20,ce100,bm25,ce100,hybrid,ce100,ce20,ce100,hybrid
fever:56261,bm25,ce20,ce20,bm25,ce20,ce20,ce20,ce100,ce20,ce20
fever:56262,bm25,ce20,ce20,bm25,ce20,ce20,ce20,ce100,ce20,ce20
fever:56284,bm25,ce20,bm25,bm25,ce20,bm25,bi200,hybrid,bm25,bm25
fever:56289,bm25,bm25,bm25,bm25,ce20,ce20,bm25,ce20,ce20,bm25
fever:56322,bm25,ce100,bm25,ce100,ce100,ce100,bi200,hybrid,bi200,bm25
fever:56323,bm25,bm25,bm25,bm25,ce20,ce20,bi200,ce20,ce20,bm25
fever:56342,bm25,ce20,bm25,bm25,bm25,bi200,bm25,ce20,bi200,ce20
fever:56361,bm25,bm25,bm25,ce20,ce100,ce20,hybrid,bm25,hybrid,ce20
fever:56364,ce20,ce20,ce20,ce20,ce20,ce100,bi200,hybrid,hybrid,hybrid
fever:56381,bm25,bm25,bm25,ce20,bm25,ce20,bm25,bi200,bm25,bm25
fever:56396,bm25,ce20,bm25,ce20,ce20,bi200,bi200,hybrid,bm25,hybrid
fever:56450,ce100,ce20,ce20,ce100,ce100,bi200,bi200,hybrid,bi200,bi200
fever:56475,ce20,ce20,ce20,ce20,ce20,ce20,ce20,ce20,ce20,bm25
fever:56481,bm25,bm25,bm25,bm25,bm25,hybrid,bm25,hybrid,bi200,bm25
fever:56512,bm25,ce100,ce20,bm25,ce100,ce20,ce100,ce100,ce100,ce100
fever:56523,ce100,bm25,bm25,bm25,bm25,bi200,ce20,hybrid,bm25,bi200
fever:5653,bm25,ce20,ce20,ce20,bm25,bi200,bm25,ce100,hybrid,ce20
fever:56532,bm25,ce20,ce20,bm25,ce20,ce20,ce100,ce20,ce20,ce20
fever:56549,ce100,ce20,ce100,ce20,ce100,ce20,ce100,ce100,ce20,ce20
fever:56559,bm25,ce20,bm25,bm25,bm25,hybrid,bi200,bm25,hybrid,ce100
fever:56574,bm25,bm25,ce20,bm25,ce20,ce20,bm25,bm25,ce20,bm25
fever:56584,bm25,ce100,bm25,bm25,ce100,ce100,bi200,hybrid,bm25,hybrid
fever:56638,ce100,ce100,bm25,ce20,ce100,ce100,hybrid,bi200,bi200,bi200
fever:5666,bm25,bm25,bm25,bm25,ce20,hybrid,hybrid,hybrid,hybrid,bm25
fever:56676,ce20,bm25,ce20,ce20,ce20,ce20,ce20,ce20,ce20,ce20
fever:56710,bm25,ce20,ce20,bm25,ce20,ce20,ce100,bm25,ce20,ce20
fever:56729,bm25,bm25,bm25,bm25,bm25,ce20,bm25,ce20,ce20,ce20
fever:56735,bm25,bm25,bm25,bm25,bm25,bm25,ce100,hybrid,hybrid,hybrid
fever:56742,ce20,ce20,ce20,bm25,ce100,bm25,ce100,ce20,hybrid,hybrid
fever:56776,bm25,ce20,ce20,ce20,ce100,hybrid,ce100,ce20,bi200,hybrid
fever:56809,ce20,ce100,bm25,bm25,ce20,hybrid,bm25,bm25,bm25,hybrid
fever:5688,bm25,ce20,bm25,bm25,ce20,ce20,bi200,bm25,bi200,bm25
fever:5689,bm25,ce20,bm25,bm25,ce20,ce20,bi200,hybrid,hybrid,bi200
fever:56900,bm25,ce20,ce20,ce20,ce20,ce20,ce100,ce20,ce20,bi200
fever:56908,bm25,ce100,ce100,bm25,ce100,bi200,bi200,ce20,bi200,ce20
fever:56951,bm25,ce20,bm25,ce20,bm25,ce20,bm25,ce20,bm25,bm25
fever:56959,ce100,ce20,bm25,bm25,ce100,hybrid,bm25,bm25,hybrid,bi200
fever:56960,bm25,ce20,bm25,bm25,bm25,hybrid,bm25,bm25,bm25,hybrid
fever:56986,ce20,bm25,bm25,bm25,bm25,ce20,ce20,ce20,bm25,bm25
fever:57008,bm25,bm25,ce20,bm25,bm25,bi200,bm25,bi200,ce20,bi200
fever:57027,ce20,bm25,bm25,bm25,ce20,bi200,bm25,bm25,bm25,bi200
fever:57030,ce100,ce20,bm25,bm25,ce20,ce20,ce100,ce100,ce20,ce20
fever:57049,ce100,ce20,ce20,bm25,ce20,bi200,bi200,bi200,hybrid,bi200
fever:5705,ce20,ce20,ce20,bm25,ce20,ce20,hybrid,ce100,ce20,ce20
fever:57057,ce20,bm25,ce20,ce20,ce20,hybrid,ce100,hybrid,ce20,ce20
fever:57058,bm25,bm25,ce100,ce100,ce100,bi200,bi200,bi200,ce20,bm25
fever:57080,bm25,ce20,bm25,bm25,ce20,ce100,bm25,ce20,ce20,ce20
fever:57089,ce20,ce20,ce20,bm25,ce20,ce20,ce100,ce20,ce20,ce20
fever:57138,bm25,ce20,ce20,bm25,ce20,ce20,bm25,ce100,ce20,ce20
fever:57141,ce20,bm25,ce20,ce20,ce20,ce100,bm25,hybrid,ce20,ce20
fever:57150,bm25,bm25,bm25,bm25,bm25,bm25,bm25,hybrid,ce100,bm25
fever:5719,bm25,bm25,ce20,bm25,bm25,bi200,bm25,ce20,bm25,bm25
fever:57236,ce20,ce20,ce20,ce20,ce20,bi200,bi200,ce20,bi200,bm25
fever:57245,ce20,ce100,bm25,ce100,ce100,hybrid,hybrid,hybrid,hybrid,hybrid
fever:57255,bm25,ce100,ce100,ce100,ce100,bi200,bi200,bi200,bi200,bi200
fever:57256,bm25,bm25,bm25,ce100,ce100,bi200,bi200,bi200,bi200,bi200
fever:57259,ce20,ce20,ce20,ce20,ce20,ce20,ce20,bm25,ce20,ce20
fever:57282,ce20,ce20,ce20,ce20,ce100,ce100,bm25,ce20,ce100,hybrid
fever:573,bm25,ce20,bm25,bm25,bm25,ce20,bm25,hybrid,bm25,bm25
fever:57339,bm25,bm25,bm25,ce20,ce100,ce20,hybrid,ce20,bm25,bm25
fever:57351,bm25,bm25,bm25,bm25,bm25,bm25,ce20,bm25,ce20,bm25
fever:57359,ce100,ce100,ce20,ce20,ce20,ce100,ce20,ce100,ce20,bi200
fever:57361,ce20,ce20,ce20,bm25,ce100,ce20,ce100,bm25,ce20,ce20
fever:57364,ce20,bm25,bm25,bm25,bm25,ce20,bm25,ce20,bm25,bm25
fever:5737,bm25,ce100,ce100,bm25,bm25,ce20,bi200,bi200,ce20,bi200
fever:57374,ce20,bm25,bm25,ce20,bm25,bm25,hybrid,hybrid,ce20,bm25
fever:57375,ce20,ce100,bm25,ce100,ce100,hybrid,hybrid,hybrid,ce100,ce20
fever:5738,bm25,bm25,ce20,bm25,ce20,ce20,ce100,ce100,ce20,bm25
fever:57383,ce20,ce20,ce20,ce100,ce20,bi200,ce100,ce20,ce20,ce20
fever:57388,bm25,bm25,ce20,bm25,ce20,bi200,bm25,bi200,ce20,bm25
fever:57421,bm25,ce20,bm25,bm25,bm25,bi200,bm25,ce20,ce20,hybrid
fever:57433,ce20,ce100,ce20,bm25,bm25,ce20,bi200,hybrid,hybrid,hybrid
fever:5744,bm25,bm25,bm25,bm25,bm25,hybrid,bi200,hybrid,hybrid,bm25
fever:5745,bm25,bm25,bm25,bm25,bm25,ce100,bm25,hybrid,hybrid,bm25
fever:57452,bm25,bm25,ce20,ce20,bm25,ce20,bm25,ce20,ce20,bm25
fever:5747,bm25,bm25,ce20,bm25,ce20,ce20,ce20,ce100,ce20,hybrid
fever:57479,ce100,ce100,ce20,bm25,ce20,ce100,bi200,bi200,bi200,hybrid
fever:57507,bm25,bm25,bm25,bm25,bm25,bi200,bm25,bm25,bm25,bm25
fever:57522,ce20,bm25,ce100,ce20,ce100,ce100,ce100,hybrid,ce20,bm25
fever:57524,bm25,bm25,bm25,bm25,bm25,ce20,bm25,bi200,ce20,bi200
fever:57554,ce100,bm25,ce100,bm25,ce20,hybrid,bm25,bi200,hybrid,bi200
fever:57557,ce20,bm25,bm25,bm25,ce20,bm25,bm25,hybrid,bm25,bm25
fever:57577,bm25,bm25,bm25,bm25,bm25,bm25,bm25,bm25,bi200,bm25
fever:57585,ce20,bm25,bm25,bm25,ce20,hybrid,bm25,hybrid,hybrid,ce20
fever:57603,ce20,bm25,bm25,bm25,ce20,ce20,ce20,ce20,bm25,ce20
fever:57611,ce100,ce100,ce100,ce20,ce100,ce100,hybrid,hybrid,ce20,hybrid
fever:57622,bm25,ce100,bm25,bm25,bm25,bm25,bm25,hybrid,hybrid,bm25
fever:57631,ce100,ce20,bm25,bm25,ce20,hybrid,hybrid,hybrid,hybrid,ce20
fever:57635,ce20,ce20,ce20,bm25,ce20,ce20,bm25,bm25,ce20,bm25
fever:57636,bm25,ce20,bm25,bm25,ce20,bm25,bm25,ce20,ce20,bm25
fever:57638,bm25,bm25,bm25,bm25,bm25,bm25,bi200,bm25,bm25,bm25
fever:5765,bm25,bm25,bm25,bm25,bm25,hybrid,ce20,ce20,ce20,bi200
fever:5766,ce20,ce20,ce20,bm25,ce20,bi200,ce100,ce100,hybrid,bi200
fever:57670,bm25,bm25,bm25,bm25,bm25,bi200,bm25,hybrid,bm25,bm25
fever:57718,bm25,bm25,bm25,bm25,ce100,bi200,ce100,bi200,bi200,bi200
fever:57743,bm25,ce20,bm25,bm25,ce20,bm25,ce20,bm25,ce20,ce20
fever:57773,ce20,ce100,bm25,bm25,ce100,hybrid,ce100,bi200,hybrid,bi200
fever:57782,bm25,bm25,ce20,ce20,ce20,ce20,bm25,bm25,ce20,ce20
fever:5781,bm25,ce100,ce20,ce20,ce100,ce100,bi200,hybrid,ce20,hybrid
fever:57842,bm25,ce100,bm25,bm25,bm25,bi200,bm25,bm25,bi200,bi200
fever:57850,bm25,bm25,ce100,ce100,ce100,ce100,bi200,bi200,bi200,bi200
fever:57860,ce100,ce100,ce100,ce100,ce100,ce100,bi200,bi200,hybrid,bi200
fever:57895,ce20,bm25,bm25,bm25,ce100,hybrid,ce20,hybrid,ce20,hybrid
fever:57899,bm25,bm25,bm25,bm25,ce20,ce20,ce20,ce20,bm25,bm25
fever:57934,ce20,ce20,ce100,bm25,ce100,bi200,hybrid,hybrid,bi200,bm25
fever:57941,ce20,bm25,bm25,ce20,ce20,ce20,ce100,ce20,ce20,bm25
fever:57965,ce100,ce100,ce100,ce100,ce100,hybrid,ce100,hybrid,hybrid,hybrid
fever:58076,ce100,ce100,ce100,bm25,ce100,bi200,bi200,ce100,bi200,bi200
fever:58114,bm25,ce20,ce20,bm25,ce20,ce20,ce100,ce20,ce20,bi200
fever:58124,bm25,bm25,bm25,bm25,bm25,bm25,bm25,hybrid,bm25,bm25
fever:58140,ce20,bm25,bm25,ce20,ce20,bi200,bm25,bm25,bm25,bi200
fever:58155,ce20,ce100,bm25,bm25,ce100,bi200,bm25,ce100,hybrid,ce20
fever:58172,bm25,bm25,bm25,bm25,ce100,ce20,bi200,ce20,ce20,bm25
fever:58173,ce20,ce100,ce100,ce100,bm25,ce100,ce100,hybrid,ce20,ce20
fever:58175,bm25,ce20,bm25,bm25,ce20,ce20,bi200,bi200,ce20,bm25
fever:58178,ce20,ce100,ce100,ce20,bm25,ce20,bm25,bi200,ce100,bi200
fever:58182,ce20,ce20,ce20,ce20,ce20,ce20,bm25,bm25,bm25,bm25
fever:58191,bm25,bm25,bm25,ce20,ce20,bi200,bi200,bm25,bi200,bi200
fever:58206,bm25,bm25,bm25,ce20,bm25,hybrid,ce20,hybrid,bm25,bm25
fever:58230,ce20,ce100,ce100,ce100,ce100,ce100,ce100,bi200,ce20,hybrid
fever:58234,ce100,ce20,bm25,bm25,ce20,bi200,hybrid,ce20,ce20,ce20
fever:58244,ce100,ce100,ce20,ce100,ce100,ce100,ce100,ce100,ce100,hybrid
fever:5826,bm25,bm25,bm25,bm25,ce20,bm25,ce20,hybrid,bm25,bm25
fever:58302,ce20,ce100,ce100,ce20,ce20,ce20,ce100,ce100,ce100,ce100
fever:58317,ce100,bm25,ce20,ce20,ce100,bi200,bi200,bi200,hybrid,bi200
fever:5832,ce20,bm25,ce20,ce20,ce20,ce20,ce20,bi200,ce20,ce20
fever:58322,ce100,ce100,ce100,bm25,ce100,hybrid,bi200,bm25,bi200,bi200
fever:5833,ce20,bm25,ce20,ce20,ce20,bi200,ce20,bi200,ce20,ce20
fever:58334,bm25,bm25,ce100,ce20,ce100,hybrid,ce100,ce20,hybrid,hybrid
fever:58341,bm25,bm25,bm25,bm25,bm25,bi200,bm25,bi200,bm25,ce20
fever:58355,ce20,ce20,ce20,bm25,bm25,ce100,bi200,bi200,ce20,bi200
fever:58396,bm25,ce20,bm25,bm25,bm25,bm25,ce20,hybrid,ce20,bm25
fever:58415,ce100,ce100,ce100,ce100,ce100,ce100,ce100,bi200,ce100,bi200
fever:58417,ce100,ce20,ce20,bm25,ce20,ce100,ce100,hybrid,bi200,ce20
fever:58423,ce100,ce100,ce100,bm25,ce100,ce100,ce100,ce100,bm25,bm25
fever:58449,bm25,bm25,bm25,bm25,ce20,hybrid,ce100,hybrid,ce20,ce20
fever:58482,ce100,ce20,ce100,bm25,ce100,hybrid,ce100,ce100,bi200,hybrid
fever:58496,bm25,bm25,bm25,bm25,bm25,bm25,bm25,ce20,bi200,bm25
fever:58513,ce100,ce100,ce100,ce100,ce100,ce20,ce100,ce100,ce100,bi200
fever:58550,bm25,bm25,bm25,bm25,ce20,ce20,bm25,ce20,ce20,hybrid
fever:58572,bm25,bm25,bm25,bm25,ce20,ce20,bm25,ce20,bm25,bm25
fever:58585,ce20,ce20,ce100,ce20,ce20,ce100,ce100,ce20,ce20,ce100
fever:58607,bm25,bm25,bm25,bm25,ce20,bi200,bm25,hybrid,bi200,bi200
fever:58608,bm25,bm25,bm25,bm25,ce20,bi200,bi200,hybrid,bi200,bi200
fever:58618,ce100,ce100,ce100,ce100,ce100,bi200,bi200,bi200,bi200,bi200
fever:58661,bm25,ce20,ce100,bm25,bm25,bi200,bi200,hybrid,bi200,bi200
fever:58662,bm25,ce100,bm25,bm25,bm25,hybrid,bi200,bm25,hybrid,bm25
fever:58677,bm25,ce20,ce20,bm25,ce20,ce20,ce20,bi200,ce20,bm25
fever:58707,ce100,ce20,ce20,ce100,ce100,ce20,bi200,bm25,ce20,bi200
fever:58708,ce100,bm25,ce20,ce20,ce20,ce20,hybrid,bi200,ce20,ce20
fever:58711,ce20,ce100,ce20,bm25,bm25,ce100,bi200,ce20,bi200,hybrid
fever:58712,ce20,bm25,ce20,bm25,bm25,hybrid,bi200,ce20,bi200,hybrid
fever:58735,ce20,ce20,ce20,bm25,ce20,bm25,ce100,ce20,ce20,ce20
fever:58749,ce100,ce100,bm25,bm25,ce20,bi200,ce100,ce20,hybrid,bi200
fever:58753,bm25,ce20,bm25,ce20,ce20,bm25,ce20,hybrid,ce20,hybrid
fever:58764,bm25,ce20,ce20,bm25,bm25,ce20,ce20,ce20,ce20,bm25
fever:58765,ce20,bm25,ce20,bm25,ce20,ce20,ce100,ce100,ce20,ce20
fever:58783,ce20,ce20,bm25,bm25,ce20,ce100,bm25,bm25,ce20,ce20
fever:58800,bm25,ce20,bm25,bm25,ce20,bi200,bi200,bi200,bi200,bi200
fever:58814,bm25,ce20,bm25,bm25,bm25,bm25,bm25,hybrid,ce20,bm25
fever:58823,ce20,bm25,bm25,bm25,ce20,ce20,bi200,bm25,ce20,bm25
fever:58841,ce20,ce20,ce100,ce100,ce20,ce100,hybrid,ce100,ce100,hybrid
fever:58896,bm25,bm25,bm25,bm25,bm25,bm25,bm25,hybrid,hybrid,bm25
fever:58918,ce20,ce20,bm25,bm25,bm25,hybrid,bi200,hybrid,hybrid,bi200
fever:58924,ce100,ce100,ce20,bm25,ce100,ce100,ce100,bi200,bi200,bi200
fever:58926,ce100,ce20,ce100,ce100,ce100,ce20,bi200,hybrid,bi200,bi200
fever:58935,ce20,bm25,bm25,bm25,bm25,bm25,ce20,ce20,bm25,ce20
fever:58952,bm25,bm25,bm25,bm25,bm25,hybrid,bm25,bm25,bm25,bm25
fever:58967,ce20,ce20,ce100,ce100,ce100,ce100,ce100,ce100,hybrid,hybrid
fever:58968,ce20,ce20,ce20,bm25,ce100,ce20,ce20,ce20,ce20,hybrid
fever:5900,ce20,ce100,bm25,ce100,ce100,hybrid,hybrid,hybrid,hybrid,hybrid
fever:59001,bm25,bm25,bm25,bm25,bm25,hybrid,bm25,hybrid,hybrid,hybrid
fever:59025,ce20,ce20,ce20,bm25,bm25,ce20,ce100,hybrid,ce20,ce20
fever:59048,bm25,ce20,ce20,ce20,ce20,ce20,bm25,ce20,ce20,bm25
fever:59056,ce20,ce100,ce20,bm25,ce20,bi200,bi200,ce20,hybrid,hybrid
fever:59067,ce20,bm25,ce20,ce20,ce20,bi200,ce100,bi200,ce20,ce20
fever:59070,ce100,ce100,ce20,ce100,ce100,bi200,hybrid,hybrid,hybrid,ce100
fever:59087,ce20,ce100,ce20,bm25,ce20,ce100,ce100,hybrid,ce20,hybrid
fever:59144,bm25,bm25,bm25,ce20,bm25,bm25,hybrid,hybrid,bi200,ce20
fever:59147,bm25,bm25,bm25,bm25,bm25,bm25,ce20,bm25,bm25,bm25
fever:59149,ce20,ce100,ce20,ce20,ce100,ce100,ce100,ce20,ce20,ce20
fever:59158,ce20,ce100,ce20,ce100,ce20,hybrid,bi200,ce20,ce20,ce100
fever:59208,bm25,ce100,ce100,bm25,ce20,bi200,bi200,hybrid,bi200,bi200
fever:59214,ce100,ce20,ce100,ce20,ce100,bi200,bi200,ce20,bi200,bi200
fever:59221,ce100,ce100,ce20,ce100,ce20,hybrid,ce100,hybrid,hybrid,hybrid
fever:59242,ce20,bm25,ce100,ce100,ce20,ce100,hybrid,hybrid,ce100,hybrid
fever:59266,ce20,ce100,ce20,bm25,ce20,bm25,bm25,ce20,bm25,hybrid
fever:59273,ce20,ce20,ce20,ce20,ce20,bi200,ce100,hybrid,ce20,ce100
fever:59290,ce20,bm25,bm25,bm25,ce100,ce100,bi200,hybrid,hybrid,hybrid
fever:59319,ce100,ce100,ce100,ce20,ce100,hybrid,bi200,hybrid,bi200,bi200
fever:5934,ce20,bm25,bm25,bm25,ce20,bm25,bm25,bm25,bm25,hybrid
fever:59355,ce20,bm25,bm25,bm25,ce20,ce100,bi200,bm25,ce20,hybrid
fever:59358,ce20,ce100,bm25,bm25,ce20,ce100,ce20,hybrid,hybrid,ce100
fever:59384,ce20,bm25,bm25,bm25,ce20,ce20,ce20,ce20,bm25,bm25
fever:59385,bm25,bm25,ce20,bm25,ce20,ce20,bm25,ce20,ce20,ce20
fever:59393,bm25,bm25,ce20,bm25,ce20,bi200,bi200,hybrid,ce100,hybrid
fever:59410,ce20,ce20,ce100,bm25,bm25,ce100,ce100,hybrid,hybrid,hybrid
fever:59489,bm25,bm25,ce20,ce20,bm25,ce20,bm25,ce20,ce20,ce20
fever:5950,ce20,ce20,ce20,bm25,ce20,ce100,bm25,bm25,bi200,hybrid
fever:59504,ce100,ce20,ce100,bm25,ce20,bi200,bi200,hybrid,bi200,ce20
fever:5951,ce20,ce20,bm25,ce20,ce20,ce100,bm25,bm25,bm25,hybrid
fever:59521,ce100,ce100,ce100,ce100,ce100,ce100,bi200,bi200,bi200,ce100
fever:59532,ce100,ce100,ce100,ce100,ce100,ce100,bi200,bi200,bi200,ce100
fever:59545,bm25,ce20,ce20,bm25,ce20,ce20,bi200,ce20,bi200,bi200
fever:59573,ce100,ce100,ce100,ce100,ce100,hybrid,hybrid,hybrid,hybrid,hybrid
fever:59602,ce100,ce100,ce100,ce100,ce100,bi200,ce100,hybrid,bi200,bi200
fever:59603,bm25,bm25,bm25,bm25,bm25,ce100,ce20,ce20,ce20,bm25
fever:59605,bm25,bm25,ce20,bm25,ce100,ce20,ce100,ce20,ce20,ce20
fever:59607,ce20,ce100,ce20,ce20,ce20,ce100,ce100,ce20,ce100,ce20
fever:59617,bm25,bm25,bm25,ce20,bm25,ce20,ce100,ce20,bi200,bi200
fever:59626,bm25,bm25,bm25,bm25,ce20,bm25,bm25,ce20,bm25,bm25
fever:59629,ce20,ce100,bm25,ce100,ce100,bi200,ce100,ce20,ce20,hybrid
fever:59641,ce20,bm25,bm25,ce20,bm25,bm25,bm25,hybrid,bm25,bm25
fever:59674,bm25,bm25,bm25,bm25,ce20,hybrid,bm25,bm25,bm25,bi200
fever:59678,ce20,ce20,ce20,ce20,ce20,ce100,ce100,bm25,ce100,ce20
fever:59686,bm25,ce100,bm25,bm25,bm25,ce100,ce100,bi200,bi200,bi200
fever:59689,ce20,bm25,ce20,ce20,bm25,bi200,ce20,bi200,bi200,bi200
fever:59695,bm25,bm25,bm25,bm25,bm25,bm25,bi200,bm25,ce20,bm25
fever:59707,ce20,bm25,ce100,bm25,bm25,bi200,ce100,hybrid,hybrid,hybrid
fever:59718,ce20,bm25,bm25,bm25,ce20,ce20,ce100,bm25,bi200,hybrid
fever:5972,bm25,bm25,bm25,bm25,bm25,bm25,bm25,hybrid,bi200,bm25
fever:59768,ce20,ce20,ce20,ce20,bm25,bm25,bm25,ce20,bm25,bm25
fever:59777,ce20,ce100,bm25,bm25,bm25,ce100,bm25,bm25,ce20,bm25
fever:59778,bm25,bm25,bm25,bm25,ce20,bi200,bm25,ce20,bi200,bm25
fever:59783,bm25,bm25,bm25,bm25,bm25,ce100,bi200,bm25,hybrid,bm25
fever:5980,bm25,ce20,ce20,ce20,ce20,bi200,bi200,bi200,hybrid,bi200
fever:5985,ce20,bm25,ce20,bm25,ce20,bi200,ce100,ce20,hybrid,hybrid
fever:59856,bm25,ce100,bm25,bm25,ce100,hybrid,bi200,ce20,hybrid,bm25
fever:59862,bm25,ce100,ce20,bm25,bm25,bi200,bm25,bm25,ce20,ce20
fever:59867,ce20,bm25,ce20,bm25,ce20,ce20,bm25,ce20,ce20,ce20
fever:59873,ce20,ce20,ce20,bm25,ce20,ce20,ce20,ce20,ce20,ce20
fever:59890,ce20,bm25,ce20,bm25,bm25,ce20,bm25,bm25,bm25,bm25
fever:59903,bm25,ce100,bm25,ce100,ce100,hybrid,bm25,hybrid,ce20,bi200
fever:59907,bm25,ce20,bm25,ce20,ce20,ce20,ce100,bm25,ce20,bm25
fever:59963,bm25,bm25,bm25,bm25,ce20,bi200,bm25,bm25,hybrid,bm25
fever:59964,ce20,bm25,bm25,bm25,bm25,bi200,bm25,hybrid,hybrid,bm25
fever:59966,bm25,ce20,ce20,ce100,ce100,bi200,hybrid,hybrid,ce20,bi200
fever:59967,bm25,bm25,ce20,bm25,ce20,hybrid,hybrid,hybrid,hybrid,hybrid
fever:59979,ce100,ce100,ce20,ce20,ce20,bi200,bi200,ce100,hybrid,ce20
fever:59982,bm25,ce20,bm25,ce20,ce20,ce20,ce100,hybrid,ce20,ce20
fever:59984,bm25,bm25,bm25,bm25,bm25,bm25,bm25,bm25,bm25,bm25
fever:6,ce20,ce100,ce20,ce100,ce100,ce100,bi200,ce100,ce20,bi200
fever:60002,ce100,ce100,ce100,bm25,ce100,ce100,bm25,bi200,ce100,hybrid
fever:60008,bm25,bm25,bm25,bm25,bm25,ce20,bm25,bm25,ce20,hybrid
fever:60038,bm25,ce20,ce20,bm25,ce100,ce20,bm25,bm25,bi200,bm25
fever:60039,bm25,bm25,ce20,bm25,bm25,ce20,bm25,bm25,bi200,bm25
fever:60044,bm25,bm25,ce20,ce20,bm25,ce100,ce20,bm25,ce20,ce20
fever:60057,bm25,bm25,bm25,bm25,ce20,bi200,bi200,bi200,bi200,bi200
fever:60066,ce20,bm25,ce20,bm25,ce20,ce100,bm25,bi200,ce20,bi200
fever:60079,ce20,ce20,bm25,ce20,ce20,bm25,hybrid,hybrid,ce20,hybrid
fever:60080,ce20,ce20,bm25,bm25,ce20,ce20,ce20,bm25,bm25,bm25
fever:60081,bm25,bm25,bm25,bm25,bm25,hybrid,bi200,ce20,bm25,hybrid
fever:60092,ce20,ce20,ce20,bm25,bm25,bm25,bm25,ce20,ce20,bm25
fever:60095,bm25,bm25,bm25,bm25,bm25,ce20,bm25,bi200,hybrid,bm25
fever:60144,bm25,ce20,ce20,ce20,ce20,ce20,ce20,ce100,ce20,ce20
fever:60145,ce100,ce100,ce100,ce100,ce100,ce100,bm25,hybrid,ce100,hybrid
fever:60147,bm25,ce100,bm25,bm25,ce100,hybrid,bm25,bm25,ce20,ce20
fever:60162,ce100,ce100,bm25,ce20,ce20,ce100,hybrid,ce20,ce20,bi200
fever:6017,ce20,ce20,ce20,ce20,ce20,bi200,ce20,hybrid,ce20,ce20
fever:60185,bm25,bm25,bm25,bm25,bm25,bm25,bm25,hybrid,bm25,bi200
fever:60232,bm25,bm25,bm25,bm25,bm25,ce100,bi200,bm25,hybrid,hybrid
fever:60241,bm25,bm25,ce20,bm25,bm25,bm25,bm25,bi200,ce20,bm25
fever:60307,ce20,bm25,ce20,bm25,ce20,bi200,ce100,ce20,ce20,ce20
fever:6032,ce20,bm25,ce100,ce100,ce100,ce100,bi200,bi200,bi200,bi200
fever:60342,ce100,ce100,ce20,ce20,ce100,ce100,bi200,hybrid,hybrid,hybrid
fever:60344,ce100,ce100,ce100,ce100,ce100,ce100,hybrid,hybrid,hybrid,hybrid
fever:60350,ce20,ce20,ce20,bm25,ce20,ce20,ce20,ce20,ce20,bm25
fever:60351,ce100,ce20,ce20,bm25,ce20,ce20,bm25,bm25,ce20,bm25
fever:60411,bm25,bm25,ce20,ce20,ce20,bi200,bm25,hybrid,bm25,bi200
fever:60425,bm25,ce100,ce100,bm25,bm25,ce100,bm25,hybrid,hybrid,hybrid
fever:60431,bm25,bm25,bm25,ce20,ce20,ce20,ce20,ce100,ce100,ce20
fever:60442,bm25,ce100,ce20,ce20,ce20,ce20,hybrid,hybrid,ce20,ce20
fever:60444,bm25,bm25,bm25,bm25,bm25,ce20,bm25,ce20,bm25,bm25
fever:60458,ce20,ce100,ce100,ce100,ce100,bi200,ce100,bi200,hybrid,bi200
fever:60459,bm25,ce20,ce20,bm25,ce100,bi200,bm25,bi200,hybrid,hybrid
fever:60495,bm25,bm25,bm25,bm25,ce20,hybrid,bm25,bi200,bi200,bi200
fever:60535,ce100,ce100,ce100,ce100,ce100,bi200,hybrid,hybrid,hybrid,bi200
fever:60541,bm25,ce20,ce20,ce20,ce20,ce20,ce100,hybrid,ce20,bm25
fever:60566,ce20,ce100,bm25,bm25,ce20,hybrid,ce100,hybrid,hybrid,bi200
fever:60577,ce100,ce100,ce100,bm25,ce100,ce100,ce100,ce100,ce100,ce100
fever:60612,bm25,ce20,ce20,ce20,ce100,ce100,ce100,hybrid,bi200,hybrid
fever:60623,ce20,bm25,ce20,bm25,ce20,bi200,hybrid,hybrid,ce20,ce20
fever:60685,bm25,bm25,ce20,bm25,bm25,ce20,ce100,bm25,ce20,bi200
fever:60695,ce20,ce20,ce100,ce20,ce20,bi200,bm25,ce20,bi200,hybrid
fever:607,ce100,ce100,ce20,ce100,ce100,bi200,bi200,bi200,bi200,hybrid
fever:60701,ce20,bm25,bm25,ce100,ce20,ce20,bi200,ce20,ce20,bi200
fever:60702,bm25,bm25,bm25,bm25,bm25,ce20,hybrid,hybrid,ce20,hybrid
fever:60720,bm25,ce20,ce20,bm25,bm25,bi200,bi200,bi200,bi200,hybrid
fever:60756,ce20,ce20,bm25,ce20,ce20,ce100,ce100,ce20,ce20,bm25
fever:60763,bm25,ce20,bm25,bm25,ce20,bm25,ce20,ce20,bm25,bm25
fever:60769,ce20,ce20,bm25,ce20,ce20,ce100,bi200,bm25,bm25,hybrid
fever:60775,bm25,ce20,ce20,ce20,ce20,ce20,ce100,ce20,ce20,ce20
fever:6079,bm25,ce20,ce100,bm25,bm25,ce100,ce100,ce20,ce20,hybrid
fever:60819,bm25,bm25,bm25,bm25,bm25,ce20,bm25,bm25,bm25,ce20
fever:60854,ce20,ce20,bm25,ce20,ce20,bm25,ce100,ce100,ce20,ce20
fever:60933,bm25,ce20,ce20,ce20,ce20,bm25,ce100,ce20,ce20,ce20
fever:60952,bm25,bm25,ce100,bm25,ce100,hybrid,bm25,ce20,bi200,bm25
fever:60977,bm25,ce100,ce20,ce100,ce100,bi200,bi200,bi200,bi200,bi200
fever:60978,bm25,bm25,bm25,bm25,ce20,ce20,bm25,ce20,hybrid,bm25
fever:60979,bm25,bm25,bm25,bm25,ce20,ce20,bm25,ce20,bm25,bm25
fever:60995,ce20,bm25,bm25,ce20,ce100,bi200,bi200,bi200,hybrid,hybrid
fever:610,ce20,ce20,bm25,ce20,ce20,hybrid,bm25,ce20,bm25,bi200
fever:61002,bm25,ce100,bm25,bm25,ce100,hybrid,ce100,hybrid,hybrid,bi200
fever:61025,ce100,bm25,ce100,bm25,ce20,ce20,ce100,ce20,ce20,ce20
fever:6106,bm25,bm25,ce20,bm25,ce20,bi200,bm25,bi200,bi200,bi200
fever:61089,ce20,ce100,ce100,ce100,bm25,ce20,hybrid,ce100,ce20,ce100
fever:61106,ce20,ce20,ce20,bm25,ce20,bi200,bi200,bi200,bi200,ce20
fever:61107,ce20,ce20,ce100,bm25,ce20,ce100,ce100,hybrid,ce20,ce20
fever:6113,bm25,ce20,bm25,ce20,ce20,ce20,ce20,bm25,bm25,bm25
fever:61136,ce100,ce100,bm25,bm25,ce100,ce100,bi200,bi200,bm25,bi200
fever:6114,bm25,ce100,ce100,bm25,ce20,bm25,ce100,hybrid,ce100,hybrid
fever:61148,bm25,ce100,ce100,ce100,bm25,hybrid,bi200,hybrid,bi200,bm25
fever:61171,ce100,bm25,ce100,ce100,ce20,bi200,ce100,bi200,hybrid,hybrid
fever:61172,ce100,ce100,ce100,bm25,ce20,bi200,ce100,ce100,ce100,bi200
fever:61195,ce100,ce100,ce100,ce100,ce100,bi200,bi200,bi200,bi200,bi200
fever:61221,ce20,bm25,bm25,bm25,bm25,bm25,bm25,hybrid,hybrid,ce20
fever:61233,bm25,bm25,bm25,bm25,bm25,ce20,bm25,hybrid,ce20,ce20
fever:61302,bm25,bm25,bm25,bm25,bm25,ce100,bm25,bi200,bi200,bm25
fever:61315,bm25,ce20,ce20,bm25,ce20,ce20,ce100,ce20,ce20,ce20
fever:61327,ce20,ce20,ce20,ce20,ce100,ce100,ce20,ce20,ce20,ce20
fever:61366,ce100,ce100,ce100,ce100,ce100,ce100,ce100,ce100,ce100,hybrid
fever:61397,ce20,ce100,bm25,bm25,bm25,hybrid,bm25,ce20,ce20,bi200
fever:61401,ce20,ce100,bm25,ce20,ce100,ce100,ce100,ce20,ce100,bm25
fever:61448,ce100,ce100,ce100,ce100,ce100,bi200,bi200,bi200,bi200,bi200
fever:61504,ce100,ce100,ce20,ce20,ce100,ce100,ce100,bi200,ce20,ce20
fever:61542,ce20,ce20,ce20,bm25,ce20,bi200,bi200,bm25,bi200,bm25
fever:61552,bm25,ce20,bm25,bm25,bm25,ce20,bm25,bm25,bm25,bm25
fever:61563,ce20,bm25,ce100,ce100,bm25,bi200,hybrid,ce20,ce100,bm25
fever:61585,bm25,bm25,bm25,bm25,bm25,ce20,bm25,bm25,ce20,ce20
fever:61612,bm25,ce20,ce20,bm25,bm25,ce20,ce100,ce20,ce20,ce20
fever:61641,bm25,ce20,bm25,bm25,ce20,hybrid,bi200,hybrid,hybrid,bi200
fever:61695,ce20,bm25,bm25,bm25,ce20,ce20,bm25,bi200,ce20,ce20
fever:61709,bm25,bm25,bm25,bm25,bm25,bi200,bi200,bm25,bm25,bm25
fever:61720,ce20,bm25,ce20,bm25,ce20,bi200,ce20,hybrid,ce20,bi200
fever:61771,ce20,ce20,bm25,ce20,ce20,ce20,hybrid,bi200,ce20,ce20
fever:61772,ce20,ce20,bm25,ce20,ce20,ce20,hybrid,ce20,hybrid,ce20
fever:61776,ce20,ce20,bm25,bm25,ce20,ce100,ce100,bm25,ce20,ce100
fever:61781,ce100,bm25,ce100,ce100,ce100,bi200,bi200,bi200,bi200,bi200
fever:61782,ce20,ce100,ce20,bm25,bm25,ce100,bi200,hybrid,ce20,bm25
fever:61795,bm25,ce100,ce20,ce20,ce20,bi200,ce100,bi200,hybrid,bi200
fever:61803,ce20,ce20,ce20,ce20,bm25,ce20,ce100,ce20,ce20,ce20
fever:61807,bm25,bm25,ce20,ce20,ce20,ce20,bi200,bi200,ce20,bi200
fever:61817,bm25,bm25,bm25,bm25,bm25,bi200,bm25,bm25,bm25,bm25
fever:61821,ce20,ce100,ce100,bm25,ce100,bi200,bm25,ce20,bi200,hybrid
fever:61823,bm25,ce100,ce100,ce100,ce100,ce100,ce100,ce100,ce100,ce100
fever:61837,ce20,ce20,ce20,ce20,ce20,ce100,ce100,ce20,ce20,ce20
fever:61838,ce20,ce20,ce100,ce20,ce20,hybrid,ce100,ce20,ce20,ce20
fever:61870,ce20,bm25,bm25,bm25,ce20,bi200,ce20,ce20,ce100,ce20
fever:61874,bm25,ce20,bm25,bm25,ce20,ce20,bm25,ce20,ce20,ce20
fever:619,ce20,bm25,bm25,bm25,ce20,bi200,hybrid,bm25,ce20,ce20
fever:61922,bm25,ce100,ce20,ce100,ce20,ce100,hybrid,ce20,ce20,hybrid
fever:61926,ce100,ce100,ce100,ce100,ce100,bi200,ce100,hybrid,hybrid,ce20
fever:61937,bm25,bm25,ce100,ce100,ce100,hybrid,ce100,hybrid,hybrid,ce100
fever:61977,bm25,ce20,ce20,bm25,bm25,ce20,bm25,ce20,bm25,bm25
fever:61989,ce100,ce100,ce100,ce100,ce100,ce100,ce20,ce100,ce100,bi200
fever:62004,ce100,ce100,ce20,bm25,ce100,ce100,bi200,ce20,ce20,bi200
fever:62047,ce100,ce100,bm25,ce100,ce100,bi200,bi200,bi200,bi200,ce20
fever:62053,ce20,bm25,bm25,ce20,ce100,hybrid,hybrid,hybrid,hybrid,hybrid
fever:62062,bm25,ce20,ce20,ce20,ce20,ce20,ce100,ce20,ce20,ce20
fever:6210,bm25,ce20,bm25,bm25,bm25,hybrid,bi200,ce20,bi200,bi200
fever:62117,bm25,ce100,ce100,bm25,bm25,ce100,bi200,hybrid,hybrid,hybrid
fever:62119,ce20,ce20,bm25,ce100,ce20,ce20,bm25,bi200,ce20,ce100
fever:62126,ce20,ce20,ce20,ce20,ce100,ce20,bm25,ce100,ce20,bm25
fever:62149,ce20,ce100,ce20,bm25,ce20,ce100,ce100,hybrid,hybrid,hybrid
fever:6216,ce20,ce100,bm25,ce20,ce20,bm25,bm25,hybrid,bm25,bm25
fever:62201,ce100,bm25,ce20,ce100,ce100,ce20,bi200,ce20,ce100,bi200
fever:62247,bm25,bm25,bm25,bm25,bm25,bm25,bm25,bm25,bm25,bm25
fever:62284,bm25,ce100,ce100,ce100,ce20,ce100,bi200,ce100,ce100,ce100
fever:62298,ce100,bm25,ce20,bm25,ce20,bi200,hybrid,hybrid,hybrid,bi200
fever:62301,ce20,ce20,ce20,bm25,bm25,bi200,bi200,bi200,bi200,bm25
fever:62309,ce20,ce100,ce20,ce20,ce20,ce100,bm25,bm25,ce20,bm25
fever:62318,bm25,bm25,bm25,bm25,bm25,bi200,bm25,ce20,hybrid,bm25
fever:62335,bm25,ce20,ce20,bm25,bm25,ce20,bm25,ce20,ce20,bm25
fever:62355,ce20,ce20,ce20,ce20,ce100,bm25,ce20,hybrid,ce20,bm25
fever:62359,bm25,ce20,ce100,bm25,ce20,ce100,bi200,ce20,ce20,ce20
fever:62368,ce20,ce20,ce100,bm25,bm25,ce100,bi200,bi200,bi200,hybrid
fever:62451,bm25,bm25,bm25,bm25,ce20,bm25,bm25,bm25,ce20,bi200
fever:62453,bm25,ce20,bm25,ce20,bm25,bi200,bm25,bm25,hybrid,bm25
fever:62457,bm25,ce20,bm25,bm25,ce20,bm25,bm25,hybrid,ce20,bm25
fever:62491,bm25,bm25,bm25,bm25,bm25,ce20,bm25,bm25,bm25,bm25
fever:62492,ce20,ce20,ce20,bm25,ce20,ce20,bm25,bm25,hybrid,ce20
fever:6250,bm25,ce20,ce20,ce100,ce20,hybrid,ce100,ce100,hybrid,bm25
fever:62513,bm25,ce20,ce20,ce100,bm25,bi200,ce100,hybrid,hybrid,hybrid
fever:62516,bm25,bm25,ce20,bm25,ce20,ce20,bi200,ce20,bi200,bi200
fever:62587,bm25,ce20,bm25,bm25,bm25,ce20,bm25,bm25,bm25,ce20
fever:62614,bm25,ce20,bm25,bm25,ce20,ce100,bi200,bm25,hybrid,bm25
fever:62633,ce20,ce100,ce100,ce20,ce20,ce20,ce100,ce20,ce20,bi200
fever:62637,bm25,ce20,bm25,bm25,bm25,ce20,bm25,bm25,ce20,bi200
fever:62680,ce20,ce100,ce20,bm25,ce100,ce100,bi200,hybrid,ce100,hybrid
fever:6270,ce20,bm25,bm25,bm25,ce20,ce20,ce100,bm25,ce20,bm25
fever:62726,bm25,ce20,ce100,bm25,ce20,bi200,bi200,ce20,hybrid,ce20
fever:6274,bm25,ce20,bm25,ce20,ce20,bi200,ce100,hybrid,hybrid,bm25
fever:6275,bm25,bm25,bm25,bm25,bm25,bm25,ce100,hybrid,bm25,bm25
fever:62751,ce20,ce100,ce100,bm25,ce100,ce20,ce100,ce20,hybrid,bi200
fever:62779,bm25,ce20,ce20,bm25,ce100,ce20,bi200,bm25,bi200,bm25
fever:62816,bm25,ce20,ce100,bm25,bm25,bi200,bi200,hybrid,bi200,hybrid
fever:62826,bm25,ce100,bm25,bm25,ce100,ce100,bi200,bm25,ce20,bi200
fever:62828,bm25,ce20,ce20,bm25,ce20,bm25,ce100,bm25,ce20,bm25
fever:62831,bm25,bm25,bm25,ce20,bm25,ce20,bm25,ce20,ce20,bm25
fever:62834,bm25,bm25,bm25,ce20,ce100,hybrid,bm25,hybrid,bi200,bi200
fever:62835,bm25,bm25,bm25,ce20,ce100,bm25,bm25,hybrid,bi200,bi200
fever:6285,ce100,ce100,ce100,ce100,ce100,ce100,ce100,ce100,ce100,hybrid
fever:62877,bm25,ce20,bm25,ce20,ce20,ce20,ce100,ce20,bm25,bm25
fever:62898,ce20,ce100,ce20,ce100,bm25,ce100,ce100,ce100,ce20,bi200
fever:62907,ce20,bm25,bm25,bm25,ce20,ce100,bm25,hybrid,bm25,hybrid
fever:62919,bm25,bm25,ce20,bm25,ce100,ce20,ce20,bm25,ce20,ce20
fever:62924,bm25,bm25,ce100,ce100,ce100,ce100,bm25,hybrid,hybrid,bi200
fever:62971,bm25,bm25,ce20,ce20,ce20,ce20,bm25,ce20,bi200,bi200
fever:63038,bm25,ce20,ce20,bm25,ce100,ce100,ce100,hybrid,hybrid,hybrid
fever:63044,bm25,ce20,ce20,bm25,bm25,bm25,bi200,bm25,bi200,bm25
fever:63056,bm25,bm25,ce100,bm25,ce100,bi200,hybrid,bi200,hybrid,bm25
fever:63063,ce20,ce20,bm25,bm25,ce100,ce100,ce100,hybrid,ce20,hybrid
fever:63066,ce100,bm25,bm25,ce20,ce20,bi200,bi200,bi200,bi200,hybrid
fever:63081,ce100,ce100,ce100,bm25,ce100,bi200,ce100,hybrid,hybrid,bi200
fever:63084,bm25,ce20,ce20,bm25,ce20,ce20,hybrid,ce20,hybrid,bi200
fever:63093,ce100,ce100,ce100,bm25,ce100,bm25,ce100,hybrid,hybrid,ce100
fever:631,ce20,ce20,bm25,ce20,ce20,bi200,ce20,bm25,bm25,bm25
fever:63107,bm25,bm25,bm25,bm25,ce20,bi200,bm25,ce20,bm25,bi200
fever:63116,bm25,bm25,ce20,bm25,ce100,ce20,ce100,bm25,ce20,ce20
fever:63168,ce20,ce100,bm25,bm25,ce20,bm25,ce20,hybrid,ce100,bi200
fever:6317,bm25,bm25,bm25,ce20,bm25,ce20,bm25,bm25,ce20,bm25
fever:63185,bm25,bm25,ce100,bm25,bm25,ce100,bi200,bi200,bi200,bi200
fever:63201,ce20,ce100,ce20,bm25,ce20,ce20,ce100,ce20,hybrid,ce20
fever:63218,bm25,bm25,bm25,bm25,bm25,ce20,bm25,bm25,bm25,bm25
fever:63240,bm25,ce20,ce20,bm25,bm25,ce20,bm25,bi200,hybrid,ce20
fever:63252,ce20,bm25,bm25,ce20,ce20,ce100,bm25,ce20,ce20,bi200
fever:63287,bm25,bm25,bm25,bm25,ce100,bi200,bi200,ce20,hybrid,bi200
fever:63301,bm25,bm25,bm25,bm25,bm25,hybrid,ce20,hybrid,ce20,bm25
fever:63308,bm25,ce20,bm25,bm25,ce20,ce20,bm25,bm25,ce20,bm25
fever:63313,ce20,ce20,ce20,bm25,ce100,bi200,hybrid,hybrid,hybrid,bi200
fever:63315,ce100,ce100,ce20,ce100,ce20,ce100,ce100,bi200,ce20,ce100
fever:63316,ce100,ce100,ce100,ce100,ce20,ce100,bi200,bi200,ce20,ce100
fever:6334,bm25,bm25,bm25,ce20,ce20,ce20,ce20,ce20,ce20,bi200
fever:63357,ce20,ce100,ce100,ce100,ce100,bi200,ce100,bi200,ce100,hybrid
fever:63373,ce20,ce20,ce100,ce20,ce20,bi200,bm25,ce100,bi200,hybrid
fever:63374,ce100,ce100,ce100,ce100,ce100,ce100,hybrid,ce100,hybrid,ce100
fever:63431,ce20,ce20,ce100,ce100,ce100,ce100,hybrid,hybrid,hybrid,ce20
fever:63435,bm25,bm25,bm25,ce20,bm25,bm25,ce100,bm25,ce20,ce20
fever:63436,ce20,bm25,bm25,ce20,bm25,hybrid,bm25,bm25,bm25,bi200
fever:63444,bm25,bm25,bm25,ce100,ce20,ce100,bm25,bm25,ce20,bm25
fever:63464,bm25,ce20,ce20,bm25,ce100,hybrid,bi200,hybrid,hybrid,hybrid
fever:63465,ce100,ce100,ce100,ce20,ce100,hybrid,bm25,ce100,bi200,bi200
fever:63506,ce20,ce100,ce100,ce20,ce100,bi200,ce100,ce100,ce20,bi200
fever:63521,ce20,ce20,ce20,bm25,ce20,bi200,ce100,hybrid,ce20,hybrid
fever:63527,ce20,bm25,ce20,ce20,bm25,ce100,hybrid,bm25,ce100,ce20
fever:63557,bm25,ce20,ce20,ce20,ce20,ce100,bi200,bi200,bi200,bi200
fever:63590,ce20,ce100,bm25,bm25,ce100,ce100,ce100,hybrid,ce20,hybrid
fever:63603,ce100,ce100,bm25,ce100,ce100,ce100,hybrid,ce100,ce100,ce100
fever:63622,bm25,bm25,bm25,bm25,bm25,bi200,bm25,ce20,ce20,bm25
fever:63627,bm25,ce20,bm25,ce100,ce100,hybrid,hybrid,hybrid,bi200,hybrid
fever:63631,ce100,ce100,ce100,bm25,bm25,hybrid,ce20,ce100,ce20,ce20
fever:63660,bm25,ce20,bm25,bm25,bm25,bi200,ce100,bm25,bm25,bm25
fever:63686,ce20,ce100,ce20,ce20,ce20,bi200,ce100,bm25,ce20,ce20
fever:63693,ce100,bm25,bm25,bm25,bm25,ce100,ce100,bi200,ce20,ce20
fever:63698,ce20,ce20,ce20,ce100,ce100,ce20,ce100,bi200,bi200,ce20
fever:63699,bm25,ce20,ce20,ce20,ce20,ce20,ce20,ce20,bm25,ce20
fever:637,bm25,ce20,ce20,bm25,bm25,ce100,bm25,hybrid,ce20,hybrid
fever:63717,ce20,ce100,ce20,bm25,ce100,bi200,ce100,bi200,bi200,bm25
fever:63722,bm25,ce20,ce20,ce20,bm25,bm25,bm25,bm25,ce20,bi200
fever:63731,ce100,ce20,ce100,bm25,ce100,bi200,hybrid,hybrid,hybrid,bi200
fever:63746,bm25,bm25,bm25,bm25,bm25,ce20,ce20,ce20,bi200,ce20
fever:63757,bm25,ce20,ce20,bm25,ce100,bi200,bm25,hybrid,hybrid,hybrid
fever:63806,ce100,ce100,bm25,ce20,ce100,bi200,ce20,hybrid,bi200,bi200
fever:63829,ce100,ce20,bm25,ce20,ce20,ce100,bm25,hybrid,bm25,hybrid
fever:63836,ce100,ce100,ce20,ce100,ce100,bi200,ce100,ce20,ce100,ce100
fever:63846,ce20,ce20,ce20,ce20,ce20,ce20,bm25,hybrid,bm25,ce20
fever:6387,ce20,ce100,bm25,ce20,ce100,bi200,bm25,bi200,bm25,hybrid
fever:63874,ce20,ce100,bm25,bm25,ce100,ce100,ce100,hybrid,ce20,hybrid
fever:63885,ce20,bm25,bm25,bm25,bm25,ce100,ce100,bi200,hybrid,hybrid
fever:6389,ce20,ce20,ce20,ce20,ce20,bi200,bi200,hybrid,ce20,bi200
fever:63896,bm25,ce100,bm25,bm25,bm25,hybrid,bm25,ce20,hybrid,bm25
fever:6390,ce20,ce20,ce20,ce20,ce20,ce20,hybrid,bm25,ce20,hybrid
fever:63907,bm25,bm25,bm25,bm25,bm25,bm25,bm25,hybrid,bm25,bm25
fever:63938,bm25,ce20,bm25,bm25,bm25,bi200,bm25,bm25,ce20,ce20
fever:63949,ce20,bm25,ce20,bm25,ce20,ce20,bm25,ce20,ce20,bm25
fever:63950,ce20,bm25,ce20,ce20,ce20,bi200,bi200,bi200,ce20,bi200
fever:63958,bm25,ce20,ce100,bm25,ce100,ce20,ce100,hybrid,bi200,hybrid
fever:63975,bm25,bm25,bm25,bm25,bm25,hybrid,bi200,hybrid,bi200,bm25
fever:640,bm25,bm25,bm25,ce20,bm25,ce20,bm25,ce20,bm25,bm25
fever:64002,bm25,ce20,bm25,bm25,ce20,bi200,ce100,hybrid,ce20,bi200
fever:64023,bm25,ce20,ce100,bm25,ce100,hybrid,bi200,hybrid,bi200,hybrid
fever:64024,ce20,ce20,bm25,bm25,ce20,ce100,hybrid,hybrid,ce20,ce20
fever:64029,ce20,ce20,ce20,ce20,ce20,ce20,ce100,bm25,bi200,bm25
fever:64067,ce20,bm25,ce20,ce20,ce100,bi200,bm25,bm25,ce100,ce20
fever:64091,ce100,ce20,bm25,bm25,ce100,bi200,ce100,hybrid,hybrid,bi200
fever:64105,bm25,ce100,bm25,ce20,ce100,bi200,bi200,bi200,hybrid,ce20
fever:64113,ce20,bm25,bm25,ce20,ce20,ce20,bi200,bm25,ce20,ce20
fever:64114,ce20,ce100,ce100,ce20,ce20,bi200,ce100,ce20,ce20,bi200
fever:64131,bm25,bm25,ce20,bm25,bm25,bi200,bm25,bi200,bm25,bm25
fever:6414,ce20,ce20,bm25,bm25,ce20,bi200,hybrid,ce20,ce100,ce20
fever:64142,bm25,bm25,ce20,bm25,bm25,hybrid,bm25,bm25,bm25,bm25
fever:64149,ce20,bm25,bm25,bm25,ce20,bm25,ce100,bm25,ce20,ce20
fever:64155,bm25,ce20,bm25,ce20,ce20,ce20,ce20,ce20,ce20,bm25
fever:64196,ce20,ce20,ce20,bm25,ce20,bi200,bi200,hybrid,bm25,bm25
fever:64226,bm25,bm25,bm25,bm25,bm25,bi200,bm25,bi200,hybrid,ce20
fever:64318,ce20,ce20,ce20,bm25,bm25,bi200,bm25,hybrid,bm25,bi200
fever:6434,bm25,bm25,bm25,bm25,ce20,bm25,ce100,ce20,ce20,bm25
fever:64364,ce20,bm25,bm25,bm25,ce20,bi200,bi200,ce20,bi200,bm25
fever:64373,ce100,ce100,ce100,ce100,ce100,bi200,ce100,ce100,hybrid,ce100
fever:64400,bm25,ce20,ce20,bm25,ce100,ce100,bm25,bi200,ce20,bi200
fever:64402,ce100,ce100,ce100,bm25,ce100,bi200,bi200,ce20,bi200,hybrid
fever:64440,bm25,ce20,bm25,bm25,bm25,bi200,bm25,bi200,ce20,bi200
fever:64448,bm25,ce20,bm25,bm25,ce100,bi200,bm25,ce20,hybrid,hybrid
fever:64449,ce20,ce100,ce20,ce20,ce20,bi200,ce100,ce100,hybrid,ce100
fever:64453,ce20,bm25,bm25,bm25,bm25,hybrid,hybrid,hybrid,bi200,bm25
fever:64457,ce20,ce20,ce20,ce20,ce20,bi200,ce100,bi200,bi200,ce20
fever:64476,ce100,bm25,ce100,ce100,ce100,bi200,bi200,bi200,hybrid,bi200
fever:64486,bm25,ce20,ce20,bm25,ce100,ce20,bi200,bi200,ce100,bi200
fever:64498,ce20,bm25,bm25,bm25,bm25,hybrid,ce100,bm25,hybrid,bm25
fever:64561,ce100,ce100,ce100,ce100,ce100,ce100,ce100,ce20,hybrid,hybrid
fever:64572,ce20,bm25,bm25,ce20,bm25,ce20,bm25,bm25,bm25,bm25
fever:64584,ce20,ce20,bm25,bm25,bm25,ce100,bm25,ce20,ce20,ce20
fever:64590,ce100,ce20,ce20,ce100,ce100,ce100,bi200,hybrid,hybrid,hybrid
fever:6462,ce20,ce20,ce20,bm25,bm25,ce20,bm25,ce20,ce20,ce20
fever:64622,bm25,ce20,bm25,bm25,ce20,bi200,bm25,ce20,ce20,bm25
fever:64628,ce20,bm25,bm25,ce100,ce100,hybrid,hybrid,bi200,hybrid,ce20
fever:64631,ce20,bm25,bm25,bm25,ce20,ce100,bm25,hybrid,bi200,bi200
fever:64660,bm25,ce100,ce100,bm25,ce100,bi200,hybrid,ce100,ce100,ce100
fever:64666,bm25,bm25,bm25,bm25,bm25,bm25,bm25,bm25,ce20,bm25
fever:64685,ce20,ce100,ce100,bm25,ce20,ce20,ce100,ce100,ce20,ce100
fever:64699,bm25,ce20,bm25,bm25,ce100,hybrid,bi200,bi200,bi200,bi200
fever:64721,ce20,ce20,ce20,ce100,ce100,bi200,ce100,bi200,hybrid,bi200
fever:64746,ce100,ce20,ce100,ce100,ce20,hybrid,ce100,ce20,hybrid,hybrid
fever:64752,bm25,bm25,ce20,bm25,ce100,bi200,bi200,bi200,bi200,bi200
fever:64765,bm25,bm25,ce100,bm25,bm25,bi200,bi200,bi200,bm25,bm25
fever:64769,ce100,ce20,ce100,ce20,ce100,bi200,ce100,bi200,bi200,ce20
fever:64770,ce100,ce20,ce20,ce20,ce20,bi200,ce20,bi200,hybrid,ce20
fever:64784,ce100,ce100,ce100,ce100,ce100,ce100,ce100,bi200,ce100,ce100
fever:64786,bm25,ce20,bm25,bm25,ce20,ce20,bm25,bm25,ce20,ce20
fever:64797,bm25,ce100,bm25,ce20,ce100,bi200,hybrid,ce100,ce100,bi200
fever:64812,bm25,bm25,bm25,bm25,bm25,bi200,bm25,hybrid,hybrid,hybrid
fever:64822,ce20,ce100,ce20,ce100,ce20,ce20,ce100,ce20,ce20,bi200
fever:64830,bm25,ce20,ce100,bm25,ce100,bi200,ce20,hybrid,ce20,ce100
fever:64838,bm25,bm25,bm25,bm25,bm25,ce100,hybrid,bm25,hybrid,hybrid
fever:64842,bm25,ce100,ce100,bm25,bm25,bi200,ce100,bi200,hybrid,hybrid
fever:6487,ce20,ce20,ce100,ce20,ce20,ce20,ce100,ce20,ce20,bm25
fever:64874,bm25,ce100,ce20,ce20,ce100,ce100,ce100,ce20,ce20,ce20
fever:64898,ce20,ce20,bm25,ce20,ce20,ce20,ce100,ce20,hybrid,ce20
fever:64910,bm25,bm25,ce20,bm25,ce20,ce20,ce20,ce20,bm25,ce20
fever:64922,ce20,ce20,ce20,ce20,bm25,bi200,bm25,ce20,ce20,hybrid
fever:64943,bm25,bm25,bm25,bm25,bm25,ce20,bm25,bm25,bm25,bi200
fever:64956,bm25,bm25,bm25,bm25,ce20,ce20,bm25,bi200,ce20,hybrid
fever:6496,ce20,ce20,ce20,ce20,ce20,ce20,bm25,ce20,ce100,bi200
fever:64966,ce20,bm25,ce20,bm25,ce20,bi200,hybrid,hybrid,ce20,ce20
fever:6497,ce20,ce20,ce20,ce20,ce100,ce20,bm25,ce100,ce100,ce100
fever:65007,ce20,bm25,bm25,ce20,bm25,ce100,hybrid,hybrid,ce20,ce20
fever:65017,ce20,ce100,ce20,ce20,ce20,ce20,ce100,bi200,bi200,ce20
fever:65031,ce20,ce20,ce20,bm25,bm25,ce20,ce100,ce20,ce20,ce20
fever:65033,ce20,ce20,bm25,bm25,ce20,ce100,ce20,hybrid,hybrid,bm25
fever:65039,ce20,bm25,bm25,bm25,ce20,ce100,bm25,hybrid,bi200,bi200
fever:65047,bm25,ce20,bm25,bm25,bm25,bi200,bm25,bm25,bm25,bm25
fever:6507,ce20,ce100,bm25,ce20,ce20,ce100,hybrid,ce100,ce20,ce20
fever:65082,bm25,ce100,bm25,bm25,ce20,bi200,bm25,bi200,hybrid,hybrid
fever:65132,bm25,ce20,ce20,bm25,ce20,bi200,ce100,ce20,ce20,ce20
fever:65158,ce20,bm25,bm25,bm25,ce20,ce20,ce100,ce20,ce20,bm25
fever:65223,ce20,ce20,ce20,bm25,ce20,ce20,bm25,ce100,ce20,bi200
fever:65234,ce100,bm25,ce100,ce100,ce100,bi200,bi200,bi200,ce100,bi200
fever:65268,bm25,bm25,bm25,bm25,bm25,bm25,bm25,bm25,ce20,bm25
fever:65269,bm25,ce20,ce20,ce20,ce20,ce20,ce20,bm25,ce20,ce20
fever:65306,ce100,ce20,ce20,ce100,ce100,bi200,ce100,bi200,ce100,bi200
fever:65331,bm25,ce20,bm25,ce20,ce100,hybrid,bm25,hybrid,bi200,bi200
fever:65368,bm25,bm25,ce20,bm25,ce100,bi200,bm25,hybrid,ce20,ce20
fever:65381,ce20,bm25,bm25,bm25,ce20,bi200,hybrid,hybrid,hybrid,bm25
fever:6539,ce20,ce20,bm25,bm25,ce20,ce20,bm25,ce20,ce20,ce20
fever:65437,ce20,ce20,ce20,ce100,ce100,ce20,ce100,ce20,ce100,ce100
fever:65457,ce100,ce20,ce100,ce20,ce20,bi200,bi200,hybrid,bi200,ce20
fever:65458,ce100,ce100,ce100,ce100,ce20,bi200,bi200,ce20,ce20,bi200
fever:65462,ce100,ce100,ce20,ce100,ce100,bi200,bi200,bi200,hybrid,bi200
fever:65497,ce20,ce20,bm25,bm25,ce20,hybrid,ce100,ce20,hybrid,hybrid
fever:65511,ce20,ce20,ce20,bm25,ce20,bi200,ce20,ce20,ce20,ce20
fever:65516,ce20,bm25,ce100,bm25,bm25,bm25,ce100,ce20,bi200,bm25
fever:65558,ce100,ce100,ce100,bm25,ce100,bi200,ce100,ce100,hybrid,hybrid
fever:65564,ce20,ce20,ce100,ce20,ce100,bi200,bi200,bm25,bi200,ce100
fever:65583,ce100,ce100,ce100,bm25,ce100,ce100,ce100,bi200,ce100,bi200
fever:65590,bm25,ce20,bm25,bm25,bm25,bi200,bi200,bm25,bm25,bm25
fever:65597,ce100,ce100,ce100,ce100,ce100,bi200,hybrid,ce20,bi200,bi200
fever:65598,ce100,ce100,ce100,ce100,ce100,bi200,bi200,ce20,bi200,bi200
fever:65625,ce20,bm25,ce20,ce20,ce20,ce20,ce100,ce20,bi200,hybrid
fever:65634,ce20,ce20,ce20,bm25,ce20,bi200,bm25,ce20,bm25,hybrid
fever:65683,ce20,ce100,bm25,ce20,ce20,ce100,ce100,hybrid,hybrid,hybrid
fever:65691,ce20,bm25,bm25,bm25,ce20,bi200,ce100,ce20,hybrid,bi200
fever:65702,ce100,ce100,ce20,ce20,ce100,bi200,bi200,hybrid,bi200,bi200
fever:6572,ce20,bm25,bm25,ce100,bm25,ce20,bm25,hybrid,ce20,hybrid
fever:65720,ce20,bm25,ce20,ce20,ce20,bi200,bm25,bi200,bi200,ce20
fever:65728,bm25,ce20,bm25,bm25,bm25,bi200,bm25,bi200,bm25,bm25
fever:65748,ce20,bm25,bm25,bm25,ce20,bi200,ce100,bm25,hybrid,hybrid
fever:6576,ce20,ce20,ce20,ce20,ce20,ce20,ce100,ce20,ce20,ce20
fever:65790,bm25,ce20,ce20,bm25,ce20,ce100,ce100,ce100,ce100,hybrid
fever:65827,ce20,ce20,ce20,ce20,bm25,ce20,bi200,hybrid,bi200,hybrid
fever:65830,ce20,bm25,ce20,bm25,ce20,ce100,ce20,bm25,ce20,ce20
fever:65864,ce100,ce100,ce20,ce100,ce100,ce100,hybrid,hybrid,bi200,bi200
fever:65902,ce20,ce20,ce20,bm25,bm25,bi200,bi200,bi200,bi200,bm25
fever:65917,bm25,ce100,bm25,bm25,bm25,ce100,ce100,bm25,ce20,bm25
fever:65949,bm25,bm25,bm25,bm25,ce20,ce20,bi200,bm25,bm25,bi200
fever:65957,bm25,ce20,ce100,bm25,ce20,hybrid,bi200,hybrid,hybrid,ce20
fever:65959,bm25,ce20,bm25,bm25,bm25,hybrid,bm25,hybrid,bm25,bm25
fever:65994,ce20,ce20,ce20,ce20,ce20,ce100,ce100,ce20,ce100,hybrid
fever:66004,ce100,ce100,ce100,bm25,ce20,bi200,ce100,ce100,bm25,bi200
fever:66005,bm25,bm25,bm25,bm25,bm25,bm25,bm25,ce20,bm25,bm25
fever:66031,ce20,bm25,ce100,bm25,bm25,hybrid,bm25,ce20,hybrid,hybrid
fever:66044,bm25,ce100,ce20,bm25,ce100,bi200,bm25,hybrid,hybrid,bm25
fever:66046,ce20,bm25,bm25,bm25,ce20,bi200,bi200,hybrid,bm25,bm25
fever:66050,ce20,bm25,bm25,bm25,bm25,hybrid,hybrid,hybrid,hybrid,bm25
fever:66059,ce20,ce20,ce20,ce20,ce20,hybrid,ce100,ce20,ce20,ce20
fever:66075,ce20,ce20,ce20,bm25,ce20,hybrid,hybrid,ce100,ce20,hybrid
fever:66099,bm25,bm25,bm25,bm25,ce20,bm25,ce20,ce20,ce20,ce20
fever:66146,bm25,ce20,ce20,bm25,bm25,bi200,bm25,ce20,ce20,ce20
fever:66175,bm25,bm25,bm25,bm25,bm25,hybrid,bm25,hybrid,bi200,bm25
fever:66201,ce100,ce20,ce100,ce20,ce100,ce100,ce100,ce100,ce20,ce100
fever:66210,bm25,ce100,bm25,ce20,bm25,ce20,bm25,bm25,bi200,bi200
fever:66211,bm25,bm25,bm25,ce20,bm25,ce20,bm25,bm25,bi200,bm25
fever:66218,ce20,bm25,ce20,bm25,ce20,bm25,bm25,ce20,ce100,ce20
fever:66224,ce100,ce20,ce20,ce20,ce20,ce100,ce100,ce20,ce20,bi200
fever:66240,bm25,ce20,bm25,bm25,bm25,hybrid,ce100,bm25,bm25,ce100
fever:66253,bm25,bm25,bm25,bm25,bm25,ce20,bm25,bm25,bm25,bm25
fever:66330,bm25,ce100,ce100,bm25,bm25,ce100,bi200,bm25,ce20,ce20
fever:66351,ce100,ce100,ce20,ce100,ce20,ce100,ce100,ce100,ce100,ce100
fever:66371,bm25,bm25,bm25,bm25,bm25,bi200,bm25,hybrid,bi200,bm25
fever:66393,ce20,bm25,bm25,ce20,ce20,ce20,bm25,ce100,ce20,bi200
fever:66406,ce20,ce100,ce20,ce100,ce100,bi200,hybrid,hybrid,hybrid,hybrid
fever:66415,bm25,bm25,bm25,bm25,ce20,ce20,ce100,hybrid,ce20,ce20
fever:66425,bm25,bm25,bm25,bm25,ce20,bi200,bm25,hybrid,bm25,bi200
fever:66440,bm25,ce20,ce20,ce20,ce20,bm25,ce20,bm25,ce20,bi200
fever:66473,ce20,ce20,ce20,ce20,ce20,bi200,hybrid,bi200,ce20,bm25
fever:66489,bm25,bm25,bm25,bm25,bm25,bm25,bm25,ce20,ce20,bm25
fever:66492,bm25,ce20,ce20,bm25,bm25,bm25,ce100,ce100,ce20,bm25
fever:66493,bm25,bm25,ce20,bm25,bm25,ce20,ce100,ce20,ce20,bm25
fever:66495,ce20,ce100,ce100,ce100,ce100,bi200,ce100,ce100,hybrid,ce100
fever:6650,ce20,bm25,bm25,bm25,ce20,bi200,hybrid,hybrid,hybrid,bm25
fever:66501,bm25,ce100,ce20,ce100,ce20,bi200,bi200,hybrid,hybrid,bi200
fever:66519,ce20,ce20,ce20,bm25,ce20,ce20,bm25,bm25,ce20,bm25
fever:66524,bm25,bm25,bm25,bm25,bm25,bi200,bi200,hybrid,bi200,bi200
fever:66535,ce100,ce100,ce20,bm25,ce100,ce100,ce100,ce100,ce100,bi200
fever:66539,bm25,ce20,bm25,bm25,ce100,hybrid,bi200,bi200,hybrid,hybrid
fever:66540,bm25,ce20,bm25,bm25,ce100,bi200,bi200,ce20,hybrid,hybrid
fever:66557,ce20,ce20,bm25,bm25,ce20,ce20,bm25,bm25,ce20,ce20
fever:66579,bm25,bm25,bm25,bm25,bm25,bm25,ce20,ce20,bm25,bm25
fever:66580,bm25,bm25,bm25,bm25,bm25,bi200,bi200,hybrid,bi200,bi200
fever:66585,bm25,ce20,bm25,bm25,bm25,bm25,bm25,bm25,bm25,bm25
fever:66597,bm25,bm25,bm25,bm25,bm25,hybrid,bm25,hybrid,hybrid,bm25
fever:66599,bm25,ce20,bm25,bm25,bm25,bm25,ce20,ce20,ce20,bm25
fever:66610,bm25,ce100,ce100,bm25,ce20,ce100,ce20,ce20,ce20,ce20
fever:66633,ce20,ce20,ce100,ce100,ce100,ce100,bi200,bi200,bi200,bm25
fever:66638,bm25,ce20,bm25,bm25,bm25,ce20,bm25,ce20,bm25,bm25
fever:66669,bm25,ce100,ce100,bm25,ce100,bi200,bm25,bi200,hybrid,bi200
fever:6668,ce100,ce20,ce20,ce100,ce100,ce100,ce20,ce20,hybrid,ce100
fever:66683,ce20,ce20,bm25,bm25,ce20,hybrid,bi200,hybrid,bi200,bi200
fever:66692,ce100,ce100,ce100,ce100,ce100,hybrid,hybrid,hybrid,hybrid,hybrid
fever:6680,ce20,bm25,ce20,bm25,ce20,ce20,ce20,ce20,hybrid,ce20
fever:66801,ce100,ce100,ce20,ce20,ce100,bi200,hybrid,hybrid,hybrid,hybrid
fever:66809,bm25,bm25,bm25,bm25,bm25,ce20,ce20,bi200,bm25,bm25
fever:66812,ce20,ce20,ce20,bm25,ce20,bi200,bi200,ce100,ce20,ce20
fever:6683,bm25,ce20,ce20,ce20,ce20,ce20,bm25,bm25,ce20,bm25
fever:6684,bm25,ce20,ce20,ce20,bm25,ce20,bm25,bm25,ce20,bm25
fever:66841,ce20,ce20,ce100,bm25,bm25,hybrid,bm25,bm25,ce20,ce20
fever:66842,bm25,bm25,bm25,ce20,ce20,bm25,bm25,bm25,bm25,bm25
fever:66843,ce20,bm25,ce20,ce20,ce20,ce20,bm25,bm25,ce20,ce20
fever:66845,bm25,ce100,ce100,bm25,ce100,ce100,bi200,bi200,ce20,bi200
fever:66903,ce20,bm25,bm25,ce100,ce100,ce20,hybrid,hybrid,ce20,bi200
fever:66917,ce20,ce20,ce20,bm25,ce20,ce100,ce20,ce100,hybrid,bm25
fever:66918,ce20,ce100,ce20,bm25,ce20,ce20,ce20,bi200,ce20,ce20
fever:66938,ce20,ce100,ce20,ce20,ce20,bi200,hybrid,bm25,ce20,hybrid
fever:66940,ce100,ce100,ce100,ce100,ce100,ce100,ce100,hybrid,ce20,hybrid
fever:66969,ce20,bm25,bm25,bm25,ce20,bi200,bm25,bi200,bm25,bi200
fever:66970,ce20,bm25,bm25,bm25,ce20,bi200,bm25,bi200,bm25,bi200
fever:66980,bm25,bm25,ce100,bm25,ce100,bi200,bi200,ce20,hybrid,bi200
fever:66994,ce100,ce20,ce100,bm25,bm25,bi200,ce100,bi200,hybrid,bi200
fever:67003,bm25,ce20,bm25,bm25,ce20,bm25,bi200,bi200,ce20,bm25
fever:67011,ce20,ce20,ce20,ce100,ce20,ce20,ce20,ce100,hybrid,ce100
fever:67047,ce20,bm25,bm25,bm25,bm25,bi200,bm25,bi200,bm25,bm25
fever:67135,bm25,ce20,bm25,bm25,bm25,ce100,bi200,bm25,bi200,ce100
fever:67189,ce20,ce20,bm25,ce20,ce20,bi200,bi200,bi200,ce100,bm25
fever:67212,bm25,ce20,ce20,bm25,ce20,ce20,ce20,ce20,ce20,bm25
fever:67244,ce20,ce100,ce20,ce100,ce20,hybrid,ce100,bm25,ce100,hybrid
fever:67274,ce20,bm25,bm25,bm25,ce20,bi200,bm25,hybrid,hybrid,hybrid
fever:67277,ce100,ce20,ce100,ce100,ce20,ce100,hybrid,ce100,ce20,bi200
fever:67285,bm25,ce20,ce20,ce20,ce20,bi200,bi200,bi200,bi200,ce20
fever:673,ce100,ce100,ce100,ce100,ce100,ce100,ce100,bi200,hybrid,hybrid
fever:67319,ce100,ce20,ce100,ce20,ce100,ce100,ce20,bi200,bi200,hybrid
fever:67340,ce20,ce20,ce20,ce20,ce20,ce20,ce100,ce20,ce20,ce20
fever:67404,bm25,bm25,bm25,bm25,bm25,bm25,bm25,ce20,bm25,bm25
fever:67417,ce100,ce100,bm25,ce20,ce20,ce100,hybrid,ce100,hybrid,ce20
fever:6742,bm25,bm25,bm25,bm25,ce20,hybrid,bm25,bi200,bi200,bm25
fever:67426,bm25,ce20,ce20,ce20,ce20,hybrid,bm25,bm25,hybrid,bi200
fever:6743,bm25,bm25,bm25,bm25,ce20,bm25,bm25,bm25,bi200,bm25
fever:67449,bm25,bm25,bm25,bm25,ce20,bi200,bi200,bi200,hybrid,bi200
fever:67457,ce20,bm25,ce20,bm25,ce20,ce100,bi200,bm25,ce100,ce100
fever:67464,bm25,bm25,bm25,ce20,bm25,ce20,bm25,ce20,ce20,bi200
fever:67470,ce20,bm25,ce20,bm25,ce20,bi200,ce100,hybrid,ce100,hybrid
fever:67481,bm25,bm25,ce20,bm25,bm25,ce20,ce20,ce20,bm25,ce20
fever:67489,ce20,ce20,ce20,ce20,ce20,ce20,bi200,bi200,ce20,bm25
fever:67529,bm25,ce20,ce20,bm25,ce20,hybrid,bi200,bi200,bi200,bi200
fever:67534,ce20,ce100,ce20,bm25,ce20,ce100,ce100,ce100,ce100,ce100
fever:67544,ce20,ce100,ce100,ce20,ce20,bi200,bm25,bi200,ce20,bi200
fever:67568,ce20,bm25,bm25,bm25,ce20,ce100,bm25,ce20,bi200,bi200
fever:6757,ce100,ce100,ce100,ce100,ce20,ce100,ce100,ce20,bi200,hybrid
fever:67572,ce100,ce100,ce100,ce100,ce100,bi200,bi200,bi200,hybrid,hybrid
fever:67582,bm25,bm25,bm25,bm25,bm25,ce20,bm25,ce20,bm25,bm25
fever:67630,ce100,ce100,bm25,ce20,ce20,bi200,ce100,ce100,ce100,hybrid
fever:67679,bm25,ce20,ce20,ce20,ce20,ce100,ce20,ce100,ce20,bi200
fever:67707,ce100,bm25,bm25,bm25,bm25,bi200,ce100,bi200,hybrid,bi200
fever:67721,ce20,bm25,bm25,bm25,bm25,bi200,bi200,hybrid,bm25,bm25
fever:67746,bm25,ce100,ce100,ce100,ce100,bi200,bi200,bi200,bi200,bi200
fever:67766,ce20,ce20,ce100,bm25,ce100,ce20,bi200,bi200,bi200,hybrid
fever:67799,bm25,ce20,bm25,bm25,ce20,bi200,bi200,hybrid,ce20,bi200
fever:67818,ce20,bm25,ce20,ce20,ce20,bi200,bi200,hybrid,bi200,bi200
fever:67833,ce20,bm25,ce20,ce20,ce20,ce20,ce20,bm25,ce20,ce20
fever:67856,bm25,ce20,bm25,bm25,bm25,bm25,bm25,bi200,ce20,ce20
fever:67876,bm25,bm25,bm25,ce20,bm25,bi200,bm25,bm25,ce20,ce20
fever:67903,ce20,ce100,ce20,ce100,ce20,bi200,ce100,hybrid,ce20,ce20
fever:67917,ce100,ce100,bm25,bm25,ce100,bi200,ce100,bi200,hybrid,bi200
fever:67950,ce20,ce20,ce20,ce20,ce20,bi200,ce20,bi200,ce100,bi200
fever:68000,bm25,bm25,bm25,bm25,bm25,ce20,bm25,ce20,bm25,bm25
fever:68022,ce20,ce20,ce20,ce100,ce100,ce100,ce100,ce100,ce20,hybrid
fever:68027,ce20,ce100,ce100,ce100,ce20,ce20,ce20,ce20,ce20,ce20
fever:68032,ce20,bm25,bm25,bm25,ce20,bi200,ce100,ce20,ce100,ce20
fever:68043,ce100,ce20,ce20,bm25,ce20,ce100,ce100,hybrid,ce20,bi200
fever:68057,ce20,ce20,ce20,ce20,ce20,ce20,ce100,bi200,ce20,bi200
fever:6807,bm25,ce20,ce20,ce20,ce20,ce100,bi200,bi200,bi200,bi200
fever:68084,ce100,ce100,ce100,ce100,ce100,bi200,ce100,hybrid,hybrid,hybrid
fever:6810,ce100,ce20,ce100,ce100,ce20,bi200,hybrid,hybrid,hybrid,hybrid
fever:68132,bm25,bm25,ce100,bm25,ce20,bm25,ce100,bi200,hybrid,bm25
fever:68137,bm25,bm25,ce100,bm25,ce100,hybrid,ce100,hybrid,ce20,ce20
fever:68160,ce20,ce100,ce20,ce20,ce100,ce20,ce100,ce20,ce20,bm25
fever:68188,ce100,ce100,ce20,ce20,ce100,ce100,ce100,bi200,ce20,ce100
fever:68189,ce100,ce20,bm25,ce100,bm25,ce100,bi200,bi200,hybrid,hybrid
fever:68202,ce20,ce20,ce100,bm25,ce20,bi200,bi200,ce20,ce20,bm25
fever:68203,ce20,ce20,ce100,bm25,ce20,bi200,ce100,ce20,ce20,bm25
fever:68232,ce20,ce20,bm25,ce100,ce20,ce20,hybrid,hybrid,ce20,bi200
fever:68233,bm25,ce20,ce20,bm25,ce20,bm25,ce100,ce20,ce20,ce20
fever:68265,bm25,bm25,bm25,bm25,bm25,ce20,bm25,bm25,ce20,bi200
fever:68280,bm25,ce20,ce20,bm25,ce100,ce20,ce20,bi200,ce20,hybrid
fever:68282,ce100,ce100,bm25,ce20,ce100,ce20,ce100,ce100,bi200,bi200
fever:68283,ce20,ce100,ce100,bm25,ce100,bi200,bi200,bi200,bi200,bi200
fever:68320,ce100,ce100,ce20,ce100,ce20,ce20,bi200,ce100,ce100,ce100
fever:68327,bm25,bm25,bm25,bm25,ce20,bm25,ce100,ce20,ce20,bm25
fever:6833,ce100,ce20,ce100,bm25,ce100,ce20,ce100,bm25,ce20,ce100
fever:68337,ce20,bm25,ce20,ce20,ce20,ce20,ce100,ce20,ce20,bm25
fever:6834,ce100,ce20,ce100,bm25,ce100,ce20,ce100,hybrid,ce20,ce100
fever:68377,bm25,ce100,ce100,bm25,ce100,bi200,bi200,bm25,bi200,bi200
fever:68378,bm25,ce100,ce100,ce100,ce100,bi200,bi200,bm25,bi200,bi200
fever:68386,bm25,ce20,ce100,ce20,ce100,ce20,bi200,ce20,ce20,bi200
fever:68394,bm25,bm25,bm25,bm25,ce20,ce20,bm25,ce20,ce20,ce20
fever:68412,bm25,ce20,bm25,bm25,ce20,ce20,ce100,ce20,ce20,bm25
fever:68413,bm25,bm25,bm25,bm25,ce100,ce20,ce100,hybrid,ce20,bm25
fever:68443,ce20,ce20,ce20,ce20,ce20,ce100,ce100,hybrid,bi200,ce20
fever:68459,ce20,ce20,ce20,ce20,ce20,ce20,bm25,ce20,ce20,bm25
fever:68468,ce100,ce20,bm25,ce20,ce100,ce100,ce20,hybrid,ce20,ce20
fever:68472,ce100,ce100,ce100,ce100,ce100,ce100,ce100,bi200,hybrid,hybrid
fever:68483,bm25,ce100,bm25,bm25,ce20,bm25,bm25,bi200,bm25,bi200
fever:68488,ce20,bm25,ce20,bm25,ce20,ce20,bm25,bm25,ce20,bm25
fever:68502,ce20,ce20,bm25,ce20,ce20,ce20,ce100,bi200,hybrid,ce100
fever:68507,bm25,bm25,bm25,bm25,bm25,bm25,bm25,bm25,bm25,bm25
fever:68539,ce100,ce20,bm25,ce20,ce20,hybrid,hybrid,hybrid,hybrid,ce20
fever:68546,bm25,bm25,bm25,bm25,bm25,hybrid,bm25,hybrid,ce20,bm25
fever:68569,ce100,ce100,ce100,ce100,ce100,ce100,ce100,ce100,ce100,ce100
fever:68573,bm25,ce20,bm25,bm25,bm25,bi200,ce100,ce20,ce20,ce20
fever:68576,bm25,ce20,ce100,ce20,ce100,ce100,ce100,ce20,ce100,bi200
fever:68610,ce100,ce20,ce20,bm25,ce20,ce20,bm25,ce20,ce20,ce20
fever:68613,bm25,bm25,bm25,bm25,bm25,hybrid,bi200,hybrid,bi200,bi200
fever:68623,bm25,ce100,bm25,bm25,ce20,hybrid,ce20,ce20,ce20,bm25
fever:68632,ce20,ce20,ce20,bm25,ce20,ce20,ce100,bm25,ce100,ce20
fever:68676,ce20,bm25,ce20,bm25,bm25,ce20,bm25,bm25,bm25,bm25
fever:68677,bm25,bm25,bm25,bm25,bm25,bm25,bi200,bm25,bi200,bi200
fever:68685,bm25,bm25,bm25,bm25,bm25,ce20,bm25,hybrid,bm25,bm25
fever:68692,bm25,bm25,bm25,bm25,ce20,bm25,ce20,ce20,ce20,bm25
fever:68701,ce100,ce100,ce20,ce100,ce100,bi200,bi200,hybrid,bi200,bi200
fever:68706,bm25,ce20,bm25,bm25,bm25,bm25,bm25,hybrid,bm25,bm25
fever:68742,ce20,ce20,ce20,ce20,ce20,ce20,bm25,ce20,ce20,ce20
fever:68746,ce20,bm25,ce20,ce20,ce100,ce20,bi200,bi200,bi200,bm25
fever:68758,ce100,ce100,ce100,ce20,ce100,hybrid,ce100,ce100,hybrid,ce100
fever:6876,ce20,bm25,bm25,ce100,ce100,ce100,hybrid,ce100,ce100,hybrid
fever:68784,ce100,ce100,ce20,ce100,ce100,hybrid,bi200,hybrid,bi200,bi200
fever:68828,ce20,bm25,ce20,bm25,ce100,ce100,ce100,bi200,ce20,ce20
fever:68844,ce100,ce20,ce20,bm25,ce20,ce20,ce100,ce20,ce20,ce100
fever:68853,bm25,ce20,ce20,bm25,ce20,ce20,ce20,ce20,ce20,bm25
fever:68893,bm25,ce100,ce100,bm25,ce100,bi200,ce100,ce100,bi200,bm25
fever:68908,bm25,ce20,bm25,bm25,bm25,ce20,bm25,bi200,hybrid,bm25
fever:68913,bm25,ce20,ce20,ce20,ce20,ce20,ce100,bm25,ce20,ce20
fever:68921,bm25,ce100,bm25,bm25,ce100,bm25,bm25,hybrid,hybrid,bm25
fever:68929,bm25,bm25,bm25,bm25,ce20,ce20,bm25,ce20,ce20,bm25
fever:6893,bm25,bm25,bm25,bm25,bm25,bm25,bm25,ce20,bm25,bm25
fever:68930,ce20,ce100,ce20,ce100,ce100,ce20,ce100,bi200,ce100,bm25
fever:68934,ce100,bm25,bm25,ce20,ce20,bi200,bi200,ce100,ce20,bm25
fever:68973,ce100,ce100,ce20,bm25,ce100,bi200,ce100,bi200,bi200,bi200
fever:68983,ce100,ce100,ce20,ce100,ce100,ce100,ce100,hybrid,ce100,hybrid
fever:69,ce20,ce20,ce20,bm25,bm25,ce100,bm25,ce20,bm25,bm25
fever:69030,ce100,ce100,ce100,ce20,ce20,ce100,ce100,bm25,ce20,hybrid
fever:69035,ce100,ce100,ce100,ce100,ce100,bi200,bi200,bi200,hybrid,ce20
fever:69108,ce20,ce20,ce100,ce20,ce100,hybrid,bm25,bi200,bi200,ce100
fever:69136,bm25,ce20,ce20,ce20,ce20,bi200,hybrid,bi200,ce100,bm25
fever:69139,bm25,ce20,bm25,bm25,bm25,bm25,bm25,bm25,bi200,bm25
fever:69152,bm25,bm25,ce20,bm25,bm25,ce20,ce20,ce20,bm25,ce20
fever:69178,ce20,ce100,ce20,bm25,bm25,ce20,ce100,ce20,ce20,hybrid
fever:69185,ce20,bm25,ce100,ce20,ce100,bi200,ce100,ce100,bi200,bm25
fever:69238,ce100,ce20,ce20,bm25,ce20,ce100,ce100,ce20,ce100,ce100
fever:6925,bm25,bm25,bm25,ce20,bm25,ce20,ce20,hybrid,bm25,bm25
fever:69267,bm25,bm25,bm25,bm25,bm25,ce20,bi200,bm25,bi200,bi200
fever:69285,bm25,ce20,bm25,ce20,bm25,ce20,bm25,bm25,hybrid,bm25
fever:69354,ce100,ce100,ce100,ce100,ce100,ce100,bi200,ce100,ce100,bi200
fever:69410,ce20,ce20,ce100,bm25,bm25,hybrid,bi200,hybrid,bi200,hybrid
fever:6942,bm25,bm25,bm25,bm25,bm25,ce20,bm25,bm25,bm25,ce20
fever:69422,ce20,ce20,bm25,bm25,ce20,bi200,bm25,ce20,bm25,hybrid
fever:69425,ce20,bm25,bm25,bm25,ce20,bi200,ce20,bi200,bm25,ce20
fever:69436,ce20,ce20,ce20,bm25,ce100,bi200,bi200,bi200,bi200,bm25
fever:69474,ce100,ce100,ce100,ce100,ce100,ce100,bi200,hybrid,ce100,ce100
fever:69536,bm25,bm25,bm25,bm25,bm25,ce20,bi200,hybrid,bi200,bm25
fever:69562,bm25,ce100,ce100,bm25,ce100,bi200,bm25,ce20,ce20,ce100
fever:6959,ce100,ce100,ce100,bm25,ce100,bi200,ce100,ce100,hybrid,bi200
fever:69612,bm25,ce20,bm25,bm25,bm25,hybrid,bm25,bm25,bm25,bi200
fever:69625,ce100,ce20,ce100,ce20,ce100,hybrid,bi200,bm25,bi200,ce100
fever:69626,bm25,bm25,bm25,bm25,bm25,ce100,bm25,bi200,hybrid,bm25
fever:69640,ce20,ce100,ce20,ce20,ce20,bi200,hybrid,hybrid,hybrid,hybrid
fever:69641,ce20,bm25,bm25,bm25,ce20,bi200,bm25,bi200,bm25,bi200
fever:69652,ce100,bm25,ce100,ce100,ce20,ce100,ce100,bi200,ce100,ce100
fever:69655,bm25,ce20,bm25,bm25,ce100,hybrid,bm25,bi200,hybrid,bi200
fever:69663,ce20,bm25,bm25,bm25,ce20,bi200,bi200,bi200,hybrid,bm25
fever:69681,bm25,ce20,ce20,ce20,ce100,bi200,bi200,ce100,hybrid,bi200
fever:69699,ce20,ce20,ce20,ce20,ce20,ce20,ce20,ce20,bm25,bm25
fever:69716,ce100,ce20,ce20,bm25,ce100,ce100,bi200,hybrid,hybrid,hybrid
fever:69722,bm25,bm25,ce20,bm25,ce20,ce20,ce100,ce20,ce20,bm25
fever:69739,bm25,ce20,bm25,ce100,ce20,bi200,bi200,hybrid,ce20,hybrid
fever:69759,ce20,ce100,ce20,bm25,ce100,ce20,ce100,ce100,ce20,ce100
fever:69783,bm25,bm25,bm25,bm25,ce20,bi200,bi200,bi200,bi200,bi200
fever:69790,bm25,ce100,bm25,bm25,bm25,bi200,ce100,bm25,ce20,bm25
fever:69798,ce100,ce100,ce20,bm25,ce100,ce100,ce100,ce20,ce20,bi200
fever:69806,ce100,bm25,bm25,bm25,bm25,ce20,bm25,ce20,ce20,ce20
fever:69837,bm25,ce100,bm25,ce100,bm25,hybrid,bi200,bi200,bi200,bi200
fever:69843,ce20,ce20,ce100,ce20,ce20,bi200,ce100,ce20,ce20,ce20
fever:69871,bm25,ce20,bm25,bm25,ce20,ce100,ce20,ce20,ce20,bm25
fever:69878,ce20,ce20,ce20,ce100,bm25,bm25,bm25,ce100,ce100,ce20
fever:69883,ce100,ce20,ce100,bm25,ce20,ce20,ce20,ce100,ce20,ce100
fever:69892,bm25,bm25,bm25,bm25,ce20,bi200,bm25,bm25,bi200,bm25
fever:69920,ce20,ce100,ce100,bm25,ce100,hybrid,bi200,hybrid,hybrid,ce100
fever:69921,ce20,ce100,ce20,ce100,ce20,ce20,ce100,ce100,ce20,ce100
fever:69972,bm25,bm25,ce20,bm25,bm25,bi200,bi200,bm25,hybrid,bm25
fever:69981,bm25,ce20,bm25,bm25,bm25,bm25,bm25,bm25,hybrid,bm25
fever:69994,ce20,bm25,bm25,bm25,ce20,bm25,bm25,hybrid,bm25,hybrid
fever:69999,ce20,ce100,ce100,bm25,ce20,bi200,bi200,ce100,ce20,hybrid
fever:70,ce20,bm25,ce20,bm25,bm25,ce20,ce20,ce20,bm25,bm25
fever:7000,ce20,bm25,ce20,bm25,bm25,bi200,bi200,hybrid,bi200,bi200
fever:70005,ce20,ce100,ce20,ce100,ce100,ce100,bm25,bi200,ce20,hybrid
fever:70020,ce20,bm25,ce20,bm25,bm25,bi200,bm25,ce20,ce20,hybrid
fever:70022,ce20,bm25,bm25,bm25,ce20,bi200,ce100,ce20,ce20,bi200
fever:70041,bm25,bm25,bm25,bm25,bm25,ce20,bi200,hybrid,bi200,bi200
fever:70071,bm25,bm25,bm25,bm25,bm25,hybrid,bm25,hybrid,hybrid,hybrid
fever:70074,ce100,bm25,bm25,bm25,ce20,ce20,ce100,hybrid,ce20,ce20
fever:70099,ce100,ce100,bm25,ce100,bm25,hybrid,bi200,hybrid,hybrid,bi200
fever:70100,ce100,ce20,bm25,bm25,bm25,bi200,ce100,hybrid,hybrid,hybrid
fever:70115,ce20,ce100,ce100,ce100,bm25,hybrid,hybrid,hybrid,bi200,bi200
fever:7012,ce20,bm25,bm25,ce20,bm25,bi200,bm25,hybrid,hybrid,ce100
fever:7013,ce20,bm25,bm25,ce20,bm25,bi200,bm25,hybrid,bi200,bi200
fever:70145,bm25,ce20,ce20,bm25,bm25,ce20,bm25,hybrid,hybrid,bm25
fever:70159,bm25,bm25,bm25,bm25,bm25,ce100,bm25,hybrid,bi200,bi200
fever:70163,bm25,bm25,bm25,bm25,bm25,bm25,bm25,bm25,bm25,ce20
fever:70164,ce100,ce20,ce20,bm25,ce20,ce100,ce100,ce100,ce20,bi200
fever:70178,ce20,ce20,bm25,ce20,ce20,ce100,ce20,hybrid,ce20,hybrid
fever:70208,ce20,ce20,ce20,ce20,ce20,ce20,ce100,ce20,ce100,ce100
fever:70221,bm25,bm25,bm25,bm25,bm25,hybrid,bi200,bm25,bm25,bm25
fever:70239,ce100,ce100,bm25,ce20,bm25,ce20,ce100,hybrid,bm25,hybrid
fever:7025,ce100,ce100,ce100,ce100,ce100,ce100,bi200,hybrid,bi200,ce100
fever:7026,ce100,ce100,ce100,ce100,ce100,ce100,bi200,hybrid,ce100,hybrid
fever:70276,bm25,bm25,bm25,bm25,bm25,bi200,bm25,bi200,ce20,bm25
fever:70281,ce20,bm25,ce20,bm25,bm25,ce20,bi200,bi200,hybrid,bm25
fever:7031,bm25,ce20,bm25,bm25,ce20,bm25,bi200,bm25,bm25,bm25
fever:70310,ce20,ce20,ce100,ce20,ce20,ce100,ce100,ce100,ce100,hybrid
fever:70311,ce20,ce100,ce20,bm25,ce100,ce20,ce100,ce20,ce20,bm25
fever:7032,bm25,bm25,bm25,bm25,bm25,ce20,bm25,bm25,bm25,bm25
fever:70359,bm25,ce100,ce20,ce100,ce100,bi200,bi200,bi200,bi200,bi200
fever:70373,bm25,ce20,ce20,bm25,ce20,ce100,bi200,ce100,ce100,ce100
fever:70385,ce100,bm25,ce20,ce100,ce100,bi200,bi200,bi200,hybrid,ce20
fever:70386,bm25,bm25,bm25,bm25,bm25,ce100,bm25,hybrid,hybrid,bi200
fever:70393,bm25,ce100,ce100,ce20,ce100,bi200,bm25,bi200,bi200,bi200
fever:7041,bm25,bm25,bm25,bm25,bm25,bm25,bm25,ce20,ce20,bm25
fever:70412,ce20,ce100,bm25,bm25,bm25,bi200,bi200,ce100,hybrid,bm25
fever:70421,bm25,bm25,bm25,bm25,bm25,bm25,bm25,bm25,bm25,bm25
fever:70430,ce100,ce100,ce100,ce100,ce100,ce100,ce100,ce100,ce20,hybrid
fever:70460,bm25,ce20,ce20,bm25,ce20,ce20,bm25,ce20,ce20,ce20
fever:70490,ce20,ce100,ce20,ce20,bm25,ce20,ce20,hybrid,ce100,hybrid
fever:70536,bm25,bm25,bm25,bm25,bm25,bm25,bm25,bm25,bi200,bi200
fever:70545,bm25,bm25,bm25,bm25,bm25,bi200,bm25,ce20,hybrid,bm25
fever:70573,ce20,ce20,ce100,bm25,ce20,bi200,ce100,ce20,ce20,bm25
fever:70574,bm25,bm25,bm25,bm25,ce20,ce100,ce100,hybrid,bi200,ce20
fever:7059,ce100,ce100,ce20,ce20,ce100,bi200,bi200,hybrid,hybrid,hybrid
fever:70599,ce100,ce100,ce100,ce20,ce100,ce100,bi200,hybrid,hybrid,hybrid
fever:70601,bm25,bm25,bm25,bm25,bm25,bm25,bm25,bi200,bm25,bm25
fever:70602,ce100,ce100,ce100,ce20,ce100,bi200,bi200,bi200,ce20,hybrid
fever:70604,ce100,ce20,ce20,ce20,ce20,bi200,ce100,hybrid,bi200,ce100
fever:70612,ce100,ce100,ce100,ce100,ce100,ce100,ce20,hybrid,ce20,bi200
fever:70644,ce100,ce20,ce100,bm25,ce20,hybrid,bi200,hybrid,ce100,hybrid
fever:70645,ce100,ce100,bm25,bm25,ce20,ce20,bi200,hybrid,ce20,bi200
fever:70670,ce20,ce20,ce20,bm25,bm25,ce20,ce20,ce20,ce20,bi200
fever:70695,ce20,bm25,bm25,bm25,bm25,bm25,bm25,bm25,ce20,bi200
fever:70702,ce100,ce100,ce100,bm25,ce100,bi200,ce100,bi200,hybrid,hybrid
fever:70774,ce100,ce100,ce100,ce100,ce100,ce100,ce100,ce100,ce100,hybrid
fever:70780,bm25,ce20,bm25,bm25,ce20,ce100,bm25,bm25,ce20,bm25
fever:70784,ce20,ce20,bm25,bm25,bm25,ce20,ce100,hybrid,hybrid,bi200
fever:70812,ce100,ce100,ce100,ce100,ce100,bi200,ce100,ce100,ce100,hybrid
fever:70815,ce20,bm25,bm25,ce20,ce20,bi200,bm25,bi200,ce20,ce20
fever:70820,ce20,ce20,ce20,bm25,ce20,ce100,ce100,ce20,ce20,ce20
fever:70833,ce100,ce100,ce100,ce100,ce100,ce100,bi200,ce100,ce100,bm25
fever:70840,ce100,ce100,ce20,bm25,ce100,ce100,bm25,hybrid,hybrid,hybrid
fever:70882,ce20,bm25,ce100,bm25,ce20,bi200,bm25,bi200,bi200,bm25
fever:70918,bm25,ce100,bm25,bm25,ce20,ce100,bi200,bm25,hybrid,hybrid
fever:70932,ce100,ce20,ce100,ce100,ce20,ce20,ce100,ce100,ce100,ce100
fever:70935,ce20,bm25,bm25,ce100,bm25,bi200,bi200,bi200,bm25,bi200
fever:70961,ce20,ce20,ce20,ce20,ce100,ce20,bi200,ce100,bi200,bi200
fever:70965,ce100,ce100,ce100,bm25,ce100,ce100,hybrid,hybrid,bi200,hybrid
fever:70980,bm25,ce20,ce20,ce20,ce20,bi200,bm25,bi200,ce20,bm25
fever:70984,ce20,bm25,bm25,bm25,ce20,bi200,ce100,bm25,ce20,bm25
fever:71011,bm25,ce100,bm25,ce20,bm25,bm25,ce100,hybrid,ce100,bm25
fever:7105,bm25,ce20,ce20,ce20,ce100,ce20,ce100,hybrid,ce20,ce20
fever:71058,ce20,ce100,bm25,ce20,ce100,bi200,bi200,bi200,hybrid,hybrid
fever:71072,bm25,ce20,ce20,bm25,ce20,bm25,ce20,ce20,ce20,bm25
fever:71082,ce100,ce100,ce100,ce100,ce100,ce100,bi200,bi200,bi200,bi200
fever:71089,bm25,bm25,bm25,ce20,bm25,ce20,bi200,ce20,ce20,bm25
fever:71091,ce20,ce20,ce20,ce20,ce20,ce100,hybrid,hybrid,bi200,hybrid
fever:71092,ce20,ce20,bm25,ce20,ce20,ce100,hybrid,hybrid,bi200,hybrid
fever:71099,bm25,bm25,bm25,ce100,ce100,bi200,bi200,bi200,bi200,bi200
fever:71100,ce100,ce100,ce20,ce20,ce100,ce100,ce100,hybrid,ce100,ce20
fever:71111,bm25,ce100,ce20,ce20,ce20,ce20,ce20,bm25,ce20,ce100
fever:71120,ce20,ce100,bm25,ce20,bm25,ce100,bm25,bm25,ce100,bi200
fever:71124,ce20,ce100,bm25,bm25,bm25,bm25,bm25,ce20,ce20,bm25
fever:71125,ce20,ce20,ce20,bm25,bm25,ce20,ce20,bm25,ce20,bm25
fever:71138,bm25,ce20,ce20,bm25,ce20,ce20,ce20,ce20,ce20,bm25
fever:71150,bm25,ce20,ce20,bm25,ce20,ce20,bi200,ce20,ce20,bi200
fever:71153,ce100,ce20,bm25,bm25,ce20,bi200,bi200,ce20,bi200,hybrid
fever:71159,ce100,ce100,bm25,ce100,ce100,ce20,ce100,ce100,hybrid,ce20
fever:71161,bm25,ce100,ce20,bm25,ce100,ce100,bm25,hybrid,ce20,hybrid
fever:71180,ce100,ce100,ce100,ce20,ce100,hybrid,bm25,ce100,ce100,hybrid
fever:71187,ce20,bm25,bm25,ce20,bm25,ce20,ce20,hybrid,ce20,ce20
fever:71230,ce100,ce100,ce100,bm25,ce100,ce20,bm25,ce100,bi200,ce100
fever:71232,bm25,ce20,ce100,bm25,ce20,ce100,bi200,bm25,bm25,bm25
fever:71241,ce100,ce20,ce20,bm25,ce20,bi200,bi200,ce20,ce20,ce20
fever:71246,bm25,ce100,bm25,bm25,ce20,ce100,hybrid,hybrid,ce20,ce100
fever:71269,bm25,ce100,ce20,ce100,ce20,hybrid,ce20,bi200,ce20,ce20
fever:71281,bm25,ce20,bm25,bm25,bm25,hybrid,bm25,ce20,ce20,hybrid
fever:71352,ce100,ce100,ce100,ce100,ce100,bi200,ce20,ce100,hybrid,bi200
fever:71368,bm25,ce100,ce100,ce20,ce20,ce20,ce100,ce100,ce20,bi200
fever:7137,ce20,ce20,ce20,bm25,bm25,ce20,bi200,bi200,bi200,bi200
fever:71376,bm25,bm25,bm25,ce20,bm25,ce20,bm25,bi200,bm25,bm25
fever:7138,ce20,ce20,ce20,bm25,bm25,ce20,bi200,bi200,bi200,bi200
fever:71437,ce20,bm25,ce100,bm25,ce20,ce100,ce100,bm25,ce20,ce20
fever:71441,bm25,ce100,ce20,ce100,ce100,ce100,hybrid,ce20,hybrid,hybrid
fever:71444,ce100,ce20,ce100,ce20,ce100,bi200,ce100,bi200,hybrid,ce20
fever:71458,bm25,ce100,bm25,bm25,ce100,ce100,ce100,bi200,ce20,ce20
fever:71479,ce20,bm25,bm25,bm25,ce20,bm25,bm25,ce20,ce20,ce20
fever:71510,ce20,bm25,bm25,bm25,ce20,ce20,bm25,ce20,bm25,bm25
fever:71511,ce20,bm25,bm25,bm25,ce20,ce20,ce20,ce20,bm25,ce20
fever:71516,bm25,bm25,ce20,bm25,ce20,hybrid,bm25,bi200,hybrid,bm25
fever:71554,ce20,ce20,ce20,ce20,ce20,ce100,ce100,hybrid,ce20,ce20
fever:71570,bm25,ce20,bm25,bm25,ce20,hybrid,hybrid,hybrid,hybrid,bm25
fever:71618,ce100,ce20,ce20,ce20,ce100,ce100,bi200,bi200,hybrid,hybrid
fever:71639,ce20,bm25,bm25,ce20,ce20,bi200,bi200,bi200,bi200,bm25
fever:71642,bm25,bm25,bm25,bm25,bm25,hybrid,ce20,bi200,bi200,bi200
fever:71653,ce20,ce20,ce20,bm25,ce20,ce20,ce100,ce20,ce20,ce20
fever:71672,ce100,ce20,ce100,bm25,ce100,ce20,ce20,bi200,ce100,hybrid
fever:71687,ce20,bm25,ce20,bm25,bm25,ce20,bm25,ce20,bm25,bm25
fever:71695,bm25,bm25,bm25,bm25,ce20,bi200,bm25,hybrid,hybrid,hybrid
fever:71700,bm25,ce20,bm25,ce20,ce20,ce20,bi200,bm25,ce20,bi200
fever:71706,ce20,ce20,bm25,bm25,ce20,hybrid,bm25,hybrid,hybrid,bi200
fever:71722,ce20,ce20,ce20,ce20,ce20,ce20,ce100,ce20,ce20,ce20
fever:7178,bm25,ce20,ce20,bm25,ce20,ce20,ce100,ce20,ce20,ce20
fever:71791,bm25,ce20,bm25,bm25,ce20,bi200,ce20,hybrid,bm25,ce20
fever:71802,ce20,ce20,ce20,bm25,ce20,ce20,ce100,ce20,ce20,bm25
fever:71809,ce100,bm25,ce100,bm25,ce100,ce20,bi200,bi200,ce20,bi200
fever:71815,bm25,bm25,bm25,bm25,ce20,ce20,ce20,hybrid,bm25,ce20
fever:7183,ce20,ce100,bm25,ce20,ce100,hybrid,ce20,hybrid,bm25,hybrid
fever:71836,ce20,bm25,ce20,bm25,ce20,ce20,ce100,ce20,ce100,bm25
fever:7184,bm25,bm25,bm25,bm25,bm25,ce20,bm25,ce20,bm25,bm25
fever:71848,ce20,bm25,bm25,bm25,ce20,bi200,bm25,ce20,bm25,bi200
fever:71853,bm25,ce100,ce20,bm25,ce20,ce100,bm25,ce20,ce20,ce100
fever:71862,bm25,bm25,bm25,bm25,ce20,bi200,bi200,hybrid,bi200,ce20
fever:71876,ce100,bm25,ce20,bm25,ce20,hybrid,hybrid,hybrid,hybrid,ce20
fever:71911,bm25,ce20,ce20,bm25,bm25,ce20,bi200,bm25,bi200,bm25
fever:71947,ce100,ce100,ce100,bm25,ce100,ce100,hybrid,hybrid,hybrid,hybrid
fever:71959,ce100,bm25,ce100,ce20,ce100,bi200,hybrid,hybrid,hybrid,bi200
fever:71973,ce100,ce100,ce20,ce20,ce100,ce100,bm25,bi200,bi200,ce100
fever:71986,bm25,ce20,ce20,ce20,bm25,ce100,ce20,ce20,ce20,bm25
fever:72009,bm25,ce20,bm25,bm25,bm25,ce20,bm25,ce100,ce20,hybrid
fever:7202,ce20,ce20,ce20,ce20,ce100,ce20,ce100,ce20,ce20,ce20
fever:72023,ce100,ce20,ce100,bm25,ce100,hybrid,ce100,hybrid,ce100,ce20
fever:72024,ce100,ce20,ce100,bm25,ce100,hybrid,bi200,ce20,ce100,ce20
fever:72067,bm25,bm25,bm25,ce20,bm25,bm25,bm25,bm25,bm25,bm25
fever:72079,ce20,ce100,ce20,ce100,ce20,ce20,bi200,hybrid,ce20,ce100
fever:7208,ce20,ce20,bm25,bm25,ce20,bi200,bi200,bi200,bi200,ce20
fever:7209,ce20,bm25,ce20,bm25,ce20,bi200,ce20,bi200,ce20,ce20
fever:72090,ce20,bm25,ce20,ce20,ce20,ce20,hybrid,hybrid,bm25,hybrid
fever:72132,ce100,ce100,ce100,bm25,ce100,hybrid,hybrid,hybrid,hybrid,bi200
fever:72143,ce20,ce20,bm25,ce20,ce20,bm25,ce100,bi200,bi200,ce20
fever:72177,bm25,bm25,ce20,bm25,ce20,bi200,bm25,ce20,ce20,bi200
fever:72182,ce20,ce100,ce100,bm25,ce100,ce20,ce100,ce100,ce20,bm25
fever:72194,ce100,bm25,ce100,bm25,bm25,bi200,ce100,hybrid,hybrid,hybrid
fever:72208,ce100,ce100,bm25,bm25,ce100,ce100,ce20,hybrid,hybrid,ce100
fever:72218,ce20,bm25,ce20,bm25,ce20,ce20,ce100,ce100,ce100,bi200
fever:72250,ce20,bm25,bm25,ce20,ce20,bi200,bi200,ce20,bi200,bm25
fever:72255,bm25,ce100,ce20,bm25,ce100,ce100,ce100,ce20,hybrid,bi200
fever:72263,ce100,ce100,ce100,ce100,ce100,bi200,bi200,ce100,ce20,bi200
fever:72267,bm25,bm25,ce20,bm25,bm25,bm25,bm25,ce20,ce20,bm25
fever:72271,bm25,bm25,bm25,bm25,bm25,ce20,bm25,hybrid,bi200,bm25
fever:72279,bm25,ce20,bm25,bm25,bm25,bi200,bm25,bi200,bm25,bm25
fever:72331,ce100,ce100,ce100,ce100,ce100,hybrid,bi200,bi200,bi200,hybrid
fever:72341,ce20,bm25,ce20,bm25,ce20,bi200,bm25,hybrid,bi200,bm25
fever:72346,ce100,ce100,ce20,ce20,ce100,bi200,bi200,ce100,hybrid,ce20
fever:72358,ce20,ce100,bm25,bm25,ce100,bi200,ce100,ce20,hybrid,ce20
fever:72366,ce20,ce20,ce20,bm25,ce20,ce20,bi200,ce100,ce20,ce20
fever:72401,ce100,ce100,ce100,bm25,ce100,ce100,hybrid,bm25,hybrid,bm25
fever:72403,ce20,ce20,ce20,ce20,ce20,ce20,ce20,bm25,bi200,bm25
fever:72436,ce100,ce100,ce100,ce100,ce100,hybrid,hybrid,bi200,bi200,bi200
fever:72446,ce20,bm25,ce100,ce100,ce20,bi200,hybrid,ce100,ce100,hybrid
fever:72453,bm25,ce20,ce20,bm25,ce20,ce20,ce100,ce20,ce20,bm25
fever:72485,ce20,ce20,ce20,ce20,ce20,bi200,ce100,bi200,ce20,ce20
fever:72495,bm25,ce100,bm25,ce100,ce100,bi200,bi200,bi200,bi200,bi200
fever:72498,ce20,ce100,ce100,bm25,ce20,ce100,bi200,bm25,ce20,hybrid
fever:72508,ce100,ce100,ce100,bm25,ce100,ce100,ce100,ce20,ce20,bm25
fever:72518,bm25,ce20,bm25,ce100,bm25,bm25,ce100,hybrid,bm25,bm25
fever:72519,bm25,bm25,bm25,bm25,bm25,bm25,ce100,bm25,bm25,bm25
fever:72560,ce100,bm25,bm25,ce20,ce100,bi200,ce100,hybrid,hybrid,bi200
fever:7257,bm25,ce20,ce20,bm25,ce20,ce100,bm25,bm25,bi200,hybrid
fever:72578,ce100,bm25,bm25,bm25,bm25,bi200,bi200,bi200,hybrid,bi200
fever:7258,bm25,bm25,bm25,bm25,ce20,ce20,hybrid,hybrid,ce20,bm25
fever:72585,ce20,bm25,bm25,ce100,ce20,bi200,bi200,hybrid,ce20,bi200
fever:72586,ce20,bm25,bm25,ce100,ce20,hybrid,bm25,hybrid,ce20,bi200
fever:72593,ce20,bm25,ce20,ce20,ce20,ce20,ce20,ce20,ce20,ce20
fever:726,ce100,ce100,ce20,ce100,ce100,bi200,bi200,bi200,hybrid,hybrid
fever:7262,ce20,bm25,bm25,ce20,ce20,bi200,ce100,bi200,ce20,bi200
fever:72626,ce20,ce20,ce20,bm25,ce20,bm25,ce20,bm25,ce20,bm25
fever:72627,ce20,ce20,ce20,bm25,ce20,ce20,ce20,ce20,ce20,ce20
fever:72640,ce20,ce20,bm25,bm25,ce100,bi200,bi200,ce20,bi200,bi200
fever:72646,ce20,bm25,ce20,ce20,ce20,ce20,bi200,bm25,ce20,bi200
fever:7265,ce20,ce20,ce20,ce20,ce20,bi200,ce100,bi200,bi200,bm25
fever:72654,bm25,bm25,bm25,bm25,bm25,bi200,bi200,bi200,bi200,bi200
fever:72688,bm25,ce20,ce20,bm25,ce20,ce100,ce100,ce20,ce20,ce20
fever:72693,ce20,bm25,bm25,ce20,bm25,ce100,bm25,hybrid,bi200,hybrid
fever:72694,ce20,bm25,bm25,ce20,ce20,bi200,bm25,hybrid,hybrid,ce100
fever:72700,bm25,ce100,bm25,ce20,ce20,bi200,bi200,hybrid,bi200,hybrid
fever:72722,ce20,bm25,ce20,bm25,ce20,bi200,ce100,ce20,ce20,bm25
fever:72727,bm25,bm25,ce20,bm25,bm25,bm25,hybrid,bm25,ce20,ce20
fever:72738,ce100,bm25,ce100,ce100,ce100,bi200,ce100,hybrid,hybrid,hybrid
fever:72751,ce100,bm25,bm25,ce100,ce100,ce100,bi200,hybrid,hybrid,hybrid
fever:72756,ce100,ce100,ce100,ce100,ce100,hybrid,ce100,ce20,ce20,ce100
fever:7277,ce20,ce100,ce20,bm25,ce100,ce100,ce100,ce100,ce20,ce20
fever:7278,ce100,ce100,ce20,ce100,ce20,ce20,ce100,ce100,hybrid,ce100
fever:72781,ce20,ce20,bm25,bm25,bm25,ce20,ce20,hybrid,hybrid,ce20
fever:72786,bm25,bm25,bm25,ce20,ce20,bi200,bm25,bm25,bm25,bm25
fever:72813,ce100,ce100,ce100,bm25,bm25,bi200,ce100,bi200,bi200,bi200
fever:7283,ce20,ce20,bm25,ce20,ce20,bi200,bi200,hybrid,ce100,bi200
fever:7286,bm25,bm25,bm25,ce100,bm25,bi200,bm25,ce20,bi200,bi200
fever:7287,bm25,bm25,bm25,ce20,bm25,hybrid,bm25,bi200,bm25,bm25
fever:72871,ce100,ce100,ce20,ce20,ce100,ce20,bm25,bi200,ce100,ce20
fever:72890,ce20,bm25,bm25,bm25,bm25,bm25,bm25,ce20,bm25,bm25
fever:72905,bm25,bm25,bm25,bm25,bm25,bm25,ce20,bi200,bi200,bm25
fever:72918,bm25,ce100,ce20,bm25,ce20,ce20,ce100,ce100,bi200,ce20
fever:72923,ce20,bm25,ce100,bm25,ce20,ce20,ce100,ce20,ce20,bi200
fever:72926,bm25,bm25,bm25,bm25,bm25,ce20,bm25,bm25,bm25,bm25
fever:72937,ce100,ce100,ce20,ce100,ce100,ce100,bi200,bi200,bi200,bi200
fever:72962,ce20,ce100,ce20,ce100,ce20,ce20,bi200,bi200,hybrid,hybrid
fever:7297,bm25,bm25,bm25,bm25,bm25,hybrid,bi200,bm25,bi200,bi200
fever:72975,ce20,ce20,ce20,ce20,ce100,bi200,hybrid,bi200,bi200,bm25
fever:72985,ce20,ce20,ce20,bm25,ce20,bi200,bi200,bm25,hybrid,bm25
fever:72987,ce20,ce20,bm25,bm25,ce20,ce100,bi200,hybrid,hybrid,bm25
fever:73017,bm25,bm25,bm25,bm25,ce20,bi200,bm25,ce20,bm25,bm25
fever:73080,bm25,ce20,bm25,bm25,bm25,bm25,bm25,bm25,bm25,ce20
fever:73092,ce100,ce20,bm25,ce20,ce20,ce100,ce20,ce20,ce20,hybrid
fever:73102,bm25,ce20,ce20,bm25,ce20,ce100,ce100,ce20,ce20,bm25
fever:73113,ce20,bm25,ce20,ce20,ce100,ce20,bi200,ce20,ce20,ce20
fever:73114,ce100,ce100,ce20,ce20,ce20,ce20,bi200,hybrid,ce20,bi200
fever:73121,bm25,ce20,bm25,bm25,ce20,ce20,bi200,hybrid,bm25,bm25
fever:73126,bm25,bm25,bm25,bm25,ce20,bm25,bm25,bm25,bm25,bm25
fever:73136,ce20,bm25,bm25,bm25,bm25,bm25,ce20,ce20,ce20,bi200
fever:73150,bm25,bm25,bm25,bm25,ce20,bm25,hybrid,ce100,ce20,bi200
fever:73158,bm25,bm25,bm25,bm25,ce20,ce20,ce20,ce20,bm25,ce20
fever:73166,bm25,ce20,ce20,bm25,bm25,ce20,hybrid,bm25,hybrid,hybrid
fever:73208,ce100,ce100,ce20,ce100,ce100,ce20,ce100,ce100,bi200,bi200
fever:73212,ce20,ce100,ce100,ce100,ce100,ce100,ce100,ce100,hybrid,bi200
fever:73222,bm25,ce20,bm25,bm25,ce20,ce20,ce20,bm25,ce20,ce20
fever:73261,ce20,bm25,bm25,bm25,bm25,ce20,bm25,hybrid,hybrid,hybrid
fever:73269,ce20,bm25,bm25,ce20,ce100,hybrid,hybrid,hybrid,hybrid,bi200
fever:73281,ce20,ce20,ce20,bm25,ce20,ce20,ce20,ce20,ce20,ce20
fever:73295,ce20,ce20,ce20,ce20,ce20,ce100,ce100,ce20,ce20,ce20
fever:7330,ce20,ce20,ce20,bm25,ce20,ce20,ce100,hybrid,hybrid,ce20
fever:73305,ce20,bm25,bm25,ce20,ce20,bi200,bm25,bm25,hybrid,ce20
fever:73313,bm25,bm25,bm25,ce20,bm25,bm25,bm25,bi200,bi200,bm25
fever:73329,bm25,ce20,ce20,bm25,bm25,bi200,bm25,bm25,bi200,bm25
fever:7335,bm25,ce20,bm25,bm25,ce20,ce100,bm25,ce20,ce20,ce20
fever:73351,ce20,ce100,ce20,ce20,ce20,bi200,bi200,bi200,bi200,bi200
fever:7336,bm25,bm25,ce20,bm25,ce20,ce20,bm25,ce20,bm25,bm25
fever:73372,ce20,bm25,bm25,bm25,bm25,hybrid,bm25,hybrid,ce20,bm25
fever:73397,bm25,bm25,bm25,bm25,bm25,bm25,bm25,hybrid,bm25,bm25
fever:73412,ce100,ce100,ce100,ce100,ce100,bi200,hybrid,ce100,hybrid,hybrid
fever:73413,ce20,bm25,ce100,ce20,ce20,ce20,bi200,ce100,ce20,ce20
fever:73436,ce20,bm25,bm25,bm25,ce20,ce20,bm25,ce20,ce20,bi200
fever:73439,ce20,bm25,ce20,bm25,ce20,bi200,bm25,bm25,hybrid,bi200
fever:73443,ce100,ce100,ce20,ce100,ce100,bi200,ce100,hybrid,bi200,bi200
fever:73444,ce100,ce100,ce20,ce100,ce100,ce100,ce100,bi200,bi200,bi200
fever:73466,bm25,ce100,bm25,ce20,ce20,hybrid,bm25,bm25,ce20,ce20
fever:73471,ce20,bm25,ce20,bm25,ce20,bm25,ce20,hybrid,ce20,bi200
fever:73482,ce100,ce100,ce100,ce100,ce100,ce20,ce100,ce100,ce20,ce100
fever:73491,ce100,ce100,ce100,bm25,ce100,ce100,ce100,bi200,hybrid,hybrid
fever:73508,ce20,ce100,ce100,bm25,ce20,ce100,ce100,ce20,ce20,ce20
fever:73532,bm25,ce100,bm25,bm25,ce100,bi200,bm25,bm25,bm25,bm25
fever:73533,bm25,ce100,bm25,bm25,ce100,bi200,bm25,bm25,bm25,bm25
fever:73547,bm25,bm25,bm25,bm25,bm25,bm25,bm25,hybrid,ce20,bm25
fever:73560,bm25,bm25,bm25,ce100,bm25,bi200,bi200,bm25,bm25,hybrid
fever:73564,bm25,ce100,bm25,ce20,ce20,ce100,bm25,ce20,bi200,bi200
fever:73570,ce20,bm25,ce20,bm25,ce20,ce100,ce100,bm25,ce20,ce20
fever:7358,bm25,bm25,bm25,bm25,bm25,bi200,bm25,bm25,bm25,bm25
fever:73617,ce20,ce20,ce20,ce20,bm25,ce20,bi200,bm25,ce20,hybrid
fever:73630,bm25,ce20,bm25,bm25,bm25,bi200,bi200,bm25,hybrid,hybrid
fever:73637,ce20,bm25,bm25,bm25,bm25,ce20,bm25,ce20,bm25,hybrid
fever:73689,bm25,ce20,bm25,bm25,bm25,bm25,bi200,hybrid,bm25,bi200
fever:73715,ce20,ce100,ce20,ce20,ce100,bi200,bm25,bi200,bi200,bi200
fever:73716,ce20,bm25,ce20,bm25,ce20,ce100,ce100,ce20,ce100,ce100
fever:73724,ce100,bm25,ce20,bm25,bm25,ce100,bi200,ce20,ce20,hybrid
fever:73733,ce20,ce20,bm25,ce20,ce20,ce20,bi200,hybrid,hybrid,bi200
fever:73752,bm25,bm25,bm25,ce20,ce20,bm25,bm25,bm25,ce20,bm25
fever:73756,bm25,bm25,bm25,bm25,bm25,bm25,bm25,bm25,bm25,bm25
fever:73788,bm25,ce100,ce20,bm25,ce100,ce100,ce100,ce100,ce20,bi200
fever:73811,bm25,ce100,ce100,bm25,ce100,bi200,bm25,hybrid,hybrid,hybrid
fever:73861,ce100,ce20,ce100,bm25,ce100,hybrid,bi200,hybrid,bi200,hybrid
fever:73879,ce20,ce20,ce20,bm25,ce100,bi200,bi200,hybrid,ce100,hybrid
fever:73880,ce20,ce20,ce20,bm25,ce100,ce20,bi200,hybrid,ce100,hybrid
fever:73909,ce100,ce100,ce100,ce20,ce100,ce100,ce100,hybrid,ce20,hybrid
fever:73941,ce20,bm25,bm25,bm25,bm25,bm25,bm25,ce20,ce20,ce20
fever:73956,bm25,bm25,bm25,bm25,ce100,ce20,ce100,ce20,ce20,bi200
fever:73961,ce20,bm25,bm25,bm25,bm25,ce20,ce100,bm25,ce20,bm25
fever:73971,ce100,ce100,ce100,bm25,ce100,ce100,ce100,bi200,hybrid,bi200
fever:73974,bm25,bm25,bm25,bm25,bm25,hybrid,bi200,bm25,ce20,bm25
fever:73978,bm25,ce100,bm25,bm25,bm25,ce20,bi200,bm25,bm25,bm25
fever:73979,ce20,ce100,ce100,bm25,ce20,ce100,bi200,ce20,hybrid,bi200
fever:74009,bm25,bm25,bm25,bm25,bm25,hybrid,bm25,ce20,hybrid,bm25
fever:7401,ce100,ce100,ce100,bm25,ce100,ce100,bi200,bi200,bi200,hybrid
fever:74010,bm25,bm25,bm25,bm25,bm25,hybrid,bm25,ce20,hybrid,bm25
fever:74035,ce20,bm25,bm25,ce20,ce100,ce100,ce100,bi200,bi200,bi200
fever:74074,ce20,bm25,bm25,bm25,bm25,hybrid,bm25,bm25,hybrid,bi200
fever:74126,bm25,ce20,bm25,bm25,bm25,bm25,ce100,hybrid,ce20,ce20
fever:74127,bm25,ce20,bm25,bm25,bm25,bi200,bm25,hybrid,ce20,ce20
fever:74135,ce20,bm25,bm25,ce20,bm25,ce20,bm25,ce20,ce20,bm25
fever:74140,ce20,ce100,ce100,ce20,ce20,ce20,ce100,ce100,ce20,bi200
fever:74163,ce100,ce100,ce20,ce100,ce20,bi200,bi200,hybrid,hybrid,ce100
fever:7418,ce100,ce100,ce100,ce100,ce100,bi200,bi200,bi200,bi200,bi200
fever:74188,bm25,bm25,bm25,ce20,ce20,ce20,bm25,bm25,ce20,ce20
fever:7419,ce100,ce100,ce100,ce100,ce100,ce100,hybrid,bi200,hybrid,bi200
fever:74205,ce20,ce20,ce20,ce20,ce20,ce20,ce100,ce20,bi200,hybrid
fever:74211,bm25,bm25,ce20,ce20,bm25,bi200,bi200,bi200,bm25,bi200
fever:74224,bm25,bm25,bm25,ce20,bm25,bm25,bm25,bi200,hybrid,bm25
fever:74231,ce20,ce20,bm25,bm25,ce20,ce20,ce20,ce20,ce20,bm25
fever:74235,bm25,bm25,bm25,bm25,bm25,hybrid,bi200,bi200,hybrid,bm25
fever:74271,bm25,ce100,bm25,bm25,bm25,bi200,ce100,bi200,bi200,bi200
fever:74274,ce100,ce20,ce100,ce20,ce100,hybrid,hybrid,hybrid,hybrid,hybrid
fever:74276,ce100,ce100,ce100,ce100,ce100,hybrid,hybrid,bi200,bi200,hybrid
fever:7429,ce20,bm25,bm25,ce20,ce20,ce20,bm25,hybrid,bm25,hybrid
fever:7430,ce20,bm25,bm25,ce20,ce20,ce20,bm25,ce20,bm25,hybrid
fever:74311,bm25,bm25,bm25,bm25,ce20,hybrid,bm25,bi200,ce20,bm25
fever:74325,ce100,ce20,bm25,ce20,ce100,ce100,bi200,hybrid,hybrid,hybrid
fever:74327,ce20,bm25,bm25,bm25,bm25,hybrid,hybrid,hybrid,hybrid,hybrid
fever:7436,bm25,ce20,ce20,bm25,bm25,ce20,ce20,ce20,bm25,ce20
fever:74365,ce20,ce20,ce20,bm25,ce20,bi200,bi200,bi200,bi200,bm25
fever:74410,ce20,ce100,ce20,ce20,ce20,bi200,ce20,hybrid,ce20,bi200
fever:74416,ce20,ce100,ce100,ce100,ce100,bi200,ce100,bi200,ce20,bi200
fever:74427,ce20,bm25,ce20,ce20,ce20,bi200,bi200,bm25,ce20,bi200
fever:74430,ce20,ce100,ce20,ce100,ce100,bi200,ce100,hybrid,ce100,ce20
fever:74435,ce20,ce100,ce20,bm25,ce20,ce20,bm25,ce20,ce100,bm25
fever:74436,ce20,ce100,ce20,bm25,ce20,hybrid,bi200,ce20,ce20,ce20
fever:74440,ce20,bm25,bm25,bm25,ce20,ce100,bi200,bm25,bm25,ce100
fever:74475,bm25,bm25,bm25,bm25,bm25,bm25,bm25,bm25,ce20,ce20
fever:74479,ce20,bm25,bm25,bm25,bm25,ce20,bm25,ce20,hybrid,bm25
fever:74488,bm25,bm25,ce20,bm25,bm25,ce20,bm25,bm25,ce20,bm25
fever:74507,bm25,bm25,bm25,bm25,bm25,bm25,bm25,bm25,bm25,bi200
fever:7452,ce100,ce100,ce100,ce100,ce100,bi200,ce100,ce100,bi200,bi200
fever:74533,ce100,ce100,ce100,ce100,ce100,hybrid,hybrid,ce100,hybrid,hybrid
fever:74540,bm25,bm25,bm25,bm25,bm25,bm25,bm25,hybrid,bm25,bi200
fever:74544,ce20,ce20,bm25,ce20,ce20,ce20,bi200,bi200,bm25,bm25
fever:74555,bm25,bm25,bm25,bm25,ce20,ce20,bm25,ce20,ce20,bm25
fever:74557,bm25,bm25,ce100,bm25,bm25,bi200,ce100,bi200,hybrid,bi200
fever:74581,ce20,bm25,ce100,bm25,ce100,ce20,ce100,ce20,ce100,hybrid
fever:74583,ce100,ce100,ce100,ce100,ce100,hybrid,hybrid,bi200,bi200,bi200
fever:74588,bm25,ce100,ce20,ce20,bm25,ce20,bi200,bm25,bi200,bm25
fever:74621,bm25,ce100,ce100,bm25,ce100,hybrid,bm25,bi200,ce20,bi200
fever:74645,ce100,ce100,bm25,bm25,ce100,ce20,ce100,hybrid,hybrid,bi200
fever:74648,bm25,ce20,bm25,bm25,bm25,ce20,bi200,bm25,bm25,bi200
fever:74649,ce20,bm25,ce20,ce20,ce20,ce20,bm25,bm25,ce20,bi200
fever:7467,ce20,ce20,ce20,bm25,ce20,bi200,hybrid,hybrid,bi200,ce20
fever:74701,bm25,bm25,bm25,bm25,ce20,ce20,ce100,ce20,ce20,ce20
fever:74732,bm25,bm25,bm25,bm25,bm25,ce100,bm25,bi200,bi200,bi200
fever:74752,ce20,ce20,ce20,bm25,ce20,bi200,bm25,ce20,bi200,bi200
fever:74753,bm25,bm25,bm25,bm25,bm25,bi200,bi200,bi200,bi200,bi200
fever:74760,ce20,bm25,bm25,bm25,bm25,ce100,bm25,ce20,ce20,bm25
fever:74762,ce20,bm25,bm25,ce20,ce20,bi200,bi200,bi200,bi200,ce20
fever:74764,ce20,bm25,ce20,ce100,ce20,ce100,hybrid,ce100,ce20,hybrid
fever:74789,ce20,bm25,bm25,bm25,ce20,bi200,bm25,bi200,bm25,bm25
fever:74790,ce20,ce20,ce20,bm25,ce20,ce100,bm25,ce20,ce20,ce20
fever:74795,ce20,bm25,bm25,bm25,bm25,ce100,bm25,bm25,bi200,hybrid
fever:74806,ce100,ce100,bm25,ce100,ce100,hybrid,bi200,bi200,bi200,bi200
fever:74874,bm25,ce100,ce20,bm25,ce20,bm25,ce100,bm25,hybrid,bm25
fever:74951,ce100,ce100,ce100,ce100,ce20,bi200,bi200,bi200,bi200,ce100
fever:74961,ce100,ce20,ce20,bm25,ce100,hybrid,bi200,hybrid,hybrid,hybrid
fever:75013,bm25,bm25,ce20,ce20,ce20,ce20,ce100,bi200,ce20,ce20
fever:75016,bm25,ce20,bm25,bm25,bm25,bi200,ce100,ce20,ce20,ce20
fever:75021,ce20,bm25,bm25,bm25,bm25,ce20,bm25,bm25,ce20,bm25
fever:75025,ce20,bm25,ce20,ce20,ce20,bi200,bm25,hybrid,bi200,bm25
fever:75032,bm25,ce20,bm25,bm25,ce20,ce20,bm25,hybrid,bm25,bm25
fever:75033,bm25,ce100,bm25,bm25,ce20,ce100,bm25,bi200,bi200,bi200
fever:75056,ce20,bm25,bm25,ce20,ce20,hybrid,ce20,bi200,ce20,ce20
fever:75137,ce20,ce20,ce20,ce100,ce20,ce100,ce100,ce100,ce100,ce100
fever:75152,bm25,bm25,bm25,bm25,bm25,bi200,bm25,ce20,ce20,ce20
fever:75153,bm25,bm25,ce20,ce20,ce100,ce20,ce20,hybrid,bm25,bm25
fever:752,ce20,ce100,ce100,ce20,ce100,ce100,bi200,hybrid,hybrid,hybrid
fever:75210,ce20,ce20,ce100,bm25,ce20,ce100,bi200,bm25,bm25,bi200
fever:75217,ce100,bm25,ce100,ce20,ce20,ce100,bi200,hybrid,hybrid,ce20
fever:75232,bm25,bm25,bm25,bm25,bm25,bm25,ce100,ce20,ce20,bm25
fever:75267,ce20,ce20,ce20,bm25,ce20,bi200,bm25,hybrid,bm25,hybrid
fever:75276,bm25,bm25,bm25,bm25,bm25,bi200,bm25,bi200,bi200,bm25
fever:75277,bm25,bm25,bm25,ce20,bm25,bi200,bm25,bi200,ce20,bi200
fever:75288,bm25,ce20,bm25,ce20,ce20,bi200,bm25,ce20,hybrid,bm25
fever:75291,bm25,bm25,bm25,ce20,bm25,ce20,bi200,bm25,ce20,bi200
fever:753,ce20,ce100,ce100,ce20,ce100,ce100,bi200,hybrid,hybrid,hybrid
fever:75307,ce20,bm25,ce20,ce100,ce20,ce100,bi200,bi200,bi200,bi200
fever:75309,ce20,ce20,ce20,ce100,ce20,ce100,ce100,ce100,ce100,hybrid
fever:75311,bm25,ce20,bm25,ce20,bm25,ce20,bm25,hybrid,ce20,hybrid
fever:75378,ce100,ce100,bm25,bm25,ce100,ce100,bm25,ce100,ce20,ce100
fever:75384,ce20,bm25,bm25,ce20,ce20,bi200,bm25,bm25,ce20,bm25
fever:75385,ce20,bm25,bm25,ce20,ce20,hybrid,bi200,ce20,hybrid,bi200
fever:75389,ce100,ce100,ce100,ce100,ce20,ce20,ce100,bm25,ce100,ce100
fever:75393,bm25,ce20,ce20,ce20,ce20,bi200,bi200,bi200,bi200,ce20
fever:75401,bm25,bm25,bm25,bm25,bm25,ce20,ce20,ce20,ce20,ce20
fever:75449,bm25,ce100,bm25,bm25,bm25,ce100,bm25,bm25,bm25,bm25
fever:7546,bm25,ce100,bm25,bm25,ce100,hybrid,bi200,bm25,hybrid,ce20
fever:75486,bm25,bm25,ce20,bm25,bm25,bm25,bm25,hybrid,hybrid,bi200
fever:75520,ce20,bm25,ce20,bm25,ce20,hybrid,ce100,ce20,bi200,bm25
fever:75535,ce20,ce20,ce100,bm25,ce20,bi200,ce100,bi200,ce20,bm25
fever:75538,bm25,ce20,bm25,bm25,bm25,bm25,bm25,bi200,ce20,bm25
fever:75550,ce100,ce100,bm25,bm25,ce100,bi200,bi200,ce20,bi200,bi200
fever:75554,bm25,bm25,bm25,bm25,bm25,bm25,bi200,hybrid,bi200,bm25
fever:75584,bm25,bm25,bm25,bm25,ce20,ce20,ce20,bm25,bm25,bm25
fever:75587,bm25,ce20,bm25,bm25,bm25,bm25,bm25,bi200,ce20,ce20
fever:75594,ce20,bm25,bm25,bm25,ce20,bm25,ce100,hybrid,hybrid,bi200
fever:75599,bm25,bm25,bm25,bm25,ce100,hybrid,ce100,bi200,hybrid,ce20
fever:75621,ce100,ce100,ce100,ce100,ce100,ce100,bi200,hybrid,bi200,bi200
fever:75629,ce100,bm25,ce20,bm25,bm25,ce20,bi200,bm25,ce20,bm25
fever:75702,ce20,ce20,ce20,bm25,ce20,bi200,ce100,ce20,ce20,ce20
fever:75728,ce20,ce20,ce20,bm25,ce20,bi200,bi200,bm25,bi200,bm25
fever:75759,ce100,bm25,bm25,bm25,ce20,ce20,ce100,ce100,ce20,bi200
fever:75770,ce20,ce20,ce20,ce20,ce100,ce20,ce20,ce20,bm25,ce20
fever:75778,bm25,ce20,bm25,bm25,ce20,hybrid,bi200,bm25,bm25,bm25
fever:75794,ce20,ce20,ce20,bm25,ce20,hybrid,ce20,ce100,bm25,hybrid
fever:7580,ce20,ce100,bm25,bm25,ce100,bi200,ce100,hybrid,hybrid,ce100
fever:75836,bm25,bm25,bm25,ce20,ce20,ce100,bi200,bi200,bi200,bm25
fever:75838,bm25,bm25,bm25,bm25,bm25,bm25,bm25,hybrid,ce20,bm25
fever:75850,bm25,ce20,ce20,ce20,ce20,bi200,bi200,hybrid,bi200,hybrid
fever:75852,ce100,ce100,ce100,ce100,ce100,ce100,ce100,bi200,ce20,ce20
fever:75871,bm25,ce20,ce20,ce20,ce100,ce20,bm25,ce100,ce20,ce100
fever:75877,bm25,ce20,ce20,bm25,bm25,bi200,bm25,bi200,bm25,bi200
fever:75897,ce20,bm25,ce20,ce20,ce20,bi200,bm25,ce20,hybrid,bm25
fever:75902,ce100,ce100,ce100,bm25,ce100,ce100,ce100,hybrid,hybrid,hybrid
fever:75904,bm25,bm25,bm25,bm25,bm25,hybrid,bi200,ce20,bm25,bm25
fever:75909,ce100,ce20,ce100,ce100,ce100,hybrid,bi200,hybrid,hybrid,hybrid
fever:75922,bm25,ce20,ce100,bm25,bm25,ce20,bm25,hybrid,bm25,hybrid
fever:75942,ce20,ce100,bm25,ce100,ce100,bi200,bm25,ce100,ce20,bm25
fever:75957,ce20,ce20,bm25,bm25,ce20,ce20,bm25,ce20,ce20,ce20
fever:75960,ce20,bm25,ce20,ce20,ce20,ce20,bi200,ce20,ce20,bi200
fever:75978,ce20,ce20,ce20,ce20,ce100,bi200,bm25,bm25,bi200,bm25
fever:75999,bm25,bm25,ce20,bm25,bm25,bi200,bm25,ce100,hybrid,bi200
fever:76010,bm25,ce20,ce20,bm25,ce20,bi200,bi200,hybrid,ce20,bm25
fever:76047,bm25,bm25,bm25,bm25,bm25,bi200,bm25,hybrid,bi200,bi200
fever:76050,bm25,ce100,bm25,bm25,ce100,ce20,ce100,ce20,ce100,hybrid
fever:76076,ce100,ce100,ce100,ce100,ce100,ce20,bi200,ce100,bi200,bi200
fever:76086,bm25,ce20,bm25,bm25,ce20,bm25,bi200,bi200,ce20,bm25
fever:76096,bm25,ce20,bm25,bm25,bm25,ce20,bm25,bm25,ce20,ce20
fever:76097,ce20,ce20,ce20,bm25,ce20,bi200,bi200,ce100,ce20,ce20
fever:76117,ce100,ce100,ce100,ce100,ce100,ce100,bi200,ce100,bi200,ce100
fever:76118,ce100,ce100,ce100,ce100,ce100,ce100,bi200,ce20,ce100,ce100
fever:76123,ce20,bm25,bm25,bm25,bm25,ce20,bm25,ce20,ce20,bm25
fever:76126,ce20,bm25,bm25,bm25,ce20,bi200,bi200,bm25,ce20,bm25
fever:76129,bm25,bm25,bm25,bm25,bm25,bi200,bm25,bi200,bm25,bi200
fever:76138,bm25,bm25,bm25,bm25,bm25,ce20,ce20,ce20,ce20,ce20
fever:76165,ce20,ce20,ce100,ce20,ce20,bi200,bi200,ce100,hybrid,bi200
fever:76166,ce20,ce100,ce100,ce100,ce20,bi200,bi200,bi200,hybrid,hybrid
fever:76173,ce20,bm25,ce100,bm25,bm25,bi200,bi200,ce20,ce20,bi200
fever:76181,bm25,ce20,ce20,bm25,ce20,ce100,bm25,bi200,ce20,bi200
fever:76196,ce20,ce100,ce100,ce100,ce100,bi200,ce100,hybrid,bi200,bi200
fever:76199,bm25,ce100,bm25,bm25,ce100,bm25,ce100,hybrid,hybrid,bm25
fever:76213,ce100,ce20,ce20,bm25,ce20,bi200,hybrid,hybrid,hybrid,ce20
fever:7624,ce20,ce20,bm25,ce20,ce20,hybrid,bi200,hybrid,hybrid,hybrid
fever:7625,ce20,bm25,bm25,ce20,ce20,bi200,hybrid,hybrid,bi200,bi200
fever:76265,bm25,ce20,ce20,bm25,ce20,bm25,ce20,ce20,ce20,ce20
fever:76285,ce20,bm25,ce100,ce20,ce100,ce100,ce100,bi200,ce100,bi200
fever:76307,ce20,bm25,ce20,ce100,ce100,bi200,ce20,bi200,hybrid,bm25
fever:76317,ce20,bm25,bm25,ce20,ce100,ce20,bm25,bi200,ce20,bi200
fever:76323,bm25,ce100,ce20,bm25,bm25,ce100,ce100,bm25,ce20,ce20
fever:76324,bm25,ce20,ce20,bm25,ce20,ce100,ce100,hybrid,hybrid,ce20
fever:76327,bm25,ce100,bm25,ce20,bm25,bm25,bm25,hybrid,bi200,ce20
fever:76348,ce20,bm25,ce20,ce20,ce20,bi200,bm25,hybrid,bi200,hybrid
fever:76354,bm25,bm25,bm25,bm25,bm25,hybrid,bm25,bm25,bi200,bi200
fever:76365,ce100,ce20,ce100,bm25,ce20,ce20,ce100,ce20,ce100,hybrid
fever:76375,ce20,bm25,ce20,ce20,ce20,ce20,ce100,ce20,ce20,ce20
fever:76382,bm25,bm25,ce20,bm25,ce100,ce20,ce100,hybrid,ce100,bm25
fever:76386,ce20,ce20,ce20,ce20,ce100,bi200,bi200,bi200,hybrid,hybrid
fever:7639,ce20,ce20,bm25,bm25,ce20,bm25,ce20,bm25,ce20,ce20
fever:7640,bm25,ce20,bm25,bm25,ce20,ce100,ce100,hybrid,ce20,hybrid
fever:76433,ce20,ce100,bm25,bm25,ce20,bi200,bm25,bi200,bi200,bi200
fever:76436,ce20,ce20,bm25,bm25,ce20,bi200,bi200,ce20,ce20,hybrid
fever:76455,bm25,bm25,bm25,ce20,ce20,ce20,ce20,hybrid,hybrid,bm25
fever:76467,ce20,ce20,bm25,ce20,bm25,ce100,ce100,bi200,ce20,hybrid
fever:76482,bm25,ce20,ce20,bm25,ce100,bi200,bm25,bm25,bi200,ce100
fever:76517,ce20,ce20,ce20,bm25,ce20,ce20,ce100,ce20,ce100,ce20
fever:76522,ce100,ce100,ce100,ce100,ce100,bi200,bi200,hybrid,bi200,hybrid
fever:76526,bm25,bm25,bm25,ce20,bm25,ce20,bm25,bm25,ce20,hybrid
fever:76531,bm25,ce20,bm25,bm25,ce100,bi200,bm25,bm25,hybrid,hybrid
fever:76535,ce100,ce100,ce100,ce100,ce100,bi200,ce100,bi200,hybrid,bi200
fever:76549,ce20,ce100,ce100,ce20,ce100,ce100,bi200,ce100,ce100,bi200
fever:76551,bm25,bm25,bm25,bm25,bm25,ce100,bm25,hybrid,bm25,hybrid
fever:76552,ce20,ce20,ce20,ce20,ce20,ce20,ce20,ce20,ce20,ce20
fever:76562,ce100,ce100,bm25,bm25,ce100,ce100,bi200,ce20,bm25,hybrid
fever:76575,bm25,ce20,ce20,ce20,ce20,ce20,ce20,ce20,bm25,ce20
fever:76585,ce100,ce100,ce100,bm25,ce100,bi200,ce100,ce20,hybrid,hybrid
fever:76593,bm25,bm25,bm25,ce20,bm25,ce20,bm25,bm25,bm25,bm25
fever:76594,ce100,ce20,ce20,ce20,ce20,ce20,ce100,ce20,ce20,bm25
fever:76611,ce100,ce100,ce100,bm25,ce100,ce100,ce100,hybrid,ce100,bi200
fever:76615,bm25,ce100,ce100,ce100,ce100,ce100,bi200,bi200,bi200,bi200
fever:76627,ce20,ce20,bm25,bm25,bm25,bi200,ce20,ce20,bm25,bm25
fever:76649,bm25,ce20,bm25,ce20,ce100,ce100,bm25,bm25,bm25,bi200
fever:76666,bm25,ce20,ce100,bm25,ce20,ce20,ce100,ce20,ce20,ce20
fever:76692,ce20,bm25,bm25,bm25,ce20,hybrid,hybrid,hybrid,ce20,ce20
fever:76710,bm25,ce20,bm25,ce20,ce20,ce20,bm25,bm25,ce20,ce20
fever:76711,bm25,bm25,bm25,bm25,bm25,bm25,bm25,bm25,bm25,bm25
fever:76745,ce100,ce100,bm25,bm25,ce20,ce100,bi200,hybrid,hybrid,hybrid
fever:76759,bm25,ce20,bm25,bm25,bm25,bm25,bm25,hybrid,bm25,bm25
fever:76774,bm25,ce100,ce20,bm25,ce100,bi200,ce20,bi200,hybrid,bi200
fever:76775,ce100,ce100,ce100,ce100,ce100,ce100,ce100,ce100,ce100,ce100
fever:76776,ce100,ce100,ce100,ce100,ce100,ce100,ce100,ce100,ce100,ce100
fever:76783,bm25,ce20,bm25,bm25,bm25,bm25,bm25,hybrid,ce20,bm25
fever:7682,bm25,bm25,ce20,bm25,ce20,ce20,bm25,ce20,ce20,bm25
fever:76838,bm25,ce20,bm25,bm25,ce20,bi200,bm25,bm25,bm25,bm25
fever:76867,ce20,bm25,ce20,bm25,bm25,ce20,bi200,bm25,ce20,bm25
fever:76869,bm25,bm25,bm25,ce20,bm25,bi200,bm25,bi200,bi200,bi200
fever:76870,ce100,ce100,ce100,ce100,ce100,ce20,ce100,ce100,hybrid,hybrid
fever:76901,ce100,ce100,ce100,bm25,ce20,ce100,bi200,bi200,ce100,ce100
fever:76904,ce100,ce100,ce100,ce100,ce100,ce100,ce100,hybrid,hybrid,hybrid
fever:7697,ce20,bm25,ce20,bm25,bm25,bi200,hybrid,ce20,hybrid,bm25
fever:77,bm25,bm25,ce20,bm25,ce20,ce20,ce100,bm25,ce20,ce20
fever:77007,ce20,bm25,bm25,bm25,bm25,ce20,bm25,ce20,ce20,hybrid
fever:77011,ce20,ce100,ce20,ce100,ce100,ce20,hybrid,hybrid,ce100,ce100
fever:77012,bm25,ce20,ce20,bm25,ce20,bi200,hybrid,bi200,hybrid,hybrid
fever:7702,ce100,ce100,ce100,ce100,ce20,ce100,ce100,ce100,hybrid,ce100
fever:77028,ce100,ce20,ce100,ce100,ce100,ce100,ce100,hybrid,bi200,hybrid
fever:77043,bm25,ce20,ce20,bm25,bm25,ce20,bm25,ce20,ce20,bm25
fever:77046,bm25,ce20,bm25,bm25,ce20,ce20,ce100,hybrid,ce20,hybrid
fever:77048,ce20,ce20,bm25,bm25,bm25,hybrid,bm25,bm25,hybrid,hybrid
fever:77077,bm25,ce20,ce20,bm25,bm25,ce20,ce100,bi200,hybrid,ce20
fever:77113,ce20,bm25,bm25,ce20,ce20,ce20,ce20,ce100,ce20,bi200
fever:77120,ce20,ce20,ce20,bm25,ce100,bi200,bm25,bi200,bm25,hybrid
fever:77126,ce20,bm25,ce20,ce20,ce20,bi200,hybrid,ce20,hybrid,hybrid
fever:77157,bm25,ce100,bm25,bm25,ce20,bi200,bm25,bm25,bm25,bm25
fever:77162,ce20,ce20,ce20,ce20,ce20,bi200,ce20,bi200,ce20,bm25
fever:77222,ce20,bm25,ce100,ce100,ce100,ce100,hybrid,ce100,ce100,hybrid
fever:7727,ce100,ce100,ce100,ce100,ce100,hybrid,ce100,bi200,bi200,bm25
fever:77277,ce100,bm25,ce20,ce20,ce20,bi200,ce20,bi200,ce20,bi200
fever:7728,ce100,ce100,ce100,ce100,ce100,ce100,bi200,bi200,hybrid,bm25
fever:77304,ce20,ce20,ce20,ce20,ce20,ce20,ce100,ce20,hybrid,bm25
fever:77351,ce100,ce20,ce100,bm25,ce100,ce100,bi200,bi200,hybrid,bi200
fever:77359,ce100,ce20,ce100,bm25,ce20,bi200,ce100,bi200,ce20,bi200
fever:77378,ce100,ce100,ce100,ce100,ce20,hybrid,bi200,ce20,bi200,ce100
fever:77398,ce100,ce20,ce100,bm25,ce20,ce100,bi200,bm25,bm25,bm25
fever:77435,ce100,ce100,ce20,bm25,ce100,bi200,hybrid,bi200,bi200,hybrid
fever:7744,bm25,bm25,bm25,bm25,bm25,bi200,bm25,bi200,bm25,bm25
fever:77449,bm25,bm25,bm25,ce20,ce20,bi200,bm25,bm25,bi200,bi200
fever:77465,ce20,ce20,bm25,ce20,ce20,bi200,bi200,hybrid,bm25,hybrid
fever:77473,ce100,bm25,ce20,bm25,ce20,bi200,ce100,hybrid,ce100,ce20
fever:77480,ce20,ce20,ce20,ce20,ce100,ce100,ce20,bm25,ce20,hybrid
fever:77499,ce20,ce20,bm25,ce20,ce20,bi200,bi200,bi200,ce20,bm25
fever:77520,ce100,ce100,ce20,bm25,ce20,ce100,bi200,bi200,ce20,ce100
fever:77548,bm25,ce20,ce20,bm25,ce20,ce100,bi200,hybrid,ce20,bi200
fever:77549,ce100,ce20,ce100,ce20,ce100,ce100,bm25,bi200,bi200,bm25
fever:77550,bm25,ce100,ce100,ce20,ce20,bm25,ce100,hybrid,hybrid,hybrid
fever:7757,bm25,ce20,ce20,ce20,ce20,bi200,bi200,bi200,bi200,hybrid
fever:77573,bm25,ce100,bm25,ce20,ce100,ce100,bi200,bi200,hybrid,bm25
fever:77576,ce20,ce20,bm25,ce20,ce20,hybrid,bi200,ce20,bi200,hybrid
fever:7758,ce20,ce20,bm25,ce20,ce20,hybrid,bi200,hybrid,hybrid,hybrid
fever:7761,ce100,ce100,ce100,bm25,ce100,ce100,bi200,bi200,bi200,bi200
fever:77616,ce20,ce20,bm25,ce20,ce20,bi200,ce20,hybrid,bm25,bm25
fever:7762,bm25,ce100,ce100,bm25,bm25,ce100,bi200,bm25,bi200,bm25
fever:77622,ce20,ce20,ce20,ce20,ce20,bi200,hybrid,hybrid,ce20,bm25
fever:7768,ce100,ce100,ce100,ce100,ce100,ce100,ce100,ce100,ce100,hybrid
fever:77686,ce20,ce20,ce20,bm25,ce20,ce20,ce100,hybrid,ce20,ce100
fever:7769,ce100,ce100,ce100,ce100,ce100,ce100,ce100,hybrid,hybrid,hybrid
fever:77690,ce100,ce100,ce20,ce20,ce100,hybrid,hybrid,hybrid,hybrid,hybrid
fever:77700,bm25,ce20,ce20,bm25,ce100,ce20,ce20,bm25,bm25,ce20
fever:77710,ce100,ce20,ce100,ce20,bm25,ce20,bi200,bm25,bi200,hybrid
fever:77730,ce100,ce20,ce100,ce20,ce20,ce20,ce100,ce100,ce20,ce20
fever:77731,bm25,bm25,bm25,bm25,bm25,bi200,bi200,bi200,bm25,bi200
fever:77763,bm25,ce20,ce20,bm25,bm25,bi200,bi200,hybrid,bm25,bm25
fever:77815,ce100,ce20,ce20,ce20,ce20,ce20,ce100,ce20,bi200,ce20
fever:7782,ce100,ce20,ce20,bm25,ce100,ce100,bi200,bi200,hybrid,hybrid
fever:77824,ce100,ce100,bm25,ce20,ce100,bi200,bi200,bi200,hybrid,hybrid
fever:77834,bm25,ce20,bm25,bm25,ce20,ce20,bm25,bm25,bi200,bm25
fever:77848,bm25,ce20,bm25,bm25,ce100,hybrid,ce20,bi200,hybrid,bi200
fever:77869,ce20,ce100,ce20,ce20,bm25,hybrid,hybrid,hybrid,hybrid,hybrid
fever:77873,bm25,bm25,bm25,bm25,bm25,bm25,bm25,bi200,ce20,ce20
fever:77911,ce20,bm25,ce20,ce20,ce20,ce100,hybrid,bm25,ce20,hybrid
fever:7792,ce20,ce20,bm25,bm25,ce20,bm25,ce100,ce20,ce20,ce20
fever:7794,ce20,ce20,ce20,bm25,ce20,ce100,bm25,ce100,hybrid,ce20
fever:7795,ce20,ce20,ce100,bm25,ce20,ce20,ce100,ce20,ce100,hybrid
fever:77982,bm25,bm25,bm25,bm25,bm25,ce20,bm25,ce20,ce20,bm25
fever:77993,bm25,bm25,bm25,ce20,bm25,bi200,bm25,bi200,bm25,bi200
fever:78011,bm25,bm25,ce20,bm25,ce20,ce20,ce20,ce20,ce20,ce20
fever:78018,bm25,ce20,ce20,bm25,ce20,bi200,bm25,bm25,hybrid,ce20
fever:78055,ce20,ce20,bm25,ce20,ce20,bi200,bi200,bi200,ce20,hybrid
fever:78072,bm25,ce100,bm25,ce20,ce20,hybrid,hybrid,bm25,bm25,hybrid
fever:78080,bm25,bm25,bm25,bm25,ce20,ce20,hybrid,hybrid,bi200,ce20
fever:78087,ce100,ce100,ce100,ce100,ce100,bi200,ce20,ce100,hybrid,ce100
fever:7810,ce20,ce100,ce20,ce20,ce100,ce100,bm25,bm25,bi200,bi200
fever:7811,ce100,ce100,ce20,ce20,ce100,ce100,ce100,bm25,ce20,bi200
fever:78153,bm25,ce20,bm25,ce100,ce20,ce20,ce100,ce20,ce20,ce20
fever:78174,ce20,ce20,bm25,ce20,ce20,bi200,bi200,bm25,bi200,bi200
fever:78175,bm25,ce100,bm25,bm25,ce20,ce100,bi200,bi200,hybrid,hybrid
fever:78179,bm25,bm25,ce20,bm25,bm25,ce20,bm25,bm25,bi200,bi200
fever:78232,ce20,ce20,bm25,bm25,bm25,ce20,bm25,ce20,bm25,bi200
fever:78244,ce20,bm25,bm25,bm25,ce20,bm25,ce20,bi200,ce20,ce20
fever:78252,bm25,bm25,bm25,bm25,bm25,ce20,ce100,bm25,ce20,bm25
fever:78264,ce100,ce100,ce100,ce100,ce100,ce100,ce100,bi200,bi200,ce100
fever:78282,ce20,bm25,bm25,bm25,bm25,bi200,bm25,ce20,ce20,bm25
fever:78289,ce20,ce20,ce20,bm25,ce20,hybrid,hybrid,bi200,ce20,ce20
fever:78297,ce20,ce20,ce20,bm25,ce20,ce100,ce100,hybrid,ce20,ce20
fever:78302,bm25,ce100,bm25,bm25,ce20,ce20,hybrid,hybrid,hybrid,ce20
fever:78305,ce100,ce100,ce100,bm25,ce100,bi200,ce100,ce100,ce100,hybrid
fever:78311,bm25,bm25,ce100,bm25,ce100,bi200,bi200,bi200,bi200,bi200
fever:78312,ce20,ce100,ce100,ce100,ce100,bi200,bi200,bi200,bi200,bi200
fever:78339,ce20,ce100,bm25,ce20,ce20,ce100,ce100,ce20,ce20,hybrid
fever:78344,ce20,ce100,ce100,bm25,ce20,ce20,ce20,ce100,ce20,hybrid
fever:78345,ce20,bm25,ce20,bm25,ce20,bm25,ce20,ce100,ce20,hybrid
fever:78349,bm25,ce100,ce100,bm25,ce100,ce100,ce100,hybrid,hybrid,bi200
fever:78355,ce100,ce100,ce100,ce100,ce100,bi200,bi200,bi200,bi200,bi200
fever:7836,ce20,bm25,ce20,bm25,ce20,bi200,ce100,bi200,ce20,ce20
fever:78388,bm25,ce100,bm25,bm25,bm25,hybrid,bm25,bm25,bi200,bm25
fever:78395,ce100,ce100,ce100,ce20,ce100,ce20,bm25,bi200,bi200,bi200
fever:78410,ce20,bm25,ce20,ce20,ce20,ce20,ce100,bm25,bi200,bi200
fever:78426,bm25,ce20,ce20,bm25,ce20,ce100,bi200,bi200,hybrid,ce20
fever:78448,bm25,ce100,bm25,bm25,ce20,bm25,bm25,bm25,bm25,bi200
fever:78498,ce20,bm25,bm25,ce20,bm25,ce20,bm25,ce20,ce20,ce20
fever:78514,bm25,bm25,ce20,bm25,bm25,ce100,ce100,bi200,ce20,bm25
fever:78516,bm25,bm25,bm25,bm25,bm25,ce20,bm25,ce20,ce20,bm25
fever:78526,bm25,bm25,bm25,bm25,ce20,ce20,ce100,ce20,ce20,ce20
fever:78534,ce100,ce100,ce100,ce100,ce100,ce100,ce100,ce100,hybrid,hybrid
fever:78572,ce20,bm25,ce20,ce100,ce100,ce100,hybrid,ce100,ce100,hybrid
fever:78578,bm25,ce20,ce20,ce20,ce20,ce20,bm25,bm25,ce20,ce20
fever:786,ce20,ce20,ce20,bm25,ce20,ce20,ce100,ce20,ce20,bm25
fever:78652,ce20,ce100,bm25,ce20,ce20,ce100,bm25,hybrid,ce20,hybrid
fever:78660,ce20,ce20,bm25,ce20,ce20,ce20,ce100,bi200,ce20,bm25
fever:78663,bm25,bm25,bm25,ce20,bm25,ce20,bm25,hybrid,hybrid,bm25
fever:78681,ce100,ce100,ce100,ce100,ce100,bi200,ce100,ce20,hybrid,hybrid
fever:78682,ce20,bm25,bm25,bm25,bm25,bm25,bm25,bm25,bm25,bi200
fever:78683,bm25,bm25,ce20,bm25,ce20,bm25,bm25,bm25,ce20,bm25
fever:78691,ce100,ce100,ce100,ce100,ce100,ce100,bi200,ce100,ce100,ce100
fever:787,bm25,bm25,ce20,bm25,ce100,ce20,ce100,ce20,ce20,ce20
fever:78725,bm25,bm25,bm25,bm25,bm25,ce20,bi200,bm25,bm25,bm25
fever:78742,ce20,ce20,ce100,bm25,ce20,ce100,ce100,ce100,ce20,ce20
fever:78752,bm25,bm25,bm25,bm25,bm25,ce20,bm25,bm25,hybrid,bm25
fever:78755,ce20,ce100,ce100,ce100,ce100,ce100,ce100,bi200,bi200,bi200
fever:7876,bm25,ce20,bm25,bm25,ce100,hybrid,bi200,bi200,bi200,bi200
fever:7877,bm25,bm25,ce20,bm25,ce20,ce20,bm25,hybrid,bi200,bm25
fever:78777,ce20,ce20,ce20,ce20,ce20,ce20,bm25,bm25,ce20,bm25
fever:78778,ce20,bm25,ce20,ce20,ce20,ce20,ce100,bi200,bm25,ce20
fever:78794,ce20,bm25,ce20,ce20,bm25,ce20,bi200,ce100,ce20,bi200
fever:78795,ce20,ce100,ce20,ce20,ce100,ce20,ce100,bm25,ce20,ce20
fever:78809,ce20,bm25,ce20,ce20,ce20,ce20,ce100,hybrid,ce20,ce20
fever:78816,ce20,ce100,bm25,ce20,ce20,bi200,bi200,bi200,hybrid,hybrid
fever:78831,ce100,ce100,ce100,ce100,ce100,ce100,hybrid,hybrid,ce20,ce100
fever:7884,ce100,ce100,ce100,ce100,ce100,bi200,hybrid,ce100,hybrid,bi200
fever:78843,ce100,ce100,bm25,bm25,ce100,bi200,bm25,hybrid,hybrid,bm25
fever:78846,ce100,ce20,ce20,bm25,bm25,ce100,ce20,ce20,bm25,ce100
fever:78849,bm25,bm25,bm25,bm25,bm25,ce20,bm25,bm25,bi200,bi200
fever:78855,bm25,bm25,bm25,bm25,ce20,ce20,ce20,ce20,hybrid,ce20
fever:78856,ce20,ce20,ce20,bm25,ce20,ce20,ce20,ce20,bm25,hybrid
fever:78859,bm25,bm25,bm25,bm25,bm25,ce20,bm25,bm25,hybrid,hybrid
fever:78880,ce20,ce20,bm25,ce20,ce20,ce20,bm25,bi200,bm25,bm25
fever:78883,bm25,ce20,ce20,bm25,ce20,ce20,ce100,bm25,hybrid,ce100
fever:78889,ce20,ce20,bm25,ce20,ce20,ce100,hybrid,hybrid,ce20,ce20
fever:78914,ce20,ce20,ce20,ce20,ce20,ce20,ce100,ce20,ce20,ce20
fever:78925,ce20,bm25,bm25,ce20,ce20,hybrid,bm25,hybrid,hybrid,hybrid
fever:78942,bm25,bm25,ce20,ce20,bm25,ce20,ce20,bm25,bm25,bm25
fever:78957,bm25,ce20,bm25,bm25,bm25,bm25,bm25,ce20,bm25,bm25
fever:78973,ce20,ce100,ce20,bm25,ce20,bi200,hybrid,hybrid,hybrid,hybrid
fever:78982,ce20,ce20,ce20,ce20,ce20,ce100,ce20,hybrid,ce20,ce20
fever:78985,ce20,ce100,ce100,ce100,ce100,bi200,hybrid,hybrid,hybrid,hybrid
fever:78997,ce20,ce20,ce20,bm25,ce20,ce20,ce100,ce20,ce20,ce20
fever:78998,bm25,bm25,bm25,bm25,ce20,bm25,bm25,bm25,ce20,bi200
fever:79017,bm25,bm25,bm25,bm25,bm25,hybrid,bm25,hybrid,hybrid,bm25
fever:79034,ce100,ce100,ce100,ce100,ce100,ce100,ce100,bi200,hybrid,hybrid
fever:79038,ce100,ce100,bm25,ce100,ce100,hybrid,ce100,bi200,bi200,bi200
fever:7905,ce20,bm25,ce20,bm25,ce20,ce20,ce100,ce20,ce20,ce20
fever:79072,bm25,ce20,bm25,bm25,ce100,hybrid,ce100,ce20,hybrid,hybrid
fever:79079,bm25,bm25,bm25,bm25,bm25,hybrid,bm25,ce20,hybrid,bm25
fever:79121,ce20,ce20,bm25,ce20,ce20,bi200,ce100,bm25,ce20,bi200
fever:79123,bm25,ce20,ce20,ce20,ce20,ce20,ce20,bm25,ce20,ce20
fever:79146,bm25,bm25,bm25,bm25,ce20,bi200,ce100,hybrid,ce20,bi200
fever:79172,ce100,ce100,ce100,bm25,ce100,ce100,bi200,ce100,bi200,bi200
fever:79208,ce100,ce100,ce100,bm25,ce100,bi200,bi200,bi200,bi200,ce20
fever:7922,bm25,bm25,bm25,bm25,bm25,ce20,bm25,bi200,ce20,bm25
fever:79222,bm25,bm25,bm25,bm25,bm25,bm25,bm25,hybrid,hybrid,bi200
fever:7923,ce100,bm25,ce20,bm25,ce20,ce100,ce100,hybrid,ce20,ce20
fever:79247,bm25,ce20,bm25,ce20,bm25,ce20,ce20,bm25,bm25,bm25
fever:79264,ce100,ce100,ce100,ce100,ce100,bi200,hybrid,ce100,hybrid,bi200
fever:79307,bm25,ce20,bm25,bm25,bm25,hybrid,ce100,hybrid,bm25,bm25
fever:79321,bm25,bm25,bm25,bm25,ce20,bi200,bi200,hybrid,hybrid,bm25
fever:79322,bm25,bm25,bm25,bm25,ce20,hybrid,ce20,bm25,ce20,bm25
fever:79340,ce100,ce20,bm25,ce20,ce100,ce100,bi200,hybrid,hybrid,bm25
fever:79347,ce20,ce100,ce20,ce20,ce100,ce100,ce100,ce20,ce20,bm25
fever:79354,ce100,ce100,ce100,ce100,ce100,ce100,ce100,bi200,hybrid,hybrid
fever:79366,ce20,ce20,ce20,ce20,bm25,hybrid,hybrid,bi200,hybrid,bm25
fever:79378,ce100,ce20,ce100,ce20,ce100,ce20,bi200,bi200,bi200,bi200
fever:79389,bm25,bm25,bm25,ce20,ce100,ce20,bi200,bm25,hybrid,bi200
fever:79392,ce20,ce20,ce20,ce20,ce20,bi200,bi200,hybrid,hybrid,ce20
fever:79414,bm25,bm25,ce20,bm25,ce20,bi200,bi200,bi200,bi200,bi200
fever:79418,ce20,ce20,ce20,ce20,bm25,hybrid,ce100,hybrid,hybrid,ce20
fever:79419,bm25,ce100,ce20,ce20,ce100,bm25,ce20,ce20,ce20,ce20
fever:79420,bm25,bm25,bm25,bm25,bm25,bm25,bm25,bm25,bm25,ce20
fever:79429,ce100,ce100,ce20,ce100,bm25,bi200,hybrid,bi200,hybrid,hybrid
fever:79437,ce20,ce20,bm25,ce20,ce20,hybrid,bm25,bi200,hybrid,hybrid
fever:79460,ce20,bm25,bm25,bm25,ce20,bi200,bm25,bm25,hybrid,bi200
fever:79461,ce20,bm25,ce20,bm25,ce100,bi200,hybrid,bi200,hybrid,hybrid
fever:79472,ce20,ce20,ce20,bm25,ce100,ce20,ce20,ce20,ce20,bm25
fever:79505,ce20,bm25,bm25,ce20,bm25,ce20,bm25,ce20,bm25,hybrid
fever:79520,bm25,bm25,bm25,bm25,ce20,ce20,ce20,ce20,ce20,bm25
fever:79525,ce20,bm25,bm25,ce20,ce20,bi200,bi200,bi200,hybrid,hybrid
fever:79538,ce100,bm25,ce100,ce20,bm25,ce100,bm25,hybrid,ce20,hybrid
fever:79575,ce20,bm25,ce20,ce20,ce20,ce100,ce100,ce20,ce20,ce20
fever:79601,bm25,bm25,bm25,bm25,bm25,hybrid,bi200,hybrid,bi200,bi200
fever:79610,bm25,ce20,ce20,ce100,ce20,ce20,bi200,hybrid,ce20,hybrid
fever:79613,ce20,ce20,bm25,bm25,ce20,ce20,ce100,hybrid,ce20,bm25
fever:7963,bm25,ce20,ce20,bm25,ce20,bm25,ce100,ce100,hybrid,ce100
fever:79635,ce100,ce100,ce100,ce100,ce100,ce100,bi200,ce100,ce100,ce100
fever:79639,ce20,ce20,ce20,bm25,ce100,ce100,hybrid,ce20,ce20,bm25
fever:79644,bm25,ce20,ce20,bm25,ce20,ce20,ce20,ce20,ce20,ce20
fever:79688,ce20,ce20,ce20,bm25,ce20,ce20,bm25,bm25,bm25,bm25
fever:79706,ce100,ce20,ce20,bm25,ce20,bi200,ce100,ce20,ce100,ce20
fever:79711,ce20,bm25,bm25,bm25,ce20,ce20,hybrid,bi200,bi200,bi200
fever:79731,bm25,ce20,ce20,bm25,ce20,ce20,ce100,bm25,ce20,ce20
fever:79771,bm25,ce20,bm25,bm25,bm25,ce20,bi200,bm25,hybrid,bi200
fever:79777,bm25,bm25,bm25,ce20,bm25,ce20,bm25,bm25,bm25,bm25
fever:79800,ce20,ce100,ce20,ce20,ce100,ce100,ce100,bm25,bi200,bi200
fever:7982,bm25,bm25,bm25,bm25,ce20,hybrid,bm25,hybrid,bm25,bm25
fever:79857,ce20,ce20,ce20,ce20,bm25,ce100,ce20,ce20,bm25,bm25
fever:79875,ce100,ce20,ce20,ce20,ce20,hybrid,ce100,ce20,hybrid,ce20
fever:79881,ce20,ce20,ce20,ce20,ce20,bi200,bi200,ce100,bi200,bm25
fever:79885,bm25,ce20,bm25,bm25,ce20,bm25,ce100,ce20,ce20,bm25
fever:79899,ce100,bm25,ce20,bm25,bm25,bi200,ce100,hybrid,ce20,hybrid
fever:79911,ce100,ce20,bm25,bm25,ce20,ce20,ce20,bi200,bm25,ce20
fever:79912,ce20,bm25,ce20,bm25,ce20,ce100,hybrid,hybrid,bi200,hybrid
fever:79923,ce20,ce20,bm25,ce20,ce100,hybrid,bm25,bi200,bi200,ce20
fever:79956,ce100,bm25,ce20,bm25,ce20,ce20,bi200,hybrid,ce20,ce20
fever:79984,bm25,ce100,ce100,ce100,bm25,hybrid,ce100,hybrid,bi200,hybrid
fever:80001,bm25,bm25,ce20,bm25,bm25,ce20,bm25,ce20,ce20,bm25
fever:80013,bm25,bm25,bm25,bm25,bm25,bi200,bm25,bm25,bi200,bm25
fever:80051,bm25,ce100,ce100,bm25,ce100,bi200,bi200,bm25,bi200,bi200
fever:80054,bm25,bm25,bm25,ce100,ce100,bi200,bi200,bi200,hybrid,hybrid
fever:80074,ce20,ce20,bm25,ce20,ce20,bm25,ce100,ce20,ce20,ce20
fever:80075,ce100,ce100,bm25,bm25,ce100,bi200,hybrid,hybrid,hybrid,hybrid
fever:80112,bm25,ce20,bm25,bm25,bm25,bi200,bi200,hybrid,hybrid,bm25
fever:80148,ce20,ce20,bm25,bm25,ce20,ce100,bm25,ce20,ce20,bi200
fever:80185,bm25,bm25,bm25,bm25,bm25,ce20,bm25,ce20,bm25,bm25
fever:80186,ce20,bm25,ce20,bm25,ce20,bm25,ce20,hybrid,bm25,bm25
fever:80205,ce20,bm25,ce100,bm25,ce20,hybrid,ce100,hybrid,hybrid,bi200
fever:80212,bm25,bm25,bm25,bm25,ce20,bm25,bm25,bm25,ce20,bi200
fever:8022,bm25,bm25,bm25,bm25,bm25,ce20,bm25,ce20,ce20,bm25
fever:80227,ce20,ce20,ce20,bm25,ce20,bi200,bm25,bm25,ce100,bm25
fever:80258,bm25,ce20,ce20,ce20,ce100,ce100,hybrid,bi200,ce20,hybrid
fever:80262,bm25,bm25,bm25,bm25,ce20,bi200,bi200,hybrid,hybrid,bm25
fever:80273,bm25,bm25,bm25,bm25,bm25,bm25,bm25,ce20,ce20,ce20
fever:80289,ce20,ce100,ce100,bm25,ce100,bi200,hybrid,ce100,bi200,hybrid
fever:80301,bm25,ce100,ce100,bm25,bm25,hybrid,bi200,hybrid,hybrid,ce100
fever:80303,ce20,bm25,bm25,bm25,ce20,ce100,bm25,bm25,bi200,ce20
fever:80316,bm25,bm25,bm25,bm25,bm25,bm25,ce20,hybrid,bm25,bm25
fever:80333,bm25,bm25,bm25,bm25,bm25,bm25,bm25,bm25,ce20,bm25
fever:80335,ce20,ce20,ce20,ce20,bm25,ce20,ce20,ce100,ce20,bm25
fever:80338,bm25,ce20,ce20,bm25,ce20,ce20,ce20,ce20,ce20,ce20
fever:80356,bm25,ce20,bm25,bm25,bm25,bm25,bm25,hybrid,hybrid,bm25
fever:80361,ce100,ce100,ce100,ce100,ce20,ce100,ce100,ce100,ce100,hybrid
fever:8037,bm25,bm25,ce20,bm25,ce20,bi200,ce20,hybrid,bm25,hybrid
fever:80411,ce100,ce100,bm25,bm25,ce100,ce100,ce20,hybrid,hybrid,bm25
fever:80417,ce20,ce100,bm25,bm25,ce100,bm25,bm25,ce100,ce100,ce20
fever:80420,bm25,bm25,bm25,bm25,ce20,bi200,ce100,bi200,hybrid,bm25
fever:80429,ce20,bm25,bm25,ce20,bm25,bm25,bm25,bm25,ce20,bm25
fever:80451,bm25,bm25,bm25,bm25,ce20,ce20,ce20,bm25,hybrid,ce20
fever:80458,ce100,ce100,ce100,ce20,ce100,bi200,ce100,bi200,bi200,bi200
fever:80479,ce100,ce100,ce20,ce100,ce100,ce100,ce100,hybrid,ce20,ce100
fever:80487,ce20,ce20,ce20,bm25,ce20,ce20,ce100,hybrid,ce20,ce20
fever:80488,bm25,ce20,bm25,bm25,bm25,bi200,ce100,hybrid,ce20,hybrid
fever:8049,ce100,ce100,ce100,ce100,ce100,hybrid,bi200,ce20,bi200,bi200
fever:80516,ce20,bm25,bm25,bm25,ce100,bi200,ce100,bi200,hybrid,bi200
fever:80532,ce20,bm25,bm25,bm25,ce20,ce20,ce20,ce20,ce20,hybrid
fever:80551,ce20,ce100,ce100,bm25,ce100,ce100,ce100,bi200,bi200,bi200
fever:80573,bm25,bm25,bm25,bm25,ce20,bm25,bm25,bm25,bm25,bm25
fever:80576,ce20,bm25,ce20,bm25,ce20,ce20,ce100,bm25,ce20,bm25
fever:80590,ce100,ce20,ce100,ce20,ce20,ce20,hybrid,hybrid,bm25,hybrid
fever:80596,bm25,bm25,bm25,bm25,bm25,ce20,bm25,ce20,ce20,bm25
fever:80621,bm25,ce20,bm25,bm25,ce100,bi200,bi200,hybrid,bi200,hybrid
fever:80625,ce100,ce20,ce20,bm25,ce20,ce20,bi200,ce20,ce20,bm25
fever:80639,bm25,bm25,ce100,ce20,ce20,ce100,bi200,ce100,ce20,ce100
fever:8065,ce100,ce100,ce100,bm25,ce100,ce100,ce100,ce20,ce20,bi200
fever:80650,bm25,ce20,ce20,bm25,ce20,ce20,bi200,hybrid,hybrid,bi200
fever:8067,ce20,ce20,ce100,ce20,ce20,bi200,ce100,bi200,hybrid,ce20
fever:80676,bm25,bm25,ce20,bm25,bm25,ce20,ce100,bm25,ce20,bm25
fever:80693,ce20,ce20,bm25,ce20,ce20,ce20,ce20,ce20,ce20,ce20
fever:80764,ce20,bm25,bm25,bm25,bm25,bi200,bm25,bm25,ce20,bi200
fever:80800,ce100,ce20,ce20,ce20,ce100,bi200,ce100,hybrid,bi200,hybrid
fever:80863,bm25,bm25,bm25,ce20,bm25,bm25,bm25,ce20,bm25,bm25
fever:80902,ce20,ce20,ce20,bm25,ce20,bi200,ce20,ce20,ce20,ce20
fever:80909,ce20,ce20,ce20,ce20,ce20,ce20,ce100,bi200,ce100,bm25
fever:80949,ce100,ce20,ce20,ce100,ce100,hybrid,bm25,hybrid,hybrid,hybrid
fever:80969,ce100,bm25,bm25,bm25,ce100,bi200,ce100,ce100,hybrid,bi200
fever:80970,ce20,ce100,ce20,ce100,ce100,ce100,bi200,bi200,hybrid,bi200
fever:80984,bm25,bm25,bm25,bm25,ce20,bm25,bm25,ce20,ce20,bm25
fever:81002,bm25,bm25,ce20,bm25,ce20,bm25,ce100,ce20,hybrid,bm25
fever:81007,ce20,bm25,bm25,bm25,bm25,ce100,bi200,bm25,bm25,bi200
fever:81029,ce20,ce100,ce20,ce20,ce20,ce100,hybrid,hybrid,bi200,hybrid
fever:81045,ce100,ce100,ce20,bm25,bm25,hybrid,ce100,bi200,hybrid,hybrid
fever:81046,ce100,ce100,bm25,bm25,ce20,hybrid,ce20,hybrid,bm25,bm25
fever:81058,ce100,ce100,ce100,ce100,ce100,bi200,hybrid,hybrid,hybrid,hybrid
fever:81060,bm25,ce20,bm25,ce20,bm25,bm25,ce100,ce100,ce100,ce20
fever:81069,bm25,ce20,bm25,bm25,ce20,hybrid,bm25,hybrid,bm25,bm25
fever:81084,ce20,ce20,ce20,ce100,ce20,ce100,ce20,ce100,hybrid,ce20
fever:81096,ce20,ce20,ce20,bm25,ce20,ce20,ce100,ce20,ce20,hybrid
fever:81119,ce20,bm25,bm25,bm25,ce20,bi200,bm25,bi200,bi200,bm25
fever:81121,bm25,ce100,ce100,bm25,ce100,hybrid,bi200,hybrid,bi200,bi200
fever:81155,bm25,ce20,ce20,bm25,bm25,bm25,ce20,ce20,ce20,ce20
fever:81191,ce100,ce100,ce100,ce100,ce100,ce100,bi200,hybrid,ce100,ce100
fever:81192,ce20,bm25,ce20,bm25,bm25,ce20,bi200,ce20,ce20,bm25
fever:81301,ce20,ce100,ce100,bm25,bm25,hybrid,bm25,ce20,hybrid,bm25
fever:81304,bm25,bm25,bm25,bm25,bm25,bm25,ce20,bm25,bm25,bm25
fever:81305,bm25,ce20,ce20,bm25,ce20,bm25,ce100,ce20,ce20,ce20
fever:81343,ce100,ce100,ce20,bm25,ce100,ce100,ce100,ce100,ce100,bi200
fever:81351,ce100,ce100,bm25,bm25,bm25,ce100,bi200,bm25,bm25,bi200
fever:81357,bm25,bm25,bm25,ce20,ce20,ce20,ce100,bm25,hybrid,ce20
fever:81361,bm25,bm25,bm25,bm25,ce20,ce20,ce100,ce20,hybrid,ce20
fever:81366,bm25,ce20,bm25,ce20,ce20,bi200,ce100,hybrid,ce20,bm25
fever:81385,ce20,bm25,bm25,bm25,bm25,hybrid,bm25,ce20,hybrid,bm25
fever:81391,ce100,ce100,ce20,ce100,ce100,bi200,ce100,bi200,ce100,bi200
fever:81405,bm25,bm25,bm25,bm25,bm25,ce20,bm25,hybrid,hybrid,hybrid
fever:8143,bm25,ce20,ce20,bm25,ce20,ce20,bm25,bi200,bi200,hybrid
fever:81439,bm25,ce100,ce100,bm25,ce100,hybrid,ce100,hybrid,hybrid,bm25
fever:81450,ce20,bm25,bm25,ce20,ce20,bm25,ce100,hybrid,ce20,bm25
fever:81460,ce20,ce20,bm25,bm25,ce20,ce20,bi200,bi200,bi200,bi200
fever:81467,bm25,bm25,ce20,bm25,ce20,ce20,ce100,ce20,ce20,bm25
fever:8148,bm25,bm25,bm25,bm25,bm25,bm25,bm25,bm25,bm25,bm25
fever:81480,ce20,ce20,ce20,ce20,bm25,ce20,ce20,ce20,ce20,ce20
fever:8149,bm25,bm25,bm25,bm25,bm25,bm25,bm25,hybrid,ce20,bm25
fever:81492,ce100,ce20,bm25,bm25,bm25,bi200,bi200,hybrid,hybrid,hybrid
fever:81496,bm25,bm25,bm25,bm25,bm25,ce100,hybrid,bi200,ce20,bm25
fever:81499,bm25,ce20,ce20,bm25,ce20,ce20,bm25,bm25,bm25,bm25
fever:81518,ce100,ce100,ce20,ce20,ce100,ce20,ce20,ce20,ce100,ce100
fever:81540,bm25,bm25,bm25,bm25,bm25,bm25,bm25,bm25,bi200,bm25
fever:81542,bm25,ce20,bm25,ce20,bm25,hybrid,bm25,hybrid,hybrid,bi200
fever:81609,ce20,ce100,ce100,ce100,ce100,hybrid,hybrid,ce100,ce100,ce100
fever:81610,ce100,ce20,ce20,bm25,bm25,bi200,bi200,bi200,bi200,hybrid
fever:81613,bm25,bm25,bm25,bm25,ce20,ce20,bi200,hybrid,bm25,bi200
fever:81646,bm25,bm25,ce100,bm25,ce20,ce20,ce100,hybrid,ce20,ce20
fever:8167,ce20,ce20,bm25,bm25,ce20,bi200,bi200,bi200,bi200,ce100
fever:81703,ce20,bm25,bm25,bm25,ce20,ce20,ce20,hybrid,bm25,bm25
fever:81710,bm25,ce100,ce20,ce20,ce20,hybrid,ce100,ce100,ce20,ce20
fever:81727,bm25,ce20,bm25,bm25,bm25,ce100,bi200,bm25,bm25,bm25
fever:81756,ce100,ce100,ce100,ce100,ce100,ce100,bi200,bi200,bi200,bi200
fever:81761,ce20,bm25,bm25,bm25,ce20,bi200,bm25,bm25,bm25,bi200
fever:81772,ce20,ce100,bm25,ce20,ce100,ce100,ce100,hybrid,ce20,bm25
fever:81775,ce20,ce100,ce100,ce100,ce100,bi200,ce100,ce100,hybrid,ce20
fever:81778,bm25,ce20,bm25,bm25,bm25,ce20,ce100,bm25,ce20,ce20
fever:81806,bm25,bm25,bm25,bm25,ce20,bm25,ce20,bm25,ce20,ce20
fever:81809,ce100,bm25,ce100,bm25,ce100,ce20,ce100,hybrid,ce20,ce20
fever:81829,ce20,bm25,ce100,bm25,bm25,bi200,bm25,ce20,bm25,bm25
fever:81847,ce20,bm25,bm25,bm25,bm25,bi200,bm25,ce20,ce20,hybrid
fever:81849,bm25,ce20,bm25,ce20,ce20,ce20,ce20,ce20,bm25,ce20
fever:8190,bm25,bm25,ce20,bm25,bm25,ce20,bi200,bm25,hybrid,ce20
fever:81912,ce100,ce100,ce20,bm25,ce20,ce100,ce100,ce20,ce100,bm25
fever:81950,bm25,bm25,bm25,bm25,ce20,bm25,bm25,bm25,ce20,bm25
fever:81957,ce20,ce20,ce20,ce20,ce20,bi200,ce100,ce100,ce100,ce20
fever:82075,ce20,bm25,bm25,bm25,ce20,bi200,bm25,hybrid,ce20,bm25
fever:8208,ce20,bm25,bm25,bm25,bm25,bm25,bm25,ce20,hybrid,bm25
fever:82106,ce100,ce100,ce100,ce100,ce100,ce100,hybrid,hybrid,hybrid,hybrid
fever:82129,bm25,ce20,bm25,bm25,bm25,ce20,bi200,bm25,hybrid,bm25
fever:8219,ce20,ce100,bm25,ce20,ce100,bi200,ce100,bi200,hybrid,bi200
fever:82196,ce100,ce100,bm25,bm25,ce100,bi200,hybrid,hybrid,hybrid,hybrid
fever:82208,ce20,bm25,bm25,bm25,ce100,bm25,ce100,bm25,ce20,ce20
fever:8221,ce20,ce20,ce20,bm25,ce100,ce20,ce100,ce20,hybrid,ce20
fever:8222,bm25,ce20,ce20,ce20,ce100,ce20,ce100,bm25,ce20,ce20
fever:82292,ce20,ce100,ce20,ce20,ce20,ce20,ce100,ce20,ce20,ce20
fever:82293,ce20,bm25,bm25,ce20,bm25,bm25,bm25,ce20,hybrid,ce100
fever:82315,ce20,ce20,ce20,bm25,ce20,ce20,bm25,bm25,ce20,bm25
fever:82355,ce100,ce100,ce100,ce100,ce100,hybrid,ce100,bi200,bi200,hybrid
fever:82367,bm25,ce100,bm25,ce20,ce100,ce100,bi200,bi200,bi200,bm25
fever:82376,bm25,bm25,bm25,bm25,ce20,ce20,ce100,hybrid,ce20,hybrid
fever:82396,ce20,ce100,ce100,ce100,ce20,hybrid,bi200,ce100,hybrid,hybrid
fever:82413,ce20,ce100,ce20,ce20,ce20,bi200,bi200,ce20,ce20,ce100
fever:82450,ce100,ce100,ce100,ce100,ce20,ce20,bi200,ce100,ce100,ce100
fever:8246,bm25,bm25,bm25,bm25,bm25,ce20,bm25,hybrid,bi200,bi200
fever:8248,ce20,bm25,ce100,ce20,ce20,ce20,bi200,ce20,bi200,bm25
fever:82492,bm25,ce20,bm25,bm25,bm25,bm25,bm25,hybrid,bm25,bm25
fever:82509,ce100,bm25,bm25,bm25,bm25,bi200,bm25,hybrid,bi200,bm25
fever:82541,ce20,bm25,bm25,bm25,ce20,ce100,ce20,ce20,ce20,ce20
fever:82559,bm25,ce20,ce20,bm25,bm25,ce20,bm25,ce20,ce20,bm25
fever:8257,bm25,bm25,bm25,bm25,bm25,ce100,bi200,bm25,bm25,bm25
fever:82576,ce20,bm25,ce20,bm25,ce100,ce20,ce100,bm25,ce20,ce20
fever:82580,ce20,bm25,ce20,ce100,ce20,ce20,ce100,ce20,ce100,hybrid
fever:82587,ce20,ce20,bm25,bm25,bm25,bi200,bi200,bi200,bi200,hybrid
fever:82594,ce20,ce20,ce20,ce20,bm25,ce100,bi200,bm25,ce20,bi200
fever:82602,ce20,ce20,bm25,ce100,ce20,bi200,bi200,bi200,ce20,ce20
fever:82615,bm25,ce20,ce20,bm25,ce20,ce20,ce100,bm25,ce20,ce20
fever:82624,ce20,bm25,ce20,ce20,ce20,bi200,hybrid,ce100,ce20,bm25
fever:82626,ce20,ce100,ce100,bm25,ce20,ce100,ce100,ce20,ce20,ce20
fever:82674,ce20,bm25,ce20,ce20,ce20,bi200,bm25,bm25,ce20,bm25
fever:82745,bm25,bm25,ce100,bm25,bm25,ce100,bm25,hybrid,bi200,bi200
fever:82751,ce100,ce20,ce20,ce20,ce100,ce20,ce100,bm25,ce20,ce20
fever:82761,bm25,bm25,bm25,bm25,bm25,bm25,bm25,ce20,bm25,bm25
fever:82780,ce100,bm25,bm25,bm25,ce100,hybrid,hybrid,hybrid,bi200,bi200
fever:82833,ce100,ce100,ce100,bm25,ce100,ce100,ce100,bi200,bi200,bi200
fever:82838,ce20,bm25,ce20,bm25,ce20,bm25,ce100,ce20,ce100,ce20
fever:82859,bm25,ce20,ce20,bm25,ce20,ce100,ce100,bm25,ce20,bi200
fever:82883,ce20,bm25,bm25,bm25,bm25,hybrid,hybrid,hybrid,hybrid,hybrid
fever:82886,ce100,ce20,ce20,bm25,ce20,ce20,bi200,ce20,ce100,bi200
fever:8290,ce20,bm25,bm25,bm25,bm25,bi200,bm25,bm25,bm25,bm25
fever:82934,bm25,bm25,bm25,bm25,bm25,bm25,bm25,ce20,ce20,bm25
fever:82935,bm25,ce20,ce20,bm25,ce20,ce20,ce20,bm25,ce20,bm25
fever:8297,bm25,ce20,ce20,bm25,ce20,ce20,ce100,ce20,ce20,ce20
fever:82973,ce20,bm25,ce20,bm25,ce100,ce100,bm25,ce20,ce20,bm25
fever:8298,bm25,ce20,ce20,bm25,ce20,ce20,ce100,ce20,ce20,ce20
fever:83,bm25,ce20,bm25,bm25,ce20,bi200,bi200,hybrid,bi200,bi200
fever:83021,ce20,ce100,ce20,bm25,ce20,bi200,ce100,ce20,ce20,ce20
fever:8304,ce20,bm25,ce100,bm25,ce100,bi200,bi200,bi200,bi200,hybrid
fever:83040,ce20,ce20,ce100,ce20,ce20,ce20,ce100,ce100,ce20,ce20
fever:83043,bm25,bm25,bm25,bm25,bm25,hybrid,bm25,hybrid,bm25,bm25
fever:83048,ce100,ce100,ce20,bm25,ce100,ce20,bi200,ce20,hybrid,bm25
fever:83090,ce100,ce100,ce100,ce100,ce20,ce20,hybrid,hybrid,hybrid,ce20
fever:83138,ce100,ce20,ce100,bm25,ce100,bi200,ce100,ce100,bi200,bi200
fever:8316,bm25,ce20,ce20,ce20,ce20,ce20,ce20,hybrid,ce20,bm25
fever:83197,ce100,ce100,ce20,ce100,ce100,ce100,ce100,ce20,ce100,hybrid
fever:83204,ce20,ce20,bm25,bm25,ce20,bi200,ce100,ce20,bi200,bm25
fever:83218,ce20,ce20,ce20,bm25,ce20,bm25,ce20,hybrid,ce20,ce20
fever:83241,ce20,ce100,bm25,bm25,ce100,bi200,bm25,bi200,bi200,bi200
fever:83269,ce100,ce20,ce20,ce100,ce20,ce20,ce100,bm25,ce20,ce100
fever:833,bm25,bm25,bm25,bm25,bm25,bm25,bm25,bm25,bm25,bm25
fever:83351,bm25,bm25,bm25,bm25,bm25,hybrid,bm25,bi200,bm25,bm25
fever:83371,ce20,bm25,ce20,ce20,ce20,ce20,ce100,ce100,ce20,bm25
fever:83425,ce20,bm25,bm25,ce20,ce20,bi200,bi200,ce20,ce20,ce20
fever:83431,ce20,ce100,ce20,bm25,ce20,ce20,ce100,bm25,ce100,ce20
fever:83452,ce100,ce20,ce20,ce20,ce20,hybrid,ce100,hybrid,bm25,ce20
fever:83454,ce100,bm25,ce100,ce100,ce100,ce100,bi200,bi200,bi200,bi200
fever:83469,bm25,bm25,ce20,bm25,bm25,bi200,bm25,bm25,ce20,ce20
fever:83470,ce100,ce100,ce100,bm25,ce20,ce20,ce100,bm25,ce20,bm25
fever:83505,ce20,bm25,bm25,ce20,bm25,bm25,hybrid,hybrid,hybrid,ce20
fever:83509,bm25,ce100,ce20,ce100,ce20,hybrid,bm25,bi200,ce20,hybrid
fever:83527,bm25,bm25,bm25,bm25,bm25,bm25,ce100,ce20,bm25,hybrid
fever:83530,bm25,ce20,bm25,bm25,bm25,hybrid,bm25,hybrid,bm25,bm25
fever:83533,ce100,ce100,ce100,bm25,ce100,hybrid,ce100,hybrid,ce100,hybrid
fever:83541,bm25,bm25,bm25,bm25,bm25,ce20,bm25,bm25,bm25,bm25
fever:83545,ce100,ce100,ce100,bm25,ce100,bi200,bi200,hybrid,ce20,hybrid
fever:83559,ce20,ce20,ce20,bm25,ce20,ce20,ce20,ce20,bm25,hybrid
fever:83577,ce100,ce100,ce20,ce100,ce100,ce100,bi200,bi200,ce100,ce100
fever:83598,ce100,ce100,ce100,ce100,ce100,ce100,ce100,ce100,ce100,bi200
fever:83630,bm25,ce100,bm25,ce20,ce20,ce20,ce100,ce20,ce20,ce20
fever:83654,ce20,ce20,ce20,ce100,ce100,ce20,bm25,ce100,hybrid,ce20
fever:83655,ce20,ce20,bm25,bm25,bm25,ce20,ce100,bm25,ce20,ce20
fever:83662,ce20,ce100,ce20,bm25,ce20,ce100,ce20,bi200,bi200,hybrid
fever:83664,ce20,bm25,bm25,ce100,ce20,ce20,bm25,ce20,ce100,ce20
fever:83669,ce20,bm25,bm25,ce100,ce100,bi200,ce100,hybrid,ce20,bm25
fever:83758,bm25,ce100,bm25,ce20,bm25,ce20,bi200,ce20,ce20,bi200
fever:83795,ce20,ce100,ce20,ce100,ce100,ce20,hybrid,ce20,ce100,ce20
fever:83803,ce20,bm25,ce20,bm25,bm25,ce20,hybrid,ce20,hybrid,hybrid
fever:83812,ce100,ce20,ce100,ce20,ce20,bi200,bi200,hybrid,bi200,ce20
fever:83855,ce20,ce20,ce20,bm25,ce20,ce20,bm25,ce20,ce20,ce20
fever:83879,bm25,ce100,bm25,bm25,bm25,bi200,bm25,bm25,bi200,bm25
fever:83880,bm25,ce100,bm25,bm25,ce100,bi200,bm25,bm25,bi200,bm25
fever:83896,bm25,ce100,ce100,ce20,bm25,bi200,bm25,bi200,ce100,bi200
fever:83954,ce100,ce100,ce100,ce100,ce100,bi200,ce100,hybrid,hybrid,bm25
fever:83955,ce100,ce100,ce100,ce100,ce100,hybrid,hybrid,hybrid,hybrid,hybrid
fever:83984,ce20,ce100,ce100,ce100,ce100,ce100,hybrid,hybrid,ce100,hybrid
fever:83989,bm25,bm25,bm25,bm25,ce20,bm25,bm25,ce20,hybrid,ce20
fever:8403,bm25,bm25,bm25,bm25,ce20,bm25,bm25,hybrid,bm25,bm25
fever:8404,bm25,bm25,bm25,bm25,ce20,bm25,bm25,bi200,bm25,bm25
fever:84040,ce100,ce100,ce20,ce100,ce100,ce100,ce100,bi200,hybrid,bi200
fever:84041,bm25,bm25,bm25,bm25,bm25,ce20,bm25,bm25,bm25,bm25
fever:84043,ce20,ce20,ce20,ce20,ce20,ce20,bi200,bm25,ce20,bi200
fever:84052,bm25,ce100,bm25,ce100,ce100,bi200,bm25,bi200,bi200,bi200
fever:84063,bm25,ce20,bm25,bm25,bm25,ce20,bm25,bm25,bm25,ce20
fever:84105,bm25,bm25,bm25,bm25,bm25,hybrid,bi200,bi200,bm25,bm25
fever:84123,ce100,ce100,ce100,bm25,ce100,ce100,ce100,bi200,bi200,hybrid
fever:84132,ce20,bm25,ce20,ce20,ce100,hybrid,ce100,bi200,bm25,bi200
fever:84154,ce100,ce100,bm25,bm25,ce100,hybrid,ce100,hybrid,bm25,hybrid
fever:84187,ce100,ce20,ce20,ce100,ce20,hybrid,ce100,hybrid,ce20,bm25
fever:84208,bm25,ce100,ce20,bm25,ce100,ce20,ce100,ce100,ce100,ce100
fever:84223,bm25,ce20,ce100,bm25,ce20,bi200,bm25,bi200,hybrid,bm25
fever:84225,ce100,bm25,ce20,bm25,ce20,ce100,hybrid,hybrid,ce20,ce20
fever:84260,ce20,ce100,ce100,ce100,ce100,ce100,ce20,ce100,ce100,ce100
fever:84272,ce100,bm25,ce20,ce20,ce20,bm25,ce100,ce100,ce20,ce20
fever:84274,ce20,ce100,ce20,bm25,ce100,bi200,hybrid,hybrid,bi200,ce20
fever:84278,ce20,ce100,bm25,ce20,ce100,bi200,bi200,bi200,bm25,hybrid
fever:8429,bm25,bm25,ce20,ce20,ce20,hybrid,bm25,hybrid,bi200,bi200
fever:84328,bm25,ce20,ce20,bm25,bm25,bi200,bi200,bi200,bi200,bm25
fever:84329,bm25,ce20,ce20,ce100,ce100,ce20,ce100,bm25,ce20,ce20
fever:84397,ce20,bm25,bm25,bm25,bm25,ce20,bm25,bi200,hybrid,bi200
fever:84409,bm25,bm25,bm25,bm25,bm25,ce20,bi200,bm25,ce20,bm25
fever:84420,bm25,ce100,ce100,bm25,ce100,hybrid,bi200,ce20,bi200,bi200
fever:8443,ce20,ce100,ce20,ce100,ce100,ce100,bi200,bi200,ce100,bi200
fever:84431,bm25,ce20,ce20,bm25,bm25,hybrid,bm25,bm25,hybrid,bi200
fever:84472,bm25,ce20,ce100,bm25,ce100,hybrid,ce100,bi200,hybrid,hybrid
fever:84506,bm25,bm25,ce20,bm25,bm25,ce20,ce20,bm25,bm25,bm25
fever:84516,ce20,ce20,bm25,ce20,bm25,bi200,bm25,hybrid,hybrid,hybrid
fever:84561,ce20,ce20,ce100,ce20,ce20,ce100,bi200,ce20,ce20,ce20
fever:84595,bm25,ce20,bm25,ce20,bm25,bm25,bm25,ce20,ce20,ce20
fever:8464,ce100,bm25,ce100,bm25,bm25,ce20,bi200,ce20,ce20,bi200
fever:84643,ce20,bm25,ce20,ce20,ce20,bi200,bi200,hybrid,bi200,bm25
fever:84647,ce20,ce20,ce20,ce20,bm25,ce20,ce100,hybrid,bi200,bi200
fever:84673,bm25,bm25,ce100,bm25,bm25,ce100,bi200,bi200,bi200,bi200
fever:84675,ce20,ce20,bm25,bm25,ce20,bi200,ce20,hybrid,hybrid,bm25
fever:84694,ce20,ce20,ce20,bm25,ce20,ce20,ce20,ce20,ce20,ce20
fever:84701,bm25,bm25,bm25,ce20,bm25,bi200,hybrid,hybrid,hybrid,hybrid
fever:84702,ce20,bm25,bm25,bm25,bm25,bi200,hybrid,bm25,bi200,hybrid
fever:84709,ce100,ce100,ce20,ce20,ce100,ce100,bi200,bi200,bi200,bi200
fever:84710,ce100,ce20,ce20,ce20,ce100,ce100,bi200,bi200,bi200,bi200
fever:8472,bm25,ce20,bm25,ce20,ce20,ce20,bm25,hybrid,bm25,bm25
fever:84737,bm25,ce20,ce20,bm25,ce100,ce20,ce100,ce20,ce20,ce20
fever:84775,ce100,ce20,ce20,bm25,ce100,ce20,ce100,bi200,bi200,ce20
fever:84783,ce100,ce100,ce100,ce100,ce100,ce100,ce100,ce100,hybrid,hybrid
fever:84795,ce20,ce100,ce20,ce100,ce20,bm25,ce100,ce100,ce100,ce20
fever:84799,ce20,ce20,bm25,bm25,bm25,ce20,ce100,ce20,ce20,ce20
fever:84807,ce100,ce20,ce100,ce20,ce20,ce100,ce100,hybrid,ce20,hybrid
fever:84828,ce100,ce100,ce100,ce100,ce20,ce100,ce100,ce100,ce20,bi200
fever:8483,bm25,ce100,bm25,bm25,ce20,bm25,bm25,bm25,bm25,bi200
fever:84836,ce20,ce100,ce20,ce20,ce20,ce20,ce100,hybrid,ce20,ce20
fever:84839,bm25,ce20,ce20,bm25,ce100,ce100,bi200,hybrid,bi200,ce100
fever:84844,ce20,bm25,ce20,bm25,ce20,bm25,ce100,ce20,ce20,bi200
fever:84856,bm25,bm25,ce20,bm25,bm25,ce20,ce100,ce20,ce20,ce20
fever:84858,bm25,bm25,bm25,bm25,bm25,ce20,bm25,bm25,bm25,bm25
fever:84860,bm25,ce20,ce20,bm25,ce20,hybrid,bi200,bi200,bm25,bi200
fever:84895,ce20,ce20,bm25,ce20,ce20,bi200,ce100,bi200,hybrid,bm25
fever:849,ce20,ce100,ce20,ce20,ce20,hybrid,ce20,ce20,ce20,ce20
fever:84907,ce100,ce100,bm25,bm25,ce100,bi200,ce100,ce20,hybrid,ce20
fever:8492,ce20,ce20,bm25,bm25,ce20,ce20,ce20,ce20,ce20,ce20
fever:84948,ce100,ce100,ce100,ce20,ce100,hybrid,bi200,ce100,ce100,ce100
fever:84959,bm25,bm25,bm25,bm25,bm25,bi200,bm25,bm25,bm25,bm25
fever:84967,bm25,bm25,bm25,bm25,ce20,ce20,ce20,bi200,ce20,bi200
fever:84970,ce20,bm25,bm25,bm25,ce20,ce20,ce100,ce20,hybrid,ce20
fever:850,ce20,ce100,ce20,ce20,ce20,hybrid,ce20,hybrid,ce20,ce20
fever:85004,ce100,ce20,bm25,bm25,ce100,bi200,ce100,hybrid,ce20,ce20
fever:85011,ce100,ce100,ce100,ce20,ce20,ce20,ce100,hybrid,bi200,hybrid
fever:85015,ce20,ce20,ce20,bm25,ce20,ce20,ce100,ce100,hybrid,ce20
fever:85028,ce20,ce20,ce20,bm25,ce100,ce20,ce100,ce20,ce20,hybrid
fever:85036,ce20,ce100,ce100,bm25,ce100,ce100,bm25,ce20,bm25,bi200
fever:8504,ce20,bm25,bm25,ce20,ce20,ce20,hybrid,hybrid,hybrid,hybrid
fever:8505,ce100,bm25,ce20,ce20,ce100,ce20,bi200,bi200,bi200,hybrid
fever:85061,ce100,ce100,ce100,bm25,ce100,bi200,ce100,bi200,hybrid,hybrid
fever:85062,ce100,ce20,ce20,bm25,ce100,bi200,ce100,bi200,ce100,ce20
fever:85066,ce100,ce20,ce20,bm25,ce100,bi200,bi200,bm25,bm25,bi200
fever:85093,ce20,bm25,ce20,ce20,ce20,ce20,ce20,bi200,ce20,bm25
fever:85122,bm25,ce100,bm25,ce20,bm25,bm25,ce100,hybrid,ce100,bm25
fever:85138,ce20,ce100,ce20,bm25,ce100,ce20,ce100,bi200,ce20,ce20
fever:85172,ce20,bm25,ce20,ce20,ce20,bi200,hybrid,ce100,ce20,ce100
fever:85175,bm25,ce20,bm25,ce20,ce20,ce20,ce20,hybrid,ce20,ce20
fever:85177,ce100,bm25,ce100,ce100,ce100,hybrid,ce100,bi200,bi200,bi200
fever:85184,ce20,bm25,ce20,bm25,bm25,ce20,bm25,bm25,ce20,ce20
fever:85191,ce20,bm25,bm25,ce20,ce20,ce20,bm25,hybrid,bm25,bm25
fever:85193,ce20,ce20,ce20,bm25,ce20,ce20,ce20,ce20,ce20,ce20
fever:85196,bm25,ce20,ce20,bm25,ce20,bm25,ce20,hybrid,ce20,hybrid
fever:85274,ce100,bm25,bm25,bm25,bm25,bi200,ce100,bi200,hybrid,bi200
fever:85298,ce100,bm25,ce20,ce20,ce100,ce20,bi200,bi200,bi200,ce20
fever:85301,bm25,ce20,bm25,bm25,bm25,ce100,bm25,bi200,hybrid,bm25
fever:85315,ce20,bm25,bm25,ce20,ce20,bi200,ce100,bi200,ce20,ce20
fever:85338,ce20,ce20,ce20,bm25,ce20,bi200,hybrid,hybrid,hybrid,hybrid
fever:85350,bm25,bm25,bm25,bm25,ce100,ce20,ce20,bm25,bm25,ce20
fever:85360,ce20,ce20,bm25,bm25,ce20,hybrid,bm25,bm25,ce20,ce20
fever:8538,ce100,ce100,ce100,bm25,ce100,ce100,bi200,bi200,bi200,hybrid
fever:85422,bm25,bm25,bm25,bm25,bm25,bm25,bm25,ce20,bm25,ce20
fever:85452,bm25,bm25,bm25,bm25,bm25,ce100,bm25,hybrid,bi200,bi200
fever:85454,ce100,ce20,ce100,ce100,ce100,ce20,ce100,ce100,ce100,ce100
fever:8546,bm25,bm25,bm25,bm25,bm25,ce100,bm25,bi200,hybrid,bm25
fever:85467,bm25,ce20,ce100,bm25,bm25,bi200,bi200,hybrid,bi200,hybrid
fever:85470,ce100,ce20,ce20,bm25,ce100,bi200,bm25,bi200,hybrid,hybrid
fever:8550,bm25,ce20,bm25,bm25,ce20,bm25,ce100,bm25,ce20,ce20
fever:85571,bm25,bm25,bm25,bm25,bm25,hybrid,ce100,bi200,hybrid,bm25
fever:85600,ce100,ce20,bm25,ce20,ce100,bi200,bm25,ce100,bi200,hybrid
fever:85619,bm25,bm25,bm25,bm25,bm25,hybrid,bi200,bm25,hybrid,hybrid
fever:85642,ce100,ce20,ce100,bm25,ce20,ce100,hybrid,hybrid,hybrid,hybrid
fever:85646,bm25,ce20,ce100,ce20,ce100,ce20,bm25,bm25,ce20,bm25
fever:85649,ce100,ce100,ce100,ce100,ce100,ce100,ce100,ce100,hybrid,hybrid
fever:85653,bm25,bm25,bm25,bm25,bm25,ce100,bm25,bi200,hybrid,bm25
fever:85700,bm25,bm25,bm25,ce20,bm25,ce20,ce20,bm25,bm25,bm25
fever:85702,bm25,bm25,bm25,ce20,ce20,ce20,bm25,bm25,ce20,bm25
fever:85730,ce100,ce100,ce100,bm25,ce100,ce100,ce100,ce100,ce100,ce100
fever:85739,bm25,ce20,ce20,bm25,bm25,ce20,bi200,ce20,hybrid,bi200
fever:8574,bm25,ce20,ce20,ce20,ce100,ce20,ce100,ce100,ce20,ce100
fever:85745,ce100,ce20,ce20,ce20,ce20,bm25,hybrid,hybrid,hybrid,hybrid
fever:8576,bm25,bm25,bm25,bm25,bm25,hybrid,bi200,bm25,ce20,hybrid
fever:85764,ce100,ce100,bm25,ce20,ce20,bi200,bi200,ce100,hybrid,bi200
fever:85766,ce20,ce100,ce100,bm25,ce100,hybrid,ce100,hybrid,hybrid,hybrid
fever:8577,bm25,bm25,bm25,bm25,bm25,hybrid,bi200,bm25,ce20,hybrid
fever:85780,bm25,ce20,ce20,ce20,bm25,hybrid,bm25,bm25,bi200,hybrid
fever:85800,bm25,bm25,bm25,bm25,bm25,hybrid,ce100,hybrid,hybrid,ce20
fever:8581,ce20,ce20,bm25,bm25,ce20,bi200,bm25,bi200,ce20,bi200
fever:85825,bm25,ce20,bm25,ce20,ce20,bm25,bi200,ce20,ce20,bm25
fever:8584,ce20,ce100,bm25,bm25,ce100,bm25,ce20,hybrid,bi200,ce20
fever:8585,ce20,bm25,bm25,bm25,bm25,bm25,ce20,hybrid,bm25,bm25
fever:85873,ce20,ce20,bm25,bm25,ce100,bi200,ce100,hybrid,bi200,hybrid
fever:85881,ce20,bm25,bm25,ce20,ce20,ce20,bi200,ce100,ce20,bm25
fever:85895,ce20,ce20,bm25,bm25,bm25,hybrid,ce20,hybrid,ce20,hybrid
fever:85923,ce20,ce100,bm25,bm25,ce100,ce100,hybrid,hybrid,hybrid,hybrid
fever:85924,bm25,bm25,bm25,ce20,bm25,bm25,bm25,bm25,ce20,bm25
fever:85937,ce100,ce20,ce100,ce20,ce20,bi200,ce100,ce100,ce100,bm25
fever:85951,ce20,ce100,bm25,ce20,ce100,bi200,hybrid,bm25,hybrid,bi200
fever:86013,ce100,ce100,bm25,bm25,ce20,hybrid,ce100,bi200,bi200,bi200
fever:86019,bm25,bm25,bm25,bm25,bm25,bm25,bm25,ce20,bm25,bi200
fever:86024,bm25,ce20,bm25,ce20,bm25,bm25,ce20,hybrid,bm25,ce20
fever:86029,ce100,bm25,bm25,ce100,ce100,hybrid,hybrid,hybrid,hybrid,hybrid
fever:8603,bm25,ce100,bm25,bm25,bm25,hybrid,bm25,bm25,ce20,bm25
fever:86095,ce100,ce100,ce20,ce100,ce100,ce100,ce100,bi200,hybrid,hybrid
fever:86109,ce100,ce100,ce100,ce20,ce20,ce20,ce100,ce20,ce20,ce100
fever:86110,ce20,ce100,bm25,bm25,ce20,ce100,bi200,bi200,hybrid,bm25
fever:86116,bm25,bm25,bm25,bm25,bm25,hybrid,bm25,bi200,bm25,bm25
fever:86131,bm25,bm25,bm25,bm25,bm25,hybrid,bm25,bi200,bm25,bm25
fever:86133,ce100,ce20,ce100,bm25,ce100,bi200,bi200,bi200,bi200,bi200
fever:86143,ce20,ce20,bm25,bm25,ce20,ce20,bm25,hybrid,bi200,hybrid
fever:86159,bm25,bm25,bm25,bm25,ce20,bi200,bi200,bi200,bi200,bi200
fever:86175,bm25,ce100,ce20,bm25,ce100,ce20,bi200,ce100,ce20,bi200
fever:86222,bm25,ce100,ce100,bm25,bm25,ce20,hybrid,ce20,ce20,ce20
fever:86242,ce20,bm25,ce20,bm25,bm25,bi200,ce100,hybrid,ce20,bi200
fever:86279,bm25,ce20,ce100,bm25,ce100,bi200,hybrid,hybrid,hybrid,hybrid
fever:86289,bm25,bm25,bm25,ce20,ce20,ce20,bm25,ce20,bm25,bm25
fever:86326,bm25,ce20,bm25,ce20,bm25,ce100,bi200,hybrid,bi200,bi200
fever:86361,bm25,bm25,bm25,bm25,bm25,bi200,bm25,bm25,bi200,bm25
fever:86387,ce20,ce100,ce100,bm25,ce100,ce100,ce100,ce100,ce100,ce100
fever:86394,bm25,ce20,bm25,ce20,bm25,bi200,bi200,hybrid,bi200,hybrid
fever:86397,ce20,ce20,bm25,ce20,ce100,bi200,bi200,hybrid,hybrid,ce20
fever:86439,bm25,ce20,bm25,ce100,ce100,bi200,bi200,hybrid,hybrid,hybrid
fever:86459,bm25,ce100,ce100,bm25,bm25,hybrid,bm25,ce100,ce100,hybrid
fever:86472,ce20,bm25,bm25,bm25,ce20,ce20,hybrid,hybrid,bi200,ce100
fever:86474,ce20,ce20,ce20,bm25,ce20,ce20,bm25,hybrid,bi200,hybrid
fever:86495,ce100,bm25,ce100,bm25,ce20,bi200,ce100,hybrid,ce20,ce100
fever:86518,ce20,bm25,bm25,bm25,ce20,ce20,bm25,ce20,ce20,ce20
fever:86530,ce20,ce20,ce20,ce20,ce20,hybrid,ce20,hybrid,hybrid,hybrid
fever:86539,bm25,ce100,ce20,ce20,ce20,ce100,ce100,bi200,ce20,ce20
fever:86559,ce20,bm25,ce20,ce20,ce20,bi200,bi200,ce20,bi200,bm25
fever:86568,bm25,ce100,ce100,bm25,ce100,ce20,bm25,bi200,bi200,bi200
fever:86598,ce20,ce20,ce20,bm25,ce100,bi200,bm25,hybrid,bi200,bi200
fever:86625,ce20,ce20,ce20,bm25,bm25,ce20,ce20,bm25,ce20,bm25
fever:86630,ce100,ce20,ce20,ce20,bm25,ce100,bi200,bm25,ce20,bi200
fever:86635,bm25,ce20,bm25,bm25,ce100,ce20,bm25,ce20,ce20,bm25
fever:86698,bm25,bm25,ce20,ce20,ce20,ce20,hybrid,ce20,bm25,ce20
fever:86731,bm25,bm25,ce20,bm25,bm25,bm25,bm25,bm25,ce20,bm25
fever:86738,bm25,bm25,bm25,bm25,ce20,bm25,bm25,bi200,ce20,bm25
fever:86749,bm25,ce20,ce20,bm25,ce20,ce20,ce20,ce20,hybrid,ce20
fever:86752,ce20,ce100,ce100,ce20,ce100,ce100,bi200,bm25,ce100,bi200
fever:86783,ce20,ce20,bm25,bm25,ce20,bi200,hybrid,hybrid,hybrid,hybrid
fever:86800,ce20,ce20,ce20,bm25,bm25,ce100,hybrid,hybrid,hybrid,hybrid
fever:86829,ce20,bm25,bm25,ce20,ce20,ce20,ce20,hybrid,bm25,bm25
fever:86831,bm25,bm25,ce20,bm25,ce20,ce100,bm25,ce20,ce20,bm25
fever:86890,ce100,ce100,ce20,ce20,bm25,ce100,bi200,bm25,bi200,bi200
fever:86897,bm25,bm25,bm25,bm25,bm25,ce20,ce20,bm25,bm25,ce20
fever:86913,bm25,ce100,ce100,bm25,ce100,hybrid,ce100,bi200,bi200,bi200
fever:86914,ce100,ce100,ce20,bm25,ce20,ce100,bm25,hybrid,bi200,hybrid
fever:86919,bm25,ce100,ce20,ce20,ce20,hybrid,ce100,ce20,hybrid,bi200
fever:87008,ce100,ce20,ce100,ce100,ce100,ce100,bi200,hybrid,bi200,hybrid
fever:87017,ce20,ce20,bm25,bm25,ce20,ce20,ce100,ce20,hybrid,hybrid
fever:87019,ce100,bm25,ce20,ce100,ce20,bi200,ce100,hybrid,hybrid,hybrid
fever:87023,ce20,ce20,ce20,bm25,ce20,bi200,hybrid,hybrid,hybrid,bi200
fever:87072,bm25,bm25,bm25,bm25,bm25,ce20,ce100,hybrid,hybrid,ce20
fever:87073,bm25,ce20,bm25,bm25,bm25,ce20,ce100,hybrid,bm25,ce20
fever:87081,ce100,ce20,ce20,ce20,bm25,ce20,bi200,hybrid,bi200,hybrid
fever:87109,bm25,bm25,bm25,bm25,bm25,ce20,bm25,bm25,ce20,bm25
fever:87161,bm25,ce20,bm25,bm25,ce100,hybrid,ce20,bm25,hybrid,hybrid
fever:87187,bm25,bm25,bm25,ce20,ce20,ce100,bi200,bi200,bi200,bm25
fever:87195,ce20,ce20,ce20,bm25,ce20,hybrid,bm25,hybrid,hybrid,hybrid
fever:87229,ce100,ce100,bm25,ce100,ce100,hybrid,ce100,hybrid,ce100,hybrid
fever:8725,ce100,ce100,ce100,ce100,ce100,ce100,bi200,hybrid,bi200,hybrid
fever:87251,bm25,bm25,bm25,bm25,bm25,bm25,bm25,bm25,bm25,bm25
fever:8727,bm25,bm25,bm25,bm25,bm25,ce20,bm25,ce20,bm25,bm25
fever:87293,ce20,ce20,ce20,bm25,ce20,bm25,bm25,hybrid,ce20,hybrid
fever:87305,ce100,ce100,ce100,ce100,ce20,ce100,hybrid,hybrid,ce100,ce100
fever:87320,bm25,ce20,bm25,bm25,bm25,ce20,bi200,hybrid,ce20,bi200
fever:87326,ce100,ce100,ce100,ce100,ce100,bi200,bi200,bi200,bi200,hybrid
fever:87336,bm25,ce100,ce100,bm25,ce20,bi200,bm25,bm25,ce20,bi200
fever:87337,bm25,ce100,bm25,bm25,ce20,ce100,bm25,bi200,bi200,bi200
fever:87358,bm25,ce100,ce100,bm25,ce100,bi200,bi200,bi200,bi200,bi200
fever:87383,ce20,ce100,ce20,bm25,ce20,ce100,ce100,hybrid,hybrid,ce20
fever:8740,bm25,ce20,bm25,bm25,ce20,hybrid,ce20,ce20,hybrid,bm25
fever:87414,ce20,ce20,ce20,ce20,ce20,ce100,bm25,hybrid,hybrid,ce20
fever:87456,bm25,bm25,bm25,ce20,bm25,ce20,bi200,bi200,ce20,bi200
fever:87464,bm25,bm25,ce20,ce20,ce20,ce20,ce100,ce20,ce20,ce20
fever:87483,ce20,ce20,ce20,bm25,ce20,ce20,ce100,ce20,ce20,ce20
fever:87486,bm25,bm25,ce20,bm25,ce20,ce20,ce100,ce20,ce20,ce20
fever:87517,bm25,bm25,bm25,bm25,ce100,bi200,bi200,bi200,bi200,bi200
fever:87563,ce20,bm25,ce20,bm25,ce20,hybrid,hybrid,hybrid,ce20,hybrid
fever:87570,bm25,ce20,ce100,ce20,ce100,bi200,bi200,hybrid,hybrid,hybrid
fever:87581,ce20,bm25,ce20,ce20,ce20,hybrid,hybrid,ce100,bi200,ce20
fever:87603,bm25,bm25,ce20,bm25,ce20,bm25,bm25,bm25,ce20,bm25
fever:87607,bm25,bm25,bm25,ce20,ce20,ce20,bm25,ce20,ce20,bm25
fever:87646,bm25,bm25,bm25,bm25,bm25,bi200,bi200,bi200,bi200,bi200
fever:87678,ce20,ce20,bm25,ce20,bm25,bi200,bi200,bm25,bi200,bm25
fever:87691,ce20,ce100,ce20,ce100,ce20,bi200,bi200,bm25,ce20,ce20
fever:87694,bm25,bm25,bm25,bm25,ce20,ce20,ce20,hybrid,ce20,ce20
fever:87713,bm25,ce20,bm25,bm25,bm25,bm25,ce20,hybrid,ce20,bm25
fever:87737,ce100,ce100,ce20,ce100,ce100,bi200,bi200,hybrid,hybrid,hybrid
fever:87755,ce100,bm25,ce100,ce100,ce100,ce20,bi200,bm25,ce20,ce100
fever:87760,bm25,bm25,bm25,bm25,ce20,ce20,hybrid,ce20,ce20,ce20
fever:87783,bm25,ce100,bm25,bm25,ce20,bm25,bm25,bm25,bm25,bi200
fever:87793,ce100,ce100,ce100,ce100,ce100,ce100,ce100,bi200,ce100,ce100
fever:8780,bm25,bm25,bm25,bm25,bm25,hybrid,bm25,hybrid,hybrid,hybrid
fever:87808,ce20,ce20,bm25,bm25,ce20,ce100,bm25,bi200,bi200,bm25
fever:87809,bm25,ce20,ce20,ce20,ce20,ce20,bm25,ce20,bm25,ce20
fever:8781,bm25,bm25,bm25,bm25,bm25,ce100,hybrid,hybrid,ce20,hybrid
fever:87820,bm25,ce20,bm25,bm25,ce20,hybrid,bm25,hybrid,bm25,hybrid
fever:87828,ce20,ce20,ce20,ce20,ce100,bi200,bm25,bm25,bi200,ce20
fever:87838,bm25,bm25,ce100,ce100,ce100,bi200,ce100,ce100,bi200,bi200
fever:87849,bm25,ce100,bm25,bm25,ce100,bi200,bi200,hybrid,bi200,bi200
fever:87875,ce20,bm25,bm25,bm25,ce20,bi200,bm25,bm25,hybrid,hybrid
fever:87879,ce20,ce20,bm25,ce20,ce20,bm25,ce20,hybrid,ce20,ce20
fever:8789,ce100,ce100,ce100,ce100,ce100,hybrid,ce100,ce20,hybrid,hybrid
fever:87894,ce20,bm25,bm25,bm25,bm25,ce20,ce100,ce20,ce20,ce20
fever:87903,bm25,bm25,ce100,bm25,bm25,ce20,bm25,hybrid,hybrid,bm25
fever:87913,ce100,ce20,ce100,bm25,ce100,ce100,hybrid,hybrid,hybrid,bi200
fever:87918,ce20,ce20,bm25,bm25,ce100,ce100,bi200,hybrid,hybrid,hybrid
fever:87942,ce20,ce20,bm25,ce20,ce20,ce20,ce100,bi200,ce20,bm25
fever:87944,ce20,bm25,bm25,ce20,ce20,ce20,ce100,ce100,ce20,bm25
fever:87993,ce20,ce100,ce100,ce100,ce100,hybrid,bi200,bi200,bi200,bi200
fever:88008,bm25,ce20,bm25,bm25,bm25,bi200,bi200,bm25,bm25,bi200
fever:88023,bm25,ce20,ce20,bm25,ce20,ce20,bi200,bm25,ce20,bi200
fever:88040,bm25,ce100,bm25,ce20,bm25,bm25,bm25,hybrid,bi200,ce20
fever:88041,bm25,bm25,ce20,bm25,bm25,ce20,bm25,bm25,ce20,ce20
fever:88045,ce20,bm25,bm25,bm25,ce20,ce20,ce100,ce20,ce20,bm25
fever:88046,bm25,bm25,bm25,ce20,bm25,ce20,ce20,bm25,bm25,ce20
fever:88082,bm25,bm25,bm25,bm25,ce20,ce20,ce20,ce20,hybrid,ce20
fever:88107,bm25,bm25,bm25,bm25,bm25,ce20,bm25,hybrid,hybrid,bi200
fever:88110,bm25,ce20,ce20,bm25,ce20,hybrid,bi200,ce20,hybrid,hybrid
fever:88112,ce20,ce20,bm25,bm25,ce20,bi200,bm25,bm25,hybrid,bm25
fever:88141,bm25,ce20,bm25,bm25,ce20,ce20,ce100,ce100,ce20,ce20
fever:88150,ce20,bm25,ce20,bm25,ce20,hybrid,bm25,bm25,hybrid,bi200
fever:88152,ce20,ce100,ce100,ce100,ce100,bi200,bi200,ce100,hybrid,ce20
fever:88164,bm25,bm25,bm25,bm25,bm25,ce100,bm25,hybrid,bi200,bm25
fever:88165,bm25,ce100,bm25,ce100,ce20,ce20,hybrid,hybrid,ce20,ce20
fever:88172,ce100,ce100,ce20,ce100,ce100,ce100,bi200,bi200,bm25,bi200
fever:88211,bm25,ce20,ce100,bm25,ce20,hybrid,ce100,ce20,bi200,hybrid
fever:88213,ce100,ce100,ce100,ce20,ce20,bi200,ce100,bi200,hybrid,hybrid
fever:88217,ce20,ce100,bm25,bm25,ce20,hybrid,bm25,hybrid,ce20,ce20
fever:8823,bm25,bm25,bm25,bm25,ce20,ce20,bm25,bm25,bm25,bm25
fever:88251,ce100,ce100,bm25,bm25,ce100,bi200,ce100,ce100,ce20,hybrid
fever:8829,bm25,ce100,ce100,bm25,ce100,bi200,bi200,bi200,hybrid,bi200
fever:8830,bm25,bm25,ce100,bm25,ce100,bi200,bm25,ce20,hybrid,bi200
fever:88301,ce20,bm25,ce20,bm25,ce20,bi200,bi200,bi200,hybrid,hybrid
fever:88337,ce20,bm25,ce20,bm25,ce20,ce20,hybrid,bm25,ce20,bm25
fever:8834,ce100,ce100,ce100,ce100,ce100,bi200,hybrid,bi200,hybrid,bi200
fever:88345,ce100,ce100,ce20,bm25,ce100,bi200,bi200,bi200,bi200,bi200
fever:88346,ce20,bm25,bm25,ce20,ce20,bi200,bi200,ce20,hybrid,hybrid
fever:88352,ce100,bm25,ce100,ce100,ce100,hybrid,ce100,bi200,ce100,ce20
fever:88361,ce20,ce20,bm25,bm25,ce100,bi200,ce20,hybrid,ce100,ce20
fever:88365,ce20,bm25,bm25,bm25,bm25,bi200,bm25,bm25,ce20,ce20
fever:88377,bm25,ce20,ce20,ce20,ce20,ce20,ce20,ce20,ce20,bm25
fever:88383,ce20,ce20,ce20,ce20,ce20,ce100,ce100,hybrid,ce20,ce100
fever:88385,ce100,ce100,ce100,ce100,ce100,hybrid,hybrid,hybrid,bi200,bi200
fever:88401,ce100,ce100,ce100,ce20,ce20,bi200,ce100,bi200,ce100,bi200
fever:88425,ce100,ce100,ce100,ce100,ce20,ce20,ce100,ce100,ce20,ce20
fever:88426,ce100,ce20,ce100,bm25,ce100,hybrid,ce100,ce20,bm25,bi200
fever:88427,bm25,ce20,ce20,bm25,bm25,bi200,bi200,ce20,ce20,bm25
fever:88429,bm25,ce20,bm25,bm25,bm25,bi200,bm25,bm25,ce20,bm25
fever:88459,bm25,bm25,bm25,bm25,bm25,bi200,bm25,hybrid,bm25,bm25
fever:8847,ce100,ce100,ce100,ce100,ce100,ce100,ce100,bi200,hybrid,hybrid
fever:88473,ce20,ce20,ce20,ce20,ce20,ce100,hybrid,hybrid,hybrid,hybrid
fever:88479,ce100,ce100,ce100,ce100,ce100,bi200,bi200,bi200,bi200,bi200
fever:88480,bm25,ce100,ce20,bm25,bm25,ce100,bi200,hybrid,hybrid,ce100
fever:88495,bm25,ce20,bm25,bm25,bm25,bi200,bm25,bm25,bi200,hybrid
fever:88589,ce20,ce100,ce100,ce100,ce100,ce100,bi200,ce100,ce100,bi200
fever:88619,ce100,ce100,ce100,ce100,ce100,ce100,ce100,bi200,ce100,ce100
fever:8863,ce20,bm25,ce20,bm25,ce100,bi200,bi200,bi200,bi200,bi200
fever:8864,ce20,ce100,ce20,bm25,ce20,ce100,ce100,ce100,bi200,bi200
fever:88641,ce100,ce100,ce100,bm25,ce100,bi200,ce100,hybrid,hybrid,hybrid
fever:8867,bm25,ce20,ce20,ce20,bm25,ce20,ce20,hybrid,bi200,hybrid
fever:88690,bm25,bm25,bm25,ce20,bm25,bm25,bm25,bm25,ce20,bi200
fever:8870,bm25,ce20,bm25,bm25,bm25,ce100,bi200,bm25,bm25,bm25
fever:88763,ce20,ce100,ce100,ce100,ce100,ce100,ce100,bi200,bi200,ce20
fever:88764,ce20,bm25,bm25,ce20,ce20,bi200,bi200,bi200,bi200,bm25
fever:88781,ce20,bm25,bm25,bm25,bm25,hybrid,bm25,bm25,hybrid,bi200
fever:88816,ce100,ce100,ce100,ce100,ce100,bi200,bi200,ce100,bi200,hybrid
fever:88820,bm25,bm25,ce20,bm25,ce20,bi200,hybrid,ce20,ce20,ce20
fever:88847,bm25,bm25,bm25,bm25,bm25,bm25,bm25,hybrid,ce20,bi200
fever:88865,bm25,bm25,bm25,bm25,bm25,hybrid,bm25,bi200,hybrid,hybrid
fever:88868,ce100,ce100,ce100,ce100,ce100,ce100,ce100,ce100,ce100,hybrid
fever:88872,bm25,bm25,bm25,bm25,bm25,ce20,ce20,ce20,bm25,bm25
fever:88875,bm25,ce20,ce20,ce20,ce20,bm25,bm25,bm25,ce20,ce20
fever:8888,ce20,ce100,ce20,ce20,bm25,ce20,ce20,ce20,ce20,hybrid
fever:88887,ce20,bm25,bm25,bm25,bm25,bm25,bm25,ce20,hybrid,ce20
fever:88894,ce20,bm25,ce20,bm25,ce20,ce20,ce100,hybrid,bi200,ce20
fever:88907,bm25,bm25,bm25,bm25,bm25,bm25,bi200,hybrid,hybrid,bi200
fever:88910,ce100,ce100,bm25,ce100,ce20,ce100,ce100,hybrid,ce20,bi200
fever:88914,ce100,ce100,ce20,ce100,ce20,ce100,bi200,hybrid,hybrid,hybrid
fever:88918,bm25,ce20,bm25,ce20,ce20,ce20,ce20,ce20,bm25,ce20
fever:88941,bm25,bm25,bm25,bm25,bm25,hybrid,bm25,ce20,bm25,bm25
fever:88946,ce20,ce20,bm25,ce20,ce20,bm25,ce20,ce20,bm25,ce20
fever:88977,ce100,ce100,ce20,ce100,ce100,bi200,ce100,bi200,bi200,hybrid
fever:89014,ce20,bm25,bm25,ce20,ce100,bm25,bm25,bm25,ce20,bm25
fever:89049,bm25,ce20,bm25,ce20,ce20,bi200,bi200,bm25,ce20,ce20
fever:8905,ce20,bm25,bm25,ce20,bm25,bm25,bm25,bm25,bi200,bi200
fever:89063,ce20,bm25,bm25,bm25,bm25,bi200,bm25,ce20,ce20,bm25
fever:89076,bm25,ce20,ce100,ce20,ce20,ce20,ce20,ce20,ce20,bm25
fever:89096,ce100,ce100,ce100,ce100,ce100,ce20,ce100,hybrid,ce20,ce100
fever:89150,bm25,ce20,ce20,bm25,ce20,bi200,ce20,bi200,ce20,bi200
fever:89156,bm25,ce20,bm25,bm25,bm25,ce20,bm25,bm25,bm25,bm25
fever:89163,bm25,bm25,bm25,bm25,ce20,bi200,bm25,hybrid,bm25,bi200
fever:89167,ce20,ce20,ce20,bm25,ce20,ce20,bm25,ce20,ce20,bm25
fever:89171,ce100,ce100,ce100,ce100,ce100,bi200,bi200,bi200,bi200,bi200
fever:89174,bm25,bm25,ce20,bm25,bm25,bi200,bi200,bm25,bi200,bi200
fever:89213,bm25,bm25,bm25,ce20,bm25,bi200,bm25,hybrid,bm25,bm25
fever:89219,ce20,bm25,bm25,bm25,ce20,ce100,bm25,ce20,bi200,hybrid
fever:89229,ce100,ce100,ce100,ce20,ce100,ce100,bi200,bi200,ce100,ce20
fever:89240,ce20,ce20,bm25,ce20,ce20,hybrid,bi200,hybrid,hybrid,hybrid
fever:8925,ce100,ce20,ce100,bm25,ce20,ce100,bi200,bm25,bi200,hybrid
fever:89254,ce20,bm25,bm25,bm25,ce20,bi200,bm25,bi200,bm25,bi200
fever:8926,ce100,ce20,ce20,bm25,ce20,ce100,bi200,bm25,bm25,hybrid
fever:89304,ce100,bm25,bm25,bm25,bm25,bi200,ce100,hybrid,hybrid,bi200
fever:89322,ce20,ce20,ce20,ce100,ce100,ce20,ce100,ce20,hybrid,ce20
fever:89364,bm25,ce100,bm25,bm25,ce100,bi200,ce100,hybrid,hybrid,bi200
fever:89376,ce20,ce20,bm25,ce20,ce20,ce100,ce20,ce20,ce20,hybrid
fever:89409,ce20,ce100,bm25,ce20,ce100,ce100,bm25,bm25,hybrid,bi200
fever:89419,ce100,ce100,ce100,bm25,ce100,bi200,ce100,bi200,ce100,bi200
fever:89450,ce100,ce100,ce100,ce100,ce100,bi200,ce100,hybrid,bi200,hybrid
fever:89455,ce100,ce100,ce20,ce100,ce20,ce100,bi200,ce100,ce100,bi200
fever:89458,bm25,ce100,ce20,bm25,bm25,ce100,bi200,ce20,ce20,bm25
fever:89483,ce20,bm25,ce100,bm25,bm25,bi200,bm25,ce20,ce20,bm25
fever:89519,bm25,bm25,ce20,bm25,ce20,ce20,bm25,bm25,ce20,ce20
fever:89521,bm25,bm25,bm25,bm25,bm25,bm25,bm25,hybrid,hybrid,bm25
fever:89544,ce20,ce20,ce20,bm25,ce20,ce20,ce100,ce20,ce20,ce20
fever:89573,ce20,ce20,ce20,ce20,ce20,ce20,hybrid,bm25,ce20,ce20
fever:89583,ce100,ce100,ce20,ce20,ce100,ce100,ce100,bi200,bi200,bm25
fever:89608,bm25,bm25,bm25,bm25,ce20,bi200,bi200,hybrid,ce20,hybrid
fever:89615,ce100,ce100,ce20,ce20,ce100,ce20,ce100,ce100,ce100,ce100
fever:89633,bm25,bm25,bm25,bm25,bm25,bi200,bm25,bm25,ce20,bm25
fever:89661,ce20,ce100,ce100,bm25,ce100,ce100,bi200,ce100,bi200,ce100
fever:89663,bm25,bm25,bm25,bm25,bm25,hybrid,hybrid,bm25,bm25,hybrid
fever:89681,ce100,ce100,ce20,ce100,ce20,ce20,bi200,hybrid,hybrid,ce20
fever:89682,ce20,ce100,ce20,ce20,ce20,ce100,bm25,ce100,ce20,ce100
fever:89691,ce20,ce20,ce100,ce20,ce20,bi200,hybrid,bi200,bi200,bi200
fever:89707,ce20,bm25,ce20,ce20,ce20,hybrid,ce20,hybrid,ce20,ce20
fever:8971,bm25,ce20,ce100,bm25,bm25,ce20,bi200,ce20,ce20,hybrid
fever:89719,bm25,ce20,bm25,bm25,bm25,bm25,bm25,bi200,ce20,ce20
fever:89727,ce20,bm25,bm25,ce100,ce100,ce100,hybrid,ce100,ce100,ce20
fever:89730,bm25,ce20,ce20,bm25,ce20,ce20,ce100,ce20,bm25,ce20
fever:89734,ce100,ce100,ce20,ce20,ce100,ce100,bi200,bi200,bi200,bi200
fever:89739,ce100,ce100,ce20,bm25,ce100,ce20,hybrid,bi200,bi200,bi200
fever:89747,ce20,ce20,ce20,ce20,ce20,ce20,bm25,hybrid,ce20,ce20
fever:89751,bm25,bm25,ce20,ce20,ce20,ce20,ce20,ce20,ce100,ce100
fever:89771,ce20,bm25,bm25,bm25,bm25,bm25,bm25,hybrid,ce20,ce20
fever:89777,bm25,ce20,ce20,ce20,ce20,ce20,bm25,ce20,ce20,bm25
fever:89789,ce20,ce100,ce20,bm25,ce20,ce20,ce100,ce20,ce20,ce20
fever:89796,ce100,bm25,ce20,bm25,ce20,ce20,ce20,hybrid,hybrid,bm25
fever:89804,ce20,bm25,bm25,bm25,ce20,hybrid,hybrid,hybrid,hybrid,bm25
fever:89809,bm25,bm25,bm25,bm25,bm25,bm25,ce20,hybrid,ce20,ce20
fever:89814,bm25,bm25,bm25,ce20,bm25,ce20,bm25,ce20,bm25,bm25
fever:89815,ce20,bm25,ce20,bm25,ce100,ce20,ce100,bm25,ce20,bi200
fever:8982,bm25,bm25,ce20,ce20,ce20,hybrid,ce20,ce100,hybrid,hybrid
fever:89835,bm25,ce100,bm25,bm25,bm25,hybrid,bm25,hybrid,bm25,hybrid
fever:89875,ce20,bm25,bm25,bm25,bm25,bm25,bm25,bi200,ce20,bm25
fever:89876,bm25,ce100,ce20,bm25,ce100,bi200,bm25,ce20,ce20,ce20
fever:89891,ce20,bm25,bm25,bm25,bm25,hybrid,bi200,hybrid,bi200,bi200
fever:89908,bm25,ce20,bm25,bm25,bm25,bm25,bm25,hybrid,bm25,bm25
fever:89912,ce100,ce100,ce100,ce100,ce100,bi200,hybrid,hybrid,ce20,bi200
fever:89920,ce100,ce100,bm25,ce100,ce100,bi200,bi200,bi200,bi200,ce20
fever:89932,ce20,bm25,ce20,bm25,ce20,ce20,ce100,ce100,ce20,ce20
fever:89936,ce20,ce20,ce100,bm25,ce100,hybrid,bm25,hybrid,bi200,hybrid
fever:89937,bm25,bm25,ce20,bm25,ce20,ce20,ce100,ce20,ce20,ce20
fever:89985,ce20,ce20,bm25,ce20,ce20,ce100,bi200,hybrid,ce20,ce100
fever:90000,ce20,bm25,bm25,ce20,ce100,bi200,hybrid,ce20,hybrid,bm25
fever:90080,ce20,bm25,ce20,ce20,ce20,bi200,ce20,bm25,bi200,bm25
fever:90085,ce20,ce20,bm25,bm25,bm25,bi200,hybrid,bi200,hybrid,ce20
fever:90098,ce100,ce100,ce20,bm25,ce100,ce100,bi200,hybrid,hybrid,bi200
fever:90141,ce100,ce20,ce20,bm25,ce20,bi200,ce100,bi200,bi200,bi200
fever:90151,bm25,ce20,bm25,bm25,bm25,ce20,bi200,bm25,hybrid,bm25
fever:90158,ce20,ce20,ce20,ce20,ce100,ce100,ce100,ce100,ce20,hybrid
fever:90174,ce20,ce20,ce20,bm25,ce20,bm25,bm25,ce20,ce20,ce20
fever:90208,ce20,ce100,ce100,bm25,bm25,ce100,bm25,hybrid,ce20,ce20
fever:90220,bm25,ce20,ce100,bm25,ce20,ce20,ce100,ce20,ce20,hybrid
fever:9023,bm25,ce20,ce20,bm25,ce20,bi200,bi200,hybrid,hybrid,bm25
fever:90230,bm25,bm25,bm25,bm25,bm25,bi200,bi200,bi200,bm25,bi200
fever:90236,ce100,ce100,ce100,bm25,ce100,ce100,bm25,bm25,ce20,ce20
fever:90279,ce20,ce20,ce20,bm25,ce20,bi200,bi200,bi200,bi200,bi200
fever:90291,bm25,bm25,bm25,bm25,bm25,bm25,bm25,hybrid,bm25,bm25
fever:90314,ce20,ce20,ce20,ce20,ce20,hybrid,hybrid,hybrid,hybrid,hybrid
fever:90336,bm25,ce100,ce100,bm25,ce20,ce100,hybrid,bm25,ce20,ce100
fever:90350,ce100,ce100,bm25,bm25,ce100,hybrid,bi200,bi200,hybrid,bm25
fever:90355,ce20,bm25,ce20,ce20,bm25,ce20,bi200,hybrid,bi200,bm25
fever:90356,ce20,bm25,bm25,bm25,ce20,bm25,bm25,bi200,hybrid,bi200
fever:90359,ce20,ce20,ce20,bm25,ce20,bi200,ce20,bi200,ce20,ce20
fever:90367,ce20,ce20,bm25,bm25,ce20,bm25,bi200,hybrid,bm25,hybrid
fever:90378,bm25,ce100,ce100,bm25,ce100,bi200,bi200,hybrid,bi200,hybrid
fever:90392,bm25,bm25,bm25,bm25,ce20,bm25,ce100,bm25,bm25,ce20
fever:9040,bm25,ce100,bm25,bm25,ce20,ce20,ce20,hybrid,bm25,bi200
fever:90408,ce20,ce20,bm25,ce20,ce20,ce20,ce20,ce20,bm25,bm25
fever:90409,ce20,ce20,ce20,ce20,ce20,ce20,ce20,ce20,ce20,ce20
fever:9041,bm25,ce100,bm25,bm25,ce20,ce20,ce20,hybrid,bm25,bm25
fever:90427,bm25,bm25,bm25,ce20,ce20,ce20,ce100,ce20,ce20,ce20
fever:90443,ce100,ce20,ce20,ce20,ce100,ce100,ce100,bi200,ce20,ce100
fever:90446,bm25,bm25,bm25,bm25,bm25,bi200,bi200,hybrid,bi200,bm25
fever:90447,ce20,bm25,ce20,ce100,ce20,hybrid,ce100,ce100,ce100,hybrid
fever:90469,ce100,bm25,ce20,ce100,ce100,ce20,bm25,ce20,bi200,ce100
fever:90476,bm25,bm25,ce100,bm25,ce100,ce100,ce100,ce20,hybrid,bm25
fever:90480,ce100,ce100,bm25,ce100,ce100,ce100,ce100,hybrid,bi200,ce100
fever:90509,bm25,bm25,ce20,bm25,bm25,ce20,bm25,ce20,bm25,ce20
fever:90517,ce20,ce100,ce100,ce20,ce20,hybrid,bm25,hybrid,bi200,ce20
fever:90549,ce100,bm25,bm25,bm25,bm25,ce20,ce100,ce20,ce20,ce20
fever:90589,bm25,ce100,ce20,bm25,ce20,ce100,ce100,hybrid,hybrid,bi200
fever:90606,ce100,ce20,ce20,ce20,ce20,ce20,ce20,ce20,hybrid,ce100
fever:90611,ce20,ce100,ce20,bm25,bm25,bi200,ce100,ce100,ce20,bi200
fever:90615,ce20,bm25,bm25,bm25,ce20,bi200,bm25,bm25,ce20,bi200
fever:90666,ce20,ce20,ce20,ce20,ce100,hybrid,hybrid,hybrid,hybrid,hybrid
fever:90688,ce20,bm25,bm25,bm25,ce20,ce100,ce100,hybrid,ce20,hybrid
fever:90717,ce20,ce20,ce20,ce20,ce20,bi200,hybrid,bi200,ce20,ce20
fever:90733,bm25,bm25,bm25,bm25,bm25,bm25,bm25,bm25,bi200,bi200
fever:9075,bm25,bm25,bm25,ce20,ce100,ce20,bm25,ce20,bm25,bm25
fever:90754,ce20,bm25,bm25,bm25,ce20,bi200,bi200,hybrid,bi200,bi200
fever:90769,ce20,ce20,ce20,bm25,bm25,ce20,bm25,bi200,bm25,bi200
fever:90777,ce20,ce20,ce20,bm25,ce100,bi200,ce20,hybrid,hybrid,hybrid
fever:90809,ce100,ce20,ce100,ce100,ce20,ce20,ce100,ce20,ce100,ce20
fever:90865,ce20,ce20,bm25,bm25,ce100,bi200,bm25,bi200,ce100,ce20
fever:90894,ce20,bm25,bm25,bm25,ce20,bi200,hybrid,bi200,bi200,bi200
fever:90901,bm25,ce20,bm25,ce100,ce100,bi200,bi200,ce20,hybrid,hybrid
fever:90906,bm25,ce20,ce20,bm25,ce100,ce20,bm25,ce20,ce20,ce20
fever:90911,ce20,ce20,ce20,bm25,ce20,bi200,ce20,bm25,ce20,ce20
fever:90925,ce20,bm25,ce20,ce20,ce20,bi200,ce20,hybrid,ce20,ce20
fever:90957,ce100,ce20,ce100,ce100,ce100,ce100,ce100,hybrid,hybrid,hybrid
fever:90958,bm25,bm25,bm25,bm25,bm25,bm25,bm25,bm25,ce20,bm25
fever:90980,bm25,bm25,bm25,bm25,bm25,bi200,bm25,bm25,bm25,bm25
fever:90981,ce100,ce20,ce20,ce100,ce20,ce20,ce100,ce20,ce20,hybrid
fever:9099,ce100,ce100,ce100,bm25,ce100,ce100,bm25,hybrid,bi200,ce100
fever:90991,ce100,ce100,ce100,ce100,ce100,bi200,bi200,bi200,bi200,bi200
fever:910,ce20,ce100,ce20,ce20,ce20,ce20,ce100,hybrid,ce20,bi200
fever:9100,ce100,ce100,ce100,bm25,ce100,ce100,bi200,ce100,bi200,ce100
fever:91002,bm25,ce20,bm25,ce100,bm25,bm25,ce100,hybrid,bm25,bm25
fever:9101,ce20,bm25,bm25,bm25,bm25,bi200,bm25,hybrid,hybrid,bm25
fever:91028,ce20,ce20,ce20,bm25,ce20,ce20,ce20,ce20,ce20,ce20
fever:91033,ce20,ce100,ce20,ce100,ce20,ce100,ce100,ce20,ce100,ce20
fever:91047,ce100,ce100,ce100,ce100,ce100,ce100,ce100,ce100,ce100,hybrid
fever:91082,ce20,ce20,ce20,ce20,ce20,ce20,ce100,ce20,ce20,ce20
fever:91090,ce20,ce20,bm25,ce100,ce20,bi200,ce20,ce100,ce20,bi200
fever:91100,bm25,ce20,ce20,ce20,ce100,ce20,ce100,ce100,ce20,ce20
fever:91111,bm25,bm25,ce20,bm25,bm25,ce20,ce100,bm25,bi200,bi200
fever:91114,ce20,bm25,ce20,ce20,ce20,ce20,bm25,ce20,bm25,bm25
fever:91121,ce100,bm25,bm25,ce20,ce20,bi200,bi200,ce20,ce20,bi200
fever:91135,ce20,ce20,ce20,bm25,ce20,ce20,bm25,bi200,bi200,bi200
fever:91139,ce100,ce20,ce100,ce20,ce100,bi200,ce20,ce100,bi200,ce20
fever:91165,bm25,bm25,bm25,bm25,bm25,hybrid,bm25,bm25,bm25,bm25
fever:9119,ce20,bm25,bm25,bm25,bm25,ce20,bm25,ce20,hybrid,bm25
fever:91197,bm25,ce20,ce100,bm25,ce20,bm25,ce100,ce20,ce20,ce100
fever:91200,ce100,ce100,ce100,ce100,ce100,bi200,bi200,hybrid,hybrid,bi200
fever:91204,ce100,bm25,ce20,ce20,ce20,bi200,bi200,hybrid,ce100,bi200
fever:91234,ce20,ce20,bm25,bm25,bm25,bi200,bm25,bm25,bi200,hybrid
fever:91254,ce100,ce100,ce100,ce100,ce100,ce100,hybrid,ce100,ce20,ce100
fever:91299,ce20,ce20,ce20,ce100,ce100,ce100,ce100,ce20,ce100,ce20
fever:91313,ce20,bm25,ce20,ce20,ce20,ce20,ce20,bm25,ce20,bm25
fever:91315,bm25,bm25,bm25,bm25,bm25,bm25,bm25,ce20,bm25,bm25
fever:91317,ce20,ce100,ce20,bm25,ce20,bi200,ce100,ce100,ce20,bi200
fever:91321,bm25,bm25,bm25,bm25,ce20,bi200,hybrid,hybrid,hybrid,ce20
fever:91340,ce100,ce20,ce20,bm25,ce100,ce100,bi200,bi200,hybrid,hybrid
fever:91371,bm25,ce20,bm25,bm25,ce20,bi200,bm25,bi200,hybrid,bm25
fever:91384,ce20,bm25,bm25,bm25,ce20,bm25,bm25,ce20,bm25,ce20
fever:91387,bm25,bm25,bm25,ce20,ce20,ce20,ce20,ce20,bm25,bm25
fever:91414,bm25,ce20,ce20,bm25,ce20,bm25,bm25,ce20,bm25,bm25
fever:91459,ce20,ce20,ce20,ce100,ce20,ce20,ce20,ce100,hybrid,ce20
fever:91479,ce20,ce20,ce20,ce20,ce20,ce20,ce20,ce20,ce20,bm25
fever:91492,ce100,ce100,ce100,ce100,ce100,ce100,ce100,ce20,bi200,bi200
fever:91498,ce20,ce20,bm25,bm25,ce100,bm25,ce20,hybrid,ce20,hybrid
fever:915,bm25,ce20,bm25,bm25,ce20,bm25,bm25,hybrid,ce20,bm25
fever:91508,bm25,bm25,ce20,bm25,ce20,ce20,bi200,ce20,hybrid,ce20
fever:9152,ce20,bm25,bm25,bm25,ce20,bi200,bm25,bi200,hybrid,bi200
fever:91534,ce20,bm25,bm25,bm25,ce20,ce20,bi200,ce20,ce20,ce100
fever:91599,bm25,ce20,ce20,ce20,ce20,ce20,ce100,bm25,ce100,ce20
fever:916,bm25,ce20,bm25,bm25,ce20,bm25,bm25,hybrid,ce20,bm25
fever:91635,bm25,ce100,ce20,bm25,ce100,ce100,ce20,bm25,ce20,bi200
fever:91674,ce20,bm25,ce20,ce20,bm25,bi200,bi200,hybrid,bi200,bi200
fever:91703,bm25,bm25,ce20,bm25,ce20,hybrid,ce100,ce20,ce20,ce20
fever:91705,ce20,ce20,ce20,ce20,ce20,hybrid,ce20,ce20,hybrid,bm25
fever:91721,ce20,ce100,ce100,ce100,ce100,bi200,bi200,bi200,bi200,bi200
fever:91738,bm25,bm25,bm25,bm25,bm25,ce20,bi200,bm25,bi200,bi200
fever:91751,bm25,ce20,ce20,bm25,ce20,ce20,ce100,ce20,ce20,bm25
fever:91752,bm25,bm25,bm25,bm25,bm25,bm25,ce20,hybrid,ce20,ce20
fever:91767,ce100,ce20,ce20,ce20,ce20,ce100,bi200,bi200,ce20,bi200
fever:91784,ce20,ce20,bm25,bm25,ce20,bi200,hybrid,hybrid,bi200,bm25
fever:91798,bm25,bm25,bm25,bm25,bm25,bi200,bm25,bi200,bm25,bm25
fever:9181,ce20,bm25,bm25,bm25,ce100,ce100,bm25,ce20,bi200,bm25
fever:9182,ce20,bm25,bm25,ce100,ce20,bi200,bi200,hybrid,bi200,bi200
fever:91843,bm25,bm25,bm25,bm25,bm25,bi200,bm25,bi200,ce20,bi200
fever:91849,ce100,ce100,bm25,bm25,ce20,ce20,bm25,bi200,bi200,bi200
fever:91868,bm25,ce20,bm25,bm25,bm25,ce20,bm25,bm25,bm25,bm25
fever:91881,bm25,bm25,bm25,ce20,ce20,bm25,bm25,bi200,bm25,bm25
fever:91884,ce20,ce100,bm25,ce20,ce20,hybrid,bi200,bi200,hybrid,hybrid
fever:91889,bm25,bm25,ce100,ce100,ce100,hybrid,bi200,bi200,hybrid,bm25
fever:91898,ce20,ce20,ce20,bm25,bm25,bi200,bi200,bi200,bi200,bm25
fever:91963,ce20,ce20,bm25,bm25,ce20,hybrid,hybrid,bm25,ce20,ce20
fever:91964,ce100,ce100,bm25,ce100,ce100,bi200,ce100,hybrid,hybrid,hybrid
fever:91973,ce20,ce20,ce20,ce20,ce20,bi200,bm25,hybrid,bm25,bm25
fever:91976,ce100,ce100,bm25,bm25,ce100,ce20,ce100,ce20,ce20,ce20
fever:91984,bm25,ce20,ce20,ce20,ce20,hybrid,bm25,bm25,ce20,ce100
fever:92010,ce20,bm25,ce20,bm25,ce20,ce20,bi200,bi200,ce20,bm25
fever:92020,ce100,ce100,ce100,ce100,ce100,bi200,hybrid,bi200,hybrid,bi200
fever:92030,bm25,bm25,ce20,bm25,ce20,ce20,ce100,ce20,ce20,ce20
fever:92090,ce20,ce20,bm25,bm25,ce100,bi200,ce100,hybrid,hybrid,hybrid
fever:92103,bm25,bm25,bm25,bm25,bm25,bm25,bm25,bm25,ce20,bm25
fever:92126,ce20,bm25,ce20,ce20,bm25,bi200,hybrid,bi200,hybrid,hybrid
fever:92127,ce20,bm25,bm25,ce20,bm25,bm25,bm25,bm25,hybrid,bm25
fever:92128,ce20,ce20,ce20,bm25,ce20,ce20,ce100,bm25,ce100,ce20
fever:92150,bm25,bm25,bm25,bm25,ce20,ce20,bm25,bm25,bm25,bm25
fever:92151,bm25,bm25,ce20,bm25,ce20,ce20,ce20,ce20,ce20,ce20
fever:92154,bm25,bm25,ce100,bm25,bm25,bm25,ce100,ce20,ce20,bm25
fever:92161,bm25,bm25,bm25,bm25,ce20,bm25,ce20,ce20,bm25,bm25
fever:92181,bm25,bm25,bm25,bm25,bm25,bm25,ce100,ce100,ce20,bi200
fever:92193,ce20,ce20,bm25,ce20,bm25,bi200,bm25,ce20,hybrid,bm25
fever:92229,ce100,bm25,bm25,bm25,ce100,bi200,ce100,bi200,bi200,bi200
fever:92231,ce100,bm25,ce100,ce20,ce20,bm25,ce20,hybrid,ce100,ce100
fever:92241,bm25,bm25,ce20,ce20,bm25,bm25,ce100,hybrid,ce20,ce20
fever:92243,bm25,ce20,ce20,ce20,ce100,ce100,ce100,bi200,bi200,ce100
fever:92277,bm25,ce100,ce20,ce20,bm25,ce100,ce100,hybrid,ce20,bm25
fever:9234,bm25,bm25,ce20,bm25,ce100,ce20,ce20,ce20,ce20,bm25
fever:92344,ce100,ce100,ce100,ce100,ce20,hybrid,bi200,ce20,bi200,bi200
fever:92347,bm25,ce20,bm25,bm25,bm25,hybrid,ce100,ce20,hybrid,hybrid
fever:9235,bm25,bm25,ce20,bm25,bm25,ce20,ce20,hybrid,ce20,hybrid
fever:92352,bm25,ce20,ce20,ce20,ce20,bi200,ce20,bm25,ce20,ce20
fever:92371,ce100,ce20,ce20,ce20,ce100,ce100,ce100,hybrid,bi200,hybrid
fever:92374,bm25,ce20,bm25,bm25,ce20,bi200,bm25,bm25,ce20,ce100
fever:92383,ce20,bm25,bm25,ce20,bm25,ce100,bi200,bi200,bi200,bi200
fever:92415,bm25,bm25,bm25,bm25,ce20,bi200,bm25,bm25,ce20,bi200
fever:92419,bm25,ce20,bm25,bm25,ce20,ce20,bi200,hybrid,ce20,bm25
fever:92429,ce100,ce100,ce20,bm25,ce20,bi200,ce100,bi200,ce20,bm25
fever:92430,ce20,bm25,ce20,ce100,ce100,bi200,hybrid,bi200,bi200,bm25
fever:92439,ce100,ce20,ce20,ce20,ce100,ce20,ce100,ce20,ce20,ce20
fever:92444,ce100,ce100,ce100,ce100,ce100,bi200,bi200,bi200,bi200,hybrid
fever:92447,bm25,bm25,ce20,ce20,ce20,ce20,bm25,bm25,ce20,ce20
fever:92471,ce20,ce100,ce100,ce100,ce20,ce100,ce20,ce20,bi200,hybrid
fever:92472,bm25,bm25,bm25,bm25,bm25,hybrid,bm25,bm25,hybrid,bi200
fever:92489,bm25,bm25,ce100,bm25,bm25,ce100,bi200,bi200,bi200,bi200
fever:92498,bm25,bm25,bm25,bm25,bm25,ce20,bm25,bm25,bm25,bm25
fever:92505,bm25,ce100,ce20,bm25,ce100,ce20,bm25,bi200,bi200,bi200
fever:92507,ce20,ce20,bm25,bm25,ce20,ce20,bm25,bm25,ce20,ce20
fever:92509,ce100,ce100,bm25,ce100,ce100,bi200,bm25,ce20,bm25,hybrid
fever:92524,ce20,bm25,bm25,bm25,bm25,bi200,bm25,ce100,hybrid,bi200
fever:92557,ce20,bm25,ce20,bm25,bm25,ce20,bm25,ce20,ce20,bm25
fever:92580,bm25,ce20,ce20,ce20,ce20,ce20,ce100,ce20,ce20,ce20
fever:92586,ce20,bm25,bm25,bm25,ce100,bi200,bm25,bi200,bm25,bi200
fever:92587,ce20,ce20,ce20,ce20,ce100,ce20,ce100,ce100,ce20,bm25
fever:92625,ce20,ce20,bm25,bm25,ce20,ce20,ce20,hybrid,ce20,ce20
fever:92638,ce20,ce100,bm25,bm25,ce20,ce100,bm25,bm25,hybrid,bi200
fever:92641,bm25,ce20,ce20,bm25,bm25,ce20,bm25,ce20,ce20,bm25
fever:92644,ce100,ce100,ce20,bm25,bm25,ce100,bm25,bm25,bi200,bm25
fever:92651,bm25,bm25,bm25,bm25,bm25,bm25,bm25,ce20,bm25,bm25
fever:92657,ce100,ce100,ce100,bm25,ce100,ce100,ce20,ce20,ce100,bi200
fever:9267,bm25,ce20,ce20,bm25,ce20,ce20,ce20,bm25,ce20,ce20
fever:92675,ce20,bm25,ce20,bm25,bm25,ce20,ce20,bm25,ce20,bm25
fever:9268,ce20,ce20,bm25,bm25,ce20,ce20,bm25,ce20,bm25,bm25
fever:92687,ce20,ce100,ce100,ce20,ce20,ce20,ce100,ce100,ce20,ce100
fever:92719,ce100,ce100,ce100,ce100,ce100,bi200,ce100,bi200,ce100,bi200
fever:92731,ce100,ce100,bm25,bm25,ce100,bi200,bi200,bi200,hybrid,hybrid
fever:92769,bm25,bm25,bm25,bm25,bm25,bm25,bm25,ce20,hybrid,hybrid
fever:92787,bm25,ce20,ce20,ce20,ce20,ce20,ce100,ce20,ce20,bi200
fever:92791,bm25,bm25,bm25,bm25,bm25,ce100,ce100,ce20,ce20,hybrid
fever:92796,bm25,ce20,bm25,bm25,ce20,ce20,bi200,bm25,bm25,bm25
fever:92807,ce20,bm25,ce20,bm25,bm25,ce20,bm25,ce20,ce20,bm25
fever:92811,ce100,ce100,ce100,ce20,ce100,ce100,ce20,hybrid,ce20,hybrid
fever:92813,ce20,ce20,ce20,bm25,ce20,bi200,ce20,ce100,ce20,ce20
fever:92816,ce20,ce100,ce20,ce20,ce20,ce100,ce100,ce20,ce20,ce20
fever:9282,bm25,ce20,bm25,bm25,ce20,bi200,bm25,hybrid,hybrid,bm25
fever:92824,bm25,ce20,bm25,ce20,ce20,ce20,ce20,ce100,bi200,ce20
fever:92833,bm25,ce20,ce20,bm25,bm25,bi200,bm25,bm25,ce20,hybrid
fever:92851,bm25,ce20,ce20,bm25,bm25,bi200,bi200,hybrid,hybrid,hybrid
fever:92889,bm25,bm25,ce20,ce20,ce100,bi200,ce20,hybrid,hybrid,bi200
fever:92891,ce100,ce100,ce20,ce20,ce100,ce20,ce100,bm25,ce20,ce20
fever:92900,bm25,bm25,bm25,bm25,bm25,hybrid,bm25,bm25,bm25,bi200
fever:92905,ce100,ce20,ce20,ce20,ce20,ce20,ce100,ce100,ce100,ce100
fever:9292,ce100,ce100,bm25,bm25,bm25,bi200,bm25,hybrid,hybrid,hybrid
fever:92922,ce20,bm25,bm25,bm25,ce20,ce100,ce20,hybrid,ce20,ce20
fever:92939,ce100,ce100,ce20,bm25,ce100,ce100,bi200,bi200,bi200,ce100
fever:92949,bm25,ce20,ce100,bm25,ce100,ce20,ce100,hybrid,ce20,ce20
fever:92961,ce100,ce100,ce100,bm25,bm25,hybrid,hybrid,hybrid,ce20,bi200
fever:92988,ce20,ce100,ce20,bm25,ce100,ce20,ce100,ce100,hybrid,ce20
fever:93018,bm25,ce20,bm25,bm25,ce20,bi200,bi200,hybrid,bi200,hybrid
fever:93033,bm25,ce100,ce100,ce20,bm25,ce20,ce100,hybrid,bi200,bm25
fever:93051,bm25,bm25,bm25,bm25,bm25,hybrid,bm25,bm25,ce20,bm25
fever:93059,ce20,bm25,bm25,ce20,ce20,bi200,ce20,ce20,hybrid,ce20
fever:93062,ce100,ce100,ce100,ce100,ce100,bi200,bi200,bi200,bi200,hybrid
fever:93064,bm25,ce20,bm25,bm25,ce20,bi200,bm25,hybrid,hybrid,hybrid
fever:93082,bm25,ce100,bm25,ce20,ce20,ce20,ce20,hybrid,ce20,ce20
fever:93087,ce20,bm25,ce100,ce20,bm25,ce20,ce100,bi200,ce20,bm25
fever:93099,bm25,ce100,ce20,bm25,ce20,ce100,hybrid,hybrid,bi200,ce20
fever:93137,ce100,ce100,bm25,bm25,ce100,hybrid,ce100,bi200,bi200,bi200
fever:93147,ce20,bm25,ce20,ce20,ce20,ce20,hybrid,ce100,ce20,bi200
fever:93173,ce20,bm25,bm25,ce20,ce20,hybrid,hybrid,bm25,hybrid,hybrid
fever:93184,bm25,bm25,bm25,bm25,bm25,bm25,bm25,hybrid,ce20,ce20
fever:93250,ce20,ce20,bm25,bm25,ce20,ce20,ce100,ce20,ce20,ce20
fever:93273,bm25,bm25,bm25,bm25,bm25,ce100,bm25,bm25,bm25,bm25
fever:93285,ce20,bm25,ce20,bm25,ce20,hybrid,ce20,ce100,ce20,hybrid
fever:93287,bm25,ce20,bm25,bm25,bm25,ce100,bi200,bm25,bm25,bm25
fever:93300,ce20,ce20,ce20,bm25,ce20,hybrid,ce20,hybrid,ce20,ce20
fever:93307,ce20,ce100,ce100,ce20,bm25,hybrid,ce20,bm25,ce100,bm25
fever:93320,bm25,bm25,bm25,bm25,ce20,bi200,ce20,ce20,bm25,bm25
fever:93331,ce100,ce100,ce100,bm25,ce20,ce100,bm25,bm25,ce20,ce20
fever:93333,bm25,ce20,bm25,bm25,bm25,ce100,bi200,bm25,hybrid,bm25
fever:93334,bm25,ce100,ce20,bm25,ce100,ce100,ce100,bi200,bi200,bi200
fever:93339,ce100,ce100,ce100,ce100,ce100,ce100,hybrid,hybrid,ce100,hybrid
fever:93342,ce20,bm25,bm25,bm25,bm25,ce100,bm25,hybrid,hybrid,hybrid
fever:93343,ce20,bm25,ce20,bm25,ce20,ce100,bm25,bi200,ce20,bi200
fever:93350,ce100,ce100,ce100,bm25,ce100,ce100,bi200,bi200,bi200,bi200
fever:93358,bm25,bm25,bm25,ce20,bm25,ce20,bm25,ce20,bm25,bm25
fever:93383,bm25,ce20,ce20,ce20,ce20,hybrid,ce20,hybrid,ce20,ce20
fever:93405,bm25,ce20,ce20,bm25,ce20,bm25,ce100,bm25,ce20,ce20
fever:93412,bm25,bm25,bm25,bm25,bm25,bi200,bm25,bm25,bm25,bm25
fever:93416,bm25,bm25,bm25,bm25,bm25,ce20,bm25,bm25,ce20,bm25
fever:93426,bm25,ce20,bm25,bm25,ce20,bi200,bi200,hybrid,bm25,bm25
fever:93448,ce20,ce100,ce20,ce20,ce20,ce20,ce100,ce20,ce100,ce100
fever:93455,ce100,ce100,ce100,ce100,ce100,bi200,ce100,ce100,ce100,hybrid
fever:93465,bm25,ce20,bm25,bm25,bm25,bi200,ce100,ce20,hybrid,hybrid
fever:93473,bm25,ce20,bm25,bm25,bm25,hybrid,ce100,ce20,bm25,bm25
fever:9348,bm25,ce20,bm25,bm25,bm25,bi200,bi200,hybrid,bi200,bi200
fever:93493,bm25,ce100,bm25,bm25,ce20,bm25,bm25,bi200,hybrid,bi200
fever:93546,ce100,ce20,ce100,bm25,ce100,ce100,bi200,ce20,bm25,ce100
fever:93550,ce100,ce100,ce100,ce100,ce100,bi200,hybrid,hybrid,hybrid,hybrid
fever:93594,ce20,ce20,bm25,bm25,ce20,bi200,ce20,hybrid,ce20,bm25
fever:93600,bm25,ce20,ce20,ce100,ce20,ce100,ce100,hybrid,hybrid,bm25
fever:93610,ce20,ce20,ce20,ce20,ce20,ce20,bm25,ce20,ce20,ce20
fever:93621,bm25,bm25,bm25,bm25,ce20,bi200,bi200,bi200,bi200,bm25
fever:93624,bm25,bm25,bm25,ce20,bm25,bm25,bm25,bm25,bm25,bm25
fever:93645,ce20,ce20,bm25,bm25,bm25,ce20,bm25,ce20,ce20,bm25
fever:93646,ce20,ce20,ce100,bm25,bm25,bi200,ce100,ce20,ce20,hybrid
fever:93660,bm25,bm25,bm25,bm25,bm25,bm25,bm25,bm25,bm25,bm25
fever:93689,bm25,bm25,ce20,bm25,bm25,bi200,ce100,hybrid,hybrid,bi200
fever:93725,ce100,ce100,bm25,ce20,ce100,hybrid,bi200,hybrid,bi200,bm25
fever:93726,ce20,bm25,bm25,bm25,ce20,hybrid,ce100,hybrid,hybrid,hybrid
fever:93732,ce100,ce100,ce20,ce20,ce20,ce100,ce100,ce20,ce20,hybrid
fever:93739,bm25,ce20,ce20,bm25,bm25,ce20,bi200,hybrid,hybrid,hybrid
fever:93740,ce20,ce100,bm25,bm25,bm25,ce20,bi200,hybrid,hybrid,bi200
fever:93756,bm25,ce20,bm25,bm25,ce100,ce100,ce100,ce20,bm25,bi200
fever:93782,ce20,ce100,ce20,ce20,ce20,bi200,bi200,bm25,hybrid,ce20
fever:93802,ce20,ce100,ce100,ce20,ce100,ce100,ce100,bi200,ce20,hybrid
fever:93823,ce100,ce100,ce20,ce20,ce100,ce100,ce100,bi200,hybrid,ce100
fever:93839,ce20,ce20,ce20,ce20,ce20,ce100,bm25,ce20,hybrid,bm25
fever:93855,ce100,ce100,ce20,ce20,ce20,ce20,bi200,hybrid,hybrid,bm25
fever:93857,ce20,ce20,ce100,bm25,ce100,hybrid,bi200,hybrid,hybrid,hybrid
fever:93864,ce20,bm25,ce100,bm25,bm25,hybrid,bm25,ce20,ce20,hybrid
fever:93878,bm25,bm25,ce20,bm25,ce100,hybrid,ce100,ce20,bi200,hybrid
fever:93887,ce20,ce20,ce20,ce20,bm25,bi200,bm25,hybrid,ce20,ce20
fever:93894,ce20,ce20,bm25,ce20,bm25,hybrid,ce100,hybrid,bi200,hybrid
fever:93901,bm25,bm25,bm25,bm25,ce20,bi200,bm25,ce20,hybrid,bm25
fever:93911,ce20,ce100,ce20,ce20,ce20,bi200,hybrid,bm25,ce20,hybrid
fever:93952,ce20,bm25,bm25,ce20,ce100,hybrid,hybrid,hybrid,hybrid,bi200
fever:93974,ce20,bm25,bm25,ce20,bm25,bm25,bm25,bm25,bm25,bm25
fever:93981,bm25,bm25,bm25,bm25,ce20,ce20,bm25,ce20,ce20,bm25
fever:93991,bm25,bm25,bm25,bm25,bm25,ce20,bm25,bm25,bm25,bm25
fever:93998,bm25,ce20,ce20,bm25,ce20,ce20,ce20,bm25,ce20,ce20
fever:94017,ce20,ce20,bm25,bm25,ce20,bi200,bi200,hybrid,bi200,bi200
fever:94019,bm25,ce100,bm25,ce100,ce100,bi200,bi200,hybrid,hybrid,bi200
fever:94030,bm25,ce100,bm25,ce20,bm25,bi200,bm25,hybrid,ce20,ce20
fever:94032,ce20,ce20,ce20,ce20,ce20,ce20,ce100,ce20,ce100,bm25
fever:94055,ce20,ce100,ce20,ce20,ce20,ce100,ce100,bi200,bi200,hybrid
fever:94056,ce20,ce20,bm25,ce20,ce100,bi200,bm25,ce20,bm25,hybrid
fever:94058,bm25,bm25,bm25,bm25,bm25,bm25,ce100,bm25,bm25,bm25
fever:94059,bm25,ce20,bm25,bm25,bm25,hybrid,bi200,ce20,bi200,hybrid
fever:94068,bm25,ce100,bm25,bm25,ce100,bi200,bi200,hybrid,bi200,hybrid
fever:9410,ce20,ce100,ce100,bm25,ce20,hybrid,ce100,hybrid,ce20,ce20
fever:94116,bm25,ce20,bm25,bm25,bm25,hybrid,bm25,bm25,hybrid,bi200
fever:94136,ce20,ce20,ce100,bm25,ce20,ce20,ce100,ce20,ce20,bm25
fever:94137,ce20,ce20,ce100,bm25,ce20,ce20,ce100,ce20,ce20,bm25
fever:94151,ce100,ce20,bm25,bm25,ce100,bm25,bm25,bi200,ce20,ce20
fever:94159,bm25,bm25,bm25,bm25,ce20,ce20,bm25,ce20,ce20,bm25
fever:94160,ce100,bm25,bm25,bm25,bm25,ce100,bm25,bi200,bi200,hybrid
fever:94168,bm25,bm25,bm25,bm25,bm25,bm25,bm25,hybrid,bi200,bi200
fever:94231,bm25,bm25,ce20,bm25,ce20,ce20,ce20,bi200,ce20,ce20
fever:94234,ce20,bm25,bm25,bm25,ce20,bm25,ce20,hybrid,bm25,bm25
fever:94247,ce100,ce20,bm25,ce100,ce20,bi200,ce100,bi200,bi200,bi200
fever:94252,ce20,ce100,bm25,bm25,ce20,hybrid,bm25,bm25,bi200,bi200
fever:94262,ce100,ce100,bm25,ce100,ce100,ce20,ce100,bi200,hybrid,ce20
fever:94288,ce100,ce20,bm25,bm25,bm25,bm25,bi200,bm25,ce20,hybrid
fever:94321,ce20,ce100,bm25,bm25,ce100,ce100,hybrid,hybrid,hybrid,hybrid
fever:94344,ce20,bm25,bm25,ce20,ce20,ce20,bm25,bm25,ce20,ce20
fever:94357,bm25,bm25,bm25,bm25,bm25,bm25,bm25,bm25,bm25,bm25
fever:94358,bm25,bm25,bm25,bm25,bm25,bm25,bm25,bm25,bm25,bm25
fever:94376,bm25,bm25,bm25,bm25,bm25,bi200,ce20,hybrid,bi200,hybrid
fever:94377,ce100,ce20,ce100,bm25,bm25,bi200,ce100,ce20,ce100,hybrid
fever:94382,ce100,ce100,ce100,ce100,ce100,bi200,bi200,hybrid,hybrid,hybrid
fever:94383,ce100,ce100,ce100,ce20,ce100,ce20,ce100,hybrid,hybrid,hybrid
fever:94414,ce100,ce100,ce100,ce100,ce100,bi200,bi200,ce20,hybrid,hybrid
fever:94451,ce20,ce100,ce20,bm25,ce20,ce100,ce100,ce100,hybrid,hybrid
fever:94454,bm25,bm25,bm25,bm25,bm25,hybrid,bm25,hybrid,hybrid,hybrid
fever:94500,ce100,bm25,ce20,bm25,bm25,hybrid,hybrid,bm25,hybrid,ce20
fever:94522,bm25,ce20,bm25,bm25,ce20,bi200,bi200,hybrid,hybrid,bi200
fever:94546,bm25,ce100,ce100,bm25,ce100,ce100,bi200,hybrid,ce100,hybrid
fever:94556,ce20,ce100,bm25,bm25,bm25,hybrid,bi200,hybrid,hybrid,bi200
fever:94565,ce20,ce20,ce20,bm25,ce20,ce20,ce100,ce20,ce20,ce20
fever:94603,bm25,bm25,bm25,bm25,bm25,bm25,bm25,bm25,bm25,bm25
fever:94624,ce20,ce20,ce20,bm25,bm25,ce100,bm25,ce20,ce20,hybrid
fever:94637,ce20,bm25,ce20,bm25,ce20,hybrid,ce100,ce100,ce100,ce20
fever:94660,ce20,bm25,ce20,bm25,ce100,ce20,hybrid,ce20,bm25,bm25
fever:94685,bm25,bm25,bm25,ce20,bm25,ce20,bm25,bm25,ce20,ce20
fever:94686,ce100,ce100,ce100,ce100,ce20,ce100,ce100,hybrid,hybrid,hybrid
fever:94690,ce100,bm25,ce100,ce100,bm25,hybrid,hybrid,bi200,bi200,bi200
fever:94705,ce100,ce20,ce20,ce20,ce100,ce20,ce100,ce100,ce20,ce20
fever:94724,ce100,bm25,bm25,bm25,ce20,bm25,bm25,ce20,ce20,ce20
fever:94729,bm25,ce20,ce20,bm25,bm25,ce20,ce100,ce20,ce20,ce20
fever:94733,ce100,ce100,ce100,ce100,ce100,bi200,ce100,hybrid,ce20,bi200
fever:94740,ce20,ce100,bm25,bm25,ce20,ce100,bm25,bm25,hybrid,bi200
fever:94746,bm25,bm25,bm25,bm25,bm25,ce20,bm25,bm25,ce20,ce20
fever:94759,bm25,ce20,bm25,ce20,ce20,bi200,bm25,hybrid,bm25,bm25
fever:94760,bm25,bm25,bm25,bm25,bm25,ce20,bm25,bm25,ce20,bm25
fever:94779,bm25,bm25,ce20,bm25,bm25,ce20,bm25,ce20,bm25,bm25
fever:94787,ce20,ce20,ce20,ce20,ce20,bi200,bi200,bi200,ce100,bi200
fever:94793,ce100,ce100,bm25,bm25,ce100,bi200,bi200,bi200,bi200,bi200
fever:94812,bm25,bm25,bm25,bm25,bm25,bi200,bm25,hybrid,bi200,bm25
fever:94829,bm25,ce20,ce20,bm25,bm25,bi200,bm25,bm25,ce20,bm25
fever:94861,bm25,bm25,bm25,bm25,ce20,bi200,hybrid,bi200,ce20,bi200
fever:94918,bm25,ce100,ce100,bm25,ce100,bi200,ce100,ce100,hybrid,ce20
fever:94931,ce100,bm25,ce20,bm25,ce20,bi200,ce100,bm25,ce20,bi200
fever:94947,ce20,ce20,ce20,bm25,bm25,bm25,bm25,hybrid,ce20,ce20
fever:94958,ce20,bm25,bm25,bm25,ce20,bm25,bm25,hybrid,ce20,bi200
fever:95018,bm25,ce100,bm25,bm25,bm25,bi200,ce20,ce20,hybrid,bm25
fever:9503,bm25,ce20,ce100,ce100,ce100,bi200,hybrid,hybrid,bi200,bi200
fever:95032,ce20,bm25,bm25,bm25,bm25,hybrid,bm25,hybrid,bm25,bm25
fever:95039,ce20,bm25,bm25,ce100,ce20,bm25,ce100,ce20,ce20,bm25
fever:9504,ce20,bm25,bm25,ce20,ce100,bi200,bi200,hybrid,bi200,bi200
fever:95056,bm25,bm25,bm25,ce20,bm25,ce20,bi200,bm25,bm25,ce20
fever:95061,bm25,ce20,ce100,bm25,ce20,ce20,bm25,bm25,ce20,ce20
fever:95082,ce20,bm25,ce20,ce20,ce20,ce20,ce100,bi200,ce20,ce20
fever:95094,bm25,bm25,bm25,ce20,bm25,bm25,bm25,bm25,bm25,ce20
fever:95105,ce20,ce100,bm25,ce20,ce20,hybrid,bi200,bi200,hybrid,hybrid
fever:95109,ce100,bm25,ce100,bm25,ce100,bi200,bi200,bm25,bi200,bm25
fever:9515,bm25,bm25,bm25,bm25,ce20,ce20,bm25,bi200,ce20,ce20
fever:95159,bm25,ce20,bm25,ce20,ce100,ce20,bm25,bm25,ce20,bm25
fever:95210,ce100,ce100,ce100,ce100,ce100,bi200,ce100,ce100,hybrid,ce100
fever:95212,ce20,ce20,bm25,bm25,ce20,bm25,ce20,ce20,bm25,ce20
fever:95222,ce20,ce100,bm25,bm25,ce20,bi200,bm25,bm25,bi200,bi200
fever:95236,ce20,ce20,ce20,bm25,ce20,ce100,hybrid,ce100,ce20,hybrid
fever:95239,bm25,ce100,ce100,ce100,ce100,ce20,ce100,bi200,ce100,ce100
fever:95259,ce20,bm25,bm25,ce20,bm25,ce20,ce20,hybrid,bm25,ce20
fever:95262,ce20,bm25,bm25,ce20,ce20,ce20,bi200,bm25,ce20,bi200
fever:95271,ce20,ce20,ce20,ce20,ce20,ce100,bm25,ce20,ce20,ce20
fever:9532,ce20,ce20,ce20,bm25,ce20,hybrid,bm25,ce20,ce20,bm25
fever:9533,ce20,bm25,bm25,bm25,ce100,ce100,bm25,bm25,bi200,bm25
fever:95330,ce100,bm25,ce20,bm25,ce100,ce20,ce100,bm25,ce20,bm25
fever:95358,bm25,ce20,bm25,bm25,bm25,ce100,bi200,bm25,bm25,bm25
fever:95417,bm25,bm25,ce100,ce100,ce100,ce100,bi200,hybrid,hybrid,bi200
fever:95429,ce20,ce100,ce100,ce20,ce20,hybrid,ce100,ce100,ce100,ce100
fever:95431,bm25,bm25,bm25,bm25,ce20,bm25,bm25,bm25,hybrid,bm25
fever:95456,ce100,ce20,ce20,ce20,ce100,bi200,ce100,bi200,ce20,ce20
fever:95518,ce20,ce20,ce100,bm25,ce20,ce100,ce100,ce20,bi200,ce20
fever:95542,ce20,ce20,ce20,ce20,ce20,ce20,ce100,bm25,ce20,ce20
fever:95547,bm25,bm25,bm25,bm25,bm25,bm25,bm25,bm25,bm25,bm25
fever:95585,bm25,ce20,ce100,bm25,ce100,ce20,ce100,ce20,ce20,bi200
fever:95601,bm25,ce20,ce20,ce20,ce20,ce100,ce100,ce20,ce20,ce20
fever:95621,ce20,ce100,ce20,ce100,ce20,ce20,ce100,ce100,ce20,ce20
fever:95652,ce20,bm25,ce20,bm25,ce20,hybrid,hybrid,hybrid,hybrid,hybrid
fever:95658,bm25,ce100,ce20,bm25,ce20,bi200,bi200,bm25,bi200,bm25
fever:95673,ce20,ce20,ce20,bm25,ce100,ce20,ce100,ce100,ce100,bm25
fever:95679,ce100,ce100,ce100,ce20,ce100,ce100,ce100,ce20,ce100,hybrid
fever:95680,ce20,ce100,ce20,ce100,ce100,ce20,ce100,ce20,hybrid,hybrid
fever:95728,bm25,ce20,bm25,bm25,bm25,ce20,bm25,bm25,ce20,bm25
fever:95738,bm25,bm25,ce20,bm25,ce20,hybrid,bm25,bm25,ce20,bm25
fever:95739,ce20,bm25,ce20,ce20,ce20,bi200,bi200,hybrid,bi200,bi200
fever:95754,ce20,ce20,ce20,bm25,ce100,ce20,hybrid,bm25,ce100,hybrid
fever:95835,ce20,ce100,bm25,bm25,bm25,hybrid,bi200,hybrid,hybrid,bi200
fever:95839,bm25,ce20,ce100,bm25,ce100,hybrid,ce100,hybrid,hybrid,bm25
fever:95842,bm25,bm25,bm25,bm25,bm25,hybrid,bm25,hybrid,hybrid,bm25
fever:95864,bm25,bm25,bm25,bm25,ce20,bi200,bm25,ce20,bi200,bm25
fever:95877,ce100,ce100,bm25,ce20,ce20,hybrid,ce100,ce100,ce20,ce100
fever:95935,bm25,bm25,ce20,bm25,bm25,ce20,bm25,ce20,ce20,bm25
fever:95991,ce20,bm25,ce20,ce20,ce20,ce100,ce100,ce20,ce20,ce100
fever:9600,ce20,ce100,ce100,ce100,ce100,bi200,ce100,ce100,ce100,ce100
fever:96065,ce100,ce100,ce100,ce100,ce100,ce100,ce100,bi200,hybrid,hybrid
fever:96079,ce100,bm25,ce20,bm25,ce100,bi200,hybrid,hybrid,hybrid,bi200
fever:96115,ce100,ce100,bm25,ce100,ce100,ce100,ce100,bi200,bi200,bm25
fever:96121,bm25,bm25,bm25,bm25,bm25,bi200,ce100,bi200,hybrid,bm25
fever:96128,ce20,ce20,ce100,bm25,ce100,bi200,bi200,bi200,hybrid,bi200
fever:96135,ce100,bm25,ce20,ce20,bm25,ce20,ce100,ce20,ce100,bi200
fever:96137,ce20,ce100,ce20,ce20,ce20,bi200,ce100,ce20,ce20,ce20
fever:96145,ce100,ce100,bm25,ce20,ce20,ce100,ce100,bi200,bi200,hybrid
fever:96211,ce100,ce100,ce100,bm25,ce100,bi200,bm25,bi200,ce20,bm25
fever:96239,bm25,ce100,bm25,bm25,bm25,bm25,bi200,bm25,bm25,bm25
fever:96262,ce20,ce100,ce100,ce100,ce100,ce100,hybrid,ce20,ce100,bi200
fever:96271,bm25,bm25,bm25,bm25,bm25,bm25,bm25,bm25,bm25,ce20
fever:96289,bm25,bm25,bm25,bm25,ce20,bm25,ce100,ce20,ce20,ce20
fever:9629,ce20,bm25,ce20,ce20,ce20,ce20,hybrid,ce100,ce20,ce20
fever:963,bm25,bm25,bm25,bm25,ce20,bi200,bm25,bm25,ce20,bi200
fever:96303,ce20,ce20,bm25,ce20,bm25,ce100,bm25,bm25,bm25,bi200
fever:96333,ce20,bm25,bm25,ce20,ce20,bi200,bi200,hybrid,hybrid,bm25
fever:96344,ce20,ce20,ce20,ce20,ce20,ce20,ce100,ce20,ce20,bm25
fever:96377,bm25,bm25,bm25,bm25,bm25,hybrid,bm25,bi200,bm25,bm25
fever:96401,bm25,bm25,bm25,bm25,bm25,hybrid,ce100,hybrid,bm25,ce20
fever:9642,bm25,bm25,ce20,bm25,bm25,ce20,ce100,bm25,bi200,ce20
fever:96425,ce20,bm25,ce20,bm25,ce20,hybrid,ce100,ce20,ce20,bm25
fever:9643,bm25,bm25,ce20,bm25,bm25,ce20,bi200,bm25,bi200,bi200
fever:96466,ce20,bm25,bm25,bm25,bm25,ce100,bi200,bm25,bm25,bi200
fever:96470,bm25,bm25,bm25,ce20,bm25,ce20,ce100,hybrid,ce20,ce20
fever:96476,ce20,ce20,ce20,bm25,ce20,bi200,bi200,bm25,ce20,bm25
fever:96501,ce100,ce100,bm25,ce20,ce100,bi200,bm25,bi200,bi200,bm25
fever:96551,bm25,ce100,ce100,ce100,ce100,bi200,bi200,bi200,bi200,bi200
fever:96576,bm25,bm25,bm25,ce20,bm25,bm25,bm25,bm25,ce20,bm25
fever:96578,bm25,ce20,bm25,bm25,ce100,ce20,ce100,hybrid,ce20,ce20
fever:96584,ce100,ce100,ce20,ce100,ce100,ce100,bi200,hybrid,hybrid,hybrid
fever:96603,bm25,ce20,ce20,ce20,ce20,ce20,ce20,ce20,ce20,ce100
fever:96616,ce20,bm25,ce20,bm25,ce20,bi200,ce20,bi200,ce20,ce20
fever:96622,ce20,ce20,ce100,ce20,ce100,ce20,ce20,ce20,ce20,ce20
fever:96644,bm25,bm25,bm25,bm25,bm25,bm25,bm25,hybrid,bm25,hybrid
fever:96657,ce100,ce100,ce20,ce20,ce20,bi200,ce100,bi200,hybrid,hybrid
fever:96688,ce20,ce20,ce20,ce20,ce20,ce100,ce100,bi200,hybrid,hybrid
fever:96710,bm25,ce20,ce20,bm25,ce20,ce100,ce100,ce20,ce100,bi200
fever:96711,ce20,ce20,bm25,ce20,ce20,hybrid,bm25,bm25,hybrid,bi200
fever:96723,bm25,bm25,ce20,ce20,bm25,ce20,ce100,ce100,ce100,ce20
fever:96739,ce20,ce20,ce20,bm25,bm25,bi200,ce100,ce20,ce100,bm25
fever:96740,bm25,ce20,bm25,bm25,bm25,ce20,bi200,bm25,ce20,ce20
fever:96765,bm25,bm25,ce20,bm25,bm25,bi200,ce100,bi200,ce20,bi200
fever:9680,ce20,ce20,bm25,ce20,ce100,ce100,ce20,bi200,ce20,ce20
fever:96817,bm25,bm25,bm25,bm25,bm25,ce20,bm25,ce20,hybrid,bm25
fever:96840,ce20,ce20,ce20,bm25,bm25,ce100,ce100,ce20,ce20,ce20
fever:96841,bm25,bm25,bm25,bm25,bm25,ce20,bm25,bm25,ce20,bm25
fever:96850,ce20,bm25,bm25,ce20,ce20,ce20,bm25,bi200,ce20,ce20
fever:96878,ce20,ce100,ce100,bm25,ce100,hybrid,bi200,bi200,ce100,hybrid
fever:96901,ce100,ce100,ce100,ce100,ce100,ce100,ce100,bi200,bi200,bi200
fever:96906,ce100,bm25,ce100,bm25,ce100,ce100,bi200,hybrid,hybrid,bi200
fever:96910,bm25,bm25,ce100,bm25,bm25,bi200,bi200,bi200,bi200,bi200
fever:9693,ce20,ce100,bm25,bm25,bm25,ce100,bi200,bm25,bm25,bi200
fever:96937,ce20,ce20,ce20,bm25,ce20,ce20,ce20,ce100,ce20,ce100
fever:96943,bm25,bm25,bm25,bm25,bm25,bi200,bi200,hybrid,bi200,bi200
fever:96948,ce20,ce20,ce100,bm25,ce100,bi200,hybrid,bm25,ce20,hybrid
fever:96954,ce20,ce20,ce100,ce100,ce100,ce100,ce100,ce100,hybrid,hybrid
fever:96963,ce20,bm25,bm25,bm25,ce20,bm25,ce100,hybrid,ce20,bm25
fever:96969,ce100,ce100,ce100,ce100,ce100,ce100,hybrid,hybrid,hybrid,hybrid
fever:97,ce20,ce20,ce20,bm25,ce100,ce100,bm25,ce20,ce100,ce20
fever:97004,ce20,ce20,ce20,bm25,ce20,ce20,ce100,bi200,ce20,ce20
fever:97008,bm25,bm25,bm25,ce20,bm25,bm25,bm25,ce20,bm25,bm25
fever:97013,ce20,ce20,bm25,ce20,ce20,bm25,bm25,ce20,ce20,hybrid
fever:97017,bm25,bm25,bm25,bm25,ce20,bm25,ce20,hybrid,ce20,ce20
fever:97025,bm25,ce20,ce20,bm25,ce100,ce20,ce20,bm25,ce20,hybrid
fever:97028,ce20,bm25,ce100,ce100,ce100,bi200,bi200,bi200,hybrid,hybrid
fever:97036,ce20,ce20,ce20,ce100,ce20,ce20,ce20,ce100,hybrid,ce20
fever:97045,bm25,ce100,ce20,bm25,ce100,bm25,ce100,bm25,ce20,ce20
fever:97057,ce100,ce100,ce20,bm25,ce100,ce20,ce100,ce100,ce20,ce100
fever:97077,ce20,bm25,bm25,ce20,bm25,ce100,bi200,bi200,ce20,bi200
fever:97087,ce100,bm25,ce100,bm25,ce20,bi200,ce100,ce20,ce20,ce20
fever:97091,bm25,ce100,ce20,ce20,bm25,ce100,ce100,ce100,ce100,ce100
fever:97113,bm25,bm25,bm25,bm25,bm25,bm25,bm25,bm25,bm25,bm25
fever:9712,ce20,bm25,bm25,bm25,ce20,hybrid,hybrid,hybrid,hybrid,ce20
fever:9713,bm25,bm25,bm25,bm25,ce20,bi200,bi200,bi200,bi200,bi200
fever:97150,ce20,ce20,bm25,bm25,ce20,bi200,bi200,hybrid,bm25,bi200
fever:9718,ce20,ce100,bm25,ce100,ce20,ce100,ce100,hybrid,hybrid,bi200
fever:97181,bm25,bm25,bm25,bm25,ce20,bm25,bm25,bi200,ce20,hybrid
fever:97183,ce20,bm25,bm25,bm25,ce20,hybrid,bi200,hybrid,hybrid,hybrid
fever:972,ce20,ce20,ce100,bm25,bm25,bi200,ce20,ce20,ce20,ce20
fever:97204,ce20,bm25,bm25,bm25,ce20,bi200,bi200,ce20,bm25,bm25
fever:97209,bm25,bm25,bm25,bm25,ce20,ce20,ce100,bi200,hybrid,ce20
fever:97251,bm25,bm25,bm25,bm25,ce20,ce20,hybrid,hybrid,hybrid,bm25
fever:97298,bm25,ce20,ce20,ce20,ce20,bi200,ce100,hybrid,hybrid,bi200
fever:97307,ce100,ce100,ce20,ce100,ce100,ce20,ce100,ce100,ce100,hybrid
fever:97333,bm25,ce100,ce100,bm25,bm25,ce100,bm25,bm25,bi200,ce20
fever:97348,bm25,bm25,bm25,bm25,ce20,bi200,bm25,bi200,bm25,bm25
fever:9735,bm25,ce100,ce100,bm25,ce20,ce100,hybrid,bm25,ce20,ce100
fever:97418,ce20,ce20,ce20,bm25,ce20,ce20,ce100,bm25,ce20,ce20
fever:97419,bm25,bm25,bm25,ce20,ce20,bi200,ce100,hybrid,hybrid,bi200
fever:97422,ce20,ce20,bm25,ce20,ce20,bi200,bm25,bm25,hybrid,ce20
fever:97449,ce100,ce100,ce20,ce20,ce20,ce100,bm25,hybrid,hybrid,bm25
fever:97458,bm25,bm25,bm25,bm25,bm25,bi200,bm25,bm25,bm25,bm25
fever:97474,bm25,bm25,bm25,bm25,bm25,hybrid,bm25,hybrid,ce20,bm25
fever:97494,ce20,bm25,ce20,bm25,ce20,ce20,ce100,ce20,ce20,ce20
fever:975,bm25,bm25,ce20,bm25,ce20,bm25,ce20,ce20,bm25,bm25
fever:97522,ce20,ce20,bm25,bm25,ce100,bi200,hybrid,hybrid,bi200,bi200
fever:97534,bm25,ce20,ce20,ce20,ce20,ce20,ce20,bi200,ce100,bi200
fever:97538,ce100,ce20,ce20,ce20,ce20,ce20,ce100,hybrid,ce20,ce20
fever:97549,ce20,bm25,ce20,ce20,ce20,bi200,bm25,hybrid,bi200,bm25
fever:97554,bm25,bm25,bm25,bm25,ce20,hybrid,bm25,ce20,hybrid,bm25
fever:97576,ce100,ce100,bm25,bm25,ce20,bi200,bi200,bm25,bi200,ce100
fever:97589,bm25,bm25,bm25,bm25,ce20,ce20,ce20,hybrid,ce20,ce20
fever:976,bm25,bm25,bm25,bm25,bm25,bm25,bm25,ce20,bm25,ce20
fever:97606,bm25,ce20,bm25,ce20,ce20,bm25,ce100,ce20,ce20,bm25
fever:9762,bm25,bm25,bm25,bm25,bm25,bm25,bm25,ce20,bm25,bm25
fever:97623,bm25,ce100,ce20,ce100,ce20,ce20,ce100,hybrid,ce20,bm25
fever:97649,ce100,ce20,ce20,ce100,ce100,ce20,ce100,ce20,ce100,ce20
fever:97655,bm25,ce20,bm25,bm25,bm25,bm25,bm25,ce20,ce20,ce20
fever:9767,ce100,ce100,ce100,ce100,ce20,ce100,bm25,hybrid,bi200,ce20
fever:97693,bm25,ce20,bm25,ce20,ce100,ce20,hybrid,hybrid,hybrid,hybrid
fever:97726,ce20,ce20,ce100,ce20,ce20,bi200,bi200,ce20,ce20,bm25
fever:97739,ce100,ce20,ce100,bm25,ce20,ce20,ce100,ce20,ce20,ce100
fever:97752,ce100,ce100,ce20,ce20,ce100,bi200,bi200,hybrid,hybrid,bi200
fever:97774,ce20,ce20,bm25,bm25,ce20,ce100,ce100,hybrid,hybrid,ce20
fever:97783,ce100,ce100,ce100,bm25,ce100,ce20,ce100,bi200,bi200,bi200
fever:97794,bm25,ce100,ce20,ce20,bm25,ce100,bi200,ce20,ce20,bi200
fever:97807,bm25,ce20,ce20,ce20,bm25,bi200,bm25,ce20,ce20,ce20
fever:97816,ce100,ce100,ce20,bm25,ce100,bi200,hybrid,ce100,hybrid,hybrid
fever:97837,ce20,ce100,ce20,ce100,ce100,bi200,ce100,ce20,ce100,bi200
fever:97871,ce100,ce100,ce100,bm25,ce100,bi200,bi200,bi200,bi200,bi200
fever:97880,ce20,ce20,ce20,bm25,ce20,ce20,ce100,ce20,ce20,ce20
fever:97886,ce20,bm25,ce100,bm25,ce20,hybrid,ce100,ce20,ce20,hybrid
fever:97890,ce100,ce100,ce100,bm25,ce100,bi200,ce100,bi200,hybrid,bi200
fever:97921,ce20,bm25,ce100,bm25,ce100,ce100,ce100,hybrid,ce20,bm25
fever:97926,ce20,ce20,bm25,ce20,ce20,ce100,ce20,ce20,hybrid,bm25
fever:97927,ce20,bm25,ce100,ce20,ce20,bi200,bi200,ce100,ce100,bm25
fever:97930,ce20,ce20,bm25,ce20,ce20,ce100,ce20,hybrid,ce20,hybrid
fever:97937,ce20,ce20,ce20,bm25,ce20,bi200,hybrid,ce100,ce20,ce20
fever:97957,ce20,ce20,ce20,bm25,ce20,bm25,bi200,hybrid,hybrid,bm25
fever:98042,ce100,ce100,ce100,ce20,ce20,bi200,ce100,bi200,ce100,hybrid
fever:98062,bm25,bm25,ce20,bm25,ce20,ce20,ce20,hybrid,ce20,bm25
fever:98066,ce100,ce100,ce100,ce100,ce100,ce100,ce100,ce100,ce100,ce100
fever:98078,bm25,ce100,ce100,bm25,ce100,bi200,bi200,hybrid,bi200,bm25
fever:98087,bm25,ce100,ce100,bm25,ce20,bm25,ce100,ce20,ce20,ce20
fever:98107,bm25,ce20,bm25,bm25,bm25,ce100,ce20,ce20,ce20,ce20
fever:98108,ce20,ce20,bm25,bm25,ce20,bi200,bi200,ce100,bi200,hybrid
fever:98110,bm25,ce100,ce100,bm25,ce100,bi200,ce100,ce20,bi200,bi200
fever:98146,bm25,bm25,bm25,bm25,bm25,bm25,bm25,bm25,bm25,bm25
fever:9817,ce20,ce20,bm25,bm25,ce20,ce20,ce100,hybrid,ce20,ce20
fever:98225,ce20,ce20,ce20,bm25,bm25,ce100,bm25,bm25,hybrid,hybrid
fever:9824,bm25,ce20,bm25,bm25,bm25,bm25,bm25,ce20,bm25,bm25
fever:9825,bm25,ce20,bm25,bm25,bm25,bm25,ce100,bm25,ce20,bm25
fever:98274,ce20,bm25,bm25,bm25,ce100,ce100,bm25,ce20,bi200,bm25
fever:98304,bm25,ce100,bm25,bm25,ce100,hybrid,bi200,bm25,hybrid,bm25
fever:98305,bm25,bm25,ce100,bm25,ce100,bi200,hybrid,hybrid,hybrid,bi200
fever:98306,bm25,bm25,bm25,bm25,ce100,bi200,ce100,hybrid,hybrid,bi200
fever:98312,ce100,bm25,ce100,bm25,ce100,bi200,ce100,hybrid,bi200,ce20
fever:98315,ce20,ce100,ce20,ce20,ce20,ce100,bm25,hybrid,ce20,bm25
fever:9833,ce100,ce100,bm25,bm25,ce100,bi200,bi200,hybrid,hybrid,bm25
fever:98380,ce100,ce100,bm25,ce100,ce20,hybrid,hybrid,hybrid,hybrid,bi200
fever:98406,ce100,ce20,bm25,bm25,ce100,ce100,bm25,hybrid,bm25,hybrid
fever:9842,ce20,ce20,bm25,ce20,ce20,ce20,bm25,bm25,ce20,ce20
fever:98436,ce20,ce100,ce20,ce20,ce20,ce100,ce100,ce20,ce20,hybrid
fever:98448,bm25,ce20,bm25,bm25,ce20,ce20,bi200,hybrid,bm25,bm25
fever:98453,ce20,ce100,bm25,bm25,ce20,hybrid,bm25,bm25,hybrid,bi200
fever:98475,ce100,ce20,bm25,bm25,bm25,ce100,bi200,bm25,bi200,bm25
fever:9849,ce100,ce100,ce100,bm25,ce100,bi200,bi200,bi200,bi200,bi200
fever:98550,ce20,bm25,ce20,ce100,ce20,bi200,hybrid,ce20,ce20,hybrid
fever:98559,bm25,bm25,ce20,bm25,bm25,ce20,ce20,hybrid,ce20,bm25
fever:98578,ce20,ce20,ce20,ce20,ce20,ce20,ce100,bm25,ce20,ce100
fever:9859,ce100,ce20,ce20,ce20,ce20,ce20,ce100,ce100,hybrid,ce100
fever:9860,ce100,ce20,bm25,ce20,ce20,ce20,hybrid,ce20,hybrid,bi200
fever:98606,bm25,bm25,bm25,bm25,ce20,bm25,bi200,hybrid,ce20,bi200
fever:98622,ce100,ce100,ce100,bm25,ce20,hybrid,bi200,ce100,hybrid,ce100
fever:98623,bm25,ce20,ce100,bm25,ce100,ce20,ce100,ce20,ce20,ce20
fever:98655,ce20,ce20,ce20,ce20,ce20,ce20,ce100,bm25,ce20,ce20
fever:98672,ce20,ce100,ce20,ce20,ce100,bi200,ce20,hybrid,ce20,bi200
fever:9868,bm25,bm25,bm25,ce100,bm25,bi200,ce100,ce20,hybrid,bm25
fever:98682,ce100,bm25,ce100,ce100,ce100,bi200,bm25,bi200,hybrid,bi200
fever:98693,ce20,bm25,bm25,bm25,ce100,ce20,bm25,ce20,bm25,bm25
fever:98711,ce20,ce20,bm25,bm25,ce20,ce20,ce100,hybrid,ce20,ce20
fever:98730,bm25,ce100,ce20,ce20,ce20,bm25,ce100,hybrid,ce20,bm25
fever:98759,bm25,ce100,ce100,ce100,ce100,bi200,bi200,bi200,bi200,bi200
fever:98786,ce20,ce20,ce20,ce20,ce20,ce20,ce20,hybrid,bi200,ce20
fever:98797,bm25,bm25,bm25,bm25,ce20,hybrid,bm25,bm25,ce20,bm25
fever:98810,ce20,bm25,bm25,bm25,ce20,ce20,bm25,ce20,ce20,bm25
fever:98848,bm25,ce100,ce20,bm25,bm25,bi200,bm25,hybrid,bi200,bi200
fever:98866,bm25,ce100,ce20,bm25,ce100,ce100,bm25,ce100,bi200,bi200
fever:98875,ce20,ce20,ce20,bm25,ce20,ce20,ce20,bm25,ce100,ce20
fever:98879,bm25,bm25,ce20,bm25,bm25,ce20,hybrid,hybrid,hybrid,hybrid
fever:98890,ce20,ce100,bm25,bm25,bm25,ce100,bi200,bm25,ce20,bi200
fever:98893,ce20,ce100,bm25,ce20,ce20,ce20,ce20,hybrid,ce20,ce20
fever:98911,bm25,ce20,bm25,ce20,ce20,bm25,ce100,hybrid,bm25,bm25
fever:98916,ce100,ce100,ce100,ce100,ce100,bi200,hybrid,ce100,hybrid,hybrid
fever:98966,bm25,ce100,ce100,ce20,bm25,ce20,hybrid,bm25,ce20,hybrid
fever:98970,bm25,bm25,bm25,bm25,bm25,bi200,bi200,bm25,hybrid,bm25
fever:98984,bm25,bm25,bm25,bm25,bm25,bi200,bm25,bi200,bi200,bi200
fever:99007,bm25,bm25,bm25,bm25,bm25,bm25,bm25,bm25,bm25,bm25
fever:99026,bm25,ce20,ce20,bm25,bm25,ce100,ce100,hybrid,bi200,hybrid
fever:99033,bm25,ce100,bm25,bm25,ce100,ce100,bi200,ce20,ce20,bi200
fever:99039,bm25,bm25,ce20,bm25,bm25,bi200,hybrid,bm25,bm25,ce20
fever:99043,bm25,bm25,ce100,ce100,bm25,hybrid,bi200,bi200,bi200,bi200
fever:99049,ce20,bm25,ce20,bm25,ce20,bm25,ce20,bm25,bm25,bm25
fever:99053,ce100,ce100,ce100,ce100,ce100,ce100,bi200,ce100,bi200,ce100
fever:99060,ce100,ce100,ce100,ce100,ce100,ce20,bi200,ce20,bi200,ce100
fever:99088,ce20,bm25,bm25,ce20,ce20,bi200,hybrid,ce100,hybrid,ce20
fever:99099,bm25,bm25,bm25,ce20,ce20,ce100,bm25,hybrid,ce20,bi200
fever:99102,ce100,bm25,ce100,bm25,ce100,bi200,bi200,hybrid,bi200,bi200
fever:99105,ce20,bm25,ce20,bm25,ce100,ce100,ce100,bm25,ce20,bm25
fever:99118,ce20,ce20,bm25,bm25,ce20,bi200,bi200,ce20,ce20,bm25
fever:9913,bm25,ce20,ce20,ce20,ce20,ce100,bi200,hybrid,ce20,bi200
fever:99135,ce20,bm25,ce20,ce20,ce100,bi200,ce20,ce100,bi200,ce20
fever:99144,ce20,ce20,ce20,ce20,ce20,ce100,ce100,ce100,ce20,ce100
fever:99146,ce100,bm25,ce100,ce20,bm25,ce100,ce100,ce20,ce100,hybrid
fever:9915,bm25,ce100,ce100,bm25,ce100,bi200,hybrid,ce100,bi200,hybrid
fever:99170,ce100,ce100,ce100,ce100,ce100,bi200,hybrid,ce100,bi200,bi200
fever:99200,bm25,bm25,bm25,ce100,bm25,bi200,ce100,bi200,bi200,bm25
fever:99213,ce20,bm25,bm25,bm25,ce20,bm25,bm25,bi200,bm25,ce20
fever:99236,bm25,bm25,bm25,bm25,ce20,bi200,bm25,bm25,hybrid,bm25
fever:99251,bm25,bm25,bm25,bm25,bm25,hybrid,bm25,bi200,bm25,bm25
fever:99252,ce100,ce100,ce100,ce100,ce100,ce100,ce100,hybrid,bi200,bi200
fever:99255,bm25,bm25,ce100,ce100,bm25,bi200,bi200,bi200,bi200,bi200
fever:99260,ce20,bm25,ce20,bm25,ce20,ce20,bm25,ce20,ce20,ce100
fever:99267,ce20,ce20,ce20,ce20,ce20,ce20,ce100,ce20,bm25,bm25
fever:99277,ce20,bm25,ce20,bm25,ce20,bi200,hybrid,hybrid,ce20,bi200
fever:99302,ce20,ce100,ce20,ce20,ce20,ce100,bm25,hybrid,bi200,bi200
fever:99336,bm25,ce20,bm25,bm25,bm25,ce20,ce100,ce100,ce20,ce20
fever:99370,ce100,ce20,bm25,bm25,ce100,bi200,bi200,bm25,ce20,ce20
fever:9938,bm25,bm25,bm25,bm25,bm25,bi200,bm25,hybrid,hybrid,bm25
fever:99386,bm25,bm25,bm25,bm25,bm25,ce20,bm25,bm25,bi200,bm25
fever:99395,ce100,ce20,ce20,ce20,ce100,ce100,bi200,ce100,bi200,hybrid
fever:99428,bm25,ce20,ce100,ce20,ce20,ce20,ce100,hybrid,ce20,hybrid
fever:99435,ce100,ce100,bm25,bm25,ce20,hybrid,ce20,hybrid,ce20,ce20
fever:99441,ce20,ce20,ce20,bm25,ce20,bi200,bm25,ce20,ce20,bi200
fever:99443,ce20,ce20,ce20,ce20,ce20,ce20,bm25,ce20,ce20,bm25
fever:9945,ce100,ce20,bm25,bm25,ce20,bi200,bi200,bm25,bi200,bm25
fever:99454,ce100,ce100,bm25,ce20,ce20,ce100,bi200,hybrid,hybrid,hybrid
fever:99461,bm25,ce20,bm25,bm25,ce20,ce20,bi200,bm25,ce20,bi200
fever:99465,ce20,bm25,bm25,bm25,ce20,ce20,ce100,bi200,ce20,hybrid
fever:99495,ce20,bm25,ce20,bm25,bm25,ce20,ce100,ce20,ce20,ce20
fever:99511,ce100,ce100,ce100,ce100,ce100,ce100,ce100,hybrid,hybrid,hybrid
fever:99531,ce20,bm25,ce20,ce20,ce20,ce20,bm25,bm25,bm25,ce20
fever:99546,bm25,bm25,ce20,bm25,bm25,ce20,ce20,ce20,bm25,bm25
fever:99551,ce20,ce20,ce100,ce20,ce100,hybrid,bi200,bi200,bi200,ce20
fever:99635,bm25,bm25,bm25,ce20,ce20,hybrid,bm25,bm25,bm25,bi200
fever:99654,ce20,bm25,ce20,bm25,bm25,ce100,ce20,hybrid,bi200,ce20
fever:99696,bm25,bm25,ce20,ce20,ce100,bm25,bm25,bm25,ce20,ce20
fever:99730,ce20,bm25,ce20,ce20,ce20,bi200,ce100,ce20,ce100,bm25
fever:99736,ce100,bm25,ce20,ce20,ce20,bi200,bm25,ce20,bi200,bm25
fever:99740,bm25,bm25,bm25,ce20,ce20,ce20,bm25,bm25,ce20,ce20
fever:99775,ce100,ce20,bm25,bm25,ce100,ce100,hybrid,bi200,bi200,ce100
fever:99800,ce100,ce100,bm25,bm25,ce100,bi200,bi200,hybrid,bi200,bi200
fever:99822,ce20,bm25,ce20,ce20,bm25,ce20,ce100,ce100,ce20,bm25
fever:99838,ce20,bm25,bm25,bm25,ce20,bi200,ce20,bi200,ce20,ce20
fever:99849,bm25,ce20,bm25,bm25,bm25,bi200,bm25,ce20,hybrid,hybrid
fever:99850,ce20,ce100,ce20,ce100,ce100,ce100,ce100,ce100,hybrid,ce100
fever:99852,ce20,ce20,ce20,ce20,bm25,bi200,hybrid,hybrid,hybrid,hybrid
fever:99877,bm25,bm25,bm25,bm25,bm25,bi200,hybrid,hybrid,hybrid,bi200
fever:99904,bm25,bm25,bm25,ce20,ce100,ce20,bm25,ce20,bm25,bm25
fever:99911,bm25,bm25,bm25,bm25,bm25,bm25,bm25,ce20,bm25,bm25
fever:99914,bm25,bm25,ce20,bm25,bm25,ce20,ce100,ce20,ce20,bi200
fever:99932,bm25,ce20,ce20,bm25,ce20,ce20,ce100,ce20,ce20,ce20
fever:99939,bm25,bm25,bm25,bm25,bm25,ce20,bm25,ce20,bm25,bm25
fever:99942,ce20,bm25,bm25,bm25,ce20,bm25,ce100,ce100,ce20,ce20
fever:99971,bm25,bm25,bm25,bm25,bm25,bm25,bm25,bm25,ce20,bm25
fever:99974,bm25,ce20,bm25,bm25,ce20,ce20,bm25,bm25,ce20,hybrid
fever:99986,bm25,ce20,bm25,bm25,ce20,bi200,bm25,bm25,bm25,bm25
