query_uid,selected_route
fever:100030,
fever:100038,
fever:100060,
fever:100083,
fever:100088,
fever:100145,
fever:100169,
fever:100194,
fever:100200,
fever:100204,
fever:100234,
fever:100243,
fever:100245,
fever:100261,
fever:100271,
fever:100280,
fever:100318,
fever:100320,
fever:100358,
fever:100366,
fever:10040,
fever:100400,
fever:100407,
fever:10041,
fever:100429,
fever:100446,
fever:100467,
fever:100487,
fever:100505,
fever:10051,
fever:10052,
fever:100584,
fever:100615,
fever:100617,
fever:100659,
fever:100683,
fever:100684,
fever:100771,
fever:100781,
fever:100782,
fever:100785,
fever:100788,
fever:100795,
fever:100802,
fever:10082,
fever:100821,
fever:100832,
fever:100836,
fever:100852,
fever:100893,
fever:100919,
fever:100938,
fever:100958,
fever:100967,
fever:10100,
fever:101008,
fever:101012,
fever:101014,
fever:101017,
fever:101027,
fever:10103,
fever:101042,
fever:101062,
fever:101101,
fever:101109,
fever:101111,
fever:101118,
fever:101125,
fever:101142,
fever:10117,
fever:101176,
fever:10118,
fever:101183,
fever:101212,
fever:101224,
fever:101300,
fever:101322,
fever:101340,
fever:101434,
fever:10146,
fever:101462,
fever:10147,
fever:101473,
fever:101482,
fever:101506,
fever:10151,
fever:10152,
fever:101528,
fever:101552,
fever:101553,
fever:101558,
fever:101565,
fever:10158,
fever:101583,
fever:101604,
fever:101618,
fever:101619,
fever:101638,
fever:10164,
fever:101641,
fever:101656,
fever:101661,
fever:101668,
fever:101680,
fever:101683,
fever:101702,
fever:101708,
fever:101715,
fever:101716,
fever:101722,
fever:101759,
fever:101771,
fever:101773,
fever:101795,
fever:101808,
fever:101812,
fever:101821,
fever:101839,
fever:101845,
fever:101883,
fever:101898,
fever:101906,
fever:101932,
fever:101985,
fever:102001,
fever:102003,
fever:102014,
fever:102019,
fever:102020,
fever:102035,
fever:102038,
fever:10204,
fever:10205,
fever:102079,
fever:102080,
fever:102120,
fever:102142,
fever:102151,
fever:102161,
fever:102173,
fever:102175,
fever:102209,
fever:102297,
fever:102303,
fever:102346,
fever:102352,
fever:102355,
fever:102393,
fever:102417,
fever:102418,
fever:102445,
fever:102448,
fever:102487,
fever:102523,
fever:102528,
fever:102540,
fever:102547,
fever:102583,
fever:102594,
fever:102600,
fever:102605,
fever:10261,
fever:10262,
fever:102627,
fever:102636,
fever:102714,
fever:10272,
fever:102721,
fever:102741,
fever:102745,
fever:102751,
fever:10277,
fever:10278,
fever:102784,
fever:102789,
fever:102793,
fever:102797,
fever:102818,
fever:102832,
fever:102872,
fever:102875,
fever:102876,
fever:102884,
fever:102892,
fever:102911,
fever:102913,
fever:102920,
fever:102932,
fever:102986,
fever:102990,
fever:10300,
fever:103003,
fever:103005,
fever:103014,
fever:103040,
fever:103050,
fever:103051,
fever:103060,
fever:103063,
fever:103084,
fever:103098,
fever:103111,
fever:103116,
fever:103118,
fever:10312,
fever:103154,
fever:103158,
fever:103167,
fever:103173,
fever:1032,
fever:103221,
fever:103234,
fever:10324,
fever:10327,
fever:10328,
fever:103298,
fever:103307,
fever:103325,
fever:103357,
fever:103375,
fever:103398,
fever:103402,
fever:103451,
fever:103456,
fever:103484,
fever:1035,
fever:103503,
fever:103509,
fever:103511,
fever:103535,
fever:103545,
fever:103562,
fever:103568,
fever:10357,
fever:103583,
fever:103643,
fever:103663,
fever:103665,
fever:103709,
fever:103717,
fever:103742,
fever:103745,
fever:103757,
fever:103758,
fever:103767,
fever:103773,
fever:10378,
fever:103786,
fever:10379,
fever:103809,
fever:103816,
fever:103833,
fever:103840,
fever:103862,
fever:103863,
fever:103872,
fever:103893,
fever:103914,
fever:103934,
fever:103941,
fever:103947,
fever:103948,
fever:103951,
fever:103964,
fever:103994,
fever:104017,
fever:104021,
fever:104031,
fever:104036,
fever:104075,
fever:104129,
fever:104135,
fever:104150,
fever:104152,
fever:104178,
fever:104205,
fever:104206,
fever:104221,
fever:104241,
fever:104244,
fever:104249,
fever:104255,
fever:104298,
fever:104308,
fever:104332,
fever:104365,
fever:104380,
fever:104386,
fever:104423,
fever:104426,
fever:104427,
fever:104438,
fever:104458,
fever:104472,
fever:104495,
fever:104499,
fever:10450,
fever:10451,
fever:10452,
fever:10453,
fever:104530,
fever:104547,
fever:10455,
fever:104553,
fever:104555,
fever:104594,
fever:10460,
fever:10461,
fever:104617,
fever:104631,
fever:104632,
fever:104650,
fever:104677,
fever:10468,
fever:104697,
fever:104703,
fever:104710,
fever:104729,
fever:104735,
fever:104747,
fever:104798,
fever:104808,
fever:104811,
fever:104847,
fever:104913,
fever:104922,
fever:104926,
fever:104930,
fever:10496,
fever:104970,
fever:104982,
fever:104983,
fever:104988,
fever:105025,
fever:105038,
fever:10504,
fever:105049,
fever:105059,
fever:105060,
fever:105077,
fever:105095,
fever:105123,
fever:105128,
fever:105134,
fever:105176,
fever:105216,
fever:105236,
fever:105256,
fever:105257,
fever:105298,
fever:105299,
fever:10530,
fever:105301,
fever:105304,
fever:105310,
fever:105313,
fever:105361,
fever:105383,
fever:105401,
fever:105419,
fever:105432,
fever:105437,
fever:105526,
fever:105530,
fever:105540,
fever:105558,
fever:105584,
fever:105594,
fever:105600,
fever:105614,
fever:105634,
fever:105645,
fever:105651,
fever:105664,
fever:10567,
fever:105693,
fever:105702,
fever:105719,
fever:105724,
fever:105788,
fever:105806,
fever:105813,
fever:105835,
fever:105842,
fever:105896,
fever:105928,
fever:105931,
fever:105933,
fever:105954,
fever:105997,
fever:106010,
fever:106016,
fever:106019,
fever:106023,
fever:106030,
fever:106044,
fever:106071,
fever:106078,
fever:106084,
fever:106114,
fever:106115,
fever:106132,
fever:106144,
fever:106162,
fever:106176,
fever:106191,
fever:106206,
fever:106209,
fever:106211,
fever:106236,
fever:106288,
fever:106296,
fever:106308,
fever:10634,
fever:10635,
fever:106359,
fever:106369,
fever:106387,
fever:106392,
fever:106404,
fever:106458,
fever:106478,
fever:106481,
fever:106496,
fever:106498,
fever:10650,
fever:106513,
fever:106526,
fever:10654,
fever:10655,
fever:106557,
fever:106600,
fever:106615,
fever:106627,
fever:106646,
fever:106668,
fever:106683,
fever:10670,
fever:10671,
fever:106732,
fever:10674,
fever:10675,
fever:106802,
fever:106809,
fever:106826,
fever:106832,
fever:106836,
fever:106851,
fever:106855,
fever:106859,
fever:106870,
fever:10688,
fever:10689,
fever:106912,
fever:10692,
fever:106921,
fever:106926,
fever:106928,
fever:106929,
fever:106940,
fever:106966,
fever:10698,
fever:106981,
fever:106996,
fever:107005,
fever:107035,
fever:107036,
fever:107042,
fever:10706,
fever:107060,
fever:107064,
fever:107067,
fever:10707,
fever:107073,
fever:107119,
fever:10712,
fever:107124,
fever:10713,
fever:107135,
fever:107163,
fever:107185,
fever:107192,
fever:10721,
fever:107258,
fever:107273,
fever:107285,
fever:107287,
fever:107305,
fever:107307,
fever:107308,
fever:107320,
fever:107322,
fever:107335,
fever:107347,
fever:107362,
fever:107364,
fever:10738,
fever:107384,
fever:107413,
fever:107419,
fever:107438,
fever:107465,
fever:107470,
fever:107480,
fever:107503,
fever:107510,
fever:107511,
fever:107520,
fever:107543,
fever:107547,
fever:107583,
fever:107585,
fever:107589,
fever:1076,
fever:107600,
fever:107611,
fever:10765,
fever:107654,
fever:107667,
fever:107699,
fever:1077,
fever:107725,
fever:107731,
fever:107749,
fever:107764,
fever:107783,
fever:107786,
fever:107793,
fever:107816,
fever:107833,
fever:107856,
fever:107878,
fever:107910,
fever:107926,
fever:107928,
fever:107968,
fever:107977,
fever:10798,
fever:108003,
fever:108031,
fever:108034,
fever:108079,
fever:108085,
fever:10810,
fever:108104,
fever:108107,
fever:108115,
fever:108119,
fever:108122,
fever:10814,
fever:108145,
fever:108162,
fever:108171,
fever:108198,
fever:108201,
fever:108202,
fever:108208,
fever:108267,
fever:108279,
fever:108281,
fever:108297,
fever:108301,
fever:108315,
fever:108325,
fever:108326,
fever:108345,
fever:108352,
fever:108376,
fever:10838,
fever:108420,
fever:108426,
fever:108434,
fever:10844,
fever:108444,
fever:108456,
fever:108481,
fever:108486,
fever:108498,
fever:108510,
fever:108518,
fever:108525,
fever:108547,
fever:108548,
fever:108567,
fever:108598,
fever:108618,
fever:108634,
fever:108646,
fever:108663,
fever:108705,
fever:108727,
fever:108734,
fever:108736,
fever:108739,
fever:108752,
fever:108753,
fever:108755,
fever:108756,
fever:108767,
fever:108772,
fever:108791,
fever:108803,
fever:108814,
fever:108836,
fever:108837,
fever:108839,
fever:108859,
fever:108868,
fever:108880,
fever:108882,
fever:108889,
fever:108894,
fever:10890,
fever:108917,
fever:108919,
fever:108920,
fever:108937,
fever:108940,
fever:108947,
fever:108950,
fever:108956,
fever:108957,
fever:108997,
fever:109024,
fever:109036,
fever:109073,
fever:109128,
fever:109129,
fever:109140,
fever:109142,
fever:109145,
fever:109162,
fever:109171,
fever:109195,
fever:109210,
fever:10923,
fever:109234,
fever:109246,
fever:109288,
fever:109293,
fever:1093,
fever:109368,
fever:109373,
fever:1094,
fever:109408,
fever:10942,
fever:109431,
fever:109447,
fever:109461,
fever:10947,
fever:109499,
fever:109522,
fever:10954,
fever:109563,
fever:109564,
fever:109566,
fever:109582,
fever:109623,
fever:109701,
fever:109719,
fever:109728,
fever:109737,
fever:109744,
fever:109785,
fever:109786,
fever:109793,
fever:109817,
fever:109831,
fever:109834,
fever:109876,
fever:109877,
fever:109878,
fever:109898,
fever:109933,
fever:109941,
fever:110008,
fever:110011,
fever:110012,
fever:11002,
fever:110035,
fever:110040,
fever:110059,
fever:11009,
fever:110106,
fever:110110,
fever:110133,
fever:110147,
fever:110175,
fever:110197,
fever:110205,
fever:110209,
fever:110221,
fever:110242,
fever:110274,
fever:110276,
fever:110280,
fever:110294,
fever:110334,
fever:110351,
fever:110357,
fever:110376,
fever:110379,
fever:110394,
fever:110396,
fever:110420,
fever:110429,
fever:110489,
fever:110504,
fever:110506,
fever:110514,
fever:110534,
fever:110538,
fever:110571,
fever:110581,
fever:110585,
fever:110599,
fever:110602,
fever:110635,
fever:110645,
fever:110647,
fever:110652,
fever:110672,
fever:110681,
fever:110683,
fever:110703,
fever:110717,
fever:110731,
fever:110749,
fever:110760,
fever:110761,
fever:110762,
fever:110770,
fever:110772,
fever:110815,
fever:110831,
fever:110839,
fever:110873,
fever:110887,
fever:11090,
fever:11091,
fever:110925,
fever:110933,
fever:110998,
fever:111004,
fever:111005,
fever:111049,
fever:111060,
fever:111069,
fever:111074,
fever:1111,
fever:111113,
fever:111121,
fever:111138,
fever:111151,
fever:111153,
fever:111176,
fever:111185,
fever:1112,
fever:111203,
fever:111206,
fever:111213,
fever:111285,
fever:111302,
fever:111321,
fever:111325,
fever:111363,
fever:111408,
fever:111414,
fever:111424,
fever:111428,
fever:11145,
fever:11146,
fever:111462,
fever:111503,
fever:11151,
fever:111510,
fever:111514,
fever:111590,
fever:111594,
fever:111620,
fever:111646,
fever:111662,
fever:111685,
fever:111713,
fever:111717,
fever:111719,
fever:111721,
fever:111764,
fever:111769,
fever:11178,
fever:111823,
fever:11184,
fever:111850,
fever:111893,
fever:111897,
fever:111938,
fever:11194,
fever:111943,
fever:111976,
fever:111980,
fever:111993,
fever:112048,
fever:112064,
fever:112082,
fever:112087,
fever:112137,
fever:112163,
fever:112166,
fever:112167,
fever:112180,
fever:112222,
fever:112242,
fever:112270,
fever:112277,
fever:112295,
fever:112301,
fever:112302,
fever:112315,
fever:112316,
fever:112320,
fever:112326,
fever:112329,
fever:112334,
fever:112341,
fever:112345,
fever:112362,
fever:11237,
fever:112371,
fever:112394,
fever:112396,
fever:112416,
fever:112423,
fever:112427,
fever:112438,
fever:112454,
fever:112471,
fever:112488,
fever:112489,
fever:112495,
fever:112506,
fever:11253,
fever:112545,
fever:112565,
fever:112568,
fever:112573,
fever:112585,
fever:112592,
fever:1126,
fever:112650,
fever:112668,
fever:11269,
fever:112698,
fever:112701,
fever:112725,
fever:112757,
fever:112773,
fever:112777,
fever:112782,
fever:112790,
fever:112842,
fever:112877,
fever:112890,
fever:11290,
fever:112906,
fever:112911,
fever:112933,
fever:112934,
fever:112940,
fever:112950,
fever:112965,
fever:112981,
fever:112986,
fever:112990,
fever:113008,
fever:113010,
fever:113032,
fever:113047,
fever:113068,
fever:113080,
fever:113098,
fever:11310,
fever:113103,
fever:113106,
fever:11312,
fever:113127,
fever:11315,
fever:113150,
fever:113188,
fever:113210,
fever:113212,
fever:113214,
fever:113235,
fever:113247,
fever:113260,
fever:113267,
fever:113275,
fever:113279,
fever:113297,
fever:113302,
fever:113333,
fever:113341,
fever:113343,
fever:113349,
fever:113357,
fever:113361,
fever:113374,
fever:113381,
fever:113422,
fever:11345,
fever:11346,
fever:113467,
fever:113476,
fever:113488,
fever:113505,
fever:113518,
fever:11352,
fever:113560,
fever:1136,
fever:113613,
fever:113664,
fever:113679,
fever:113686,
fever:113688,
fever:11369,
fever:113691,
fever:113712,
fever:113754,
fever:113780,
fever:113824,
fever:113882,
fever:113884,
fever:113889,
fever:1139,
fever:113912,
fever:113927,
fever:113936,
fever:113944,
fever:113953,
fever:113963,
fever:11398,
fever:113990,
fever:114000,
fever:114010,
fever:114012,
fever:11404,
fever:11405,
fever:114050,
fever:114062,
fever:114066,
fever:114093,
fever:114122,
fever:11414,
fever:114158,
fever:11418,
fever:114188,
fever:114200,
fever:114249,
fever:114251,
fever:11431,
fever:11432,
fever:114360,
fever:114387,
fever:11441,
fever:114422,
fever:11443,
fever:114463,
fever:114469,
fever:114475,
fever:11449,
fever:114495,
fever:11451,
fever:114523,
fever:114538,
fever:114567,
fever:114574,
fever:114588,
fever:114609,
fever:114620,
fever:114625,
fever:114640,
fever:114659,
fever:114720,
fever:114735,
fever:114739,
fever:114748,
fever:114770,
fever:114778,
fever:11478,
fever:11479,
fever:114792,
fever:114795,
fever:114829,
fever:114857,
fever:114896,
fever:114897,
fever:114900,
fever:11491,
fever:114912,
fever:114936,
fever:11497,
fever:114974,
fever:114984,
fever:115002,
fever:115004,
fever:115020,
fever:115028,
fever:115062,
fever:115079,
fever:115108,
fever:115128,
fever:115131,
fever:115132,
fever:115143,
fever:115153,
fever:115173,
fever:115175,
fever:115181,
fever:115183,
fever:115185,
fever:115211,
fever:115234,
fever:115244,
fever:115257,
fever:11528,
fever:115283,
fever:115294,
fever:115305,
fever:115320,
fever:11538,
fever:115386,
fever:115388,
fever:11539,
fever:115397,
fever:115430,
fever:115460,
fever:115473,
fever:115518,
fever:115528,
fever:11553,
fever:11554,
fever:115594,
fever:115628,
fever:115632,
fever:115659,
fever:115678,
fever:11570,
fever:115705,
fever:11572,
fever:115720,
fever:115752,
fever:115760,
fever:115773,
fever:115782,
fever:115788,
fever:115789,
fever:115799,
fever:115807,
fever:115832,
fever:115861,
fever:115863,
fever:115898,
fever:115920,
fever:115940,
fever:115957,
fever:115976,
fever:115985,
fever:115989,
fever:115993,
fever:116019,
fever:116026,
fever:116103,
fever:116113,
fever:116125,
fever:116129,
fever:116148,
fever:116159,
fever:116177,
fever:11620,
fever:116209,
fever:116244,
fever:116269,
fever:116278,
fever:116315,
fever:116319,
fever:116321,
fever:116349,
fever:116366,
fever:11637,
fever:116391,
fever:116398,
fever:116423,
fever:116424,
fever:116433,
fever:116446,
fever:116464,
fever:116502,
fever:116527,
fever:11656,
fever:116565,
fever:11658,
fever:116588,
fever:116604,
fever:116619,
fever:11666,
fever:116668,
fever:116673,
fever:116676,
fever:116686,
fever:116711,
fever:116715,
fever:116723,
fever:116737,
fever:11674,
fever:116786,
fever:116789,
fever:116795,
fever:116801,
fever:116812,
fever:116832,
fever:116860,
fever:116870,
fever:11688,
fever:11689,
fever:116890,
fever:116891,
fever:116918,
fever:116920,
fever:116937,
fever:116991,
fever:116998,
fever:117000,
fever:117001,
fever:117003,
fever:117023,
fever:117038,
fever:117043,
fever:117046,
fever:117056,
fever:117061,
fever:117063,
fever:117065,
fever:117114,
fever:117126,
fever:117129,
fever:117154,
fever:117186,
fever:117192,
fever:117199,
fever:11721,
fever:117251,
fever:117278,
fever:11730,
fever:117305,
fever:117316,
fever:117351,
fever:117369,
fever:117374,
fever:117380,
fever:117398,
fever:117409,
fever:117416,
fever:117439,
fever:117447,
fever:117495,
fever:117520,
fever:117540,
fever:117552,
fever:117555,
fever:117604,
fever:117605,
fever:117636,
fever:117656,
fever:117658,
fever:117699,
fever:117767,
fever:117840,
fever:117842,
fever:117862,
fever:117869,
fever:117889,
fever:117900,
fever:117948,
fever:117966,
fever:117967,
fever:117998,
fever:1180,
fever:118044,
fever:118048,
fever:118057,
fever:118068,
fever:118071,
fever:118072,
fever:118081,
fever:118091,
fever:118099,
fever:118104,
fever:118111,
fever:118115,
fever:118117,
fever:118126,
fever:118127,
fever:118139,
fever:118160,
fever:118195,
fever:118200,
fever:118208,
fever:118217,
fever:11823,
fever:118272,
fever:11830,
fever:118333,
fever:118395,
fever:118411,
fever:118414,
fever:118430,
fever:118434,
fever:118442,
fever:118446,
fever:118448,
fever:118481,
fever:118515,
fever:11853,
fever:118545,
fever:118552,
fever:118593,
fever:118594,
fever:118603,
fever:118632,
fever:118651,
fever:118664,
fever:118696,
fever:118708,
fever:118736,
fever:1188,
fever:118800,
fever:118806,
fever:118810,
fever:118833,
fever:118840,
fever:118842,
fever:118844,
fever:118885,
fever:118917,
fever:118940,
fever:118943,
fever:119047,
fever:119048,
fever:119066,
fever:119080,
fever:119081,
fever:119089,
fever:119122,
fever:119126,
fever:119132,
fever:11914,
fever:11915,
fever:119165,
fever:11917,
fever:119193,
fever:119201,
fever:119205,
fever:119212,
fever:119215,
fever:119219,
fever:119221,
fever:119227,
fever:119250,
fever:119253,
fever:119267,
fever:11928,
fever:119287,
fever:119288,
fever:119298,
fever:119358,
fever:119362,
fever:11937,
fever:119389,
fever:11940,
fever:119405,
fever:119422,
fever:119428,
fever:119437,
fever:119448,
fever:119493,
fever:119515,
fever:119516,
fever:119519,
fever:119528,
fever:119549,
fever:119557,
fever:119558,
fever:119580,
fever:119606,
fever:119624,
fever:119630,
fever:119681,
fever:119687,
fever:119695,
fever:119738,
fever:119765,
fever:119794,
fever:119829,
fever:119831,
fever:119857,
fever:119863,
fever:119867,
fever:119870,
fever:119875,
fever:119878,
fever:119884,
fever:11989,
fever:119891,
fever:119911,
fever:119915,
fever:119918,
fever:119935,
fever:119940,
fever:119989,
fever:119992,
fever:119993,
fever:12,
fever:120000,
fever:120026,
fever:120046,
fever:120060,
fever:120069,
fever:120077,
fever:120126,
fever:120133,
fever:120140,
fever:12015,
fever:12016,
fever:120173,
fever:120185,
fever:120190,
fever:120210,
fever:120242,
fever:120259,
fever:120277,
fever:120290,
fever:120297,
fever:120315,
fever:120319,
fever:120364,
fever:120372,
fever:120422,
fever:120442,
fever:120461,
fever:120480,
fever:120520,
fever:120558,
fever:12059,
fever:120591,
fever:120630,
fever:120644,
fever:120655,
fever:120664,
fever:120678,
fever:120681,
fever:120684,
fever:120704,
fever:120735,
fever:120737,
fever:120759,
fever:120778,
fever:120781,
fever:120817,
fever:120836,
fever:12084,
fever:120846,
fever:120866,
fever:120873,
fever:12088,
fever:12089,
fever:120971,
fever:120983,
fever:120997,
fever:12105,
fever:121052,
fever:121065,
fever:121090,
fever:121093,
fever:121094,
fever:121119,
fever:121121,
fever:121139,
fever:121157,
fever:12118,
fever:121189,
fever:12119,
fever:12120,
fever:121202,
fever:12121,
fever:121218,
fever:121238,
fever:121242,
fever:121251,
fever:121260,
fever:121280,
fever:121283,
fever:121313,
fever:121338,
fever:121362,
fever:121370,
fever:121398,
fever:121427,
fever:121431,
fever:121454,
fever:121468,
fever:121472,
fever:121486,
fever:121496,
fever:121517,
fever:121522,
fever:121541,
fever:121545,
fever:121548,
fever:121562,
fever:121634,
fever:121636,
fever:121645,
fever:121646,
fever:121662,
fever:121668,
fever:121683,
fever:121702,
fever:121709,
fever:121716,
fever:121718,
fever:12172,
fever:121723,
fever:121757,
fever:121765,
fever:12178,
fever:121786,
fever:121817,
fever:121833,
fever:121847,
fever:121852,
fever:121854,
fever:121875,
fever:121880,
fever:121897,
fever:1219,
fever:121902,
fever:121913,
fever:121921,
fever:121923,
fever:121936,
fever:12199,
fever:121994,
fever:1220,
fever:122000,
fever:122006,
fever:12204,
fever:122095,
fever:122111,
fever:122159,
fever:122169,
fever:122180,
fever:122204,
fever:122207,
fever:122239,
fever:122252,
fever:12227,
fever:122285,
fever:122288,
fever:122343,
fever:122348,
fever:122351,
fever:122358,
fever:122375,
fever:122391,
fever:122396,
fever:122457,
fever:122463,
fever:122465,
fever:122477,
fever:122507,
fever:12252,
fever:122530,
fever:122572,
fever:122583,
fever:122596,
fever:122614,
fever:122615,
fever:12264,
fever:122650,
fever:122652,
fever:122657,
fever:122673,
fever:122683,
fever:122692,
fever:122744,
fever:122745,
fever:12275,
fever:122767,
fever:122772,
fever:122776,
fever:122794,
fever:122812,
fever:122828,
fever:122878,
fever:122887,
fever:122891,
fever:122922,
fever:122950,
fever:122970,
fever:122977,
fever:123023,
fever:123031,
fever:123051,
fever:12306,
fever:123080,
fever:123087,
fever:123100,
fever:123108,
fever:123112,
fever:123121,
fever:123141,
fever:123142,
fever:123179,
fever:123189,
fever:12319,
fever:123193,
fever:1232,
fever:123203,
fever:123226,
fever:123236,
fever:123238,
fever:123248,
fever:123276,
fever:123285,
fever:123296,
fever:1233,
fever:123364,
fever:123375,
fever:123411,
fever:123416,
fever:123434,
fever:123446,
fever:123447,
fever:123452,
fever:123477,
fever:123479,
fever:123488,
fever:123544,
fever:123561,
fever:123576,
fever:123591,
fever:123612,
fever:123614,
fever:123647,
fever:123675,
fever:12369,
fever:12372,
fever:123753,
fever:123756,
fever:123762,
fever:123777,
fever:123785,
fever:123794,
fever:123816,
fever:123823,
fever:123826,
fever:123831,
fever:123833,
fever:123889,
fever:123896,
fever:123925,
fever:123942,
fever:123947,
fever:123956,
fever:123958,
fever:124011,
fever:124021,
fever:124022,
fever:12403,
fever:124042,
fever:124045,
fever:124049,
fever:124050,
fever:124077,
fever:124087,
fever:124088,
fever:124118,
fever:124138,
fever:124189,
fever:12419,
fever:124190,
fever:12420,
fever:124203,
fever:12421,
fever:124215,
fever:124240,
fever:124243,
fever:124244,
fever:124264,
fever:124268,
fever:124277,
fever:124295,
fever:124339,
fever:124341,
fever:124353,
fever:124355,
fever:124363,
fever:1244,
fever:124400,
fever:12443,
fever:124443,
fever:124472,
fever:124476,
fever:124479,
fever:124492,
fever:12450,
fever:12453,
fever:12454,
fever:124540,
fever:124565,
fever:124578,
fever:124597,
fever:124614,
fever:124618,
fever:124620,
fever:124622,
fever:124629,
fever:12466,
fever:124662,
fever:124663,
fever:124667,
fever:124669,
fever:12467,
fever:124677,
fever:12469,
fever:124707,
fever:124717,
fever:124719,
fever:124720,
fever:124723,
fever:124730,
fever:124736,
fever:1248,
fever:124805,
fever:124817,
fever:124819,
fever:12482,
fever:124823,
fever:12483,
fever:124862,
fever:124872,
fever:124875,
fever:12488,
fever:124881,
fever:124904,
fever:124905,
fever:124934,
fever:124938,
fever:124959,
fever:124967,
fever:124971,
fever:124984,
fever:124986,
fever:124993,
fever:125009,
fever:125010,
fever:125024,
fever:125031,
fever:125037,
fever:1251,
fever:125117,
fever:125131,
fever:125146,
fever:125156,
fever:125164,
fever:125185,
fever:125197,
fever:125223,
fever:125225,
fever:125227,
fever:125275,
fever:125287,
fever:125292,
fever:125304,
fever:125309,
fever:125315,
fever:125317,
fever:125322,
fever:125333,
fever:125334,
fever:125369,
fever:12537,
fever:125385,
fever:125388,
fever:125398,
fever:125437,
fever:125440,
fever:125449,
fever:125458,
fever:125464,
fever:125478,
fever:125491,
fever:125496,
fever:125513,
fever:125524,
fever:12553,
fever:125533,
fever:125537,
fever:125550,
fever:125557,
fever:125577,
fever:125630,
fever:125673,
fever:125695,
fever:125749,
fever:125760,
fever:125763,
fever:125780,
fever:125803,
fever:125829,
fever:125865,
fever:125900,
fever:125912,
fever:125925,
fever:125930,
fever:125971,
fever:125982,
fever:125989,
fever:126009,
fever:126045,
fever:126055,
fever:126079,
fever:12610,
fever:12612,
fever:126157,
fever:126172,
fever:126206,
fever:126220,
fever:126228,
fever:126229,
fever:126235,
fever:126292,
fever:126296,
fever:126300,
fever:126380,
fever:12639,
fever:126423,
fever:126455,
fever:126466,
fever:126474,
fever:12649,
fever:126496,
fever:126509,
fever:126533,
fever:126551,
fever:126559,
fever:126560,
fever:126561,
fever:126568,
fever:126590,
fever:126652,
fever:126678,
fever:126693,
fever:126705,
fever:126728,
fever:126740,
fever:126747,
fever:126773,
fever:126775,
fever:12678,
fever:126794,
fever:126795,
fever:126799,
fever:12681,
fever:126814,
fever:126818,
fever:12682,
fever:126823,
fever:126828,
fever:12683,
fever:12684,
fever:126856,
fever:126878,
fever:126882,
fever:12691,
fever:126912,
fever:126915,
fever:126916,
fever:126926,
fever:12693,
fever:126933,
fever:126936,
fever:126942,
fever:126958,
fever:126962,
fever:126963,
fever:126973,
fever:126982,
fever:127013,
fever:127015,
fever:127045,
fever:127048,
fever:127088,
fever:127090,
fever:127098,
fever:127118,
fever:127128,
fever:127133,
fever:127166,
fever:127180,
fever:127197,
fever:1272,
fever:127225,
fever:127233,
fever:127240,
fever:127244,
fever:127306,
fever:127340,
fever:127359,
fever:127363,
fever:127366,
fever:127369,
fever:127376,
fever:12738,
fever:127402,
fever:127403,
fever:127408,
fever:127415,
fever:127416,
fever:127419,
fever:127438,
fever:127456,
fever:12747,
fever:127472,
fever:12748,
fever:127482,
fever:127490,
fever:1275,
fever:127539,
fever:127540,
fever:127573,
fever:127576,
fever:127583,
fever:127596,
fever:12762,
fever:127651,
fever:127658,
fever:127659,
fever:127665,
fever:127682,
fever:127697,
fever:12772,
fever:127722,
fever:127731,
fever:127772,
fever:127773,
fever:127777,
fever:127808,
fever:127814,
fever:127819,
fever:127820,
fever:127822,
fever:127869,
fever:127870,
fever:127872,
fever:127876,
fever:127894,
fever:127955,
fever:127956,
fever:127957,
fever:127969,
fever:127973,
fever:127981,
fever:128004,
fever:128005,
fever:128027,
fever:128035,
fever:128045,
fever:128071,
fever:128078,
fever:128115,
fever:128121,
fever:128123,
fever:128141,
fever:128154,
fever:128175,
fever:12820,
fever:128204,
fever:128229,
fever:128230,
fever:128243,
fever:128248,
fever:128258,
fever:128268,
fever:128278,
fever:12829,
fever:128295,
fever:128297,
fever:12831,
fever:128319,
fever:128322,
fever:128332,
fever:128336,
fever:128356,
fever:128370,
fever:128385,
fever:128406,
fever:128415,
fever:128418,
fever:12843,
fever:12844,
fever:128454,
fever:128459,
fever:128461,
fever:128467,
fever:128497,
fever:12852,
fever:128532,
fever:128538,
fever:128539,
fever:128551,
fever:128575,
fever:128584,
fever:128601,
fever:128606,
fever:128631,
fever:128642,
fever:128676,
fever:128686,
fever:128709,
fever:128720,
fever:128723,
fever:128741,
fever:128744,
fever:128760,
fever:128768,
fever:128793,
fever:128807,
fever:128826,
fever:128827,
fever:128837,
fever:128843,
fever:128844,
fever:128856,
fever:128870,
fever:128888,
fever:128896,
fever:128909,
fever:128931,
fever:128967,
fever:128975,
fever:129006,
fever:129011,
fever:129026,
fever:129051,
fever:129063,
fever:129066,
fever:129071,
fever:129088,
fever:129093,
fever:129108,
fever:129137,
fever:129171,
fever:129180,
fever:129221,
fever:129239,
fever:129241,
fever:129248,
fever:129254,
fever:129255,
fever:129305,
fever:129352,
fever:12936,
fever:129369,
fever:129378,
fever:129391,
fever:129412,
fever:129419,
fever:129420,
fever:129426,
fever:12943,
fever:129439,
fever:129441,
fever:129460,
fever:129462,
fever:129463,
fever:12948,
fever:129517,
fever:129531,
fever:129554,
fever:129557,
fever:129558,
fever:129570,
fever:129575,
fever:129578,
fever:129601,
fever:129632,
fever:129634,
fever:129650,
fever:129654,
fever:12967,
fever:129672,
fever:129698,
fever:129710,
fever:129729,
fever:129736,
fever:129752,
fever:129753,
fever:129767,
fever:129780,
fever:129805,
fever:129816,
fever:129818,
fever:129819,
fever:129820,
fever:129829,
fever:129835,
fever:129878,
fever:12990,
fever:129907,
fever:129909,
fever:129921,
fever:129932,
fever:129996,
fever:130007,
fever:13001,
fever:130010,
fever:130027,
fever:130048,
fever:130052,
fever:130059,
fever:130077,
fever:130108,
fever:130146,
fever:130147,
fever:130151,
fever:130158,
fever:130181,
fever:130204,
fever:130220,
fever:130226,
fever:130248,
fever:130289,
fever:130301,
fever:130317,
fever:130325,
fever:130332,
fever:130338,
fever:130400,
fever:130406,
fever:130415,
fever:130501,
fever:130561,
fever:130593,
fever:130611,
fever:130614,
fever:130631,
fever:130637,
fever:130683,
fever:13069,
fever:130703,
fever:130717,
fever:130721,
fever:130726,
fever:130727,
fever:13076,
fever:130763,
fever:13079,
fever:130820,
fever:130833,
fever:130849,
fever:13085,
fever:130854,
fever:13086,
fever:130871,
fever:130920,
fever:130923,
fever:130932,
fever:130946,
fever:130948,
fever:130955,
fever:130959,
fever:130963,
fever:130978,
fever:130998,
fever:131006,
fever:131009,
fever:131056,
fever:131060,
fever:131072,
fever:131087,
fever:131105,
fever:131139,
fever:131149,
fever:131163,
fever:131174,
fever:131244,
fever:131250,
fever:131251,
fever:131255,
fever:13126,
fever:131268,
fever:13127,
fever:131277,
fever:131295,
fever:1313,
fever:131309,
fever:131314,
fever:131318,
fever:13132,
fever:131337,
fever:131373,
fever:131375,
fever:131376,
fever:13138,
fever:131396,
fever:131409,
fever:131411,
fever:131416,
fever:131417,
fever:131422,
fever:131440,
fever:131477,
fever:131487,
fever:131495,
fever:131512,
fever:131513,
fever:131520,
fever:131529,
fever:131530,
fever:131540,
fever:131547,
fever:13155,
fever:131576,
fever:131584,
fever:131591,
fever:131594,
fever:131597,
fever:131625,
fever:131634,
fever:131650,
fever:131660,
fever:131663,
fever:131670,
fever:131690,
fever:131701,
fever:131703,
fever:131728,
fever:131735,
fever:131756,
fever:131765,
fever:131782,
fever:131786,
fever:131823,
fever:131839,
fever:131865,
fever:131931,
fever:131965,
fever:131969,
fever:131971,
fever:13200,
fever:13201,
fever:132025,
fever:132093,
fever:13210,
fever:132101,
fever:13211,
fever:13212,
fever:132132,
fever:132133,
fever:132134,
fever:132151,
fever:132159,
fever:132160,
fever:13217,
fever:132214,
fever:132225,
fever:132243,
fever:13226,
fever:132273,
fever:132294,
fever:13230,
fever:132312,
fever:132313,
fever:132317,
fever:132331,
fever:132352,
fever:132355,
fever:13236,
fever:13239,
fever:132401,
fever:13242,
fever:132420,
fever:132447,
fever:132471,
fever:132473,
fever:132495,
fever:1325,
fever:132516,
fever:132524,
fever:132528,
fever:132554,
fever:132600,
fever:132619,
fever:132620,
fever:132647,
fever:132649,
fever:132679,
fever:132681,
fever:132700,
fever:132705,
fever:132716,
fever:132762,
fever:132766,
fever:132775,
fever:132786,
fever:132789,
fever:132806,
fever:132858,
fever:132865,
fever:132874,
fever:132883,
fever:132900,
fever:132902,
fever:132990,
fever:132996,
fever:133021,
fever:133029,
fever:13312,
fever:133169,
fever:133176,
fever:133186,
fever:133233,
fever:133234,
fever:133251,
fever:13327,
fever:133282,
fever:133284,
fever:133295,
fever:133360,
fever:133374,
fever:133395,
fever:133407,
fever:133418,
fever:133441,
fever:133446,
fever:133456,
fever:133461,
fever:133476,
fever:133512,
fever:133523,
fever:133529,
fever:133539,
fever:133564,
fever:133599,
fever:13362,
fever:133650,
fever:133680,
fever:133686,
fever:13369,
fever:133704,
fever:133707,
fever:133767,
fever:133783,
fever:133797,
fever:133803,
fever:133840,
fever:133843,
fever:133910,
fever:133948,
fever:13395,
fever:13396,
fever:133963,
fever:134070,
fever:134076,
fever:134086,
fever:134097,
fever:134099,
fever:134101,
fever:134118,
fever:134119,
fever:134126,
fever:134135,
fever:134179,
fever:134188,
fever:134200,
fever:134212,
fever:134242,
fever:134314,
fever:134344,
fever:134346,
fever:134349,
fever:134384,
fever:134387,
fever:134401,
fever:134422,
fever:134425,
fever:134438,
fever:134442,
fever:13446,
fever:134464,
fever:134473,
fever:134498,
fever:134501,
fever:134563,
fever:134566,
fever:134582,
fever:134592,
fever:134612,
fever:134615,
fever:134617,
fever:134670,
fever:134680,
fever:134682,
fever:134692,
fever:134696,
fever:134710,
fever:13473,
fever:13474,
fever:134744,
fever:134787,
fever:134825,
fever:134828,
fever:134830,
fever:134848,
fever:134850,
fever:134854,
fever:134889,
fever:134894,
fever:134908,
fever:134916,
fever:134927,
fever:134944,
fever:134950,
fever:134983,
fever:134995,
fever:134997,
fever:135008,
fever:135020,
fever:135024,
fever:13503,
fever:135035,
fever:13504,
fever:135055,
fever:135113,
fever:13515,
fever:135150,
fever:135151,
fever:135159,
fever:135160,
fever:135180,
fever:135212,
fever:135215,
fever:135291,
fever:135302,
fever:135311,
fever:135322,
fever:135327,
fever:135336,
fever:135338,
fever:135340,
fever:135341,
fever:135369,
fever:135420,
fever:135459,
fever:135468,
fever:135477,
fever:135485,
fever:135499,
fever:135519,
fever:135552,
fever:135572,
fever:135583,
fever:135589,
fever:13560,
fever:135642,
fever:135647,
fever:135680,
fever:135684,
fever:1357,
fever:135740,
fever:135802,
fever:135813,
fever:135832,
fever:135836,
fever:13588,
fever:135910,
fever:135921,
fever:135928,
fever:135930,
fever:135939,
fever:135951,
fever:135962,
fever:135964,
fever:135966,
fever:135968,
fever:136019,
fever:136031,
fever:136040,
fever:136045,
fever:136062,
fever:136089,
fever:136093,
fever:1361,
fever:136131,
fever:136153,
fever:136192,
fever:1362,
fever:136205,
fever:136213,
fever:136214,
fever:136274,
fever:136282,
fever:13629,
fever:136290,
fever:13630,
fever:136325,
fever:136331,
fever:136335,
fever:136376,
fever:136427,
fever:136463,
fever:136530,
fever:136578,
fever:136588,
fever:136594,
fever:136604,
fever:13663,
fever:136658,
fever:136665,
fever:13668,
fever:136704,
fever:136719,
fever:136725,
fever:136731,
fever:1368,
fever:136840,
fever:136841,
fever:136848,
fever:136853,
fever:136862,
fever:136865,
fever:13688,
fever:1369,
fever:136909,
fever:136914,
fever:136918,
fever:136928,
fever:136946,
fever:136947,
fever:13696,
fever:13697,
fever:136976,
fever:1370,
fever:137011,
fever:137038,
fever:137040,
fever:137094,
fever:137126,
fever:137142,
fever:137149,
fever:137159,
fever:137173,
fever:137198,
fever:137201,
fever:137210,
fever:137266,
fever:137267,
fever:137276,
fever:13728,
fever:137298,
fever:137334,
fever:137335,
fever:137360,
fever:137370,
fever:137376,
fever:137384,
fever:137385,
fever:137391,
fever:137401,
fever:137414,
fever:137416,
fever:137417,
fever:137429,
fever:137436,
fever:137438,
fever:137453,
fever:137464,
fever:137498,
fever:137508,
fever:137531,
fever:13757,
fever:137577,
fever:13758,
fever:137665,
fever:137674,
fever:137678,
fever:13768,
fever:13769,
fever:137706,
fever:137715,
fever:137725,
fever:13773,
fever:137733,
fever:137738,
fever:137741,
fever:137788,
fever:137790,
fever:137809,
fever:137813,
fever:137825,
fever:137842,
fever:137888,
fever:137907,
fever:137909,
fever:137956,
fever:137963,
fever:137968,
fever:13801,
fever:138023,
fever:138033,
fever:138047,
fever:138067,
fever:138095,
fever:138114,
fever:138118,
fever:13815,
fever:138159,
fever:138161,
fever:138181,
fever:138188,
fever:138204,
fever:138206,
fever:138213,
fever:138248,
fever:138252,
fever:138263,
fever:138271,
fever:138273,
fever:13829,
fever:13830,
fever:138301,
fever:138355,
fever:138356,
fever:138357,
fever:138373,
fever:138375,
fever:138377,
fever:138392,
fever:138435,
fever:138436,
fever:138475,
fever:138498,
fever:138500,
fever:138501,
fever:138514,
fever:138563,
fever:138565,
fever:138593,
fever:138622,
fever:138632,
fever:138636,
fever:138664,
fever:13868,
fever:13869,
fever:138708,
fever:138714,
fever:13872,
fever:138743,
fever:13875,
fever:138752,
fever:138758,
fever:138759,
fever:13876,
fever:13881,
fever:138814,
fever:13882,
fever:138821,
fever:138832,
fever:138849,
fever:13885,
fever:138865,
fever:138884,
fever:138887,
fever:138910,
fever:13894,
fever:138949,
fever:138958,
fever:138974,
fever:138985,
fever:138986,
fever:139030,
fever:139037,
fever:139059,
fever:13907,
fever:139077,
fever:139090,
fever:139097,
fever:139103,
fever:139116,
fever:139118,
fever:139145,
fever:139147,
fever:139159,
fever:139174,
fever:139220,
fever:139259,
fever:139271,
fever:13928,
fever:139284,
fever:139289,
fever:13929,
fever:139302,
fever:139306,
fever:139317,
fever:139330,
fever:13934,
fever:139348,
fever:139365,
fever:139407,
fever:13942,
fever:139427,
fever:139429,
fever:139433,
fever:139445,
fever:139466,
fever:139484,
fever:13949,
fever:139493,
fever:1395,
fever:13951,
fever:139522,
fever:13956,
fever:139563,
fever:139569,
fever:139636,
fever:139650,
fever:139661,
fever:139666,
fever:139670,
fever:139694,
fever:139714,
fever:139717,
fever:139728,
fever:139730,
fever:139749,
fever:139762,
fever:139820,
fever:139831,
fever:139848,
fever:139849,
fever:139863,
fever:139873,
fever:139876,
fever:139910,
fever:139946,
fever:139961,
fever:139967,
fever:139994,
fever:140005,
fever:140010,
fever:140018,
fever:140032,
fever:140036,
fever:140044,
fever:140050,
fever:140051,
fever:140067,
fever:140070,
fever:140072,
fever:140083,
fever:140104,
fever:140139,
fever:140140,
fever:14018,
fever:14019,
fever:140193,
fever:140196,
fever:140231,
fever:140233,
fever:140242,
fever:140254,
fever:140286,
fever:140292,
fever:140299,
fever:140316,
fever:140330,
fever:140337,
fever:140353,
fever:140354,
fever:140359,
fever:140377,
fever:140390,
fever:140391,
fever:140399,
fever:140417,
fever:140430,
fever:140442,
fever:140443,
fever:140461,
fever:140462,
fever:140463,
fever:140492,
fever:14051,
fever:140517,
fever:140522,
fever:140536,
fever:140580,
fever:140589,
fever:140612,
fever:140645,
fever:140660,
fever:140661,
fever:140663,
fever:140664,
fever:14069,
fever:140691,
fever:14073,
fever:140750,
fever:140758,
fever:140762,
fever:140764,
fever:140776,
fever:14078,
fever:140820,
fever:140869,
fever:140923,
fever:14096,
fever:140967,
fever:140968,
fever:14100,
fever:141006,
fever:14101,
fever:141012,
fever:141032,
fever:141058,
fever:141072,
fever:14112,
fever:141126,
fever:14113,
fever:141134,
fever:141159,
fever:141188,
fever:141189,
fever:141204,
fever:14123,
fever:141268,
fever:141271,
fever:141282,
fever:141284,
fever:141328,
fever:141344,
fever:141348,
fever:141353,
fever:141370,
fever:141434,
fever:141466,
fever:141476,
fever:141477,
fever:1415,
fever:141522,
fever:141535,
fever:141547,
fever:141561,
fever:141587,
fever:141600,
fever:141613,
fever:141632,
fever:141641,
fever:141663,
fever:141668,
fever:141683,
fever:141746,
fever:141749,
fever:141758,
fever:141777,
fever:141798,
fever:141801,
fever:141812,
fever:141838,
fever:141846,
fever:141870,
fever:141885,
fever:141894,
fever:141911,
fever:141925,
fever:141932,
fever:141942,
fever:141966,
fever:141970,
fever:141971,
fever:142025,
fever:14203,
fever:142043,
fever:142055,
fever:142120,
fever:142127,
fever:142129,
fever:142130,
fever:142135,
fever:142161,
fever:142224,
fever:14223,
fever:142236,
fever:142250,
fever:14226,
fever:14227,
fever:142286,
fever:142294,
fever:1423,
fever:14231,
fever:142313,
fever:142438,
fever:142448,
fever:142454,
fever:142462,
fever:142490,
fever:142498,
fever:142527,
fever:142556,
fever:142558,
fever:142585,
fever:142603,
fever:142620,
fever:142631,
fever:142638,
fever:142668,
fever:142687,
fever:142700,
fever:142701,
fever:142717,
fever:142728,
fever:142729,
fever:142735,
fever:142750,
fever:142758,
fever:142765,
fever:142802,
fever:142839,
fever:14285,
fever:142854,
fever:142855,
fever:14286,
fever:142863,
fever:142873,
fever:142888,
fever:142891,
fever:142899,
fever:142923,
fever:142942,
fever:142948,
fever:142951,
fever:142966,
fever:142972,
fever:142984,
fever:143003,
fever:143009,
fever:143011,
fever:143020,
fever:143028,
fever:143029,
fever:143041,
fever:143042,
fever:143046,
fever:143048,
fever:143054,
fever:143060,
fever:143063,
fever:143075,
fever:143094,
fever:143097,
fever:1431,
fever:14310,
fever:143105,
fever:143123,
fever:143144,
fever:143157,
fever:143205,
fever:143222,
fever:143242,
fever:143264,
fever:143277,
fever:14328,
fever:143283,
fever:143287,
fever:143288,
fever:143300,
fever:143301,
fever:143303,
fever:143387,
fever:143417,
fever:143429,
fever:143457,
fever:143488,
fever:143494,
fever:143495,
fever:143500,
fever:143515,
fever:143526,
fever:143533,
fever:143534,
fever:143556,
fever:143593,
fever:14366,
fever:14367,
fever:143684,
fever:143686,
fever:143712,
fever:143728,
fever:143749,
fever:14375,
fever:143788,
fever:143803,
fever:143807,
fever:143832,
fever:143847,
fever:143852,
fever:143867,
fever:143872,
fever:143875,
fever:14388,
fever:143882,
fever:143895,
fever:143905,
fever:143951,
fever:143965,
fever:143974,
fever:144018,
fever:144049,
fever:14406,
fever:14407,
fever:14408,
fever:144087,
fever:144102,
fever:144130,
fever:14415,
fever:144167,
fever:144168,
fever:144169,
fever:144170,
fever:144173,
fever:144183,
fever:144188,
fever:144199,
fever:144200,
fever:144222,
fever:144242,
fever:14428,
fever:144293,
fever:144296,
fever:14430,
fever:144302,
fever:144309,
fever:14431,
fever:144380,
fever:144386,
fever:144391,
fever:144418,
fever:144456,
fever:14448,
fever:144487,
fever:144489,
fever:14449,
fever:144497,
fever:144500,
fever:144506,
fever:144509,
fever:144527,
fever:144542,
fever:144570,
fever:144589,
fever:144596,
fever:144602,
fever:144611,
fever:144641,
fever:144649,
fever:144658,
fever:144669,
fever:144682,
fever:144715,
fever:144723,
fever:144725,
fever:144769,
fever:144800,
fever:144806,
fever:144809,
fever:144815,
fever:144819,
fever:144823,
fever:144897,
fever:144899,
fever:144922,
fever:144964,
fever:144978,
fever:144983,
fever:144993,
fever:14501,
fever:145012,
fever:145013,
fever:145041,
fever:145061,
fever:145079,
fever:145120,
fever:145130,
fever:145293,
fever:145306,
fever:145339,
fever:145369,
fever:145389,
fever:145403,
fever:145424,
fever:145446,
fever:145465,
fever:145470,
fever:145474,
fever:145491,
fever:145508,
fever:145512,
fever:145516,
fever:145533,
fever:145537,
fever:145549,
fever:145558,
fever:145562,
fever:145570,
fever:145572,
fever:145588,
fever:145616,
fever:145617,
fever:145624,
fever:145641,
fever:145662,
fever:145672,
fever:145705,
fever:145707,
fever:145710,
fever:145723,
fever:145735,
fever:145749,
fever:145769,
fever:145784,
fever:145789,
fever:145797,
fever:145802,
fever:145848,
fever:145849,
fever:145866,
fever:145926,
fever:145938,
fever:145941,
fever:145956,
fever:14596,
fever:145967,
fever:145972,
fever:146011,
fever:146015,
fever:146030,
fever:146055,
fever:14610,
fever:146109,
fever:146132,
fever:146157,
fever:146189,
fever:146225,
fever:146231,
fever:146260,
fever:146272,
fever:146288,
fever:146300,
fever:146317,
fever:146348,
fever:146359,
fever:146361,
fever:146389,
fever:146394,
fever:146399,
fever:146416,
fever:146438,
fever:146453,
fever:146455,
fever:146456,
fever:146485,
fever:146493,
fever:146507,
fever:146513,
fever:146518,
fever:146578,
fever:146582,
fever:146587,
fever:146606,
fever:146639,
fever:146669,
fever:146671,
fever:146679,
fever:146792,
fever:146831,
fever:146837,
fever:146910,
fever:146912,
fever:14692,
fever:146923,
fever:14693,
fever:146935,
fever:147033,
fever:147041,
fever:147045,
fever:147056,
fever:147059,
fever:147088,
fever:147118,
fever:147158,
fever:147199,
fever:147207,
fever:147211,
fever:147235,
fever:147246,
fever:147255,
fever:147260,
fever:14730,
fever:147304,
fever:147305,
fever:14731,
fever:147344,
fever:147352,
fever:147411,
fever:147427,
fever:147435,
fever:147455,
fever:147477,
fever:147486,
fever:147493,
fever:147526,
fever:147530,
fever:147577,
fever:147600,
fever:147605,
fever:147609,
fever:147627,
fever:147632,
fever:14767,
fever:147696,
fever:147718,
fever:147720,
fever:147721,
fever:147730,
fever:147742,
fever:147762,
fever:147769,
fever:147781,
fever:147831,
fever:147845,
fever:14790,
fever:147935,
fever:147936,
fever:147952,
fever:147979,
fever:14799,
fever:1480,
fever:14800,
fever:148036,
fever:148055,
fever:148057,
fever:1481,
fever:148121,
fever:148140,
fever:148149,
fever:148152,
fever:148164,
fever:148167,
fever:148171,
fever:148173,
fever:148180,
fever:14819,
fever:14820,
fever:148205,
fever:148211,
fever:148234,
fever:148244,
fever:148255,
fever:148263,
fever:148295,
fever:148304,
fever:148309,
fever:148329,
fever:148335,
fever:148362,
fever:14837,
fever:148376,
fever:148377,
fever:148388,
fever:1484,
fever:148437,
fever:14847,
fever:148471,
fever:148484,
fever:148534,
fever:148541,
fever:14855,
fever:148551,
fever:148569,
fever:148595,
fever:148599,
fever:148610,
fever:148616,
fever:148632,
fever:148642,
fever:148650,
fever:148655,
fever:148661,
fever:148674,
fever:148689,
fever:148696,
fever:148735,
fever:148750,
fever:148755,
fever:148776,
fever:148779,
fever:14879,
fever:148798,
fever:148830,
fever:148844,
fever:148882,
fever:148922,
fever:148929,
fever:148947,
fever:148966,
fever:148979,
fever:148981,
fever:14900,
fever:14901,
fever:149033,
fever:149038,
fever:149042,
fever:149051,
fever:149063,
fever:149087,
fever:149130,
fever:149134,
fever:149144,
fever:14915,
fever:149156,
fever:149159,
fever:149160,
fever:149173,
fever:149179,
fever:14922,
fever:149220,
fever:149272,
fever:149284,
fever:149286,
fever:149296,
fever:149347,
fever:149369,
fever:14939,
fever:149392,
fever:1494,
fever:14940,
fever:149418,
fever:149436,
fever:149448,
fever:149457,
fever:149460,
fever:149489,
fever:149492,
fever:149501,
fever:149502,
fever:149577,
fever:149587,
fever:149607,
fever:149612,
fever:149622,
fever:149644,
fever:149648,
fever:149649,
fever:149663,
fever:14972,
fever:149728,
fever:149746,
fever:149752,
fever:149756,
fever:14977,
fever:149787,
fever:149792,
fever:14984,
fever:149842,
fever:14990,
fever:149901,
fever:149902,
fever:149906,
fever:149912,
fever:14994,
fever:149944,
fever:149950,
fever:149973,
fever:149991,
fever:15004,
fever:150040,
fever:150044,
fever:15005,
fever:15006,
fever:150083,
fever:150096,
fever:150098,
fever:150099,
fever:150148,
fever:150192,
fever:150217,
fever:150221,
fever:150258,
fever:150261,
fever:150311,
fever:150313,
fever:150316,
fever:150321,
fever:150340,
fever:150357,
fever:150366,
fever:150374,
fever:150396,
fever:150399,
fever:150412,
fever:150429,
fever:150524,
fever:150536,
fever:150565,
fever:150571,
fever:15058,
fever:150607,
fever:150614,
fever:150630,
fever:150636,
fever:150648,
fever:150654,
fever:150655,
fever:150656,
fever:150669,
fever:150672,
fever:150693,
fever:150736,
fever:150751,
fever:150763,
fever:150765,
fever:1508,
fever:150820,
fever:150829,
fever:150834,
fever:15084,
fever:150885,
fever:150905,
fever:150916,
fever:150920,
fever:150925,
fever:150946,
fever:150964,
fever:150981,
fever:151070,
fever:151071,
fever:151104,
fever:151118,
fever:151125,
fever:151128,
fever:151156,
fever:151157,
fever:151163,
fever:151206,
fever:151207,
fever:151226,
fever:151241,
fever:151247,
fever:151253,
fever:151264,
fever:151294,
fever:151295,
fever:151333,
fever:151354,
fever:151357,
fever:151374,
fever:151393,
fever:151399,
fever:151403,
fever:151425,
fever:151427,
fever:151428,
fever:151440,
fever:151450,
fever:151460,
fever:151474,
fever:151476,
fever:151483,
fever:151484,
fever:151498,
fever:151500,
fever:151510,
fever:151529,
fever:15155,
fever:151576,
fever:151579,
fever:151635,
fever:151642,
fever:151650,
fever:15167,
fever:151680,
fever:151747,
fever:151774,
fever:151846,
fever:15186,
fever:151880,
fever:151935,
fever:151957,
fever:151963,
fever:15197,
fever:151996,
fever:1520,
fever:152008,
fever:152011,
fever:152016,
fever:152021,
fever:152054,
fever:152079,
fever:152117,
fever:152128,
fever:152133,
fever:152140,
fever:152163,
fever:15217,
fever:152176,
fever:152187,
fever:152219,
fever:152243,
fever:152286,
fever:152316,
fever:152327,
fever:152347,
fever:152414,
fever:152422,
fever:152461,
fever:15247,
fever:152471,
fever:152605,
fever:152616,
fever:152634,
fever:152637,
fever:152641,
fever:152680,
fever:152682,
fever:152694,
fever:152730,
fever:152752,
fever:152802,
fever:152811,
fever:15284,
fever:152850,
fever:152859,
fever:152861,
fever:152870,
fever:152880,
fever:152898,
fever:152916,
fever:152918,
fever:152929,
fever:152955,
fever:152968,
fever:152984,
fever:153018,
fever:15307,
fever:15310,
fever:153101,
fever:153104,
fever:153113,
fever:153129,
fever:153136,
fever:153147,
fever:153148,
fever:153247,
fever:153261,
fever:153270,
fever:153298,
fever:153302,
fever:153303,
fever:153341,
fever:153361,
fever:153367,
fever:153372,
fever:153393,
fever:15341,
fever:153414,
fever:153427,
fever:153432,
fever:153437,
fever:153440,
fever:153450,
fever:153522,
fever:153534,
fever:153539,
fever:153543,
fever:153581,
fever:1536,
fever:153601,
fever:153638,
fever:153654,
fever:153678,
fever:153685,
fever:153736,
fever:153803,
fever:153808,
fever:153819,
fever:153831,
fever:153836,
fever:153851,
fever:15389,
fever:153900,
fever:153914,
fever:153923,
fever:153998,
fever:154001,
fever:154009,
fever:15406,
fever:154067,
fever:154072,
fever:154086,
fever:154125,
fever:154144,
fever:154156,
fever:154190,
fever:154228,
fever:154236,
fever:154239,
fever:154241,
fever:15425,
fever:154252,
fever:154253,
fever:15429,
fever:154303,
fever:154307,
fever:154312,
fever:154314,
fever:154336,
fever:154339,
fever:154364,
fever:154383,
fever:154393,
fever:154399,
fever:1544,
fever:154417,
fever:154423,
fever:154439,
fever:154470,
fever:154490,
fever:154494,
fever:154498,
fever:15452,
fever:154542,
fever:154608,
fever:154613,
fever:154633,
fever:154659,
fever:154691,
fever:154719,
fever:154744,
fever:154761,
fever:154767,
fever:154808,
fever:154809,
fever:154811,
fever:154812,
fever:154815,
fever:15482,
fever:15483,
fever:154859,
fever:154884,
fever:15489,
fever:154905,
fever:154917,
fever:154919,
fever:154933,
fever:154940,
fever:154942,
fever:15495,
fever:154952,
fever:154984,
fever:154989,
fever:155006,
fever:155035,
fever:155046,
fever:15508,
fever:155125,
fever:155145,
fever:155156,
fever:155173,
fever:155185,
fever:155212,
fever:155228,
fever:155282,
fever:155284,
fever:155290,
fever:155321,
fever:155357,
fever:155373,
fever:155383,
fever:155390,
fever:155413,
fever:15542,
fever:155431,
fever:155467,
fever:155476,
fever:155484,
fever:155551,
fever:155574,
fever:15559,
fever:155610,
fever:155629,
fever:155639,
fever:155647,
fever:155648,
fever:155657,
fever:155659,
fever:155704,
fever:155722,
fever:155725,
fever:155807,
fever:155811,
fever:155814,
fever:155837,
fever:155839,
fever:155860,
fever:155865,
fever:155868,
fever:155872,
fever:155899,
fever:155911,
fever:155920,
fever:155930,
fever:155934,
fever:155946,
fever:155955,
fever:155989,
fever:155995,
fever:156020,
fever:156025,
fever:156026,
fever:156057,
fever:156071,
fever:156075,
fever:156076,
fever:156098,
fever:156102,
fever:156106,
fever:156117,
fever:156128,
fever:156157,
fever:156188,
fever:156199,
fever:156204,
fever:156208,
fever:15621,
fever:156222,
fever:156282,
fever:156304,
fever:156316,
fever:156323,
fever:156325,
fever:156372,
fever:156374,
fever:156398,
fever:156401,
fever:156405,
fever:156412,
fever:156440,
fever:15645,
fever:156477,
fever:156493,
fever:156511,
fever:156514,
fever:156525,
fever:156541,
fever:156559,
fever:156560,
fever:156601,
fever:156609,
fever:156656,
fever:156664,
fever:156686,
fever:156693,
fever:156694,
fever:156698,
fever:1567,
fever:15674,
fever:156803,
fever:156816,
fever:156831,
fever:156836,
fever:156861,
fever:156901,
fever:156903,
fever:156915,
fever:156917,
fever:156943,
fever:156950,
fever:156977,
fever:156981,
fever:157002,
fever:157015,
fever:157022,
fever:157048,
fever:157052,
fever:157098,
fever:157183,
fever:157190,
fever:157196,
fever:157199,
fever:157213,
fever:157273,
fever:157277,
fever:157292,
fever:157303,
fever:157316,
fever:157320,
fever:15733,
fever:15734,
fever:157400,
fever:157426,
fever:157434,
fever:157435,
fever:157452,
fever:157460,
fever:15747,
fever:157485,
fever:157491,
fever:157492,
fever:157502,
fever:157517,
fever:157546,
fever:157551,
fever:157569,
fever:157576,
fever:157589,
fever:157597,
fever:157622,
fever:157640,
fever:157641,
fever:157652,
fever:157678,
fever:157685,
fever:1577,
fever:15773,
fever:157743,
fever:157752,
fever:157777,
fever:157783,
fever:157790,
fever:157794,
fever:157813,
fever:157817,
fever:157821,
fever:157826,
fever:157870,
fever:157878,
fever:157902,
fever:157927,
fever:157949,
fever:157977,
fever:157984,
fever:158012,
fever:158017,
fever:158036,
fever:15806,
fever:158124,
fever:15819,
fever:158190,
fever:158201,
fever:158208,
fever:158227,
fever:158244,
fever:158265,
fever:15827,
fever:15830,
fever:158306,
fever:15831,
fever:158322,
fever:15834,
fever:158340,
fever:158361,
fever:158383,
fever:158419,
fever:158421,
fever:158422,
fever:158425,
fever:158426,
fever:158428,
fever:158433,
fever:158436,
fever:158438,
fever:15851,
fever:15855,
fever:158635,
fever:158636,
fever:158639,
fever:158640,
fever:158641,
fever:158644,
fever:158648,
fever:158654,
fever:15883,
fever:158895,
fever:158897,
fever:158901,
fever:158903,
fever:158904,
fever:158906,
fever:158907,
fever:158908,
fever:158909,
fever:158912,
fever:158915,
fever:15899,
fever:159075,
fever:159080,
fever:159085,
fever:159086,
fever:159091,
fever:159092,
fever:159093,
fever:15913,
fever:159315,
fever:159321,
fever:159322,
fever:159323,
fever:159324,
fever:159326,
fever:159330,
fever:159331,
fever:159335,
fever:159338,
fever:15941,
fever:15955,
fever:159563,
fever:159567,
fever:159570,
fever:159572,
fever:159573,
fever:159574,
fever:159575,
fever:159578,
fever:159580,
fever:159584,
fever:159585,
fever:159587,
fever:159594,
fever:1596,
fever:15963,
fever:159689,
fever:159692,
fever:159693,
fever:159694,
fever:159696,
fever:159698,
fever:1597,
fever:159700,
fever:159701,
fever:159702,
fever:159704,
fever:159706,
fever:159707,
fever:159708,
fever:159709,
fever:159710,
fever:159711,
fever:159714,
fever:159715,
fever:159716,
fever:159722,
fever:15979,
fever:1598,
fever:15980,
fever:15982,
fever:1599,
fever:159932,
fever:159936,
fever:159940,
fever:159944,
fever:159947,
fever:159949,
fever:159950,
fever:159951,
fever:160050,
fever:160051,
fever:160052,
fever:160053,
fever:160054,
fever:160055,
fever:160058,
fever:160060,
fever:160064,
fever:160065,
fever:160067,
fever:16007,
fever:16008,
fever:1602,
fever:16025,
fever:160304,
fever:160315,
fever:160337,
fever:160345,
fever:160348,
fever:160350,
fever:160362,
fever:160379,
fever:160391,
fever:160414,
fever:160431,
fever:160467,
fever:160481,
fever:160483,
fever:160508,
fever:160524,
fever:160525,
fever:160534,
fever:160542,
fever:16055,
fever:160551,
fever:160555,
fever:16056,
fever:160593,
fever:160595,
fever:160597,
fever:1606,
fever:160626,
fever:16070,
fever:160715,
fever:160726,
fever:160764,
fever:160775,
fever:16079,
fever:160795,
fever:16080,
fever:160814,
fever:160815,
fever:160823,
fever:160825,
fever:160832,
fever:16084,
fever:160843,
fever:160850,
fever:160857,
fever:160864,
fever:160887,
fever:160898,
fever:160899,
fever:160919,
fever:160927,
fever:160932,
fever:160961,
fever:160984,
fever:160985,
fever:161,
fever:161007,
fever:161047,
fever:161091,
fever:161094,
fever:161099,
fever:161101,
fever:161106,
fever:16114,
fever:16115,
fever:161151,
fever:161171,
fever:161185,
fever:161195,
fever:161206,
fever:161220,
fever:161222,
fever:161234,
fever:161277,
fever:161310,
fever:161312,
fever:161361,
fever:161527,
fever:161530,
fever:161534,
fever:161542,
fever:161547,
fever:161556,
fever:161560,
fever:161570,
fever:161571,
fever:161572,
fever:161574,
fever:161575,
fever:161578,
fever:161580,
fever:16161,
fever:161709,
fever:161710,
fever:161713,
fever:161716,
fever:161719,
fever:161771,
fever:161778,
fever:161780,
fever:161784,
fever:161787,
fever:161790,
fever:161795,
fever:161801,
fever:161803,
fever:161805,
fever:161808,
fever:161810,
fever:161842,
fever:161843,
fever:161846,
fever:161848,
fever:161856,
fever:161861,
fever:161862,
fever:161863,
fever:161864,
fever:161865,
fever:161901,
fever:161902,
fever:161903,
fever:161904,
fever:161905,
fever:161906,
fever:161911,
fever:161915,
fever:161919,
fever:161921,
fever:162,
fever:162035,
fever:162036,
fever:162040,
fever:162041,
fever:162042,
fever:162044,
fever:162046,
fever:162048,
fever:162200,
fever:162201,
fever:162202,
fever:162205,
fever:162206,
fever:162212,
fever:162213,
fever:162216,
fever:162218,
fever:16224,
fever:162408,
fever:162409,
fever:162417,
fever:162421,
fever:162425,
fever:16250,
fever:16259,
fever:162628,
fever:162641,
fever:162650,
fever:162652,
fever:162655,
fever:162657,
fever:162659,
fever:162662,
fever:162664,
fever:162665,
fever:162668,
fever:162680,
fever:162741,
fever:162742,
fever:162743,
fever:162745,
fever:162752,
fever:162830,
fever:162832,
fever:162834,
fever:162835,
fever:162836,
fever:162837,
fever:162838,
fever:162840,
fever:162841,
fever:162842,
fever:162881,
fever:162885,
fever:162895,
fever:16325,
fever:16329,
fever:16336,
fever:16376,
fever:16378,
fever:163795,
fever:163798,
fever:163803,
fever:163805,
fever:163808,
fever:163810,
fever:163811,
fever:163812,
fever:163815,
fever:163818,
fever:16382,
fever:163820,
fever:163821,
fever:163829,
fever:163833,
fever:163836,
fever:16387,
fever:16392,
fever:16394,
fever:163959,
fever:163963,
fever:163967,
fever:163970,
fever:163971,
fever:163975,
fever:163977,
fever:163980,
fever:163982,
fever:163985,
fever:163987,
fever:163988,
fever:163991,
fever:163993,
fever:164045,
fever:164046,
fever:164048,
fever:164049,
fever:164056,
fever:164057,
fever:164060,
fever:164061,
fever:164092,
fever:164093,
fever:164094,
fever:164096,
fever:164097,
fever:164101,
fever:164102,
fever:164103,
fever:164105,
fever:16420,
fever:16425,
fever:16437,
fever:164399,
fever:164400,
fever:164402,
fever:164403,
fever:164406,
fever:164407,
fever:164408,
fever:164411,
fever:164414,
fever:164417,
fever:164419,
fever:164420,
fever:164497,
fever:164501,
fever:164504,
fever:164506,
fever:164508,
fever:164516,
fever:164522,
fever:164529,
fever:164631,
fever:164636,
fever:164639,
fever:164643,
fever:164647,
fever:16474,
fever:16482,
fever:164878,
fever:164881,
fever:164882,
fever:164883,
fever:164885,
fever:164886,
fever:164888,
fever:164893,
fever:164894,
fever:164896,
fever:164897,
fever:164898,
fever:164904,
fever:164982,
fever:164983,
fever:164985,
fever:164986,
fever:164995,
fever:164996,
fever:164997,
fever:164998,
fever:164999,
fever:165000,
fever:16507,
fever:16508,
fever:165110,
fever:165111,
fever:165112,
fever:165116,
fever:165117,
fever:165118,
fever:165119,
fever:165121,
fever:165127,
fever:165128,
fever:165134,
fever:165137,
fever:165138,
fever:16519,
fever:165226,
fever:165230,
fever:165231,
fever:165233,
fever:165235,
fever:165238,
fever:165242,
fever:165244,
fever:165245,
fever:165246,
fever:165248,
fever:165251,
fever:165258,
fever:165266,
fever:165267,
fever:16527,
fever:165641,
fever:165643,
fever:165645,
fever:165652,
fever:165653,
fever:165657,
fever:165658,
fever:165659,
fever:165660,
fever:165663,
fever:165664,
fever:165665,
fever:165666,
fever:165667,
fever:165669,
fever:165670,
fever:165686,
fever:165687,
fever:165688,
fever:165691,
fever:165693,
fever:165694,
fever:165699,
fever:165702,
fever:165703,
fever:165705,
fever:165712,
fever:16581,
fever:165860,
fever:165864,
fever:165865,
fever:165866,
fever:165867,
fever:165870,
fever:165873,
fever:165875,
fever:165876,
fever:16588,
fever:165880,
fever:165881,
fever:165882,
fever:165887,
fever:165889,
fever:165890,
fever:165891,
fever:165892,
fever:165896,
fever:165898,
fever:165901,
fever:165904,
fever:165916,
fever:165921,
fever:16604,
fever:16629,
fever:166376,
fever:166381,
fever:166383,
fever:16646,
fever:166474,
fever:166475,
fever:166482,
fever:166483,
fever:166484,
fever:166485,
fever:166487,
fever:166490,
fever:166501,
fever:166502,
fever:166506,
fever:166508,
fever:1666,
fever:166629,
fever:166632,
fever:166633,
fever:166634,
fever:166635,
fever:166637,
fever:166638,
fever:166639,
fever:166640,
fever:166644,
fever:166645,
fever:166646,
fever:166647,
fever:166648,
fever:166650,
fever:166651,
fever:166654,
fever:166658,
fever:166659,
fever:1667,
fever:166840,
fever:166841,
fever:166842,
fever:166844,
fever:166845,
fever:166846,
fever:166847,
fever:166848,
fever:166851,
fever:166853,
fever:166854,
fever:166864,
fever:166866,
fever:166899,
fever:166912,
fever:166913,
fever:166915,
fever:166916,
fever:166918,
fever:166919,
fever:166921,
fever:166922,
fever:166923,
fever:166925,
fever:16693,
fever:166931,
fever:166934,
fever:166935,
fever:166936,
fever:166939,
fever:16694,
fever:166940,
fever:166949,
fever:166950,
fever:166951,
fever:16698,
fever:16701,
fever:167161,
fever:167163,
fever:167164,
fever:167166,
fever:167170,
fever:167171,
fever:167172,
fever:167174,
fever:167178,
fever:167179,
fever:167181,
fever:16721,
fever:167447,
fever:167448,
fever:167453,
fever:167455,
fever:167456,
fever:167457,
fever:167460,
fever:167464,
fever:167468,
fever:167470,
fever:167471,
fever:167472,
fever:167473,
fever:16780,
fever:16782,
fever:16790,
fever:167970,
fever:167974,
fever:167977,
fever:167981,
fever:167984,
fever:167987,
fever:167988,
fever:167995,
fever:168003,
fever:168011,
fever:168015,
fever:168040,
fever:168041,
fever:168042,
fever:168045,
fever:168047,
fever:168055,
fever:168060,
fever:168062,
fever:168064,
fever:168066,
fever:168068,
fever:16807,
fever:168073,
fever:168075,
fever:168076,
fever:168079,
fever:168082,
fever:168083,
fever:168086,
fever:16809,
fever:168090,
fever:168091,
fever:16811,
fever:168529,
fever:168530,
fever:168535,
fever:168536,
fever:168537,
fever:168538,
fever:168539,
fever:168540,
fever:168543,
fever:168546,
fever:168547,
fever:168548,
fever:168549,
fever:168608,
fever:168612,
fever:168622,
fever:168631,
fever:168632,
fever:168634,
fever:168636,
fever:168637,
fever:168638,
fever:16864,
fever:16865,
fever:16880,
fever:168918,
fever:168919,
fever:168920,
fever:168922,
fever:168923,
fever:168924,
fever:168925,
fever:168927,
fever:168929,
fever:168931,
fever:168932,
fever:168935,
fever:168937,
fever:168961,
fever:168968,
fever:168969,
fever:168970,
fever:168971,
fever:168974,
fever:168975,
fever:168976,
fever:168978,
fever:168980,
fever:168981,
fever:168982,
fever:168983,
fever:168987,
fever:168999,
fever:169000,
fever:169002,
fever:169003,
fever:169009,
fever:169011,
fever:169018,
fever:169032,
fever:169037,
fever:169049,
fever:169307,
fever:169313,
fever:169315,
fever:169316,
fever:169317,
fever:169319,
fever:169322,
fever:169323,
fever:169324,
fever:169326,
fever:169327,
fever:169333,
fever:16951,
fever:169571,
fever:169578,
fever:169583,
fever:169915,
fever:169916,
fever:169918,
fever:169922,
fever:169924,
fever:169928,
fever:169930,
fever:169931,
fever:169934,
fever:169935,
fever:169936,
fever:169941,
fever:16996,
fever:16997,
fever:169984,
fever:169985,
fever:169992,
fever:169993,
fever:169995,
fever:169997,
fever:170000,
fever:170004,
fever:170005,
fever:170006,
fever:170009,
fever:170010,
fever:170015,
fever:170016,
fever:170018,
fever:170089,
fever:170091,
fever:170097,
fever:170100,
fever:170104,
fever:170109,
fever:170114,
fever:170116,
fever:17024,
fever:17030,
fever:17031,
fever:170396,
fever:170398,
fever:170400,
fever:170403,
fever:170406,
fever:170413,
fever:170414,
fever:170417,
fever:170419,
fever:170420,
fever:170423,
fever:170424,
fever:170430,
fever:17054,
fever:17063,
fever:17064,
fever:1709,
fever:17090,
fever:170937,
fever:170938,
fever:170941,
fever:170942,
fever:170944,
fever:170946,
fever:170947,
fever:170949,
fever:170953,
fever:170954,
fever:171061,
fever:171062,
fever:171064,
fever:171065,
fever:171066,
fever:171067,
fever:171069,
fever:171075,
fever:171082,
fever:171084,
fever:171086,
fever:171087,
fever:17123,
fever:17124,
fever:17129,
fever:17131,
fever:17145,
fever:171479,
fever:171480,
fever:171490,
fever:171491,
fever:171492,
fever:171496,
fever:171497,
fever:171498,
fever:171500,
fever:171502,
fever:171503,
fever:171504,
fever:171508,
fever:171509,
fever:171511,
fever:171512,
fever:171519,
fever:171521,
fever:171523,
fever:171525,
fever:171529,
fever:171534,
fever:17156,
fever:171594,
fever:171595,
fever:171597,
fever:171600,
fever:171603,
fever:171604,
fever:171605,
fever:171610,
fever:171611,
fever:171613,
fever:171614,
fever:171615,
fever:171616,
fever:171621,
fever:171622,
fever:171624,
fever:171625,
fever:171627,
fever:171628,
fever:171629,
fever:171631,
fever:171632,
fever:171634,
fever:171635,
fever:171637,
fever:171638,
fever:171639,
fever:171643,
fever:171647,
fever:171890,
fever:171892,
fever:171897,
fever:171899,
fever:171901,
fever:171904,
fever:171906,
fever:172089,
fever:172090,
fever:172091,
fever:172093,
fever:172095,
fever:172096,
fever:172100,
fever:172102,
fever:172104,
fever:172106,
fever:172107,
fever:172108,
fever:17213,
fever:17214,
fever:17218,
fever:172278,
fever:172279,
fever:172280,
fever:172286,
fever:172290,
fever:172292,
fever:172293,
fever:172295,
fever:17230,
fever:172300,
fever:172301,
fever:172302,
fever:172306,
fever:172308,
fever:172309,
fever:172312,
fever:172318,
fever:172320,
fever:172324,
fever:172325,
fever:172326,
fever:172328,
fever:172460,
fever:172461,
fever:172465,
fever:172466,
fever:172468,
fever:172469,
fever:172471,
fever:172472,
fever:172474,
fever:172478,
fever:172479,
fever:17248,
fever:172481,
fever:172482,
fever:172483,
fever:172484,
fever:172485,
fever:172487,
fever:172491,
fever:172507,
fever:172508,
fever:172512,
fever:172514,
fever:172516,
fever:172519,
fever:172521,
fever:172522,
fever:172523,
fever:172524,
fever:172701,
fever:172704,
fever:172707,
fever:172709,
fever:172710,
fever:172713,
fever:172716,
fever:172717,
fever:172720,
fever:17273,
fever:17274,
fever:172743,
fever:172746,
fever:172747,
fever:172748,
fever:172749,
fever:172750,
fever:172751,
fever:172753,
fever:172754,
fever:172757,
fever:172762,
fever:172763,
fever:172765,
fever:172766,
fever:172767,
fever:172768,
fever:172771,
fever:172776,
fever:17278,
fever:17283,
fever:1729,
fever:173030,
fever:173035,
fever:173037,
fever:173045,
fever:173046,
fever:173049,
fever:173050,
fever:173051,
fever:173055,
fever:173056,
fever:173114,
fever:173116,
fever:173118,
fever:173121,
fever:173122,
fever:173126,
fever:173129,
fever:173130,
fever:173135,
fever:173137,
fever:173138,
fever:17314,
fever:173140,
fever:17320,
fever:17333,
fever:17334,
fever:17335,
fever:17336,
fever:173490,
fever:173492,
fever:173493,
fever:173494,
fever:173495,
fever:173496,
fever:173498,
fever:173499,
fever:173500,
fever:173501,
fever:173505,
fever:173506,
fever:173507,
fever:173508,
fever:173509,
fever:173511,
fever:173596,
fever:173598,
fever:173604,
fever:173613,
fever:173614,
fever:173619,
fever:173655,
fever:173657,
fever:173663,
fever:173665,
fever:173666,
fever:173670,
fever:173675,
fever:173707,
fever:173712,
fever:173713,
fever:173714,
fever:173717,
fever:173718,
fever:173719,
fever:173724,
fever:173725,
fever:173727,
fever:173729,
fever:173730,
fever:17374,
fever:17376,
fever:173919,
fever:173921,
fever:173922,
fever:173923,
fever:173924,
fever:173925,
fever:173928,
fever:173929,
fever:173930,
fever:173931,
fever:173933,
fever:17399,
fever:174012,
fever:174013,
fever:174016,
fever:174018,
fever:174020,
fever:174022,
fever:174024,
fever:174025,
fever:174026,
fever:174027,
fever:174028,
fever:174029,
fever:174030,
fever:174031,
fever:174032,
fever:174033,
fever:174034,
fever:174035,
fever:174036,
fever:174037,
fever:174038,
fever:17410,
fever:174508,
fever:174509,
fever:17451,
fever:174510,
fever:174513,
fever:174514,
fever:174515,
fever:174518,
fever:17452,
fever:174520,
fever:174523,
fever:174524,
fever:174526,
fever:174578,
fever:174580,
fever:174585,
fever:174586,
fever:174590,
fever:174592,
fever:174593,
fever:174594,
fever:174595,
fever:174597,
fever:174599,
fever:1746,
fever:174601,
fever:174602,
fever:174604,
fever:174606,
fever:174607,
fever:174609,
fever:174611,
fever:174615,
fever:174616,
fever:174618,
fever:174624,
fever:174628,
fever:174630,
fever:1748,
fever:174871,
fever:174872,
fever:174875,
fever:174878,
fever:174881,
fever:174882,
fever:174883,
fever:174891,
fever:174893,
fever:174900,
fever:174974,
fever:174978,
fever:174981,
fever:174986,
fever:174987,
fever:174990,
fever:174991,
fever:175434,
fever:175435,
fever:175436,
fever:175438,
fever:175441,
fever:175443,
fever:175444,
fever:175448,
fever:175458,
fever:175459,
fever:175460,
fever:175462,
fever:175464,
fever:175465,
fever:175468,
fever:175470,
fever:175471,
fever:175472,
fever:175475,
fever:175476,
fever:175478,
fever:175480,
fever:175485,
fever:175486,
fever:17554,
fever:17555,
fever:175631,
fever:175632,
fever:175633,
fever:175636,
fever:175638,
fever:175639,
fever:175641,
fever:175642,
fever:175643,
fever:175645,
fever:175652,
fever:175656,
fever:175658,
fever:175721,
fever:175722,
fever:175725,
fever:175730,
fever:175734,
fever:175735,
fever:175736,
fever:175737,
fever:175739,
fever:175740,
fever:175741,
fever:175742,
fever:175743,
fever:175744,
fever:17583,
fever:175862,
fever:175863,
fever:175864,
fever:175865,
fever:175867,
fever:175868,
fever:175873,
fever:175874,
fever:175876,
fever:175877,
fever:175879,
fever:175880,
fever:175921,
fever:175924,
fever:175926,
fever:17593,
fever:175930,
fever:175931,
fever:175932,
fever:175933,
fever:175937,
fever:17600,
fever:17616,
fever:17628,
fever:17634,
fever:176628,
fever:176636,
fever:177138,
fever:177142,
fever:177143,
fever:177148,
fever:177150,
fever:177152,
fever:177157,
fever:177158,
fever:177160,
fever:177161,
fever:177163,
fever:177165,
fever:177167,
fever:177168,
fever:177171,
fever:177172,
fever:177175,
fever:177179,
fever:17718,
fever:177181,
fever:177185,
fever:177186,
fever:177188,
fever:177191,
fever:177196,
fever:1772,
fever:17731,
fever:17732,
fever:1774,
fever:17744,
fever:17745,
fever:177468,
fever:177478,
fever:177479,
fever:177481,
fever:177487,
fever:177488,
fever:177489,
fever:177491,
fever:177494,
fever:177524,
fever:177525,
fever:177529,
fever:177532,
fever:177533,
fever:177543,
fever:17783,
fever:177835,
fever:177836,
fever:177837,
fever:177838,
fever:177842,
fever:177845,
fever:177847,
fever:177850,
fever:177853,
fever:177855,
fever:177856,
fever:177858,
fever:177864,
fever:177865,
fever:177867,
fever:177957,
fever:177958,
fever:177963,
fever:177964,
fever:177970,
fever:177973,
fever:177974,
fever:177978,
fever:17807,
fever:178150,
fever:178153,
fever:178157,
fever:178158,
fever:178159,
fever:178166,
fever:178167,
fever:178168,
fever:178169,
fever:178171,
fever:178172,
fever:178210,
fever:178213,
fever:178214,
fever:178216,
fever:178219,
fever:178223,
fever:178225,
fever:178227,
fever:178229,
fever:178230,
fever:178233,
fever:178237,
fever:178240,
fever:178241,
fever:178250,
fever:178254,
fever:178255,
fever:178328,
fever:178330,
fever:178331,
fever:178334,
fever:178337,
fever:178341,
fever:178342,
fever:178344,
fever:178348,
fever:17840,
fever:17841,
fever:17847,
fever:17855,
fever:17865,
fever:17866,
fever:178855,
fever:178856,
fever:178858,
fever:178859,
fever:178874,
fever:178880,
fever:178892,
fever:178893,
fever:178896,
fever:178898,
fever:178899,
fever:178900,
fever:178902,
fever:178904,
fever:178906,
fever:178908,
fever:178909,
fever:178911,
fever:178912,
fever:179004,
fever:179007,
fever:179009,
fever:179016,
fever:179017,
fever:179025,
fever:179029,
fever:179035,
fever:179036,
fever:179038,
fever:179039,
fever:179040,
fever:179042,
fever:179046,
fever:17907,
fever:179087,
fever:179088,
fever:179089,
fever:179091,
fever:179100,
fever:179103,
fever:179105,
fever:179109,
fever:179112,
fever:17914,
fever:179266,
fever:179268,
fever:179270,
fever:179276,
fever:179280,
fever:179286,
fever:179287,
fever:179289,
fever:179302,
fever:179305,
fever:179306,
fever:179308,
fever:179310,
fever:179313,
fever:179314,
fever:179316,
fever:179317,
fever:179320,
fever:179326,
fever:179328,
fever:17933,
fever:179332,
fever:179340,
fever:179342,
fever:179343,
fever:179352,
fever:17946,
fever:17947,
fever:17973,
fever:179732,
fever:179735,
fever:179738,
fever:179741,
fever:179743,
fever:179744,
fever:179745,
fever:179748,
fever:179751,
fever:179754,
fever:179758,
fever:179762,
fever:179763,
fever:179815,
fever:179816,
fever:179817,
fever:179819,
fever:179821,
fever:179825,
fever:179827,
fever:179831,
fever:179832,
fever:179834,
fever:179835,
fever:179836,
fever:179841,
fever:1799,
fever:17993,
fever:17994,
fever:18004,
fever:18030,
fever:18031,
fever:18032,
fever:18037,
fever:18051,
fever:180563,
fever:180564,
fever:180566,
fever:180572,
fever:180573,
fever:180574,
fever:180577,
fever:180578,
fever:180579,
fever:180581,
fever:180582,
fever:180589,
fever:18064,
fever:18065,
fever:18066,
fever:180689,
fever:180691,
fever:180695,
fever:180697,
fever:180699,
fever:180702,
fever:180706,
fever:180707,
fever:180709,
fever:180710,
fever:180711,
fever:180714,
fever:180716,
fever:180717,
fever:180721,
fever:180722,
fever:180723,
fever:180724,
fever:180726,
fever:180730,
fever:180732,
fever:180733,
fever:180734,
fever:180735,
fever:180736,
fever:18079,
fever:181114,
fever:181115,
fever:181118,
fever:181125,
fever:181127,
fever:181128,
fever:181132,
fever:181133,
fever:181182,
fever:181183,
fever:181184,
fever:181185,
fever:181186,
fever:181187,
fever:181188,
fever:181190,
fever:181197,
fever:181199,
fever:181201,
fever:181202,
fever:181205,
fever:181206,
fever:181209,
fever:181210,
fever:181211,
fever:181213,
fever:181216,
fever:181250,
fever:181255,
fever:181262,
fever:181264,
fever:181265,
fever:181266,
fever:181267,
fever:181269,
fever:181270,
fever:181271,
fever:181273,
fever:181274,
fever:18142,
fever:18159,
fever:181598,
fever:181604,
fever:181606,
fever:181619,
fever:181620,
fever:181621,
fever:181624,
fever:181627,
fever:181628,
fever:181629,
fever:181630,
fever:181631,
fever:181633,
fever:181634,
fever:181637,
fever:181638,
fever:181640,
fever:181642,
fever:181643,
fever:18179,
fever:181823,
fever:181824,
fever:181826,
fever:181827,
fever:181837,
fever:181843,
fever:181869,
fever:181871,
fever:181873,
fever:181880,
fever:181881,
fever:181882,
fever:181883,
fever:181884,
fever:18197,
fever:181976,
fever:181978,
fever:181980,
fever:181982,
fever:181983,
fever:181986,
fever:181992,
fever:181994,
fever:182032,
fever:182033,
fever:182034,
fever:182035,
fever:182036,
fever:182039,
fever:182040,
fever:182041,
fever:182042,
fever:182043,
fever:182044,
fever:182051,
fever:18222,
fever:182267,
fever:182268,
fever:182269,
fever:182271,
fever:182272,
fever:182274,
fever:182276,
fever:182278,
fever:182279,
fever:182281,
fever:182282,
fever:182283,
fever:182286,
fever:182288,
fever:182442,
fever:182443,
fever:182445,
fever:182447,
fever:182454,
fever:182456,
fever:182675,
fever:182676,
fever:182679,
fever:182680,
fever:182685,
fever:182686,
fever:182687,
fever:182689,
fever:182700,
fever:182701,
fever:182705,
fever:182902,
fever:182904,
fever:182906,
fever:182907,
fever:182908,
fever:182909,
fever:182911,
fever:182913,
fever:182914,
fever:182915,
fever:182917,
fever:182918,
fever:182919,
fever:182920,
fever:182923,
fever:182926,
fever:182928,
fever:182930,
fever:182931,
fever:182933,
fever:182934,
fever:182936,
fever:18294,
fever:18295,
fever:1830,
fever:1831,
fever:183127,
fever:183134,
fever:183138,
fever:183139,
fever:183143,
fever:183152,
fever:18316,
fever:18333,
fever:183404,
fever:183405,
fever:183411,
fever:183415,
fever:183416,
fever:183417,
fever:183418,
fever:183419,
fever:183420,
fever:183423,
fever:183447,
fever:183448,
fever:183450,
fever:183452,
fever:183453,
fever:183456,
fever:183458,
fever:183459,
fever:18346,
fever:183460,
fever:183461,
fever:183462,
fever:183463,
fever:183464,
fever:183468,
fever:183469,
fever:183470,
fever:183473,
fever:183476,
fever:183478,
fever:183481,
fever:183482,
fever:183487,
fever:183489,
fever:183491,
fever:183492,
fever:183496,
fever:183498,
fever:183502,
fever:183506,
fever:183507,
fever:18355,
fever:183583,
fever:183586,
fever:183587,
fever:183588,
fever:183589,
fever:183593,
fever:183594,
fever:183597,
fever:183611,
fever:183614,
fever:183615,
fever:183618,
fever:183619,
fever:183620,
fever:183623,
fever:183624,
fever:183627,
fever:183628,
fever:183629,
fever:183631,
fever:183633,
fever:183915,
fever:183917,
fever:183918,
fever:183925,
fever:183926,
fever:183929,
fever:183932,
fever:183934,
fever:183935,
fever:183937,
fever:183938,
fever:18397,
fever:184049,
fever:184050,
fever:184052,
fever:184054,
fever:184059,
fever:184060,
fever:184064,
fever:184066,
fever:184067,
fever:184069,
fever:184071,
fever:184073,
fever:184076,
fever:184078,
fever:184081,
fever:184083,
fever:184085,
fever:184089,
fever:184091,
fever:184093,
fever:184094,
fever:184095,
fever:184098,
fever:184099,
fever:184100,
fever:184101,
fever:184102,
fever:184106,
fever:184285,
fever:184287,
fever:184290,
fever:184291,
fever:184292,
fever:184293,
fever:184294,
fever:184295,
fever:184296,
fever:184303,
fever:184304,
fever:184307,
fever:184308,
fever:184310,
fever:184413,
fever:184415,
fever:184418,
fever:184420,
fever:184421,
fever:184426,
fever:18443,
fever:184430,
fever:184431,
fever:184432,
fever:184433,
fever:18464,
fever:18477,
fever:18481,
fever:18483,
fever:18487,
fever:18496,
fever:18497,
fever:18507,
fever:185167,
fever:185168,
fever:185169,
fever:185172,
fever:185173,
fever:185174,
fever:185177,
fever:185178,
fever:185180,
fever:185182,
fever:185184,
fever:185188,
fever:185192,
fever:185193,
fever:185194,
fever:185201,
fever:185202,
fever:185205,
fever:185206,
fever:185212,
fever:185213,
fever:185214,
fever:185215,
fever:185217,
fever:185218,
fever:185220,
fever:185228,
fever:18523,
fever:185231,
fever:185234,
fever:18524,
fever:185284,
fever:185287,
fever:185288,
fever:185289,
fever:185296,
fever:185300,
fever:185301,
fever:185303,
fever:185310,
fever:185382,
fever:185384,
fever:185385,
fever:185388,
fever:185389,
fever:185390,
fever:185396,
fever:185402,
fever:185405,
fever:185406,
fever:185407,
fever:185408,
fever:185411,
fever:185412,
fever:185413,
fever:185415,
fever:185416,
fever:185417,
fever:185418,
fever:18542,
fever:185422,
fever:185423,
fever:185424,
fever:185426,
fever:185429,
fever:18565,
fever:185726,
fever:185727,
fever:185729,
fever:185733,
fever:185736,
fever:18574,
fever:185758,
fever:185766,
fever:185772,
fever:185776,
fever:185777,
fever:185783,
fever:185784,
fever:185786,
fever:18589,
fever:18590,
fever:185991,
fever:185999,
fever:186003,
fever:186004,
fever:186005,
fever:186008,
fever:18614,
fever:18623,
fever:186318,
fever:186320,
fever:186323,
fever:186324,
fever:186325,
fever:186326,
fever:186328,
fever:186335,
fever:186588,
fever:186590,
fever:186591,
fever:186592,
fever:186595,
fever:186596,
fever:186597,
fever:186598,
fever:186599,
fever:186600,
fever:186602,
fever:186609,
fever:186610,
fever:18665,
fever:18666,
fever:186871,
fever:186874,
fever:186876,
fever:186879,
fever:186882,
fever:186884,
fever:186920,
fever:186921,
fever:186924,
fever:186927,
fever:186928,
fever:186929,
fever:186932,
fever:186938,
fever:186939,
fever:186941,
fever:186976,
fever:186977,
fever:186978,
fever:186979,
fever:186987,
fever:186988,
fever:186990,
fever:186994,
fever:186995,
fever:186996,
fever:186998,
fever:187000,
fever:18707,
fever:18708,
fever:187104,
fever:187106,
fever:187108,
fever:187109,
fever:187112,
fever:187114,
fever:187117,
fever:187119,
fever:187120,
fever:187122,
fever:187207,
fever:187208,
fever:187209,
fever:187212,
fever:187213,
fever:187216,
fever:187220,
fever:187222,
fever:187223,
fever:18723,
fever:187314,
fever:187315,
fever:187318,
fever:187321,
fever:187323,
fever:187324,
fever:18736,
fever:187375,
fever:187378,
fever:187379,
fever:187382,
fever:187386,
fever:187388,
fever:187390,
fever:187395,
fever:18752,
fever:187537,
fever:187541,
fever:187546,
fever:187552,
fever:187555,
fever:187556,
fever:187557,
fever:187560,
fever:187564,
fever:187565,
fever:187566,
fever:187567,
fever:187571,
fever:187572,
fever:187574,
fever:187577,
fever:187579,
fever:187580,
fever:18768,
fever:187775,
fever:187776,
fever:187777,
fever:187783,
fever:187785,
fever:187788,
fever:187789,
fever:187791,
fever:187792,
fever:187795,
fever:187796,
fever:187797,
fever:187800,
fever:18794,
fever:188129,
fever:188131,
fever:188135,
fever:188136,
fever:188140,
fever:188141,
fever:188142,
fever:188145,
fever:188147,
fever:188148,
fever:18822,
fever:18823,
fever:18835,
fever:188564,
fever:188565,
fever:188568,
fever:188569,
fever:188570,
fever:188571,
fever:188572,
fever:188576,
fever:188577,
fever:188579,
fever:188581,
fever:188582,
fever:188624,
fever:188630,
fever:188635,
fever:188636,
fever:188639,
fever:188640,
fever:188641,
fever:188645,
fever:188646,
fever:188647,
fever:188652,
fever:188877,
fever:188885,
fever:188887,
fever:188888,
fever:188889,
fever:188967,
fever:188969,
fever:188971,
fever:188976,
fever:188977,
fever:188979,
fever:188984,
fever:188987,
fever:188994,
fever:189436,
fever:189437,
fever:189438,
fever:189444,
fever:189447,
fever:189448,
fever:189449,
fever:189450,
fever:189452,
fever:189453,
fever:189454,
fever:189458,
fever:189459,
fever:189465,
fever:18951,
fever:189710,
fever:189711,
fever:189714,
fever:189715,
fever:189716,
fever:189717,
fever:189762,
fever:189768,
fever:189771,
fever:189772,
fever:189773,
fever:189774,
fever:189776,
fever:189866,
fever:189867,
fever:189868,
fever:189871,
fever:189873,
fever:189874,
fever:189876,
fever:189878,
fever:189883,
fever:189885,
fever:189888,
fever:189892,
fever:189894,
fever:190072,
fever:190074,
fever:190077,
fever:190081,
fever:190085,
fever:190089,
fever:190090,
fever:190148,
fever:190153,
fever:190164,
fever:190167,
fever:190168,
fever:190169,
fever:190170,
fever:190171,
fever:190172,
fever:190173,
fever:19052,
fever:190664,
fever:190669,
fever:19068,
fever:19074,
fever:190750,
fever:190751,
fever:190753,
fever:190755,
fever:19087,
fever:19097,
fever:19098,
fever:19111,
fever:19112,
fever:19117,
fever:191246,
fever:191248,
fever:191249,
fever:191253,
fever:191255,
fever:191256,
fever:191258,
fever:191261,
fever:191263,
fever:19140,
fever:19141,
fever:191415,
fever:191416,
fever:191420,
fever:191425,
fever:191426,
fever:191428,
fever:191430,
fever:191433,
fever:191435,
fever:191439,
fever:191440,
fever:191441,
fever:191442,
fever:191443,
fever:191445,
fever:191446,
fever:1916,
fever:19160,
fever:19161,
fever:191641,
fever:191642,
fever:191645,
fever:191647,
fever:191648,
fever:191653,
fever:191654,
fever:191656,
fever:191659,
fever:191660,
fever:191662,
fever:191664,
fever:19169,
fever:1917,
fever:19176,
fever:19177,
fever:19184,
fever:191875,
fever:191876,
fever:191877,
fever:191881,
fever:191884,
fever:191886,
fever:191888,
fever:191889,
fever:191890,
fever:191891,
fever:191892,
fever:19190,
fever:19193,
fever:19194,
fever:19197,
fever:192016,
fever:192017,
fever:192020,
fever:192021,
fever:192024,
fever:192029,
fever:192030,
fever:192031,
fever:192034,
fever:192035,
fever:192037,
fever:19204,
fever:192040,
fever:192043,
fever:192044,
fever:192045,
fever:192050,
fever:192053,
fever:192174,
fever:192190,
fever:192193,
fever:192196,
fever:192197,
fever:192198,
fever:192199,
fever:192203,
fever:192204,
fever:192205,
fever:192212,
fever:19236,
fever:192582,
fever:192583,
fever:192584,
fever:192585,
fever:192587,
fever:192591,
fever:192592,
fever:192594,
fever:192595,
fever:192597,
fever:192706,
fever:192708,
fever:192709,
fever:192713,
fever:192714,
fever:192715,
fever:192718,
fever:192725,
fever:192748,
fever:192750,
fever:192751,
fever:192752,
fever:192754,
fever:192759,
fever:192760,
fever:192761,
fever:192769,
fever:192774,
fever:192775,
fever:192776,
fever:192778,
fever:192788,
fever:192789,
fever:192790,
fever:192792,
fever:192793,
fever:192795,
fever:192824,
fever:192825,
fever:192832,
fever:192835,
fever:192837,
fever:192839,
fever:192841,
fever:192842,
fever:192843,
fever:192849,
fever:192853,
fever:192856,
fever:192857,
fever:192858,
fever:192894,
fever:192896,
fever:192898,
fever:192903,
fever:192904,
fever:192910,
fever:192920,
fever:192921,
fever:192959,
fever:192961,
fever:192965,
fever:192966,
fever:192971,
fever:192972,
fever:192973,
fever:192975,
fever:192981,
fever:19302,
fever:1931,
fever:19310,
fever:19326,
fever:19327,
fever:1933,
fever:1934,
fever:193409,
fever:193411,
fever:193416,
fever:193419,
fever:193421,
fever:193422,
fever:193444,
fever:193448,
fever:193449,
fever:193450,
fever:193458,
fever:193460,
fever:193524,
fever:193525,
fever:193531,
fever:193532,
fever:193539,
fever:193540,
fever:193546,
fever:193547,
fever:193549,
fever:193550,
fever:193554,
fever:193558,
fever:19382,
fever:193831,
fever:193834,
fever:193835,
fever:193836,
fever:193837,
fever:193844,
fever:193848,
fever:193849,
fever:193852,
fever:193854,
fever:193855,
fever:193860,
fever:193862,
fever:193866,
fever:193873,
fever:193874,
fever:193876,
fever:193877,
fever:193880,
fever:193883,
fever:193884,
fever:193886,
fever:193893,
fever:193894,
fever:193895,
fever:193902,
fever:193903,
fever:193904,
fever:193907,
fever:193908,
fever:193910,
fever:193911,
fever:194014,
fever:194018,
fever:194019,
fever:194020,
fever:194021,
fever:194022,
fever:194023,
fever:194024,
fever:194025,
fever:194027,
fever:194029,
fever:19412,
fever:19413,
fever:19417,
fever:194170,
fever:194172,
fever:194174,
fever:194175,
fever:194176,
fever:194178,
fever:19418,
fever:194182,
fever:194183,
fever:194184,
fever:194187,
fever:194189,
fever:194190,
fever:194192,
fever:1942,
fever:194214,
fever:194219,
fever:194221,
fever:194222,
fever:194226,
fever:194228,
fever:194231,
fever:194237,
fever:194238,
fever:194241,
fever:194242,
fever:194243,
fever:194245,
fever:194247,
fever:194249,
fever:194251,
fever:194252,
fever:194254,
fever:194259,
fever:194260,
fever:194261,
fever:194262,
fever:194341,
fever:194342,
fever:194343,
fever:194344,
fever:194345,
fever:194346,
fever:194349,
fever:194350,
fever:194354,
fever:194355,
fever:194357,
fever:194358,
fever:194359,
fever:194361,
fever:194362,
fever:194363,
fever:194365,
fever:194367,
fever:194368,
fever:194370,
fever:194371,
fever:194432,
fever:194439,
fever:194442,
fever:194446,
fever:194447,
fever:194450,
fever:194451,
fever:194454,
fever:194455,
fever:194456,
fever:194458,
fever:194459,
fever:194461,
fever:194465,
fever:194466,
fever:194469,
fever:194470,
fever:194472,
fever:194476,
fever:194480,
fever:194484,
fever:194486,
fever:194564,
fever:194565,
fever:194567,
fever:194572,
fever:194574,
fever:194580,
fever:194583,
fever:1947,
fever:194740,
fever:194742,
fever:194744,
fever:194745,
fever:194746,
fever:194747,
fever:194748,
fever:194753,
fever:194754,
fever:194758,
fever:194760,
fever:194761,
fever:194764,
fever:194765,
fever:194767,
fever:194771,
fever:194774,
fever:194775,
fever:194780,
fever:194781,
fever:194789,
fever:194790,
fever:194792,
fever:194793,
fever:194795,
fever:194796,
fever:194798,
fever:194799,
fever:194800,
fever:19484,
fever:194882,
fever:194892,
fever:194893,
fever:194897,
fever:194902,
fever:194904,
fever:194905,
fever:194906,
fever:194908,
fever:194910,
fever:194912,
fever:194914,
fever:194915,
fever:194917,
fever:194922,
fever:194923,
fever:19494,
fever:19496,
fever:195006,
fever:195008,
fever:195011,
fever:195020,
fever:195022,
fever:195028,
fever:195029,
fever:195030,
fever:195031,
fever:195033,
fever:195036,
fever:195038,
fever:195040,
fever:195056,
fever:195057,
fever:195058,
fever:195060,
fever:195067,
fever:195071,
fever:195073,
fever:195074,
fever:195077,
fever:195078,
fever:195082,
fever:195083,
fever:195085,
fever:195088,
fever:195122,
fever:195124,
fever:195127,
fever:195129,
fever:195134,
fever:195135,
fever:195139,
fever:195144,
fever:195147,
fever:195149,
fever:195199,
fever:195201,
fever:195202,
fever:195203,
fever:195208,
fever:195219,
fever:195229,
fever:195230,
fever:195236,
fever:195238,
fever:195243,
fever:195244,
fever:195245,
fever:195366,
fever:195370,
fever:195374,
fever:195376,
fever:195381,
fever:195382,
fever:19543,
fever:195480,
fever:195481,
fever:195483,
fever:195484,
fever:195491,
fever:195492,
fever:195493,
fever:195497,
fever:195502,
fever:195503,
fever:19576,
fever:195812,
fever:195814,
fever:195815,
fever:195817,
fever:195818,
fever:195821,
fever:195823,
fever:195825,
fever:195831,
fever:195835,
fever:195843,
fever:195845,
fever:195902,
fever:195904,
fever:195906,
fever:195912,
fever:195914,
fever:19592,
fever:195921,
fever:195922,
fever:195923,
fever:195924,
fever:195925,
fever:195928,
fever:195931,
fever:195933,
fever:195940,
fever:195943,
fever:196154,
fever:196158,
fever:196159,
fever:196162,
fever:196163,
fever:196170,
fever:19655,
fever:19663,
fever:19671,
fever:196730,
fever:196735,
fever:196740,
fever:196743,
fever:196744,
fever:196749,
fever:196750,
fever:196752,
fever:196755,
fever:196757,
fever:196759,
fever:196762,
fever:19687,
fever:196959,
fever:196960,
fever:196961,
fever:196964,
fever:196967,
fever:196971,
fever:196978,
fever:196986,
fever:196992,
fever:19711,
fever:19719,
fever:19721,
fever:197338,
fever:197340,
fever:197342,
fever:197345,
fever:197349,
fever:197357,
fever:197363,
fever:197364,
fever:197366,
fever:197368,
fever:197373,
fever:197376,
fever:197377,
fever:197380,
fever:197381,
fever:197384,
fever:197386,
fever:197388,
fever:197389,
fever:19752,
fever:19756,
fever:197631,
fever:197632,
fever:197633,
fever:197635,
fever:197636,
fever:197637,
fever:197641,
fever:197643,
fever:197645,
fever:19765,
fever:197655,
fever:197656,
fever:19766,
fever:197661,
fever:19774,
fever:198008,
fever:198013,
fever:198015,
fever:198025,
fever:198029,
fever:198035,
fever:198037,
fever:198041,
fever:198065,
fever:198066,
fever:198067,
fever:198068,
fever:198070,
fever:198072,
fever:198082,
fever:198084,
fever:198085,
fever:198087,
fever:198088,
fever:198090,
fever:198208,
fever:198210,
fever:198216,
fever:198217,
fever:198218,
fever:198221,
fever:198225,
fever:198226,
fever:198227,
fever:198231,
fever:198234,
fever:198419,
fever:198420,
fever:198421,
fever:198422,
fever:198425,
fever:198426,
fever:198427,
fever:198431,
fever:198432,
fever:198434,
fever:198435,
fever:198438,
fever:19853,
fever:198532,
fever:198534,
fever:198537,
fever:198538,
fever:198541,
fever:198544,
fever:198545,
fever:198552,
fever:198554,
fever:198558,
fever:198559,
fever:198565,
fever:19865,
fever:19866,
fever:198888,
fever:198893,
fever:198895,
fever:198896,
fever:198899,
fever:1989,
fever:198900,
fever:198901,
fever:19898,
fever:19902,
fever:19915,
fever:199260,
fever:199263,
fever:199264,
fever:199265,
fever:199275,
fever:199276,
fever:199403,
fever:199408,
fever:199410,
fever:199413,
fever:199414,
fever:199416,
fever:199418,
fever:199419,
fever:199420,
fever:199421,
fever:199423,
fever:199428,
fever:19951,
fever:199662,
fever:199668,
fever:199669,
fever:199670,
fever:199674,
fever:199676,
fever:199681,
fever:199682,
fever:199732,
fever:199734,
fever:199735,
fever:199738,
fever:199741,
fever:199742,
fever:199745,
fever:199746,
fever:199750,
fever:199753,
fever:199755,
fever:199757,
fever:199758,
fever:199759,
fever:199761,
fever:199763,
fever:199805,
fever:199807,
fever:199809,
fever:199812,
fever:199814,
fever:199815,
fever:199817,
fever:199818,
fever:199819,
fever:19983,
fever:19994,
fever:200032,
fever:200033,
fever:200034,
fever:200035,
fever:200039,
fever:200041,
fever:200042,
fever:200044,
fever:200045,
fever:200050,
fever:200051,
fever:20026,
fever:200260,
fever:200261,
fever:200262,
fever:200278,
fever:200279,
fever:200282,
fever:200285,
fever:200289,
fever:200290,
fever:200291,
fever:200293,
fever:200296,
fever:200297,
fever:200298,
fever:200300,
fever:20032,
fever:200366,
fever:200368,
fever:200370,
fever:200371,
fever:200382,
fever:200387,
fever:200390,
fever:200391,
fever:200395,
fever:200396,
fever:20049,
fever:20060,
fever:201060,
fever:201064,
fever:201065,
fever:201066,
fever:201076,
fever:201079,
fever:201083,
fever:201086,
fever:201090,
fever:201094,
fever:201095,
fever:201098,
fever:201105,
fever:201110,
fever:201112,
fever:201114,
fever:201115,
fever:201116,
fever:20112,
fever:20120,
fever:20121,
fever:201364,
fever:201365,
fever:201372,
fever:201374,
fever:201375,
fever:201377,
fever:201378,
fever:201379,
fever:201388,
fever:201389,
fever:201391,
fever:201438,
fever:201439,
fever:201441,
fever:201446,
fever:201454,
fever:201457,
fever:201459,
fever:201460,
fever:201573,
fever:201574,
fever:201575,
fever:201576,
fever:201583,
fever:201587,
fever:201592,
fever:201596,
fever:201598,
fever:201600,
fever:201602,
fever:201603,
fever:201606,
fever:20161,
fever:201738,
fever:201739,
fever:201740,
fever:201743,
fever:201744,
fever:201745,
fever:201747,
fever:201748,
fever:201749,
fever:201751,
fever:201756,
fever:201757,
fever:201793,
fever:201795,
fever:201796,
fever:201797,
fever:201798,
fever:201799,
fever:201801,
fever:201808,
fever:201813,
fever:201823,
fever:201826,
fever:201827,
fever:201833,
fever:20191,
fever:20202,
fever:202025,
fever:202026,
fever:202027,
fever:202032,
fever:202037,
fever:202039,
fever:202044,
fever:202049,
fever:202050,
fever:202051,
fever:202053,
fever:202054,
fever:202056,
fever:202059,
fever:202297,
fever:202298,
fever:202301,
fever:202302,
fever:202303,
fever:202308,
fever:202313,
fever:202314,
fever:202316,
fever:202317,
fever:202320,
fever:202436,
fever:202439,
fever:202441,
fever:202445,
fever:202448,
fever:202450,
fever:202454,
fever:202460,
fever:202461,
fever:202468,
fever:202470,
fever:202472,
fever:202475,
fever:202477,
fever:20261,
fever:202729,
fever:202730,
fever:202733,
fever:202736,
fever:202737,
fever:202738,
fever:202743,
fever:202747,
fever:202751,
fever:202752,
fever:202754,
fever:202756,
fever:202759,
fever:202760,
fever:202762,
fever:202764,
fever:202765,
fever:202766,
fever:202772,
fever:202773,
fever:202776,
fever:202780,
fever:202783,
fever:202786,
fever:202788,
fever:202789,
fever:20279,
fever:202791,
fever:202792,
fever:202793,
fever:202794,
fever:20280,
fever:20288,
fever:20291,
fever:202922,
fever:202926,
fever:202927,
fever:202928,
fever:202930,
fever:202932,
fever:202935,
fever:202936,
fever:202937,
fever:202940,
fever:202941,
fever:202942,
fever:202949,
fever:202950,
fever:202953,
fever:202956,
fever:202979,
fever:202995,
fever:203000,
fever:203002,
fever:203004,
fever:203008,
fever:203009,
fever:203011,
fever:203034,
fever:203038,
fever:203042,
fever:203044,
fever:203053,
fever:203054,
fever:203058,
fever:203067,
fever:203153,
fever:203154,
fever:203155,
fever:203156,
fever:203157,
fever:20316,
fever:203160,
fever:203161,
fever:203165,
fever:203178,
fever:203181,
fever:203369,
fever:203370,
fever:203373,
fever:203374,
fever:203376,
fever:203377,
fever:203384,
fever:203386,
fever:203389,
fever:203392,
fever:203393,
fever:203395,
fever:203607,
fever:203610,
fever:203613,
fever:203614,
fever:203615,
fever:203617,
fever:203621,
fever:203622,
fever:203623,
fever:203625,
fever:203627,
fever:203695,
fever:203696,
fever:203701,
fever:203994,
fever:203995,
fever:203996,
fever:203997,
fever:203998,
fever:204002,
fever:204003,
fever:204008,
fever:204010,
fever:204015,
fever:204017,
fever:204020,
fever:204022,
fever:204024,
fever:204025,
fever:204026,
fever:204027,
fever:204030,
fever:204032,
fever:204033,
fever:204035,
fever:204037,
fever:2042,
fever:20424,
fever:20428,
fever:20429,
fever:2043,
fever:204300,
fever:204301,
fever:204302,
fever:204305,
fever:204306,
fever:204307,
fever:204309,
fever:204310,
fever:204312,
fever:204316,
fever:204321,
fever:204325,
fever:204326,
fever:204330,
fever:204331,
fever:204333,
fever:204334,
fever:204341,
fever:204342,
fever:204343,
fever:204344,
fever:204347,
fever:204349,
fever:204351,
fever:204352,
fever:204355,
fever:204356,
fever:204361,
fever:20440,
fever:204413,
fever:204415,
fever:204419,
fever:204421,
fever:204425,
fever:204431,
fever:204432,
fever:204436,
fever:204437,
fever:204440,
fever:204443,
fever:204444,
fever:204449,
fever:204450,
fever:204454,
fever:204457,
fever:204458,
fever:204545,
fever:204548,
fever:204549,
fever:204551,
fever:204555,
fever:204556,
fever:204557,
fever:204560,
fever:204563,
fever:204566,
fever:204568,
fever:20457,
fever:204571,
fever:204572,
fever:204575,
fever:204577,
fever:20458,
fever:20461,
fever:204627,
fever:204630,
fever:204631,
fever:204636,
fever:204637,
fever:204640,
fever:204641,
fever:204643,
fever:204645,
fever:204646,
fever:204647,
fever:204650,
fever:204651,
fever:204652,
fever:204653,
fever:204654,
fever:20492,
fever:20493,
fever:20497,
fever:204980,
fever:204981,
fever:204985,
fever:204997,
fever:204998,
fever:205004,
fever:205063,
fever:205065,
fever:205070,
fever:205073,
fever:205074,
fever:205075,
fever:205076,
fever:205079,
fever:205081,
fever:205083,
fever:205086,
fever:205088,
fever:205089,
fever:205090,
fever:205092,
fever:205093,
fever:205094,
fever:205095,
fever:205097,
fever:205099,
fever:205100,
fever:205102,
fever:205106,
fever:205107,
fever:205108,
fever:205114,
fever:205120,
fever:205121,
fever:205122,
fever:205123,
fever:205124,
fever:205125,
fever:205126,
fever:205129,
fever:205133,
fever:205134,
fever:205278,
fever:205280,
fever:205283,
fever:205286,
fever:205288,
fever:20561,
fever:20563,
fever:205631,
fever:205636,
fever:205639,
fever:205641,
fever:205643,
fever:205646,
fever:205648,
fever:205650,
fever:205652,
fever:205655,
fever:205656,
fever:205658,
fever:205660,
fever:205662,
fever:20569,
fever:20572,
fever:205725,
fever:205726,
fever:205731,
fever:205733,
fever:205738,
fever:205739,
fever:205745,
fever:205747,
fever:20590,
fever:206018,
fever:206021,
fever:206022,
fever:206023,
fever:206024,
fever:206026,
fever:20603,
fever:206030,
fever:206031,
fever:206034,
fever:206035,
fever:206038,
fever:206039,
fever:206040,
fever:206041,
fever:20605,
fever:206148,
fever:206150,
fever:206156,
fever:206157,
fever:206158,
fever:206159,
fever:206161,
fever:206163,
fever:206167,
fever:206169,
fever:206171,
fever:206173,
fever:206174,
fever:20623,
fever:20640,
fever:20641,
fever:206434,
fever:206436,
fever:206437,
fever:206441,
fever:206447,
fever:206449,
fever:206453,
fever:206454,
fever:206457,
fever:206458,
fever:206459,
fever:206465,
fever:206712,
fever:206715,
fever:206716,
fever:206717,
fever:206718,
fever:20672,
fever:206722,
fever:206723,
fever:206728,
fever:206730,
fever:206733,
fever:206737,
fever:20694,
fever:206984,
fever:206985,
fever:206988,
fever:206991,
fever:206992,
fever:206993,
fever:206994,
fever:206997,
fever:206998,
fever:207000,
fever:207001,
fever:207003,
fever:207006,
fever:207007,
fever:207008,
fever:207009,
fever:207010,
fever:20703,
fever:20708,
fever:20711,
fever:20720,
fever:207252,
fever:207256,
fever:207259,
fever:207260,
fever:207261,
fever:207263,
fever:207317,
fever:207320,
fever:207326,
fever:207328,
fever:207332,
fever:207334,
fever:207338,
fever:207341,
fever:207378,
fever:207379,
fever:207382,
fever:207383,
fever:207384,
fever:207387,
fever:207388,
fever:207390,
fever:207514,
fever:207517,
fever:207521,
fever:207525,
fever:207526,
fever:207527,
fever:207528,
fever:207531,
fever:207533,
fever:207534,
fever:207541,
fever:207543,
fever:207669,
fever:207676,
fever:207678,
fever:207693,
fever:20770,
fever:20782,
fever:20783,
fever:20807,
fever:208133,
fever:208134,
fever:208136,
fever:208139,
fever:208144,
fever:208146,
fever:208148,
fever:208149,
fever:208150,
fever:208151,
fever:208153,
fever:208154,
fever:208156,
fever:208157,
fever:208159,
fever:208410,
fever:208413,
fever:208414,
fever:208416,
fever:208418,
fever:208420,
fever:208422,
fever:208424,
fever:208426,
fever:208427,
fever:208429,
fever:208431,
fever:208433,
fever:208435,
fever:208438,
fever:208440,
fever:208441,
fever:20847,
fever:208896,
fever:208898,
fever:208900,
fever:208901,
fever:208903,
fever:208906,
fever:208908,
fever:208910,
fever:208911,
fever:208912,
fever:208916,
fever:208917,
fever:208918,
fever:208919,
fever:208924,
fever:208927,
fever:209084,
fever:209085,
fever:209086,
fever:209087,
fever:209088,
fever:209092,
fever:209093,
fever:209095,
fever:209096,
fever:209097,
fever:209098,
fever:209099,
fever:209101,
fever:209102,
fever:209103,
fever:209107,
fever:209109,
fever:209114,
fever:209117,
fever:209119,
fever:209122,
fever:209123,
fever:20925,
fever:20926,
fever:209341,
fever:209342,
fever:209346,
fever:209350,
fever:209352,
fever:209354,
fever:209355,
fever:209356,
fever:209358,
fever:209360,
fever:20954,
fever:209845,
fever:209846,
fever:209849,
fever:209852,
fever:209855,
fever:209856,
fever:209857,
fever:209858,
fever:209859,
fever:209860,
fever:209861,
fever:209863,
fever:209869,
fever:209872,
fever:209874,
fever:209877,
fever:209879,
fever:209880,
fever:209881,
fever:209884,
fever:209888,
fever:21008,
fever:210206,
fever:210212,
fever:21026,
fever:21027,
fever:21032,
fever:21033,
fever:2106,
fever:21072,
fever:21085,
fever:211007,
fever:211009,
fever:211010,
fever:211011,
fever:211013,
fever:211015,
fever:211016,
fever:211017,
fever:211019,
fever:211021,
fever:211022,
fever:211025,
fever:211026,
fever:211027,
fever:21110,
fever:211271,
fever:211277,
fever:211278,
fever:211282,
fever:211286,
fever:211287,
fever:211288,
fever:211290,
fever:211291,
fever:211294,
fever:211304,
fever:21138,
fever:21145,
fever:21146,
fever:211770,
fever:211771,
fever:211772,
fever:211774,
fever:211775,
fever:211776,
fever:211777,
fever:211781,
fever:211783,
fever:211784,
fever:211788,
fever:211789,
fever:211792,
fever:211798,
fever:211799,
fever:211802,
fever:211803,
fever:211848,
fever:211851,
fever:211857,
fever:211859,
fever:211863,
fever:211866,
fever:21187,
fever:211872,
fever:21188,
fever:21189,
fever:21190,
fever:212029,
fever:212030,
fever:212035,
fever:212038,
fever:212039,
fever:21204,
fever:212052,
fever:212055,
fever:21211,
fever:212183,
fever:212186,
fever:212187,
fever:212188,
fever:212190,
fever:212192,
fever:212193,
fever:212194,
fever:212195,
fever:212197,
fever:212198,
fever:212202,
fever:212203,
fever:212206,
fever:212209,
fever:21221,
fever:212211,
fever:212212,
fever:212214,
fever:212216,
fever:212217,
fever:212218,
fever:212221,
fever:212225,
fever:212226,
fever:212228,
fever:212237,
fever:212241,
fever:212243,
fever:212244,
fever:21228,
fever:212309,
fever:212313,
fever:212314,
fever:212317,
fever:212318,
fever:212321,
fever:212324,
fever:212329,
fever:212331,
fever:212333,
fever:212335,
fever:212339,
fever:212340,
fever:21235,
fever:21236,
fever:21253,
fever:21270,
fever:21274,
fever:212767,
fever:212768,
fever:212774,
fever:212779,
fever:212780,
fever:21281,
fever:21313,
fever:21314,
fever:21320,
fever:213428,
fever:213435,
fever:213436,
fever:213437,
fever:213439,
fever:213442,
fever:213444,
fever:213449,
fever:21345,
fever:213451,
fever:213453,
fever:21376,
fever:213924,
fever:213927,
fever:213928,
fever:213930,
fever:213935,
fever:213936,
fever:213937,
fever:213940,
fever:213941,
fever:213943,
fever:213945,
fever:213948,
fever:213949,
fever:213952,
fever:213953,
fever:213954,
fever:213955,
fever:21404,
fever:21405,
fever:214238,
fever:214247,
fever:214256,
fever:214258,
fever:214262,
fever:214266,
fever:214268,
fever:214270,
fever:214271,
fever:214272,
fever:2144,
fever:2147,
fever:214780,
fever:214784,
fever:214785,
fever:214787,
fever:214789,
fever:214790,
fever:214799,
fever:21483,
fever:21493,
fever:21494,
fever:21495,
fever:214973,
fever:214974,
fever:214975,
fever:214976,
fever:214977,
fever:214982,
fever:214985,
fever:214986,
fever:214988,
fever:214989,
fever:2150,
fever:2151,
fever:215113,
fever:215121,
fever:215122,
fever:215123,
fever:215125,
fever:215128,
fever:215129,
fever:215130,
fever:215131,
fever:215135,
fever:215137,
fever:215140,
fever:215199,
fever:215200,
fever:215201,
fever:215202,
fever:215206,
fever:215211,
fever:215215,
fever:215218,
fever:215224,
fever:215226,
fever:215227,
fever:215230,
fever:215267,
fever:215272,
fever:215274,
fever:215276,
fever:215277,
fever:215279,
fever:215283,
fever:215285,
fever:215476,
fever:215477,
fever:215479,
fever:215482,
fever:215484,
fever:215487,
fever:215490,
fever:215491,
fever:215493,
fever:215495,
fever:215497,
fever:215498,
fever:215500,
fever:215502,
fever:215503,
fever:215504,
fever:215506,
fever:215507,
fever:215510,
fever:21558,
fever:21564,
fever:21566,
fever:215851,
fever:215853,
fever:215859,
fever:215860,
fever:215861,
fever:215862,
fever:215865,
fever:215867,
fever:215872,
fever:215873,
fever:215874,
fever:215875,
fever:215878,
fever:21588,
fever:21607,
fever:21617,
fever:216179,
fever:216186,
fever:216188,
fever:216192,
fever:216193,
fever:216196,
fever:216197,
fever:216347,
fever:216349,
fever:216351,
fever:216352,
fever:216356,
fever:216358,
fever:216360,
fever:216362,
fever:216363,
fever:216364,
fever:216365,
fever:216366,
fever:216367,
fever:216368,
fever:216381,
fever:216382,
fever:216384,
fever:216387,
fever:216389,
fever:216390,
fever:216392,
fever:216393,
fever:216395,
fever:216397,
fever:216399,
fever:216401,
fever:21644,
fever:21647,
fever:216578,
fever:216581,
fever:216583,
fever:216585,
fever:216591,
fever:216593,
fever:216594,
fever:216595,
fever:216597,
fever:216599,
fever:216771,
fever:216774,
fever:216777,
fever:216779,
fever:216780,
fever:216781,
fever:216783,
fever:216784,
fever:216790,
fever:216791,
fever:216793,
fever:216795,
fever:216798,
fever:216799,
fever:217014,
fever:217018,
fever:217023,
fever:217024,
fever:217025,
fever:217027,
fever:217091,
fever:217093,
fever:217094,
fever:217102,
fever:217107,
fever:217111,
fever:217115,
fever:21716,
fever:217166,
fever:217167,
fever:217168,
fever:217170,
fever:217172,
fever:217177,
fever:217179,
fever:217181,
fever:217182,
fever:217187,
fever:21719,
fever:217194,
fever:217195,
fever:217196,
fever:217197,
fever:217198,
fever:21720,
fever:217201,
fever:217205,
fever:217210,
fever:217212,
fever:217215,
fever:217217,
fever:217221,
fever:21728,
fever:217379,
fever:217380,
fever:217381,
fever:217390,
fever:217391,
fever:217658,
fever:217660,
fever:217662,
fever:217666,
fever:217669,
fever:217670,
fever:217671,
fever:217672,
fever:217676,
fever:217678,
fever:217680,
fever:217683,
fever:217684,
fever:21775,
fever:21784,
fever:21785,
fever:21804,
fever:218090,
fever:218092,
fever:218094,
fever:218096,
fever:218097,
fever:218099,
fever:218101,
fever:218102,
fever:218104,
fever:218105,
fever:218107,
fever:218109,
fever:218110,
fever:218111,
fever:218112,
fever:218113,
fever:218114,
fever:218115,
fever:218232,
fever:218233,
fever:218235,
fever:218237,
fever:218238,
fever:218239,
fever:218240,
fever:218242,
fever:218243,
fever:218244,
fever:218245,
fever:218246,
fever:218248,
fever:218249,
fever:218252,
fever:218358,
fever:218361,
fever:218362,
fever:218367,
fever:218368,
fever:218370,
fever:218371,
fever:218372,
fever:218373,
fever:218462,
fever:218468,
fever:218469,
fever:218471,
fever:218472,
fever:218474,
fever:218475,
fever:218476,
fever:218479,
fever:218481,
fever:21852,
fever:21853,
fever:21854,
fever:21858,
fever:21875,
fever:21882,
fever:21883,
fever:21888,
fever:21899,
fever:219025,
fever:219028,
fever:219030,
fever:219033,
fever:219036,
fever:219123,
fever:219125,
fever:219126,
fever:219128,
fever:219130,
fever:219132,
fever:219139,
fever:219142,
fever:219144,
fever:219146,
fever:219149,
fever:219151,
fever:219153,
fever:219155,
fever:219161,
fever:219164,
fever:219165,
fever:219171,
fever:219173,
fever:219188,
fever:219189,
fever:219190,
fever:219200,
fever:219202,
fever:219205,
fever:219276,
fever:219278,
fever:219284,
fever:219285,
fever:219289,
fever:219291,
fever:219294,
fever:219295,
fever:219298,
fever:219299,
fever:219303,
fever:219305,
fever:21933,
fever:21958,
fever:21959,
fever:219674,
fever:219675,
fever:219676,
fever:219684,
fever:219686,
fever:219688,
fever:219691,
fever:219693,
fever:2197,
fever:219704,
fever:219708,
fever:21986,
fever:21990,
fever:22002,
fever:22017,
fever:220200,
fever:220201,
fever:220204,
fever:220205,
fever:220207,
fever:220212,
fever:220214,
fever:220215,
fever:220216,
fever:220219,
fever:220234,
fever:220235,
fever:220237,
fever:220238,
fever:220239,
fever:220243,
fever:220248,
fever:220251,
fever:220278,
fever:220279,
fever:220280,
fever:220282,
fever:220284,
fever:220288,
fever:220290,
fever:220291,
fever:220296,
fever:22042,
fever:22043,
fever:220439,
fever:220442,
fever:220446,
fever:220447,
fever:220449,
fever:220452,
fever:220461,
fever:220464,
fever:220466,
fever:22089,
fever:22092,
fever:22093,
fever:220949,
fever:220952,
fever:220958,
fever:22096,
fever:220963,
fever:220969,
fever:220974,
fever:220975,
fever:220977,
fever:220980,
fever:220989,
fever:22103,
fever:221071,
fever:221072,
fever:221073,
fever:221076,
fever:221077,
fever:221081,
fever:221085,
fever:221086,
fever:221087,
fever:221090,
fever:221093,
fever:221120,
fever:221121,
fever:221124,
fever:221126,
fever:221127,
fever:221129,
fever:221131,
fever:221132,
fever:221135,
fever:221137,
fever:221146,
fever:221148,
fever:221152,
fever:22116,
fever:221237,
fever:221240,
fever:221241,
fever:221244,
fever:221245,
fever:221249,
fever:221250,
fever:221251,
fever:221252,
fever:221256,
fever:221257,
fever:22126,
fever:22186,
fever:22187,
fever:22192,
fever:22193,
fever:22194,
fever:22195,
fever:22201,
fever:222024,
fever:222026,
fever:222027,
fever:222028,
fever:222030,
fever:222031,
fever:222033,
fever:222035,
fever:222036,
fever:222041,
fever:222042,
fever:222043,
fever:222045,
fever:222046,
fever:222049,
fever:222161,
fever:222162,
fever:222169,
fever:222170,
fever:222171,
fever:222172,
fever:222173,
fever:222174,
fever:22220,
fever:2223,
fever:22255,
fever:222643,
fever:222645,
fever:222647,
fever:222650,
fever:222651,
fever:222652,
fever:222654,
fever:22266,
fever:222660,
fever:222661,
fever:222662,
fever:222715,
fever:222717,
fever:222719,
fever:222721,
fever:222724,
fever:222725,
fever:222728,
fever:222730,
fever:222732,
fever:222735,
fever:222737,
fever:222738,
fever:222741,
fever:222745,
fever:222746,
fever:222748,
fever:222754,
fever:222755,
fever:222757,
fever:222759,
fever:222760,
fever:222761,
fever:222763,
fever:222764,
fever:222765,
fever:222767,
fever:222768,
fever:222770,
fever:222772,
fever:222775,
fever:222875,
fever:222881,
fever:222887,
fever:222888,
fever:222895,
fever:222896,
fever:222899,
fever:223,
fever:22309,
fever:2231,
fever:22310,
fever:223201,
fever:223202,
fever:223203,
fever:223204,
fever:223205,
fever:223208,
fever:223210,
fever:223212,
fever:223214,
fever:223219,
fever:223220,
fever:223271,
fever:223272,
fever:223273,
fever:223274,
fever:223278,
fever:223279,
fever:223288,
fever:223291,
fever:223294,
fever:223295,
fever:223334,
fever:223337,
fever:223338,
fever:223339,
fever:223340,
fever:223342,
fever:223343,
fever:223346,
fever:223349,
fever:223350,
fever:223351,
fever:223352,
fever:223487,
fever:223488,
fever:223489,
fever:223491,
fever:223493,
fever:223495,
fever:223499,
fever:22355,
fever:223664,
fever:223667,
fever:223668,
fever:223669,
fever:223670,
fever:223675,
fever:223678,
fever:223682,
fever:223692,
fever:223693,
fever:22370,
fever:223707,
fever:22371,
fever:223767,
fever:223768,
fever:223771,
fever:223774,
fever:223775,
fever:223780,
fever:22409,
fever:224114,
fever:224115,
fever:224122,
fever:224125,
fever:224127,
fever:224131,
fever:224133,
fever:224134,
fever:224136,
fever:224137,
fever:224139,
fever:224140,
fever:224141,
fever:224145,
fever:224184,
fever:224186,
fever:224187,
fever:22419,
fever:224191,
fever:224192,
fever:224193,
fever:224195,
fever:224197,
fever:224200,
fever:224201,
fever:224202,
fever:22435,
fever:224369,
fever:224370,
fever:224371,
fever:224373,
fever:224374,
fever:224376,
fever:224378,
fever:224379,
fever:224381,
fever:224384,
fever:22441,
fever:224552,
fever:224553,
fever:224557,
fever:224558,
fever:224562,
fever:224566,
fever:224567,
fever:224568,
fever:224569,
fever:224572,
fever:224573,
fever:22480,
fever:22491,
fever:22495,
fever:224956,
fever:224959,
fever:224964,
fever:224968,
fever:22507,
fever:22518,
fever:225236,
fever:225237,
fever:225239,
fever:225250,
fever:225252,
fever:225253,
fever:225254,
fever:225255,
fever:225258,
fever:225262,
fever:225265,
fever:225266,
fever:225267,
fever:225269,
fever:225273,
fever:225277,
fever:225278,
fever:225281,
fever:225283,
fever:225285,
fever:225288,
fever:225289,
fever:225291,
fever:225294,
fever:225295,
fever:225296,
fever:225297,
fever:225298,
fever:225301,
fever:225303,
fever:225308,
fever:225312,
fever:225313,
fever:225722,
fever:225723,
fever:225726,
fever:225739,
fever:225744,
fever:225747,
fever:225748,
fever:225749,
fever:225790,
fever:225791,
fever:225792,
fever:225794,
fever:225797,
fever:225800,
fever:225802,
fever:225803,
fever:225804,
fever:225810,
fever:225811,
fever:225814,
fever:225817,
fever:225819,
fever:225820,
fever:225823,
fever:225826,
fever:225863,
fever:225865,
fever:225868,
fever:225871,
fever:225872,
fever:225873,
fever:225874,
fever:22609,
fever:226092,
fever:226095,
fever:226098,
fever:226100,
fever:226101,
fever:226102,
fever:226105,
fever:226106,
fever:226107,
fever:226113,
fever:226114,
fever:226115,
fever:226119,
fever:226121,
fever:226122,
fever:226127,
fever:226135,
fever:226136,
fever:226137,
fever:226139,
fever:226143,
fever:226146,
fever:226147,
fever:22615,
fever:226153,
fever:226158,
fever:22619,
fever:22620,
fever:22623,
fever:22633,
fever:22638,
fever:22639,
fever:226440,
fever:226441,
fever:226444,
fever:226445,
fever:226451,
fever:226454,
fever:226457,
fever:226458,
fever:226840,
fever:226843,
fever:226845,
fever:226848,
fever:226849,
fever:226850,
fever:226851,
fever:226853,
fever:226855,
fever:226856,
fever:226857,
fever:226858,
fever:226860,
fever:226862,
fever:226864,
fever:22687,
fever:226871,
fever:226877,
fever:226878,
fever:226880,
fever:226885,
fever:2270,
fever:227067,
fever:227068,
fever:227070,
fever:227072,
fever:227073,
fever:227080,
fever:227081,
fever:227083,
fever:227084,
fever:227085,
fever:227087,
fever:227088,
fever:227090,
fever:227092,
fever:227093,
fever:227095,
fever:227096,
fever:227097,
fever:227098,
fever:227101,
fever:227103,
fever:227109,
fever:227112,
fever:227116,
fever:227120,
fever:227121,
fever:227122,
fever:227129,
fever:227130,
fever:227132,
fever:227133,
fever:227135,
fever:227139,
fever:227140,
fever:22724,
fever:22725,
fever:22726,
fever:22729,
fever:227347,
fever:227348,
fever:227349,
fever:227350,
fever:227355,
fever:227356,
fever:227357,
fever:227360,
fever:227361,
fever:227362,
fever:227363,
fever:227365,
fever:227369,
fever:227372,
fever:227373,
fever:22744,
fever:227771,
fever:227773,
fever:227775,
fever:227779,
fever:227788,
fever:227789,
fever:227791,
fever:22782,
fever:22804,
fever:22805,
fever:228061,
fever:228062,
fever:228063,
fever:228066,
fever:22807,
fever:228070,
fever:228071,
fever:228073,
fever:228074,
fever:228080,
fever:228086,
fever:228088,
fever:228318,
fever:228320,
fever:228323,
fever:228324,
fever:228334,
fever:228335,
fever:228341,
fever:228343,
fever:228345,
fever:228350,
fever:228351,
fever:228430,
fever:228432,
fever:22846,
fever:22851,
fever:228568,
fever:228571,
fever:228572,
fever:228576,
fever:228586,
fever:22861,
fever:22862,
fever:228689,
fever:228690,
fever:228693,
fever:228694,
fever:22871,
fever:22929,
fever:229303,
fever:229304,
fever:229305,
fever:229309,
fever:229311,
fever:229312,
fever:229317,
fever:229319,
fever:22942,
fever:22944,
fever:2295,
fever:23012,
fever:23063,
fever:23075,
fever:23080,
fever:23118,
fever:23126,
fever:23137,
fever:23147,
fever:23148,
fever:23153,
fever:2316,
fever:2317,
fever:23172,
fever:23173,
fever:23196,
fever:23198,
fever:23210,
fever:23211,
fever:23212,
fever:23230,
fever:23251,
fever:23261,
fever:23296,
fever:23299,
fever:23317,
fever:23330,
fever:23381,
fever:23427,
fever:23428,
fever:23446,
fever:23459,
fever:23475,
fever:23496,
fever:23497,
fever:23512,
fever:23516,
fever:23536,
fever:23540,
fever:23563,
fever:23570,
fever:23572,
fever:2358,
fever:23588,
fever:2359,
fever:23590,
fever:23605,
fever:23607,
fever:23628,
fever:23633,
fever:23634,
fever:23679,
fever:2369,
fever:2371,
fever:2372,
fever:23729,
fever:23736,
fever:2374,
fever:23741,
fever:23753,
fever:23766,
fever:23794,
fever:23797,
fever:23804,
fever:23806,
fever:23807,
fever:23845,
fever:23846,
fever:23861,
fever:23884,
fever:23885,
fever:2389,
fever:23906,
fever:23925,
fever:23934,
fever:23939,
fever:23943,
fever:23949,
fever:23961,
fever:23962,
fever:23967,
fever:23994,
fever:24021,
fever:24025,
fever:24044,
fever:2405,
fever:2406,
fever:24063,
fever:24074,
fever:24078,
fever:24080,
fever:24094,
fever:24095,
fever:24099,
fever:24110,
fever:24117,
fever:24118,
fever:2414,
fever:24142,
fever:24143,
fever:24152,
fever:2416,
fever:24175,
fever:24204,
fever:24205,
fever:2421,
fever:24217,
fever:24240,
fever:24247,
fever:24258,
fever:24259,
fever:24264,
fever:24271,
fever:24273,
fever:24311,
fever:24312,
fever:24315,
fever:24345,
fever:24372,
fever:24442,
fever:24448,
fever:24454,
fever:2447,
fever:24479,
fever:24480,
fever:24481,
fever:24495,
fever:24541,
fever:24543,
fever:24595,
fever:24646,
fever:24659,
fever:2466,
fever:24675,
fever:24684,
fever:24741,
fever:24742,
fever:24744,
fever:24767,
fever:24779,
fever:24782,
fever:24795,
fever:24797,
fever:24803,
fever:24839,
fever:24854,
fever:24885,
fever:24910,
fever:24975,
fever:24994,
fever:25004,
fever:25005,
fever:25008,
fever:25025,
fever:25058,
fever:25080,
fever:25089,
fever:25115,
fever:25131,
fever:25147,
fever:25178,
fever:25199,
fever:2521,
fever:25238,
fever:25247,
fever:25289,
fever:25290,
fever:2530,
fever:2531,
fever:25320,
fever:25339,
fever:25358,
fever:25359,
fever:2536,
fever:25368,
fever:25379,
fever:25395,
fever:25396,
fever:25397,
fever:25408,
fever:25409,
fever:25410,
fever:25458,
fever:25470,
fever:25490,
fever:25504,
fever:25505,
fever:25520,
fever:25521,
fever:25533,
fever:25545,
fever:25548,
fever:25551,
fever:25564,
fever:25573,
fever:25591,
fever:25642,
fever:25676,
fever:25705,
fever:25717,
fever:25722,
fever:25739,
fever:25740,
fever:25748,
fever:2575,
fever:25780,
fever:25781,
fever:25799,
fever:25811,
fever:25824,
fever:25828,
fever:25829,
fever:25837,
fever:25842,
fever:25870,
fever:25906,
fever:25921,
fever:25933,
fever:2594,
fever:25995,
fever:26008,
fever:26061,
fever:26078,
fever:26081,
fever:26132,
fever:26141,
fever:2615,
fever:26155,
fever:2616,
fever:26180,
fever:26212,
fever:26217,
fever:26224,
fever:26251,
fever:26271,
fever:26281,
fever:26289,
fever:26294,
fever:26300,
fever:26301,
fever:26317,
fever:26322,
fever:26332,
fever:26340,
fever:26341,
fever:26359,
fever:26378,
fever:26381,
fever:26382,
fever:26389,
fever:26404,
fever:26444,
fever:26446,
fever:26450,
fever:26454,
fever:26500,
fever:26525,
fever:26548,
fever:26549,
fever:26550,
fever:26556,
fever:26592,
fever:26598,
fever:26611,
fever:26623,
fever:26624,
fever:26635,
fever:26675,
fever:26687,
fever:26690,
fever:26705,
fever:26717,
fever:26792,
fever:26793,
fever:26804,
fever:26819,
fever:26820,
fever:2683,
fever:26830,
fever:26836,
fever:26839,
fever:26842,
fever:26852,
fever:26878,
fever:26886,
fever:26887,
fever:26914,
fever:26919,
fever:26947,
fever:26948,
fever:26964,
fever:26986,
fever:2699,
fever:27033,
fever:27040,
fever:27041,
fever:27052,
fever:27073,
fever:27081,
fever:27082,
fever:27117,
fever:27120,
fever:27148,
fever:2717,
fever:27187,
fever:27233,
fever:27269,
fever:27278,
fever:27279,
fever:27283,
fever:27294,
fever:27301,
fever:27307,
fever:27308,
fever:27357,
fever:27386,
fever:2739,
fever:27398,
fever:27403,
fever:27416,
fever:27417,
fever:27439,
fever:27455,
fever:27457,
fever:27461,
fever:27496,
fever:27497,
fever:27503,
fever:27561,
fever:27564,
fever:27583,
fever:27588,
fever:27589,
fever:27595,
fever:27605,
fever:27651,
fever:27657,
fever:27701,
fever:27702,
fever:27715,
fever:27753,
fever:27775,
fever:27777,
fever:27778,
fever:27806,
fever:27807,
fever:27809,
fever:27863,
fever:27865,
fever:27869,
fever:27897,
fever:27960,
fever:2797,
fever:27973,
fever:2798,
fever:27980,
fever:28013,
fever:28048,
fever:28063,
fever:28092,
fever:28179,
fever:28188,
fever:28201,
fever:28227,
fever:28246,
fever:28257,
fever:28270,
fever:28278,
fever:28307,
fever:28324,
fever:28325,
fever:28329,
fever:28337,
fever:28338,
fever:2834,
fever:2835,
fever:28369,
fever:28380,
fever:28381,
fever:28384,
fever:28406,
fever:28421,
fever:28447,
fever:28495,
fever:28496,
fever:28499,
fever:28517,
fever:28525,
fever:28544,
fever:28545,
fever:28552,
fever:28560,
fever:28593,
fever:28626,
fever:28656,
fever:28657,
fever:28679,
fever:28702,
fever:28706,
fever:28716,
fever:2874,
fever:28754,
fever:28788,
fever:28802,
fever:28803,
fever:28832,
fever:28833,
fever:28862,
fever:28863,
fever:28864,
fever:28867,
fever:28892,
fever:28908,
fever:28911,
fever:28912,
fever:28914,
fever:28918,
fever:28930,
fever:28968,
fever:2904,
fever:29064,
fever:29089,
fever:29092,
fever:2910,
fever:29104,
fever:29112,
fever:29113,
fever:29142,
fever:29143,
fever:29145,
fever:29146,
fever:29193,
fever:29205,
fever:29219,
fever:29228,
fever:29229,
fever:29256,
fever:29257,
fever:29289,
fever:29290,
fever:29296,
fever:29306,
fever:29324,
fever:29338,
fever:29352,
fever:29353,
fever:29361,
fever:29364,
fever:29365,
fever:2937,
fever:2938,
fever:29443,
fever:2947,
fever:2948,
fever:29490,
fever:29518,
fever:29530,
fever:29534,
fever:29543,
fever:29544,
fever:29550,
fever:29551,
fever:29556,
fever:29577,
fever:29580,
fever:29581,
fever:29590,
fever:29591,
fever:29594,
fever:29595,
fever:2961,
fever:29658,
fever:29659,
fever:29675,
fever:29688,
fever:29704,
fever:29705,
fever:29720,
fever:29746,
fever:29750,
fever:29786,
fever:29804,
fever:2983,
fever:2984,
fever:29848,
fever:29849,
fever:29856,
fever:29857,
fever:29861,
fever:29862,
fever:29863,
fever:29864,
fever:29873,
fever:29893,
fever:29902,
fever:29903,
fever:29952,
fever:29953,
fever:29993,
fever:30014,
fever:30023,
fever:30024,
fever:30062,
fever:3008,
fever:3009,
fever:30106,
fever:30122,
fever:3013,
fever:30133,
fever:30134,
fever:30144,
fever:3015,
fever:30178,
fever:3019,
fever:30233,
fever:30234,
fever:30236,
fever:30239,
fever:30258,
fever:30259,
fever:30270,
fever:30309,
fever:3033,
fever:30333,
fever:304,
fever:30425,
fever:30479,
fever:30486,
fever:305,
fever:3059,
fever:30609,
fever:3063,
fever:30638,
fever:30640,
fever:30645,
fever:30673,
fever:30715,
fever:30745,
fever:30746,
fever:30790,
fever:30800,
fever:30805,
fever:30807,
fever:30824,
fever:3086,
fever:30863,
fever:3087,
fever:30961,
fever:30962,
fever:30965,
fever:30968,
fever:30984,
fever:31013,
fever:31020,
fever:31026,
fever:3106,
fever:31105,
fever:3111,
fever:31114,
fever:3113,
fever:31131,
fever:31138,
fever:31160,
fever:31163,
fever:31167,
fever:31168,
fever:31186,
fever:3119,
fever:31192,
fever:31232,
fever:31358,
fever:31367,
fever:31418,
fever:31422,
fever:31447,
fever:3145,
fever:31456,
fever:31457,
fever:31470,
fever:3148,
fever:3149,
fever:31496,
fever:315,
fever:31581,
fever:3159,
fever:316,
fever:3160,
fever:31620,
fever:31631,
fever:31632,
fever:31675,
fever:31676,
fever:31681,
fever:31684,
fever:31686,
fever:31693,
fever:31723,
fever:31728,
fever:31733,
fever:31743,
fever:3176,
fever:31770,
fever:31771,
fever:31774,
fever:31775,
fever:31813,
fever:31842,
fever:31843,
fever:31845,
fever:31852,
fever:31857,
fever:31868,
fever:31885,
fever:31903,
fever:31904,
fever:31905,
fever:31916,
fever:31958,
fever:31960,
fever:31963,
fever:31997,
fever:3201,
fever:3202,
fever:32076,
fever:32079,
fever:32080,
fever:32091,
fever:32092,
fever:3210,
fever:32145,
fever:32146,
fever:3215,
fever:32153,
fever:32233,
fever:32255,
fever:32283,
fever:32321,
fever:32338,
fever:32355,
fever:32382,
fever:32402,
fever:32429,
fever:32432,
fever:32474,
fever:32487,
fever:32490,
fever:32505,
fever:32520,
fever:32534,
fever:32535,
fever:32595,
fever:32596,
fever:32609,
fever:3264,
fever:32652,
fever:32672,
fever:32679,
fever:32687,
fever:327,
fever:32711,
fever:32712,
fever:32730,
fever:32734,
fever:32740,
fever:32781,
fever:32796,
fever:32815,
fever:32820,
fever:32827,
fever:32890,
fever:32891,
fever:32918,
fever:32923,
fever:32927,
fever:32939,
fever:32940,
fever:32956,
fever:32958,
fever:32959,
fever:32970,
fever:32987,
fever:33009,
fever:33011,
fever:3305,
fever:33054,
fever:33055,
fever:33075,
fever:33112,
fever:33130,
fever:33166,
fever:33171,
fever:33172,
fever:33196,
fever:33197,
fever:33214,
fever:33222,
fever:33235,
fever:33240,
fever:33270,
fever:33275,
fever:33290,
fever:33313,
fever:33314,
fever:33322,
fever:33334,
fever:33339,
fever:33368,
fever:3337,
fever:33374,
fever:33377,
fever:3338,
fever:33447,
fever:33465,
fever:3348,
fever:3349,
fever:33491,
fever:33496,
fever:33498,
fever:33531,
fever:33547,
fever:33573,
fever:33574,
fever:33578,
fever:33604,
fever:33605,
fever:33644,
fever:33670,
fever:33671,
fever:33675,
fever:33688,
fever:3370,
fever:33700,
fever:3371,
fever:33739,
fever:33740,
fever:33744,
fever:33796,
fever:33838,
fever:33839,
fever:33840,
fever:33844,
fever:33918,
fever:33949,
fever:33955,
fever:33982,
fever:33986,
fever:34004,
fever:34029,
fever:34034,
fever:34064,
fever:34073,
fever:34105,
fever:34111,
fever:3413,
fever:34155,
fever:34156,
fever:34162,
fever:34180,
fever:34184,
fever:34195,
fever:34205,
fever:34213,
fever:34227,
fever:34228,
fever:34230,
fever:34244,
fever:34249,
fever:34309,
fever:3432,
fever:34323,
fever:34353,
fever:34357,
fever:34385,
fever:34392,
fever:34396,
fever:34412,
fever:34454,
fever:34461,
fever:3448,
fever:34496,
fever:34506,
fever:34507,
fever:34521,
fever:34524,
fever:34525,
fever:34527,
fever:34545,
fever:34577,
fever:34583,
fever:34619,
fever:34658,
fever:34677,
fever:34684,
fever:34695,
fever:34747,
fever:3475,
fever:34755,
fever:34764,
fever:34766,
fever:34769,
fever:34774,
fever:34791,
fever:34823,
fever:34829,
fever:3483,
fever:34830,
fever:34845,
fever:34876,
fever:34881,
fever:34906,
fever:34907,
fever:3492,
fever:34924,
fever:34936,
fever:3494,
fever:34944,
fever:34961,
fever:35003,
fever:35009,
fever:35030,
fever:35031,
fever:35043,
fever:35055,
fever:35065,
fever:3509,
fever:35123,
fever:3517,
fever:35174,
fever:3518,
fever:35219,
fever:35230,
fever:35237,
fever:35271,
fever:35282,
fever:35286,
fever:35290,
fever:35291,
fever:35309,
fever:35365,
fever:35381,
fever:35382,
fever:354,
fever:35405,
fever:35406,
fever:35411,
fever:35416,
fever:3545,
fever:3546,
fever:35475,
fever:35479,
fever:35494,
fever:35523,
fever:35552,
fever:3556,
fever:35574,
fever:35575,
fever:35596,
fever:35617,
fever:35619,
fever:3562,
fever:35627,
fever:35681,
fever:35695,
fever:357,
fever:35702,
fever:35703,
fever:35706,
fever:35708,
fever:35720,
fever:35752,
fever:35754,
fever:35804,
fever:35822,
fever:3583,
fever:35833,
fever:35843,
fever:35844,
fever:3585,
fever:35855,
fever:35858,
fever:35859,
fever:3588,
fever:35881,
fever:35882,
fever:35899,
fever:35905,
fever:35914,
fever:35968,
fever:3597,
fever:3598,
fever:36038,
fever:36063,
fever:36081,
fever:36091,
fever:36092,
fever:36094,
fever:36141,
fever:36170,
fever:36171,
fever:36207,
fever:36242,
fever:36251,
fever:36272,
fever:36281,
fever:36298,
fever:36308,
fever:36332,
fever:36333,
fever:36347,
fever:36350,
fever:36353,
fever:3637,
fever:36370,
fever:36371,
fever:3638,
fever:36399,
fever:36424,
fever:36425,
fever:36428,
fever:36444,
fever:36448,
fever:36453,
fever:36468,
fever:36480,
fever:36496,
fever:36500,
fever:36501,
fever:3656,
fever:36569,
fever:36570,
fever:3661,
fever:36629,
fever:36633,
fever:36650,
fever:3667,
fever:3668,
fever:367,
fever:36731,
fever:36775,
fever:368,
fever:36815,
fever:3682,
fever:36828,
fever:36829,
fever:36832,
fever:36833,
fever:36843,
fever:36844,
fever:36849,
fever:36860,
fever:36882,
fever:36885,
fever:36886,
fever:369,
fever:36922,
fever:36932,
fever:36952,
fever:36953,
fever:36988,
fever:370,
fever:37050,
fever:37052,
fever:37060,
fever:37067,
fever:37086,
fever:37092,
fever:37097,
fever:37099,
fever:37100,
fever:37112,
fever:37136,
fever:37137,
fever:37153,
fever:37159,
fever:3717,
fever:3718,
fever:37202,
fever:37229,
fever:37234,
fever:37250,
fever:37253,
fever:37265,
fever:3728,
fever:37281,
fever:37282,
fever:37325,
fever:37326,
fever:37331,
fever:3734,
fever:37386,
fever:37401,
fever:37432,
fever:37467,
fever:37490,
fever:37537,
fever:37539,
fever:37546,
fever:37557,
fever:37558,
fever:3761,
fever:37625,
fever:37626,
fever:37664,
fever:37675,
fever:37691,
fever:37710,
fever:37715,
fever:37718,
fever:37727,
fever:37739,
fever:37749,
fever:37768,
fever:37773,
fever:37792,
fever:37801,
fever:37802,
fever:37829,
fever:3783,
fever:37848,
fever:37872,
fever:37878,
fever:37881,
fever:37887,
fever:37923,
fever:37924,
fever:37929,
fever:3794,
fever:37945,
fever:37947,
fever:3795,
fever:37960,
fever:37995,
fever:37996,
fever:37997,
fever:38004,
fever:38029,
fever:38046,
fever:38049,
fever:38052,
fever:38082,
fever:3809,
fever:38107,
fever:38110,
fever:38117,
fever:38124,
fever:38125,
fever:38141,
fever:38175,
fever:38183,
fever:38210,
fever:38255,
fever:38258,
fever:38262,
fever:38267,
fever:38275,
fever:38288,
fever:3829,
fever:38299,
fever:38312,
fever:38313,
fever:38324,
fever:38338,
fever:38384,
fever:38399,
fever:3843,
fever:38447,
fever:38481,
fever:38486,
fever:38501,
fever:38529,
fever:38540,
fever:38549,
fever:3857,
fever:38574,
fever:38585,
fever:38587,
fever:38599,
fever:38654,
fever:38671,
fever:38678,
fever:38695,
fever:38696,
fever:38708,
fever:38745,
fever:38750,
fever:38794,
fever:38807,
fever:38861,
fever:38898,
fever:38904,
fever:38922,
fever:38923,
fever:38925,
fever:38931,
fever:38939,
fever:38940,
fever:38944,
fever:38947,
fever:38950,
fever:39018,
fever:39114,
fever:39115,
fever:39121,
fever:39137,
fever:39150,
fever:39171,
fever:39173,
fever:39174,
fever:39175,
fever:39188,
fever:39224,
fever:39342,
fever:39351,
fever:39399,
fever:39400,
fever:39405,
fever:39414,
fever:39437,
fever:39448,
fever:39452,
fever:39454,
fever:39455,
fever:39480,
fever:39499,
fever:39509,
fever:39536,
fever:39539,
fever:39545,
fever:39564,
fever:39599,
fever:39605,
fever:39606,
fever:39608,
fever:39609,
fever:39612,
fever:39615,
fever:39616,
fever:39634,
fever:39664,
fever:3967,
fever:39670,
fever:39716,
fever:39793,
fever:39801,
fever:39811,
fever:39832,
fever:39833,
fever:39855,
fever:39873,
fever:39897,
fever:39958,
fever:39977,
fever:39983,
fever:40052,
fever:40057,
fever:40086,
fever:40124,
fever:40125,
fever:40144,
fever:40179,
fever:40181,
fever:40195,
fever:40205,
fever:40221,
fever:40250,
fever:40296,
fever:40305,
fever:40307,
fever:40325,
fever:40351,
fever:4039,
fever:40396,
fever:40397,
fever:4041,
fever:40417,
fever:40432,
fever:40442,
fever:40443,
fever:40444,
fever:40450,
fever:40457,
fever:40469,
fever:40475,
fever:40511,
fever:40527,
fever:40528,
fever:4058,
fever:40621,
fever:40622,
fever:40626,
fever:40641,
fever:40642,
fever:40643,
fever:40666,
fever:40742,
fever:40748,
fever:40755,
fever:40778,
fever:40785,
fever:40808,
fever:40833,
fever:40858,
fever:40859,
fever:40863,
fever:40883,
fever:4090,
fever:4091,
fever:40921,
fever:40922,
fever:40944,
fever:40992,
fever:4100,
fever:41003,
fever:41049,
fever:41090,
fever:41091,
fever:41097,
fever:41120,
fever:41123,
fever:41150,
fever:41198,
fever:41199,
fever:41221,
fever:41265,
fever:41266,
fever:41290,
fever:41316,
fever:4132,
fever:41330,
fever:41337,
fever:4134,
fever:41419,
fever:41441,
fever:41452,
fever:41480,
fever:41492,
fever:41515,
fever:41518,
fever:41571,
fever:41606,
fever:41634,
fever:41656,
fever:41661,
fever:41665,
fever:41703,
fever:4171,
fever:41711,
fever:4172,
fever:41728,
fever:41764,
fever:41780,
fever:41786,
fever:4179,
fever:41790,
fever:41803,
fever:41810,
fever:41811,
fever:41820,
fever:41821,
fever:41829,
fever:41833,
fever:41840,
fever:41848,
fever:41850,
fever:419,
fever:41923,
fever:41935,
fever:41947,
fever:41953,
fever:41975,
fever:41976,
fever:41980,
fever:420,
fever:42024,
fever:42026,
fever:42027,
fever:42041,
fever:42052,
fever:42072,
fever:42117,
fever:42152,
fever:42165,
fever:42173,
fever:42174,
fever:42184,
fever:42187,
fever:42188,
fever:422,
fever:42201,
fever:42209,
fever:42213,
fever:42215,
fever:42223,
fever:42226,
fever:42258,
fever:42274,
fever:42300,
fever:42339,
fever:42343,
fever:42344,
fever:42350,
fever:42362,
fever:42385,
fever:42390,
fever:42397,
fever:4240,
fever:42406,
fever:42412,
fever:4246,
fever:42470,
fever:42493,
fever:4251,
fever:42559,
fever:42583,
fever:42594,
fever:426,
fever:42611,
fever:42612,
fever:42619,
fever:42620,
fever:42628,
fever:42643,
fever:42652,
fever:42669,
fever:4267,
fever:42686,
fever:42709,
fever:42720,
fever:42722,
fever:4273,
fever:42770,
fever:4280,
fever:42817,
fever:42841,
fever:42888,
fever:42922,
fever:42924,
fever:42933,
fever:42943,
fever:42954,
fever:42963,
fever:42964,
fever:42966,
fever:42974,
fever:42982,
fever:42998,
fever:43008,
fever:43009,
fever:43011,
fever:43041,
fever:43042,
fever:43078,
fever:43080,
fever:43109,
fever:43110,
fever:43141,
fever:4315,
fever:43153,
fever:43168,
fever:43170,
fever:43171,
fever:43300,
fever:43317,
fever:43326,
fever:43378,
fever:43437,
fever:43444,
fever:43458,
fever:43459,
fever:43460,
fever:43468,
fever:43475,
fever:43478,
fever:4350,
fever:4351,
fever:43510,
fever:43515,
fever:43516,
fever:43522,
fever:43523,
fever:43526,
fever:43535,
fever:43554,
fever:43563,
fever:43564,
fever:43593,
fever:43608,
fever:43621,
fever:43641,
fever:43644,
fever:43646,
fever:43666,
fever:43667,
fever:43696,
fever:43697,
fever:43698,
fever:43702,
fever:43776,
fever:43806,
fever:43811,
fever:43812,
fever:43813,
fever:43842,
fever:43862,
fever:43900,
fever:43905,
fever:43906,
fever:4391,
fever:43920,
fever:43964,
fever:43974,
fever:43981,
fever:44061,
fever:44156,
fever:44180,
fever:44214,
fever:44223,
fever:4423,
fever:44239,
fever:44240,
fever:44277,
fever:44291,
fever:44327,
fever:4433,
fever:44332,
fever:44334,
fever:44347,
fever:44361,
fever:44380,
fever:44381,
fever:44383,
fever:44396,
fever:44397,
fever:44427,
fever:4445,
fever:44452,
fever:44497,
fever:44512,
fever:44544,
fever:44552,
fever:44565,
fever:44566,
fever:4458,
fever:446,
fever:44605,
fever:44610,
fever:44617,
fever:44703,
fever:44710,
fever:44720,
fever:44721,
fever:44722,
fever:44732,
fever:44754,
fever:44755,
fever:44787,
fever:44801,
fever:44809,
fever:44837,
fever:44856,
fever:44864,
fever:44889,
fever:44890,
fever:44899,
fever:44927,
fever:44928,
fever:44946,
fever:44950,
fever:44955,
fever:44987,
fever:4499,
fever:44998,
fever:4500,
fever:45014,
fever:45018,
fever:45036,
fever:4506,
fever:45085,
fever:45109,
fever:45124,
fever:45143,
fever:45180,
fever:45192,
fever:45205,
fever:45217,
fever:45220,
fever:45226,
fever:4529,
fever:45302,
fever:45310,
fever:45345,
fever:45349,
fever:4536,
fever:45364,
fever:4537,
fever:45374,
fever:45376,
fever:45384,
fever:45394,
fever:45396,
fever:45400,
fever:45439,
fever:45440,
fever:45447,
fever:45465,
fever:455,
fever:45515,
fever:45522,
fever:45557,
fever:45565,
fever:45566,
fever:45574,
fever:45575,
fever:45581,
fever:45585,
fever:45603,
fever:45604,
fever:45637,
fever:45638,
fever:45685,
fever:45699,
fever:45725,
fever:45756,
fever:45759,
fever:45805,
fever:45806,
fever:45812,
fever:45818,
fever:45823,
fever:45829,
fever:45874,
fever:45879,
fever:459,
fever:4592,
fever:45932,
fever:4595,
fever:45963,
fever:45964,
fever:46004,
fever:46023,
fever:46034,
fever:46059,
fever:46064,
fever:46065,
fever:46090,
fever:46127,
fever:46133,
fever:46134,
fever:46144,
fever:46149,
fever:46158,
fever:46165,
fever:46177,
fever:46187,
fever:46188,
fever:46200,
fever:46218,
fever:46262,
fever:46267,
fever:46268,
fever:46271,
fever:46272,
fever:46276,
fever:46289,
fever:46308,
fever:46309,
fever:46310,
fever:46322,
fever:46333,
fever:4635,
fever:46365,
fever:46366,
fever:46381,
fever:46383,
fever:46384,
fever:46464,
fever:46475,
fever:46483,
fever:46508,
fever:46511,
fever:46513,
fever:46577,
fever:4658,
fever:46582,
fever:46583,
fever:46612,
fever:46627,
fever:46636,
fever:46641,
fever:46666,
fever:46687,
fever:46705,
fever:46712,
fever:4675,
fever:46754,
fever:46759,
fever:46780,
fever:46792,
fever:46810,
fever:46827,
fever:46859,
fever:46883,
fever:46911,
fever:46934,
fever:46937,
fever:4695,
fever:46957,
fever:46959,
fever:46964,
fever:46970,
fever:47000,
fever:47004,
fever:47005,
fever:4705,
fever:47060,
fever:47061,
fever:47070,
fever:4713,
fever:4716,
fever:4717,
fever:47196,
fever:47202,
fever:47209,
fever:47222,
fever:47223,
fever:47228,
fever:47230,
fever:47239,
fever:47241,
fever:47242,
fever:47250,
fever:4726,
fever:47267,
fever:47273,
fever:4728,
fever:47288,
fever:47296,
fever:47308,
fever:47317,
fever:47321,
fever:47322,
fever:47356,
fever:47357,
fever:4737,
fever:4738,
fever:47384,
fever:47403,
fever:4742,
fever:47457,
fever:4746,
fever:47524,
fever:47525,
fever:47542,
fever:47551,
fever:47577,
fever:47588,
fever:47589,
fever:47598,
fever:476,
fever:47605,
fever:47607,
fever:47630,
fever:47645,
fever:47656,
fever:47660,
fever:47684,
fever:477,
fever:47711,
fever:47723,
fever:47725,
fever:47726,
fever:47736,
fever:47765,
fever:47768,
fever:4778,
fever:47785,
fever:47786,
fever:47791,
fever:47792,
fever:478,
fever:47812,
fever:47839,
fever:47847,
fever:47848,
fever:47849,
fever:47885,
fever:47911,
fever:47942,
fever:47992,
fever:48016,
fever:48023,
fever:48028,
fever:48032,
fever:48047,
fever:48048,
fever:4806,
fever:4807,
fever:48083,
fever:48101,
fever:48142,
fever:48147,
fever:48148,
fever:4818,
fever:48183,
fever:4819,
fever:48204,
fever:48209,
fever:48210,
fever:48217,
fever:4822,
fever:48227,
fever:48230,
fever:4824,
fever:48242,
fever:48275,
fever:48276,
fever:48318,
fever:48328,
fever:48377,
fever:48385,
fever:48390,
fever:48404,
fever:48411,
fever:48416,
fever:48466,
fever:48482,
fever:48484,
fever:48489,
fever:48499,
fever:48514,
fever:48541,
fever:48576,
fever:48590,
fever:48602,
fever:48607,
fever:48608,
fever:4863,
fever:48638,
fever:48658,
fever:48684,
fever:48697,
fever:48707,
fever:48725,
fever:48735,
fever:48737,
fever:48754,
fever:48755,
fever:48810,
fever:48815,
fever:48819,
fever:48866,
fever:48877,
fever:48880,
fever:48886,
fever:48891,
fever:48903,
fever:48922,
fever:48936,
fever:48961,
fever:48962,
fever:48980,
fever:48981,
fever:48999,
fever:49021,
fever:49085,
fever:49097,
fever:49110,
fever:49113,
fever:49117,
fever:49125,
fever:4916,
fever:49165,
fever:49168,
fever:49169,
fever:49171,
fever:49192,
fever:49217,
fever:49218,
fever:49249,
fever:49258,
fever:49268,
fever:49281,
fever:493,
fever:49306,
fever:49310,
fever:49326,
fever:49362,
fever:49398,
fever:49399,
fever:49405,
fever:49413,
fever:49451,
fever:49458,
fever:49470,
fever:49498,
fever:49512,
fever:49513,
fever:49515,
fever:49542,
fever:49544,
fever:4958,
fever:4959,
fever:49593,
fever:49599,
fever:49650,
fever:49706,
fever:49707,
fever:49711,
fever:49729,
fever:49735,
fever:49740,
fever:49743,
fever:49752,
fever:49775,
fever:49785,
fever:49834,
fever:49836,
fever:49838,
fever:49839,
fever:49848,
fever:4986,
fever:49869,
fever:4987,
fever:49879,
fever:499,
fever:49908,
fever:49926,
fever:49950,
fever:50012,
fever:50020,
fever:5004,
fever:50048,
fever:50074,
fever:50075,
fever:50076,
fever:50116,
fever:50119,
fever:50120,
fever:50121,
fever:50127,
fever:50128,
fever:5014,
fever:50143,
fever:50197,
fever:50198,
fever:50210,
fever:50213,
fever:50223,
fever:50245,
fever:50258,
fever:50289,
fever:5031,
fever:50313,
fever:50354,
fever:50357,
fever:5037,
fever:50382,
fever:50406,
fever:50413,
fever:50428,
fever:50463,
fever:50486,
fever:50502,
fever:50517,
fever:50526,
fever:50529,
fever:5053,
fever:50537,
fever:50607,
fever:50650,
fever:50681,
fever:50693,
fever:50703,
fever:50743,
fever:5075,
fever:5076,
fever:50789,
fever:50799,
fever:5080,
fever:50810,
fever:50819,
fever:50828,
fever:50840,
fever:50850,
fever:50887,
fever:50888,
fever:50910,
fever:5092,
fever:50923,
fever:50924,
fever:5093,
fever:50939,
fever:50948,
fever:51003,
fever:51013,
fever:51066,
fever:51097,
fever:51098,
fever:51107,
fever:5111,
fever:51126,
fever:51154,
fever:51163,
fever:51188,
fever:51238,
fever:51239,
fever:51260,
fever:51262,
fever:5127,
fever:51284,
fever:51288,
fever:51290,
fever:51314,
fever:51323,
fever:51328,
fever:51351,
fever:51354,
fever:51355,
fever:5136,
fever:51379,
fever:51391,
fever:51400,
fever:51424,
fever:51425,
fever:51435,
fever:51441,
fever:51442,
fever:51472,
fever:51526,
fever:51527,
fever:51548,
fever:51584,
fever:51596,
fever:51654,
fever:5168,
fever:51683,
fever:5169,
fever:51708,
fever:51741,
fever:51756,
fever:51757,
fever:5177,
fever:51777,
fever:51825,
fever:51852,
fever:51856,
fever:5187,
fever:51885,
fever:51886,
fever:519,
fever:51919,
fever:51930,
fever:51936,
fever:51961,
fever:51962,
fever:52039,
fever:52040,
fever:52068,
fever:52103,
fever:52112,
fever:52121,
fever:52139,
fever:52157,
fever:52175,
fever:52183,
fever:52186,
fever:52197,
fever:52218,
fever:52243,
fever:52270,
fever:52278,
fever:52287,
fever:52316,
fever:52356,
fever:5241,
fever:52428,
fever:52456,
fever:52470,
fever:52472,
fever:52509,
fever:52523,
fever:52536,
fever:52556,
fever:52559,
fever:52572,
fever:52582,
fever:52620,
fever:52644,
fever:52685,
fever:52712,
fever:52747,
fever:52751,
fever:52753,
fever:52788,
fever:52799,
fever:528,
fever:52801,
fever:52825,
fever:52830,
fever:52864,
fever:52889,
fever:529,
fever:52907,
fever:52917,
fever:52918,
fever:52924,
fever:52926,
fever:52945,
fever:52946,
fever:53016,
fever:53017,
fever:53020,
fever:53021,
fever:53025,
fever:53050,
fever:53062,
fever:53076,
fever:53097,
fever:531,
fever:5313,
fever:53135,
fever:5314,
fever:53147,
fever:53151,
fever:53165,
fever:53176,
fever:53177,
fever:53188,
fever:53192,
fever:53197,
fever:532,
fever:53204,
fever:53214,
fever:53220,
fever:5324,
fever:53248,
fever:53254,
fever:53263,
fever:53266,
fever:53317,
fever:53319,
fever:53320,
fever:53321,
fever:53329,
fever:53330,
fever:53331,
fever:53367,
fever:53389,
fever:53421,
fever:5346,
fever:53468,
fever:53470,
fever:53472,
fever:53475,
fever:53478,
fever:53481,
fever:53525,
fever:53526,
fever:53567,
fever:53568,
fever:53613,
fever:53662,
fever:53663,
fever:53668,
fever:53669,
fever:53672,
fever:53675,
fever:53676,
fever:53705,
fever:53733,
fever:53751,
fever:53760,
fever:53771,
fever:53792,
fever:53793,
fever:53794,
fever:53795,
fever:53796,
fever:53825,
fever:53832,
fever:53852,
fever:53871,
fever:53895,
fever:53901,
fever:53903,
fever:53910,
fever:53957,
fever:53961,
fever:53967,
fever:53968,
fever:5397,
fever:53973,
fever:53982,
fever:53998,
fever:54012,
fever:54015,
fever:54016,
fever:54029,
fever:54058,
fever:54077,
fever:54085,
fever:54102,
fever:54105,
fever:54111,
fever:54135,
fever:54136,
fever:54142,
fever:54150,
fever:54151,
fever:54164,
fever:54168,
fever:5418,
fever:54180,
fever:54191,
fever:5420,
fever:54204,
fever:5421,
fever:54244,
fever:54253,
fever:54257,
fever:54269,
fever:54287,
fever:54289,
fever:54298,
fever:54325,
fever:54326,
fever:54331,
fever:54348,
fever:54382,
fever:54383,
fever:54384,
fever:54410,
fever:54411,
fever:54417,
fever:5453,
fever:54533,
fever:5454,
fever:54604,
fever:54606,
fever:54615,
fever:54616,
fever:54620,
fever:54622,
fever:54623,
fever:54624,
fever:5466,
fever:54679,
fever:54700,
fever:54701,
fever:54702,
fever:54742,
fever:54759,
fever:54760,
fever:54761,
fever:54771,
fever:54789,
fever:54821,
fever:5483,
fever:54833,
fever:54844,
fever:5488,
fever:54907,
fever:54910,
fever:54915,
fever:54932,
fever:54944,
fever:54949,
fever:54951,
fever:54959,
fever:55025,
fever:55028,
fever:55032,
fever:55041,
fever:55045,
fever:55055,
fever:55065,
fever:55066,
fever:55079,
fever:55101,
fever:55113,
fever:5513,
fever:5514,
fever:55152,
fever:55156,
fever:55199,
fever:55208,
fever:55233,
fever:55239,
fever:55259,
fever:55267,
fever:55279,
fever:55282,
fever:55294,
fever:55295,
fever:55330,
fever:55335,
fever:55398,
fever:55425,
fever:55426,
fever:55432,
fever:55444,
fever:5545,
fever:55460,
fever:55468,
fever:55470,
fever:55525,
fever:55538,
fever:55541,
fever:55546,
fever:5555,
fever:55571,
fever:5560,
fever:55633,
fever:55645,
fever:55647,
fever:55658,
fever:55698,
fever:55703,
fever:55706,
fever:55707,
fever:55710,
fever:55713,
fever:55732,
fever:55733,
fever:5574,
fever:55741,
fever:55759,
fever:5578,
fever:5579,
fever:558,
fever:55801,
fever:55815,
fever:55826,
fever:55835,
fever:55860,
fever:55874,
fever:55888,
fever:55924,
fever:55930,
fever:55931,
fever:55953,
fever:55956,
fever:55976,
fever:55978,
fever:5598,
fever:5599,
fever:55999,
fever:5600,
fever:56021,
fever:56038,
fever:56051,
fever:56088,
fever:56123,
fever:56162,
fever:56182,
fever:56186,
fever:56200,
fever:56261,
fever:56262,
fever:56284,
fever:56289,
fever:56322,
fever:56323,
fever:56342,
fever:56361,
fever:56364,
fever:56381,
fever:56396,
fever:56450,
fever:56475,
fever:56481,
fever:56512,
fever:56523,
fever:5653,
fever:56532,
fever:56549,
fever:56559,
fever:56574,
fever:56584,
fever:56638,
fever:5666,
fever:56676,
fever:56710,
fever:56729,
fever:56735,
fever:56742,
fever:56776,
fever:56809,
fever:5688,
fever:5689,
fever:56900,
fever:56908,
fever:56951,
fever:56959,
fever:56960,
fever:56986,
fever:57008,
fever:57027,
fever:57030,
fever:57049,
fever:5705,
fever:57057,
fever:57058,
fever:57080,
fever:57089,
fever:57138,
fever:57141,
fever:57150,
fever:5719,
fever:57236,
fever:57245,
fever:57255,
fever:57256,
fever:57259,
fever:57282,
fever:573,
fever:57339,
fever:57351,
fever:57359,
fever:57361,
fever:57364,
fever:5737,
fever:57374,
fever:57375,
fever:5738,
fever:57383,
fever:57388,
fever:57421,
fever:57433,
fever:5744,
fever:5745,
fever:57452,
fever:5747,
fever:57479,
fever:57507,
fever:57522,
fever:57524,
fever:57554,
fever:57557,
fever:57577,
fever:57585,
fever:57603,
fever:57611,
fever:57622,
fever:57631,
fever:57635,
fever:57636,
fever:57638,
fever:5765,
fever:5766,
fever:57670,
fever:57718,
fever:57743,
fever:57773,
fever:57782,
fever:5781,
fever:57842,
fever:57850,
fever:57860,
fever:57895,
fever:57899,
fever:57934,
fever:57941,
fever:57965,
fever:58076,
fever:58114,
fever:58124,
fever:58140,
fever:58155,
fever:58172,
fever:58173,
fever:58175,
fever:58178,
fever:58182,
fever:58191,
fever:58206,
fever:58230,
fever:58234,
fever:58244,
fever:5826,
fever:58302,
fever:58317,
fever:5832,
fever:58322,
fever:5833,
fever:58334,
fever:58341,
fever:58355,
fever:58396,
fever:58415,
fever:58417,
fever:58423,
fever:58449,
fever:58482,
fever:58496,
fever:58513,
fever:58550,
fever:58572,
fever:58585,
fever:58607,
fever:58608,
fever:58618,
fever:58661,
fever:58662,
fever:58677,
fever:58707,
fever:58708,
fever:58711,
fever:58712,
fever:58735,
fever:58749,
fever:58753,
fever:58764,
fever:58765,
fever:58783,
fever:58800,
fever:58814,
fever:58823,
fever:58841,
fever:58896,
fever:58918,
fever:58924,
fever:58926,
fever:58935,
fever:58952,
fever:58967,
fever:58968,
fever:5900,
fever:59001,
fever:59025,
fever:59048,
fever:59056,
fever:59067,
fever:59070,
fever:59087,
fever:59144,
fever:59147,
fever:59149,
fever:59158,
fever:59208,
fever:59214,
fever:59221,
fever:59242,
fever:59266,
fever:59273,
fever:59290,
fever:59319,
fever:5934,
fever:59355,
fever:59358,
fever:59384,
fever:59385,
fever:59393,
fever:59410,
fever:59489,
fever:5950,
fever:59504,
fever:5951,
fever:59521,
fever:59532,
fever:59545,
fever:59573,
fever:59602,
fever:59603,
fever:59605,
fever:59607,
fever:59617,
fever:59626,
fever:59629,
fever:59641,
fever:59674,
fever:59678,
fever:59686,
fever:59689,
fever:59695,
fever:59707,
fever:59718,
fever:5972,
fever:59768,
fever:59777,
fever:59778,
fever:59783,
fever:5980,
fever:5985,
fever:59856,
fever:59862,
fever:59867,
fever:59873,
fever:59890,
fever:59903,
fever:59907,
fever:59963,
fever:59964,
fever:59966,
fever:59967,
fever:59979,
fever:59982,
fever:59984,
fever:6,
fever:60002,
fever:60008,
fever:60038,
fever:60039,
fever:60044,
fever:60057,
fever:60066,
fever:60079,
fever:60080,
fever:60081,
fever:60092,
fever:60095,
fever:60144,
fever:60145,
fever:60147,
fever:60162,
fever:6017,
fever:60185,
fever:60232,
fever:60241,
fever:60307,
fever:6032,
fever:60342,
fever:60344,
fever:60350,
fever:60351,
fever:60411,
fever:60425,
fever:60431,
fever:60442,
fever:60444,
fever:60458,
fever:60459,
fever:60495,
fever:60535,
fever:60541,
fever:60566,
fever:60577,
fever:60612,
fever:60623,
fever:60685,
fever:60695,
fever:607,
fever:60701,
fever:60702,
fever:60720,
fever:60756,
fever:60763,
fever:60769,
fever:60775,
fever:6079,
fever:60819,
fever:60854,
fever:60933,
fever:60952,
fever:60977,
fever:60978,
fever:60979,
fever:60995,
fever:610,
fever:61002,
fever:61025,
fever:6106,
fever:61089,
fever:61106,
fever:61107,
fever:6113,
fever:61136,
fever:6114,
fever:61148,
fever:61171,
fever:61172,
fever:61195,
fever:61221,
fever:61233,
fever:61302,
fever:61315,
fever:61327,
fever:61366,
fever:61397,
fever:61401,
fever:61448,
fever:61504,
fever:61542,
fever:61552,
fever:61563,
fever:61585,
fever:61612,
fever:61641,
fever:61695,
fever:61709,
fever:61720,
fever:61771,
fever:61772,
fever:61776,
fever:61781,
fever:61782,
fever:61795,
fever:61803,
fever:61807,
fever:61817,
fever:61821,
fever:61823,
fever:61837,
fever:61838,
fever:61870,
fever:61874,
fever:619,
fever:61922,
fever:61926,
fever:61937,
fever:61977,
fever:61989,
fever:62004,
fever:62047,
fever:62053,
fever:62062,
fever:6210,
fever:62117,
fever:62119,
fever:62126,
fever:62149,
fever:6216,
fever:62201,
fever:62247,
fever:62284,
fever:62298,
fever:62301,
fever:62309,
fever:62318,
fever:62335,
fever:62355,
fever:62359,
fever:62368,
fever:62451,
fever:62453,
fever:62457,
fever:62491,
fever:62492,
fever:6250,
fever:62513,
fever:62516,
fever:62587,
fever:62614,
fever:62633,
fever:62637,
fever:62680,
fever:6270,
fever:62726,
fever:6274,
fever:6275,
fever:62751,
fever:62779,
fever:62816,
fever:62826,
fever:62828,
fever:62831,
fever:62834,
fever:62835,
fever:6285,
fever:62877,
fever:62898,
fever:62907,
fever:62919,
fever:62924,
fever:62971,
fever:63038,
fever:63044,
fever:63056,
fever:63063,
fever:63066,
fever:63081,
fever:63084,
fever:63093,
fever:631,
fever:63107,
fever:63116,
fever:63168,
fever:6317,
fever:63185,
fever:63201,
fever:63218,
fever:63240,
fever:63252,
fever:63287,
fever:63301,
fever:63308,
fever:63313,
fever:63315,
fever:63316,
fever:6334,
fever:63357,
fever:63373,
fever:63374,
fever:63431,
fever:63435,
fever:63436,
fever:63444,
fever:63464,
fever:63465,
fever:63506,
fever:63521,
fever:63527,
fever:63557,
fever:63590,
fever:63603,
fever:63622,
fever:63627,
fever:63631,
fever:63660,
fever:63686,
fever:63693,
fever:63698,
fever:63699,
fever:637,
fever:63717,
fever:63722,
fever:63731,
fever:63746,
fever:63757,
fever:63806,
fever:63829,
fever:63836,
fever:63846,
fever:6387,
fever:63874,
fever:63885,
fever:6389,
fever:63896,
fever:6390,
fever:63907,
fever:63938,
fever:63949,
fever:63950,
fever:63958,
fever:63975,
fever:640,
fever:64002,
fever:64023,
fever:64024,
fever:64029,
fever:64067,
fever:64091,
fever:64105,
fever:64113,
fever:64114,
fever:64131,
fever:6414,
fever:64142,
fever:64149,
fever:64155,
fever:64196,
fever:64226,
fever:64318,
fever:6434,
fever:64364,
fever:64373,
fever:64400,
fever:64402,
fever:64440,
fever:64448,
fever:64449,
fever:64453,
fever:64457,
fever:64476,
fever:64486,
fever:64498,
fever:64561,
fever:64572,
fever:64584,
fever:64590,
fever:6462,
fever:64622,
fever:64628,
fever:64631,
fever:64660,
fever:64666,
fever:64685,
fever:64699,
fever:64721,
fever:64746,
fever:64752,
fever:64765,
fever:64769,
fever:64770,
fever:64784,
fever:64786,
fever:64797,
fever:64812,
fever:64822,
fever:64830,
fever:64838,
fever:64842,
fever:6487,
fever:64874,
fever:64898,
fever:64910,
fever:64922,
fever:64943,
fever:64956,
fever:6496,
fever:64966,
fever:6497,
fever:65007,
fever:65017,
fever:65031,
fever:65033,
fever:65039,
fever:65047,
fever:6507,
fever:65082,
fever:65132,
fever:65158,
fever:65223,
fever:65234,
fever:65268,
fever:65269,
fever:65306,
fever:65331,
fever:65368,
fever:65381,
fever:6539,
fever:65437,
fever:65457,
fever:65458,
fever:65462,
fever:65497,
fever:65511,
fever:65516,
fever:65558,
fever:65564,
fever:65583,
fever:65590,
fever:65597,
fever:65598,
fever:65625,
fever:65634,
fever:65683,
fever:65691,
fever:65702,
fever:6572,
fever:65720,
fever:65728,
fever:65748,
fever:6576,
fever:65790,
fever:65827,
fever:65830,
fever:65864,
fever:65902,
fever:65917,
fever:65949,
fever:65957,
fever:65959,
fever:65994,
fever:66004,
fever:66005,
fever:66031,
fever:66044,
fever:66046,
fever:66050,
fever:66059,
fever:66075,
fever:66099,
fever:66146,
fever:66175,
fever:66201,
fever:66210,
fever:66211,
fever:66218,
fever:66224,
fever:66240,
fever:66253,
fever:66330,
fever:66351,
fever:66371,
fever:66393,
fever:66406,
fever:66415,
fever:66425,
fever:66440,
fever:66473,
fever:66489,
fever:66492,
fever:66493,
fever:66495,
fever:6650,
fever:66501,
fever:66519,
fever:66524,
fever:66535,
fever:66539,
fever:66540,
fever:66557,
fever:66579,
fever:66580,
fever:66585,
fever:66597,
fever:66599,
fever:66610,
fever:66633,
fever:66638,
fever:66669,
fever:6668,
fever:66683,
fever:66692,
fever:6680,
fever:66801,
fever:66809,
fever:66812,
fever:6683,
fever:6684,
fever:66841,
fever:66842,
fever:66843,
fever:66845,
fever:66903,
fever:66917,
fever:66918,
fever:66938,
fever:66940,
fever:66969,
fever:66970,
fever:66980,
fever:66994,
fever:67003,
fever:67011,
fever:67047,
fever:67135,
fever:67189,
fever:67212,
fever:67244,
fever:67274,
fever:67277,
fever:67285,
fever:673,
fever:67319,
fever:67340,
fever:67404,
fever:67417,
fever:6742,
fever:67426,
fever:6743,
fever:67449,
fever:67457,
fever:67464,
fever:67470,
fever:67481,
fever:67489,
fever:67529,
fever:67534,
fever:67544,
fever:67568,
fever:6757,
fever:67572,
fever:67582,
fever:67630,
fever:67679,
fever:67707,
fever:67721,
fever:67746,
fever:67766,
fever:67799,
fever:67818,
fever:67833,
fever:67856,
fever:67876,
fever:67903,
fever:67917,
fever:67950,
fever:68000,
fever:68022,
fever:68027,
fever:68032,
fever:68043,
fever:68057,
fever:6807,
fever:68084,
fever:6810,
fever:68132,
fever:68137,
fever:68160,
fever:68188,
fever:68189,
fever:68202,
fever:68203,
fever:68232,
fever:68233,
fever:68265,
fever:68280,
fever:68282,
fever:68283,
fever:68320,
fever:68327,
fever:6833,
fever:68337,
fever:6834,
fever:68377,
fever:68378,
fever:68386,
fever:68394,
fever:68412,
fever:68413,
fever:68443,
fever:68459,
fever:68468,
fever:68472,
fever:68483,
fever:68488,
fever:68502,
fever:68507,
fever:68539,
fever:68546,
fever:68569,
fever:68573,
fever:68576,
fever:68610,
fever:68613,
fever:68623,
fever:68632,
fever:68676,
fever:68677,
fever:68685,
fever:68692,
fever:68701,
fever:68706,
fever:68742,
fever:68746,
fever:68758,
fever:6876,
fever:68784,
fever:68828,
fever:68844,
fever:68853,
fever:68893,
fever:68908,
fever:68913,
fever:68921,
fever:68929,
fever:6893,
fever:68930,
fever:68934,
fever:68973,
fever:68983,
fever:69,
fever:69030,
fever:69035,
fever:69108,
fever:69136,
fever:69139,
fever:69152,
fever:69178,
fever:69185,
fever:69238,
fever:6925,
fever:69267,
fever:69285,
fever:69354,
fever:69410,
fever:6942,
fever:69422,
fever:69425,
fever:69436,
fever:69474,
fever:69536,
fever:69562,
fever:6959,
fever:69612,
fever:69625,
fever:69626,
fever:69640,
fever:69641,
fever:69652,
fever:69655,
fever:69663,
fever:69681,
fever:69699,
fever:69716,
fever:69722,
fever:69739,
fever:69759,
fever:69783,
fever:69790,
fever:69798,
fever:69806,
fever:69837,
fever:69843,
fever:69871,
fever:69878,
fever:69883,
fever:69892,
fever:69920,
fever:69921,
fever:69972,
fever:69981,
fever:69994,
fever:69999,
fever:70,
fever:7000,
fever:70005,
fever:70020,
fever:70022,
fever:70041,
fever:70071,
fever:70074,
fever:70099,
fever:70100,
fever:70115,
fever:7012,
fever:7013,
fever:70145,
fever:70159,
fever:70163,
fever:70164,
fever:70178,
fever:70208,
fever:70221,
fever:70239,
fever:7025,
fever:7026,
fever:70276,
fever:70281,
fever:7031,
fever:70310,
fever:70311,
fever:7032,
fever:70359,
fever:70373,
fever:70385,
fever:70386,
fever:70393,
fever:7041,
fever:70412,
fever:70421,
fever:70430,
fever:70460,
fever:70490,
fever:70536,
fever:70545,
fever:70573,
fever:70574,
fever:7059,
fever:70599,
fever:70601,
fever:70602,
fever:70604,
fever:70612,
fever:70644,
fever:70645,
fever:70670,
fever:70695,
fever:70702,
fever:70774,
fever:70780,
fever:70784,
fever:70812,
fever:70815,
fever:70820,
fever:70833,
fever:70840,
fever:70882,
fever:70918,
fever:70932,
fever:70935,
fever:70961,
fever:70965,
fever:70980,
fever:70984,
fever:71011,
fever:7105,
fever:71058,
fever:71072,
fever:71082,
fever:71089,
fever:71091,
fever:71092,
fever:71099,
fever:71100,
fever:71111,
fever:71120,
fever:71124,
fever:71125,
fever:71138,
fever:71150,
fever:71153,
fever:71159,
fever:71161,
fever:71180,
fever:71187,
fever:71230,
fever:71232,
fever:71241,
fever:71246,
fever:71269,
fever:71281,
fever:71352,
fever:71368,
fever:7137,
fever:71376,
fever:7138,
fever:71437,
fever:71441,
fever:71444,
fever:71458,
fever:71479,
fever:71510,
fever:71511,
fever:71516,
fever:71554,
fever:71570,
fever:71618,
fever:71639,
fever:71642,
fever:71653,
fever:71672,
fever:71687,
fever:71695,
fever:71700,
fever:71706,
fever:71722,
fever:7178,
fever:71791,
fever:71802,
fever:71809,
fever:71815,
fever:7183,
fever:71836,
fever:7184,
fever:71848,
fever:71853,
fever:71862,
fever:71876,
fever:71911,
fever:71947,
fever:71959,
fever:71973,
fever:71986,
fever:72009,
fever:7202,
fever:72023,
fever:72024,
fever:72067,
fever:72079,
fever:7208,
fever:7209,
fever:72090,
fever:72132,
fever:72143,
fever:72177,
fever:72182,
fever:72194,
fever:72208,
fever:72218,
fever:72250,
fever:72255,
fever:72263,
fever:72267,
fever:72271,
fever:72279,
fever:72331,
fever:72341,
fever:72346,
fever:72358,
fever:72366,
fever:72401,
fever:72403,
fever:72436,
fever:72446,
fever:72453,
fever:72485,
fever:72495,
fever:72498,
fever:72508,
fever:72518,
fever:72519,
fever:72560,
fever:7257,
fever:72578,
fever:7258,
fever:72585,
fever:72586,
fever:72593,
fever:726,
fever:7262,
fever:72626,
fever:72627,
fever:72640,
fever:72646,
fever:7265,
fever:72654,
fever:72688,
fever:72693,
fever:72694,
fever:72700,
fever:72722,
fever:72727,
fever:72738,
fever:72751,
fever:72756,
fever:7277,
fever:7278,
fever:72781,
fever:72786,
fever:72813,
fever:7283,
fever:7286,
fever:7287,
fever:72871,
fever:72890,
fever:72905,
fever:72918,
fever:72923,
fever:72926,
fever:72937,
fever:72962,
fever:7297,
fever:72975,
fever:72985,
fever:72987,
fever:73017,
fever:73080,
fever:73092,
fever:73102,
fever:73113,
fever:73114,
fever:73121,
fever:73126,
fever:73136,
fever:73150,
fever:73158,
fever:73166,
fever:73208,
fever:73212,
fever:73222,
fever:73261,
fever:73269,
fever:73281,
fever:73295,
fever:7330,
fever:73305,
fever:73313,
fever:73329,
fever:7335,
fever:73351,
fever:7336,
fever:73372,
fever:73397,
fever:73412,
fever:73413,
fever:73436,
fever:73439,
fever:73443,
fever:73444,
fever:73466,
fever:73471,
fever:73482,
fever:73491,
fever:73508,
fever:73532,
fever:73533,
fever:73547,
fever:73560,
fever:73564,
fever:73570,
fever:7358,
fever:73617,
fever:73630,
fever:73637,
fever:73689,
fever:73715,
fever:73716,
fever:73724,
fever:73733,
fever:73752,
fever:73756,
fever:73788,
fever:73811,
fever:73861,
fever:73879,
fever:73880,
fever:73909,
fever:73941,
fever:73956,
fever:73961,
fever:73971,
fever:73974,
fever:73978,
fever:73979,
fever:74009,
fever:7401,
fever:74010,
fever:74035,
fever:74074,
fever:74126,
fever:74127,
fever:74135,
fever:74140,
fever:74163,
fever:7418,
fever:74188,
fever:7419,
fever:74205,
fever:74211,
fever:74224,
fever:74231,
fever:74235,
fever:74271,
fever:74274,
fever:74276,
fever:7429,
fever:7430,
fever:74311,
fever:74325,
fever:74327,
fever:7436,
fever:74365,
fever:74410,
fever:74416,
fever:74427,
fever:74430,
fever:74435,
fever:74436,
fever:74440,
fever:74475,
fever:74479,
fever:74488,
fever:74507,
fever:7452,
fever:74533,
fever:74540,
fever:74544,
fever:74555,
fever:74557,
fever:74581,
fever:74583,
fever:74588,
fever:74621,
fever:74645,
fever:74648,
fever:74649,
fever:7467,
fever:74701,
fever:74732,
fever:74752,
fever:74753,
fever:74760,
fever:74762,
fever:74764,
fever:74789,
fever:74790,
fever:74795,
fever:74806,
fever:74874,
fever:74951,
fever:74961,
fever:75013,
fever:75016,
fever:75021,
fever:75025,
fever:75032,
fever:75033,
fever:75056,
fever:75137,
fever:75152,
fever:75153,
fever:752,
fever:75210,
fever:75217,
fever:75232,
fever:75267,
fever:75276,
fever:75277,
fever:75288,
fever:75291,
fever:753,
fever:75307,
fever:75309,
fever:75311,
fever:75378,
fever:75384,
fever:75385,
fever:75389,
fever:75393,
fever:75401,
fever:75449,
fever:7546,
fever:75486,
fever:75520,
fever:75535,
fever:75538,
fever:75550,
fever:75554,
fever:75584,
fever:75587,
fever:75594,
fever:75599,
fever:75621,
fever:75629,
fever:75702,
fever:75728,
fever:75759,
fever:75770,
fever:75778,
fever:75794,
fever:7580,
fever:75836,
fever:75838,
fever:75850,
fever:75852,
fever:75871,
fever:75877,
fever:75897,
fever:75902,
fever:75904,
fever:75909,
fever:75922,
fever:75942,
fever:75957,
fever:75960,
fever:75978,
fever:75999,
fever:76010,
fever:76047,
fever:76050,
fever:76076,
fever:76086,
fever:76096,
fever:76097,
fever:76117,
fever:76118,
fever:76123,
fever:76126,
fever:76129,
fever:76138,
fever:76165,
fever:76166,
fever:76173,
fever:76181,
fever:76196,
fever:76199,
fever:76213,
fever:7624,
fever:7625,
fever:76265,
fever:76285,
fever:76307,
fever:76317,
fever:76323,
fever:76324,
fever:76327,
fever:76348,
fever:76354,
fever:76365,
fever:76375,
fever:76382,
fever:76386,
fever:7639,
fever:7640,
fever:76433,
fever:76436,
fever:76455,
fever:76467,
fever:76482,
fever:76517,
fever:76522,
fever:76526,
fever:76531,
fever:76535,
fever:76549,
fever:76551,
fever:76552,
fever:76562,
fever:76575,
fever:76585,
fever:76593,
fever:76594,
fever:76611,
fever:76615,
fever:76627,
fever:76649,
fever:76666,
fever:76692,
fever:76710,
fever:76711,
fever:76745,
fever:76759,
fever:76774,
fever:76775,
fever:76776,
fever:76783,
fever:7682,
fever:76838,
fever:76867,
fever:76869,
fever:76870,
fever:76901,
fever:76904,
fever:7697,
fever:77,
fever:77007,
fever:77011,
fever:77012,
fever:7702,
fever:77028,
fever:77043,
fever:77046,
fever:77048,
fever:77077,
fever:77113,
fever:77120,
fever:77126,
fever:77157,
fever:77162,
fever:77222,
fever:7727,
fever:77277,
fever:7728,
fever:77304,
fever:77351,
fever:77359,
fever:77378,
fever:77398,
fever:77435,
fever:7744,
fever:77449,
fever:77465,
fever:77473,
fever:77480,
fever:77499,
fever:77520,
fever:77548,
fever:77549,
fever:77550,
fever:7757,
fever:77573,
fever:77576,
fever:7758,
fever:7761,
fever:77616,
fever:7762,
fever:77622,
fever:7768,
fever:77686,
fever:7769,
fever:77690,
fever:77700,
fever:77710,
fever:77730,
fever:77731,
fever:77763,
fever:77815,
fever:7782,
fever:77824,
fever:77834,
fever:77848,
fever:77869,
fever:77873,
fever:77911,
fever:7792,
fever:7794,
fever:7795,
fever:77982,
fever:77993,
fever:78011,
fever:78018,
fever:78055,
fever:78072,
fever:78080,
fever:78087,
fever:7810,
fever:7811,
fever:78153,
fever:78174,
fever:78175,
fever:78179,
fever:78232,
fever:78244,
fever:78252,
fever:78264,
fever:78282,
fever:78289,
fever:78297,
fever:78302,
fever:78305,
fever:78311,
fever:78312,
fever:78339,
fever:78344,
fever:78345,
fever:78349,
fever:78355,
fever:7836,
fever:78388,
fever:78395,
fever:78410,
fever:78426,
fever:78448,
fever:78498,
fever:78514,
fever:78516,
fever:78526,
fever:78534,
fever:78572,
fever:78578,
fever:786,
fever:78652,
fever:78660,
fever:78663,
fever:78681,
fever:78682,
fever:78683,
fever:78691,
fever:787,
fever:78725,
fever:78742,
fever:78752,
fever:78755,
fever:7876,
fever:7877,
fever:78777,
fever:78778,
fever:78794,
fever:78795,
fever:78809,
fever:78816,
fever:78831,
fever:7884,
fever:78843,
fever:78846,
fever:78849,
fever:78855,
fever:78856,
fever:78859,
fever:78880,
fever:78883,
fever:78889,
fever:78914,
fever:78925,
fever:78942,
fever:78957,
fever:78973,
fever:78982,
fever:78985,
fever:78997,
fever:78998,
fever:79017,
fever:79034,
fever:79038,
fever:7905,
fever:79072,
fever:79079,
fever:79121,
fever:79123,
fever:79146,
fever:79172,
fever:79208,
fever:7922,
fever:79222,
fever:7923,
fever:79247,
fever:79264,
fever:79307,
fever:79321,
fever:79322,
fever:79340,
fever:79347,
fever:79354,
fever:79366,
fever:79378,
fever:79389,
fever:79392,
fever:79414,
fever:79418,
fever:79419,
fever:79420,
fever:79429,
fever:79437,
fever:79460,
fever:79461,
fever:79472,
fever:79505,
fever:79520,
fever:79525,
fever:79538,
fever:79575,
fever:79601,
fever:79610,
fever:79613,
fever:7963,
fever:79635,
fever:79639,
fever:79644,
fever:79688,
fever:79706,
fever:79711,
fever:79731,
fever:79771,
fever:79777,
fever:79800,
fever:7982,
fever:79857,
fever:79875,
fever:79881,
fever:79885,
fever:79899,
fever:79911,
fever:79912,
fever:79923,
fever:79956,
fever:79984,
fever:80001,
fever:80013,
fever:80051,
fever:80054,
fever:80074,
fever:80075,
fever:80112,
fever:80148,
fever:80185,
fever:80186,
fever:80205,
fever:80212,
fever:8022,
fever:80227,
fever:80258,
fever:80262,
fever:80273,
fever:80289,
fever:80301,
fever:80303,
fever:80316,
fever:80333,
fever:80335,
fever:80338,
fever:80356,
fever:80361,
fever:8037,
fever:80411,
fever:80417,
fever:80420,
fever:80429,
fever:80451,
fever:80458,
fever:80479,
fever:80487,
fever:80488,
fever:8049,
fever:80516,
fever:80532,
fever:80551,
fever:80573,
fever:80576,
fever:80590,
fever:80596,
fever:80621,
fever:80625,
fever:80639,
fever:8065,
fever:80650,
fever:8067,
fever:80676,
fever:80693,
fever:80764,
fever:80800,
fever:80863,
fever:80902,
fever:80909,
fever:80949,
fever:80969,
fever:80970,
fever:80984,
fever:81002,
fever:81007,
fever:81029,
fever:81045,
fever:81046,
fever:81058,
fever:81060,
fever:81069,
fever:81084,
fever:81096,
fever:81119,
fever:81121,
fever:81155,
fever:81191,
fever:81192,
fever:81301,
fever:81304,
fever:81305,
fever:81343,
fever:81351,
fever:81357,
fever:81361,
fever:81366,
fever:81385,
fever:81391,
fever:81405,
fever:8143,
fever:81439,
fever:81450,
fever:81460,
fever:81467,
fever:8148,
fever:81480,
fever:8149,
fever:81492,
fever:81496,
fever:81499,
fever:81518,
fever:81540,
fever:81542,
fever:81609,
fever:81610,
fever:81613,
fever:81646,
fever:8167,
fever:81703,
fever:81710,
fever:81727,
fever:81756,
fever:81761,
fever:81772,
fever:81775,
fever:81778,
fever:81806,
fever:81809,
fever:81829,
fever:81847,
fever:81849,
fever:8190,
fever:81912,
fever:81950,
fever:81957,
fever:82075,
fever:8208,
fever:82106,
fever:82129,
fever:8219,
fever:82196,
fever:82208,
fever:8221,
fever:8222,
fever:82292,
fever:82293,
fever:82315,
fever:82355,
fever:82367,
fever:82376,
fever:82396,
fever:82413,
fever:82450,
fever:8246,
fever:8248,
fever:82492,
fever:82509,
fever:82541,
fever:82559,
fever:8257,
fever:82576,
fever:82580,
fever:82587,
fever:82594,
fever:82602,
fever:82615,
fever:82624,
fever:82626,
fever:82674,
fever:82745,
fever:82751,
fever:82761,
fever:82780,
fever:82833,
fever:82838,
fever:82859,
fever:82883,
fever:82886,
fever:8290,
fever:82934,
fever:82935,
fever:8297,
fever:82973,
fever:8298,
fever:83,
fever:83021,
fever:8304,
fever:83040,
fever:83043,
fever:83048,
fever:83090,
fever:83138,
fever:8316,
fever:83197,
fever:83204,
fever:83218,
fever:83241,
fever:83269,
fever:833,
fever:83351,
fever:83371,
fever:83425,
fever:83431,
fever:83452,
fever:83454,
fever:83469,
fever:83470,
fever:83505,
fever:83509,
fever:83527,
fever:83530,
fever:83533,
fever:83541,
fever:83545,
fever:83559,
fever:83577,
fever:83598,
fever:83630,
fever:83654,
fever:83655,
fever:83662,
fever:83664,
fever:83669,
fever:83758,
fever:83795,
fever:83803,
fever:83812,
fever:83855,
fever:83879,
fever:83880,
fever:83896,
fever:83954,
fever:83955,
fever:83984,
fever:83989,
fever:8403,
fever:8404,
fever:84040,
fever:84041,
fever:84043,
fever:84052,
fever:84063,
fever:84105,
fever:84123,
fever:84132,
fever:84154,
fever:84187,
fever:84208,
fever:84223,
fever:84225,
fever:84260,
fever:84272,
fever:84274,
fever:84278,
fever:8429,
fever:84328,
fever:84329,
fever:84397,
fever:84409,
fever:84420,
fever:8443,
fever:84431,
fever:84472,
fever:84506,
fever:84516,
fever:84561,
fever:84595,
fever:8464,
fever:84643,
fever:84647,
fever:84673,
fever:84675,
fever:84694,
fever:84701,
fever:84702,
fever:84709,
fever:84710,
fever:8472,
fever:84737,
fever:84775,
fever:84783,
fever:84795,
fever:84799,
fever:84807,
fever:84828,
fever:8483,
fever:84836,
fever:84839,
fever:84844,
fever:84856,
fever:84858,
fever:84860,
fever:84895,
fever:849,
fever:84907,
fever:8492,
fever:84948,
fever:84959,
fever:84967,
fever:84970,
fever:850,
fever:85004,
fever:85011,
fever:85015,
fever:85028,
fever:85036,
fever:8504,
fever:8505,
fever:85061,
fever:85062,
fever:85066,
fever:85093,
fever:85122,
fever:85138,
fever:85172,
fever:85175,
fever:85177,
fever:85184,
fever:85191,
fever:85193,
fever:85196,
fever:85274,
fever:85298,
fever:85301,
fever:85315,
fever:85338,
fever:85350,
fever:85360,
fever:8538,
fever:85422,
fever:85452,
fever:85454,
fever:8546,
fever:85467,
fever:85470,
fever:8550,
fever:85571,
fever:85600,
fever:85619,
fever:85642,
fever:85646,
fever:85649,
fever:85653,
fever:85700,
fever:85702,
fever:85730,
fever:85739,
fever:8574,
fever:85745,
fever:8576,
fever:85764,
fever:85766,
fever:8577,
fever:85780,
fever:85800,
fever:8581,
fever:85825,
fever:8584,
fever:8585,
fever:85873,
fever:85881,
fever:85895,
fever:85923,
fever:85924,
fever:85937,
fever:85951,
fever:86013,
fever:86019,
fever:86024,
fever:86029,
fever:8603,
fever:86095,
fever:86109,
fever:86110,
fever:86116,
fever:86131,
fever:86133,
fever:86143,
fever:86159,
fever:86175,
fever:86222,
fever:86242,
fever:86279,
fever:86289,
fever:86326,
fever:86361,
fever:86387,
fever:86394,
fever:86397,
fever:86439,
fever:86459,
fever:86472,
fever:86474,
fever:86495,
fever:86518,
fever:86530,
fever:86539,
fever:86559,
fever:86568,
fever:86598,
fever:86625,
fever:86630,
fever:86635,
fever:86698,
fever:86731,
fever:86738,
fever:86749,
fever:86752,
fever:86783,
fever:86800,
fever:86829,
fever:86831,
fever:86890,
fever:86897,
fever:86913,
fever:86914,
fever:86919,
fever:87008,
fever:87017,
fever:87019,
fever:87023,
fever:87072,
fever:87073,
fever:87081,
fever:87109,
fever:87161,
fever:87187,
fever:87195,
fever:87229,
fever:8725,
fever:87251,
fever:8727,
fever:87293,
fever:87305,
fever:87320,
fever:87326,
fever:87336,
fever:87337,
fever:87358,
fever:87383,
fever:8740,
fever:87414,
fever:87456,
fever:87464,
fever:87483,
fever:87486,
fever:87517,
fever:87563,
fever:87570,
fever:87581,
fever:87603,
fever:87607,
fever:87646,
fever:87678,
fever:87691,
fever:87694,
fever:87713,
fever:87737,
fever:87755,
fever:87760,
fever:87783,
fever:87793,
fever:8780,
fever:87808,
fever:87809,
fever:8781,
fever:87820,
fever:87828,
fever:87838,
fever:87849,
fever:87875,
fever:87879,
fever:8789,
fever:87894,
fever:87903,
fever:87913,
fever:87918,
fever:87942,
fever:87944,
fever:87993,
fever:88008,
fever:88023,
fever:88040,
fever:88041,
fever:88045,
fever:88046,
fever:88082,
fever:88107,
fever:88110,
fever:88112,
fever:88141,
fever:88150,
fever:88152,
fever:88164,
fever:88165,
fever:88172,
fever:88211,
fever:88213,
fever:88217,
fever:8823,
fever:88251,
fever:8829,
fever:8830,
fever:88301,
fever:88337,
fever:8834,
fever:88345,
fever:88346,
fever:88352,
fever:88361,
fever:88365,
fever:88377,
fever:88383,
fever:88385,
fever:88401,
fever:88425,
fever:88426,
fever:88427,
fever:88429,
fever:88459,
fever:8847,
fever:88473,
fever:88479,
fever:88480,
fever:88495,
fever:88589,
fever:88619,
fever:8863,
fever:8864,
fever:88641,
fever:8867,
fever:88690,
fever:8870,
fever:88763,
fever:88764,
fever:88781,
fever:88816,
fever:88820,
fever:88847,
fever:88865,
fever:88868,
fever:88872,
fever:88875,
fever:8888,
fever:88887,
fever:88894,
fever:88907,
fever:88910,
fever:88914,
fever:88918,
fever:88941,
fever:88946,
fever:88977,
fever:89014,
fever:89049,
fever:8905,
fever:89063,
fever:89076,
fever:89096,
fever:89150,
fever:89156,
fever:89163,
fever:89167,
fever:89171,
fever:89174,
fever:89213,
fever:89219,
fever:89229,
fever:89240,
fever:8925,
fever:89254,
fever:8926,
fever:89304,
fever:89322,
fever:89364,
fever:89376,
fever:89409,
fever:89419,
fever:89450,
fever:89455,
fever:89458,
fever:89483,
fever:89519,
fever:89521,
fever:89544,
fever:89573,
fever:89583,
fever:89608,
fever:89615,
fever:89633,
fever:89661,
fever:89663,
fever:89681,
fever:89682,
fever:89691,
fever:89707,
fever:8971,
fever:89719,
fever:89727,
fever:89730,
fever:89734,
fever:89739,
fever:89747,
fever:89751,
fever:89771,
fever:89777,
fever:89789,
fever:89796,
fever:89804,
fever:89809,
fever:89814,
fever:89815,
fever:8982,
fever:89835,
fever:89875,
fever:89876,
fever:89891,
fever:89908,
fever:89912,
fever:89920,
fever:89932,
fever:89936,
fever:89937,
fever:89985,
fever:90000,
fever:90080,
fever:90085,
fever:90098,
fever:90141,
fever:90151,
fever:90158,
fever:90174,
fever:90208,
fever:90220,
fever:9023,
fever:90230,
fever:90236,
fever:90279,
fever:90291,
fever:90314,
fever:90336,
fever:90350,
fever:90355,
fever:90356,
fever:90359,
fever:90367,
fever:90378,
fever:90392,
fever:9040,
fever:90408,
fever:90409,
fever:9041,
fever:90427,
fever:90443,
fever:90446,
fever:90447,
fever:90469,
fever:90476,
fever:90480,
fever:90509,
fever:90517,
fever:90549,
fever:90589,
fever:90606,
fever:90611,
fever:90615,
fever:90666,
fever:90688,
fever:90717,
fever:90733,
fever:9075,
fever:90754,
fever:90769,
fever:90777,
fever:90809,
fever:90865,
fever:90894,
fever:90901,
fever:90906,
fever:90911,
fever:90925,
fever:90957,
fever:90958,
fever:90980,
fever:90981,
fever:9099,
fever:90991,
fever:910,
fever:9100,
fever:91002,
fever:9101,
fever:91028,
fever:91033,
fever:91047,
fever:91082,
fever:91090,
fever:91100,
fever:91111,
fever:91114,
fever:91121,
fever:91135,
fever:91139,
fever:91165,
fever:9119,
fever:91197,
fever:91200,
fever:91204,
fever:91234,
fever:91254,
fever:91299,
fever:91313,
fever:91315,
fever:91317,
fever:91321,
fever:91340,
fever:91371,
fever:91384,
fever:91387,
fever:91414,
fever:91459,
fever:91479,
fever:91492,
fever:91498,
fever:915,
fever:91508,
fever:9152,
fever:91534,
fever:91599,
fever:916,
fever:91635,
fever:91674,
fever:91703,
fever:91705,
fever:91721,
fever:91738,
fever:91751,
fever:91752,
fever:91767,
fever:91784,
fever:91798,
fever:9181,
fever:9182,
fever:91843,
fever:91849,
fever:91868,
fever:91881,
fever:91884,
fever:91889,
fever:91898,
fever:91963,
fever:91964,
fever:91973,
fever:91976,
fever:91984,
fever:92010,
fever:92020,
fever:92030,
fever:92090,
fever:92103,
fever:92126,
fever:92127,
fever:92128,
fever:92150,
fever:92151,
fever:92154,
fever:92161,
fever:92181,
fever:92193,
fever:92229,
fever:92231,
fever:92241,
fever:92243,
fever:92277,
fever:9234,
fever:92344,
fever:92347,
fever:9235,
fever:92352,
fever:92371,
fever:92374,
fever:92383,
fever:92415,
fever:92419,
fever:92429,
fever:92430,
fever:92439,
fever:92444,
fever:92447,
fever:92471,
fever:92472,
fever:92489,
fever:92498,
fever:92505,
fever:92507,
fever:92509,
fever:92524,
fever:92557,
fever:92580,
fever:92586,
fever:92587,
fever:92625,
fever:92638,
fever:92641,
fever:92644,
fever:92651,
fever:92657,
fever:9267,
fever:92675,
fever:9268,
fever:92687,
fever:92719,
fever:92731,
fever:92769,
fever:92787,
fever:92791,
fever:92796,
fever:92807,
fever:92811,
fever:92813,
fever:92816,
fever:9282,
fever:92824,
fever:92833,
fever:92851,
fever:92889,
fever:92891,
fever:92900,
fever:92905,
fever:9292,
fever:92922,
fever:92939,
fever:92949,
fever:92961,
fever:92988,
fever:93018,
fever:93033,
fever:93051,
fever:93059,
fever:93062,
fever:93064,
fever:93082,
fever:93087,
fever:93099,
fever:93137,
fever:93147,
fever:93173,
fever:93184,
fever:93250,
fever:93273,
fever:93285,
fever:93287,
fever:93300,
fever:93307,
fever:93320,
fever:93331,
fever:93333,
fever:93334,
fever:93339,
fever:93342,
fever:93343,
fever:93350,
fever:93358,
fever:93383,
fever:93405,
fever:93412,
fever:93416,
fever:93426,
fever:93448,
fever:93455,
fever:93465,
fever:93473,
fever:9348,
fever:93493,
fever:93546,
fever:93550,
fever:93594,
fever:93600,
fever:93610,
fever:93621,
fever:93624,
fever:93645,
fever:93646,
fever:93660,
fever:93689,
fever:93725,
fever:93726,
fever:93732,
fever:93739,
fever:93740,
fever:93756,
fever:93782,
fever:93802,
fever:93823,
fever:93839,
fever:93855,
fever:93857,
fever:93864,
fever:93878,
fever:93887,
fever:93894,
fever:93901,
fever:93911,
fever:93952,
fever:93974,
fever:93981,
fever:93991,
fever:93998,
fever:94017,
fever:94019,
fever:94030,
fever:94032,
fever:94055,
fever:94056,
fever:94058,
fever:94059,
fever:94068,
fever:9410,
fever:94116,
fever:94136,
fever:94137,
fever:94151,
fever:94159,
fever:94160,
fever:94168,
fever:94231,
fever:94234,
fever:94247,
fever:94252,
fever:94262,
fever:94288,
fever:94321,
fever:94344,
fever:94357,
fever:94358,
fever:94376,
fever:94377,
fever:94382,
fever:94383,
fever:94414,
fever:94451,
fever:94454,
fever:94500,
fever:94522,
fever:94546,
fever:94556,
fever:94565,
fever:94603,
fever:94624,
fever:94637,
fever:94660,
fever:94685,
fever:94686,
fever:94690,
fever:94705,
fever:94724,
fever:94729,
fever:94733,
fever:94740,
fever:94746,
fever:94759,
fever:94760,
fever:94779,
fever:94787,
fever:94793,
fever:94812,
fever:94829,
fever:94861,
fever:94918,
fever:94931,
fever:94947,
fever:94958,
fever:95018,
fever:9503,
fever:95032,
fever:95039,
fever:9504,
fever:95056,
fever:95061,
fever:95082,
fever:95094,
fever:95105,
fever:95109,
fever:9515,
fever:95159,
fever:95210,
fever:95212,
fever:95222,
fever:95236,
fever:95239,
fever:95259,
fever:95262,
fever:95271,
fever:9532,
fever:9533,
fever:95330,
fever:95358,
fever:95417,
fever:95429,
fever:95431,
fever:95456,
fever:95518,
fever:95542,
fever:95547,
fever:95585,
fever:95601,
fever:95621,
fever:95652,
fever:95658,
fever:95673,
fever:95679,
fever:95680,
fever:95728,
fever:95738,
fever:95739,
fever:95754,
fever:95835,
fever:95839,
fever:95842,
fever:95864,
fever:95877,
fever:95935,
fever:95991,
fever:9600,
fever:96065,
fever:96079,
fever:96115,
fever:96121,
fever:96128,
fever:96135,
fever:96137,
fever:96145,
fever:96211,
fever:96239,
fever:96262,
fever:96271,
fever:96289,
fever:9629,
fever:963,
fever:96303,
fever:96333,
fever:96344,
fever:96377,
fever:96401,
fever:9642,
fever:96425,
fever:9643,
fever:96466,
fever:96470,
fever:96476,
fever:96501,
fever:96551,
fever:96576,
fever:96578,
fever:96584,
fever:96603,
fever:96616,
fever:96622,
fever:96644,
fever:96657,
fever:96688,
fever:96710,
fever:96711,
fever:96723,
fever:96739,
fever:96740,
fever:96765,
fever:9680,
fever:96817,
fever:96840,
fever:96841,
fever:96850,
fever:96878,
fever:96901,
fever:96906,
fever:96910,
fever:9693,
fever:96937,
fever:96943,
fever:96948,
fever:96954,
fever:96963,
fever:96969,
fever:97,
fever:97004,
fever:97008,
fever:97013,
fever:97017,
fever:97025,
fever:97028,
fever:97036,
fever:97045,
fever:97057,
fever:97077,
fever:97087,
fever:97091,
fever:97113,
fever:9712,
fever:9713,
fever:97150,
fever:9718,
fever:97181,
fever:97183,
fever:972,
fever:97204,
fever:97209,
fever:97251,
fever:97298,
fever:97307,
fever:97333,
fever:97348,
fever:9735,
fever:97418,
fever:97419,
fever:97422,
fever:97449,
fever:97458,
fever:97474,
fever:97494,
fever:975,
fever:97522,
fever:97534,
fever:97538,
fever:97549,
fever:97554,
fever:97576,
fever:97589,
fever:976,
fever:97606,
fever:9762,
fever:97623,
fever:97649,
fever:97655,
fever:9767,
fever:97693,
fever:97726,
fever:97739,
fever:97752,
fever:97774,
fever:97783,
fever:97794,
fever:97807,
fever:97816,
fever:97837,
fever:97871,
fever:97880,
fever:97886,
fever:97890,
fever:97921,
fever:97926,
fever:97927,
fever:97930,
fever:97937,
fever:97957,
fever:98042,
fever:98062,
fever:98066,
fever:98078,
fever:98087,
fever:98107,
fever:98108,
fever:98110,
fever:98146,
fever:9817,
fever:98225,
fever:9824,
fever:9825,
fever:98274,
fever:98304,
fever:98305,
fever:98306,
fever:98312,
fever:98315,
fever:9833,
fever:98380,
fever:98406,
fever:9842,
fever:98436,
fever:98448,
fever:98453,
fever:98475,
fever:9849,
fever:98550,
fever:98559,
fever:98578,
fever:9859,
fever:9860,
fever:98606,
fever:98622,
fever:98623,
fever:98655,
fever:98672,
fever:9868,
fever:98682,
fever:98693,
fever:98711,
fever:98730,
fever:98759,
fever:98786,
fever:98797,
fever:98810,
fever:98848,
fever:98866,
fever:98875,
fever:98879,
fever:98890,
fever:98893,
fever:98911,
fever:98916,
fever:98966,
fever:98970,
fever:98984,
fever:99007,
fever:99026,
fever:99033,
fever:99039,
fever:99043,
fever:99049,
fever:99053,
fever:99060,
fever:99088,
fever:99099,
fever:99102,
fever:99105,
fever:99118,
fever:9913,
fever:99135,
fever:99144,
fever:99146,
fever:9915,
fever:99170,
fever:99200,
fever:99213,
fever:99236,
fever:99251,
fever:99252,
fever:99255,
fever:99260,
fever:99267,
fever:99277,
fever:99302,
fever:99336,
fever:99370,
fever:9938,
fever:99386,
fever:99395,
fever:99428,
fever:99435,
fever:99441,
fever:99443,
fever:9945,
fever:99454,
fever:99461,
fever:99465,
fever:99495,
fever:99511,
fever:99531,
fever:99546,
fever:99551,
fever:99635,
fever:99654,
fever:99696,
fever:99730,
fever:99736,
fever:99740,
fever:99775,
fever:99800,
fever:99822,
fever:99838,
fever:99849,
fever:99850,
fever:99852,
fever:99877,
fever:99904,
fever:99911,
fever:99914,
fever:99932,
fever:99939,
fever:99942,
fever:99971,
fever:99974,
fever:99986,
